gers_id,target_id,ref_geometry_wkt,target_geometry_wkt,ref_attributes,target_attributes
894aa748-3f3b-4524-a5ba-51b8550168e1,bog_road_271526,"LINESTRING (-74.0989447999999982 4.7144054999999998, -74.0988830999999948 4.7144668999999997, -74.0988559000000038 4.7144940000000002, -74.0988825999999960 4.7145196000000000, -74.0989837000000051 4.7146163000000003, -74.0991065999999989 4.7147338999999997, -74.0992183999999980 4.7148408999999996, -74.0993399000000039 4.7149568999999998, -74.0994426999999973 4.7150555000000001, -74.0995546000000047 4.7151626000000002, -74.0996841000000046 4.7152865000000004, -74.0997880999999978 4.7153860999999999, -74.0999008000000003 4.7154939000000002, -74.0999199999999973 4.7155122000000000, -74.1000157999999942 4.7156038999999996, -74.1001265000000018 4.7157099000000002, -74.1001791999999995 4.7157603000000003, -74.1003000999999983 4.7158759999999997, -74.1004058999999984 4.7159772000000002, -74.1004731000000021 4.7160415999999996, -74.1005061999999981 4.7160732000000003, -74.1006164000000069 4.7161787000000004, -74.1007297000000023 4.7162870999999997, -74.1008450000000067 4.7163974000000000, -74.1009504000000021 4.7164982999999996, -74.1010816999999946 4.7166240000000004, -74.1011196999999981 4.7166603000000000, -74.1012013999999937 4.7167384999999999, -74.1012436000000037 4.7167788000000002, -74.1013119999999930 4.7168443000000000, -74.1013709000000063 4.7169007000000001, -74.1014751999999959 4.7170005000000002, -74.1016024000000044 4.7171222000000004, -74.1017185000000040 4.7172333000000002, -74.1017681000000010 4.7172808000000002, -74.1018174000000016 4.7173280000000002, -74.1019462999999945 4.7174512999999996, -74.1020568999999938 4.7175570999999996, -74.1021723000000065 4.7176676000000004, -74.1022995000000009 4.7177892999999997, -74.1023868000000050 4.7178728999999997, -74.1024938000000049 4.7179751999999997, -74.1025850999999989 4.7180625999999997)","LINESTRING (-74.1016024510000193 4.7171066679999853, -74.1017008530000112 4.7172019430000205)","{""class"": ""footway"", ""names_lr"": [{""between"": [0.0, 1.0], ""value"": null}], ""subclass_lr"": [{""between"": [0.0, 0.023717235], ""value"": ""crosswalk""}, {""between"": [0.023717235, 1.0], ""value"": ""sidewalk""}], ""level_lr"": [{""between"": [0.0, 1.0], ""value"": 0}], ""road_flags_lr"": [{""start"": 0.0, ""end"": 1.0, ""value"": []}]}","{""name"": ""0900000000"", ""class"": ""tertiary""}"
5bf3386a-370f-44ae-aca9-81c005c982d4,bog_road_182697,"LINESTRING (-74.1587652999999989 4.5784582000000000, -74.1586647000000028 4.5782277000000002, -74.1590178000000009 4.5780348999999996)","LINESTRING (-74.1587404699999979 4.5784252500000093, -74.1587527039999941 4.5784453840000197, -74.1588479999999777 4.5786022199999934)","{""name"": ""Carrera 49C Bis B"", ""class"": ""residential"", ""names_lr"": [{""between"": [0.0, 0.384214132], ""value"": ""Calle 68D Bis B Sur""}, {""between"": [0.384214132, 1.0], ""value"": ""Carrera 49C Bis B""}], ""subclass_lr"": [{""between"": [0.0, 1.0], ""value"": null}], ""level_lr"": [{""between"": [0.0, 1.0], ""value"": 0}], ""road_flags_lr"": [{""start"": 0.0, ""end"": 1.0, ""value"": []}]}","{""name"": ""068DBISBS0"", ""class"": ""tertiary""}"
1b51d185-f5e6-41b9-9018-d5c3a104bc9d,bog_road_241021,"LINESTRING (-74.1177627000000001 4.7166017000000000, -74.1179008000000010 4.7165942999999997, -74.1179774999999950 4.7165590000000002, -74.1181248000000039 4.7164343000000004, -74.1183312000000001 4.7162718999999997, -74.1185341999999991 4.7161133000000000, -74.1187350999999950 4.7159545999999999, -74.1189380000000000 4.7157805000000002, -74.1191333999999955 4.7156386000000001, -74.1193380999999931 4.7154676999999996, -74.1195924000000019 4.7152656999999998, -74.1199562000000043 4.7149909000000001, -74.1201590999999951 4.7148345999999997, -74.1203526999999980 4.7146714999999997, -74.1205491999999992 4.7145099000000004, -74.1207579999999950 4.7143395999999997, -74.1209522999999990 4.7141846000000003, -74.1210298000000023 4.7141229999999998, -74.1211593000000022 4.7140193999999997, -74.1212837000000064 4.7139248000000000, -74.1213568000000009 4.7138692000000004, -74.1215578999999991 4.7137183000000000, -74.1216783999999933 4.7136205000000002, -74.1217618000000016 4.7135528999999998, -74.1219423000000006 4.7134100999999999, -74.1221412000000015 4.7132475999999999, -74.1223437999999959 4.7130752999999999, -74.1225375000000071 4.7129371999999998, -74.1227351999999939 4.7127733999999997, -74.1229325000000046 4.7126213000000003, -74.1231432000000012 4.7124588000000003, -74.1232097000000039 4.7123996000000004, -74.1233655999999996 4.7122881999999997, -74.1235669000000001 4.7121180999999996, -74.1237732999999963 4.7119570000000000, -74.1240384000000034 4.7117471999999996, -74.1240774999999985 4.7117072999999996, -74.1241121000000049 4.7116709999999999, -74.1241437999999988 4.7117046000000000, -74.1244652000000031 4.7120663000000000, -74.1247656999999975 4.7123856999999996, -74.1249521999999956 4.7125940000000002, -74.1252037999999942 4.7128591999999996, -74.1252735000000058 4.7129060000000003, -74.1253298999999970 4.7129120000000002, -74.1253626999999966 4.7128946999999997, -74.1254643999999985 4.7128356000000000, -74.1255441999999931 4.7127545000000000, -74.1256503000000038 4.7126469000000002, -74.1258377000000053 4.7124535999999999, -74.1262559000000039 4.7120031999999998, -74.1264206999999971 4.7118289000000004)","LINESTRING (-74.1229597600000147 4.7126398400000085, -74.1227878000000260 4.7127764499999785, -74.1227641419999941 4.7127944879999859, -74.1227564399999892 4.7128003600000170)","{""class"": ""footway"", ""subclass"": ""sidewalk"", ""names_lr"": [{""between"": [0.0, 1.0], ""value"": null}], ""subclass_lr"": [{""between"": [0.0, 1.0], ""value"": ""sidewalk""}], ""level_lr"": [{""between"": [0.0, 1.0], ""value"": 0}], ""road_flags_lr"": [{""start"": 0.0, ""end"": 1.0, ""value"": []}]}","{""name"": ""1100000000"", ""class"": ""secondary""}"
0fb4c722-0681-4ee4-8bce-b185f05baab8,bog_road_210259,"LINESTRING (-74.2082989999999967 4.6133549000000000, -74.2083812999999992 4.6132824000000001)","LINESTRING (-74.2085048899999720 4.6131288999999924, -74.2084797950000166 4.6131552420000048, -74.2083508299999721 4.6132906199999866)","{""name"": ""Calle 84B Sur"", ""class"": ""residential"", ""names_lr"": [{""between"": [0.0, 1.0], ""value"": ""Calle 84B Sur""}], ""subclass_lr"": [{""between"": [0.0, 1.0], ""value"": null}], ""level_lr"": [{""between"": [0.0, 1.0], ""value"": 0}], ""road_flags_lr"": [{""start"": 0.0, ""end"": 1.0, ""value"": []}]}","{""name"": ""084B0000S0"", ""class"": ""tertiary""}"
8d270c3f-133a-451d-a25e-ea35e40bad5c,bog_road_189393,"LINESTRING (-74.1579840999999931 4.5402741000000004, -74.1579837000000026 4.5406491000000004, -74.1578291999999948 4.5409895000000002)","LINESTRING (-74.1578881699999783 4.5411721099999909, -74.1578881699999783 4.5407983499999887)","{""name"": ""Carrera 26B"", ""class"": ""footway"", ""names_lr"": [{""between"": [0.0, 1.0], ""value"": ""Carrera 26B""}], ""subclass_lr"": [{""between"": [0.0, 1.0], ""value"": null}], ""level_lr"": [{""between"": [0.0, 1.0], ""value"": 0}], ""road_flags_lr"": [{""start"": 0.0, ""end"": 1.0, ""value"": []}]}","{""name"": ""026B000000"", ""class"": ""tertiary""}"
b70a3392-f822-44d0-ad63-c08d909f1de8,bog_road_149592,"LINESTRING (-74.1700838999999945 4.6477763999999997, -74.1699631000000039 4.6478767000000003)","LINESTRING (-74.1695655199999919 4.6471864999999752, -74.1700284610000153 4.6477352630000155, -74.1700455499999975 4.6477555199999756, -74.1700376840000217 4.6477718460000119, -74.1699975500000050 4.6478551499999980)","{""name"": ""Carrera 95A"", ""class"": ""residential"", ""names_lr"": [{""between"": [0.0, 1.0], ""value"": ""Carrera 95A""}], ""subclass_lr"": [{""between"": [0.0, 1.0], ""value"": null}], ""level_lr"": [{""between"": [0.0, 1.0], ""value"": 0}], ""road_flags_lr"": [{""start"": 0.0, ""end"": 1.0, ""value"": []}]}","{""name"": ""0340BIS0S0"", ""class"": ""pedestrian""}"
877759c5-1d8a-49ba-afd8-bf91f86e6e7e,bog_road_182142,"LINESTRING (-74.1241313000000019 4.4964526999999999, -74.1234656999999970 4.4966106999999997)","LINESTRING (-74.1241692899999975 4.4967148399999815, -74.1241586770000254 4.4966747749999740, -74.1241025240000226 4.4964628029999858, -74.1240941099999873 4.4964310400000045)","{""name"": ""Calle 100C Sur"", ""class"": ""residential"", ""names_lr"": [{""between"": [0.0, 1.0], ""value"": ""Calle 100C Sur""}], ""subclass_lr"": [{""between"": [0.0, 1.0], ""value"": null}], ""level_lr"": [{""between"": [0.0, 1.0], ""value"": 0}], ""road_flags_lr"": [{""start"": 0.0, ""end"": 1.0, ""value"": []}]}","{""name"": ""0080000000"", ""class"": ""pedestrian""}"
371093cf-a2b7-40e0-85ec-5c1a22256c2b,bog_road_237627,"LINESTRING (-74.1980503999999996 4.6330983999999997, -74.1980183999999952 4.6330381999999997)","LINESTRING (-74.1980357499999741 4.6330556300000012, -74.1980792670000255 4.6331398959999888, -74.1980832400000168 4.6331475900000214)","{""name"": ""Avenida Calle 63 Sur"", ""class"": ""secondary"", ""names_lr"": [{""between"": [0.0, 1.0], ""value"": ""Avenida Calle 63 Sur""}], ""subclass_lr"": [{""between"": [0.0, 1.0], ""value"": null}], ""level_lr"": [{""between"": [0.0, 1.0], ""value"": 0}], ""road_flags_lr"": [{""start"": 0.0, ""end"": 1.0, ""value"": []}]}","{""name"": ""06300000S0"", ""class"": ""secondary""}"
f492e959-8c0f-4b69-8557-eb237cb58f29,bog_road_226464,"LINESTRING (-74.1248348999999962 4.7432230999999998, -74.1251069000000058 4.7431162000000002, -74.1251247000000006 4.7431175000000003, -74.1251522999999963 4.7431343000000004)","LINESTRING (-74.1251168200000166 4.7431141399999888, -74.1251224009999987 4.7431200600000238, -74.1251283400000034 4.7431263589999730, -74.1251533999999879 4.7431529400000159, -74.1253217899999868 4.7430737600000157)","{""name"": ""Calle 135"", ""class"": ""residential"", ""names_lr"": [{""between"": [0.0, 1.0], ""value"": ""Calle 135""}], ""subclass_lr"": [{""between"": [0.0, 1.0], ""value"": null}], ""level_lr"": [{""between"": [0.0, 1.0], ""value"": 0}], ""road_flags_lr"": [{""start"": 0.0, ""end"": 1.0, ""value"": []}]}","{""name"": ""1350000000"", ""class"": ""tertiary""}"
81c0050c-421d-451c-bbbf-c3ea49e48f6f,bog_road_150212,"LINESTRING (-74.1746126000000032 4.6421735000000002, -74.1747584000000018 4.6424297000000001)","LINESTRING (-74.1747343800000181 4.6424212699999998, -74.1747371490000091 4.6424261249999859, -74.1748394599999870 4.6426055300000257, -74.1748765500000218 4.6426696199999924)","{""name"": ""Calle 42A Sur"", ""class"": ""tertiary"", ""names_lr"": [{""between"": [0.0, 1.0], ""value"": ""Calle 42A Sur""}], ""subclass_lr"": [{""between"": [0.0, 1.0], ""value"": null}], ""level_lr"": [{""between"": [0.0, 1.0], ""value"": 0}], ""road_flags_lr"": [{""start"": 0.0, ""end"": 1.0, ""value"": []}]}","{""name"": ""042A0000S0"", ""class"": ""secondary""}"
5bf800ff-6cc9-46db-a83b-8821d995467f,bog_road_235997,"LINESTRING (-74.0854336999999958 4.5292849000000004, -74.0861778999999956 4.5295893999999999, -74.0858836000000025 4.5303528999999996)","LINESTRING (-74.0854587200000196 4.5293011200000137, -74.0854553309999915 4.5292997199999832, -74.0847307199999818 4.5290003299999739, -74.0847291380000001 4.5289996640000254, -74.0846974799999884 4.5289863400000172)","{""name"": ""Carrera 15A Este"", ""class"": ""residential"", ""names_lr"": [{""between"": [0.0, 0.49629133], ""value"": ""Calle 61A Sur""}, {""between"": [0.49629133, 1.0], ""value"": ""Carrera 15A Este""}], ""subclass_lr"": [{""between"": [0.0, 1.0], ""value"": null}], ""level_lr"": [{""between"": [0.0, 1.0], ""value"": 0}], ""road_flags_lr"": [{""start"": 0.0, ""end"": 1.0, ""value"": []}]}","{""name"": ""06100000S0"", ""class"": ""secondary""}"
5ae0b867-d979-45fc-a49c-bdadbe87acbe,bog_road_264809,"LINESTRING (-74.1093745999999953 4.7180904999999997, -74.1094551999999993 4.7180287999999999, -74.1106778000000048 4.7170937000000004, -74.1107561000000032 4.7170338000000003, -74.1108356999999955 4.7169729000000000)","LINESTRING (-74.1094001999999819 4.7180710700000077, -74.1093970570000238 4.7180734080000093, -74.1091301000000158 4.7182719300000144, -74.1086858659999734 4.7186156110000184, -74.1086484599999835 4.7186445500000218)","{""name"": ""Carrera 103C"", ""class"": ""residential"", ""names_lr"": [{""between"": [0.0, 1.0], ""value"": ""Carrera 103C""}], ""subclass_lr"": [{""between"": [0.0, 1.0], ""value"": null}], ""level_lr"": [{""between"": [0.0, 1.0], ""value"": 0}], ""road_flags_lr"": [{""start"": 0.0, ""end"": 1.0, ""value"": []}]}","{""name"": ""103C000000"", ""class"": ""tertiary""}"
15509eec-a262-40e6-ba1d-41946220488f,bog_road_180649,"LINESTRING (-74.0373565999999954 4.7013524999999996, -74.0373971000000068 4.7008377000000001, -74.0374029000000036 4.7007643999999997)","LINESTRING (-74.0373515800000064 4.7013119200000233, -74.0373524899999893 4.7014985299999807, -74.0370984200000066 4.7018882799999915)","{""name"": ""Carrera 11C"", ""class"": ""residential"", ""names_lr"": [{""between"": [0.0, 1.0], ""value"": ""Carrera 11C""}], ""subclass_lr"": [{""between"": [0.0, 1.0], ""value"": null}], ""level_lr"": [{""between"": [0.0, 1.0], ""value"": 0}], ""road_flags_lr"": [{""start"": 0.0, ""end"": 1.0, ""value"": []}]}","{""name"": ""011C000000"", ""class"": ""secondary""}"
af90add4-f502-4b4b-8693-66e5e028d4a7,bog_road_147531,"LINESTRING (-74.1701884000000007 4.6362966999999999, -74.1700448999999935 4.6360422999999997)","LINESTRING (-74.1701774699999987 4.6362757399999737, -74.1701824959999954 4.6362848910000025, -74.1703021499999977 4.6365027599999848, -74.1703220800000054 4.6365327099999831)","{""name"": ""Calle 42 Sur"", ""class"": ""residential"", ""names_lr"": [{""between"": [0.0, 1.0], ""value"": ""Calle 42 Sur""}], ""subclass_lr"": [{""between"": [0.0, 1.0], ""value"": null}], ""level_lr"": [{""between"": [0.0, 1.0], ""value"": 0}], ""road_flags_lr"": [{""start"": 0.0, ""end"": 1.0, ""value"": []}]}","{""name"": ""04200000S0"", ""class"": ""secondary""}"
7d432a4c-cce5-4d2c-be05-5395acac8f03,bog_road_145342,"LINESTRING (-74.1521201000000048 4.6242647999999997, -74.1513702000000023 4.6235610999999999, -74.1512026000000048 4.6234074999999999, -74.1510334999999969 4.6232451000000001, -74.1507833999999946 4.6230102999999998, -74.1510164000000032 4.6227590000000003, -74.1510602999999975 4.6227133000000000)","LINESTRING (-74.1512068100000192 4.6234033299999737, -74.1512273210000217 4.6234207100000049, -74.1512773379999999 4.6234630929999980, -74.1512889819999828 4.6234729600000151, -74.1513837900000112 4.6235533000000260)","{""name"": ""Calle 36 Sur"", ""class"": ""footway"", ""names_lr"": [{""between"": [0.0, 0.818704548], ""value"": ""Calle 36 Sur""}, {""between"": [0.818704548, 1.0], ""value"": ""Carrera 78C""}], ""subclass_lr"": [{""between"": [0.0, 1.0], ""value"": null}], ""level_lr"": [{""between"": [0.0, 1.0], ""value"": 0}], ""road_flags_lr"": [{""start"": 0.0, ""end"": 1.0, ""value"": []}]}","{""name"": ""03600000S0"", ""class"": ""tertiary""}"
19e57b34-6209-4f96-9928-aa9fafbc09d6,bog_road_156166,"LINESTRING (-74.1767702000000071 4.6415942000000001, -74.1766231999999945 4.6413340999999999)","LINESTRING (-74.1767536500000233 4.6415768200000116, -74.1767579830000159 4.6415846649999821, -74.1768943800000216 4.6418315799999732)","{""name"": ""Calle 42G Sur"", ""class"": ""residential"", ""names_lr"": [{""between"": [0.0, 1.0], ""value"": ""Calle 42G Sur""}], ""subclass_lr"": [{""between"": [0.0, 1.0], ""value"": null}], ""level_lr"": [{""between"": [0.0, 1.0], ""value"": 0}], ""road_flags_lr"": [{""start"": 0.0, ""end"": 1.0, ""value"": []}]}","{""name"": ""042G0000S0"", ""class"": ""tertiary""}"
2aed909a-4094-4bcb-b432-195f72b4b2fd,bog_road_265414,"LINESTRING (-74.0992667000000012 4.6475042999999996, -74.0994024000000024 4.6478926999999999, -74.0995049999999935 4.6481864000000002)","LINESTRING (-74.0992180420000182 4.6477156560000026, -74.0994188579999786 4.6480290900000227, -74.0995044000000007 4.6481626049999818, -74.1000177120000103 4.6489637849999781, -74.1002758829999948 4.6493730529999766, -74.1004046109999877 4.6495646199999783)","{""class"": ""primary"", ""subclass"": ""link"", ""names_lr"": [{""between"": [0.0, 1.0], ""value"": null}], ""subclass_lr"": [{""between"": [0.0, 1.0], ""value"": ""link""}], ""level_lr"": [{""between"": [0.0, 1.0], ""value"": 0}], ""road_flags_lr"": [{""start"": 0.0, ""end"": 1.0, ""value"": []}]}","{""name"": ""0260000000"", ""class"": ""primary""}"
680a4184-95b8-47df-8a8a-bb8a794e4a0e,bog_road_155200,"LINESTRING (-74.1355477999999977 4.6140876000000004, -74.1355803000000009 4.6140689999999998, -74.1356121999999971 4.6140508999999996, -74.1356492999999972 4.6140309999999998, -74.1358165999999983 4.6139416000000004, -74.1360296999999946 4.6138275999999996)","LINESTRING (-74.1354995699999790 4.6141181200000005, -74.1355067700000063 4.6141142989999935, -74.1355732900000248 4.6140790000000038)","{""name"": ""Carrera 69B"", ""class"": ""tertiary"", ""names_lr"": [{""between"": [0.0, 1.0], ""value"": ""Carrera 69B""}], ""subclass_lr"": [{""between"": [0.0, 1.0], ""value"": null}], ""level_lr"": [{""between"": [0.0, 1.0], ""value"": 0}], ""road_flags_lr"": [{""start"": 0.0, ""end"": 1.0, ""value"": []}]}","{""name"": ""069B000000"", ""class"": ""secondary""}"
98ecb9dd-ecfe-4720-8352-392117640037,bog_road_215763,"LINESTRING (-74.1196472999999969 4.5885391000000002, -74.1194712000000067 4.5889607999999997, -74.1193806999999936 4.5891804000000000, -74.1193059999999946 4.5893398000000003, -74.1192331000000024 4.5894763000000003, -74.1191730000000035 4.5895697999999996, -74.1191096999999957 4.5896470999999996, -74.1190289999999976 4.5897249999999996, -74.1189368000000002 4.5897996000000001, -74.1187402999999989 4.5899540999999999)","LINESTRING (-74.1187237899999900 4.5899773300000106, -74.1187790899999754 4.5898995100000093)","{""name"": ""Avenida Jorge Gait\u00e1n Cort\u00e9s"", ""class"": ""secondary"", ""names_lr"": [{""between"": [0.0, 0.265994684], ""value"": ""Avenida Carrera 26G""}, {""between"": [0.265994684, 1.0], ""value"": ""Avenida Carrera 30""}], ""subclass_lr"": [{""between"": [0.0, 1.0], ""value"": null}], ""level_lr"": [{""between"": [0.0, 0.265994684], ""value"": 0}, {""between"": [0.265994684, 0.506736708], ""value"": -1}, {""between"": [0.506736708, 1.0], ""value"": 0}], ""road_flags_lr"": [{""start"": 0.0, ""end"": 1.0, ""value"": []}]}","{""name"": ""0300000000"", ""class"": ""primary""}"
7c144478-3966-4c87-9b7d-31095d73ba16,bog_road_217812,"LINESTRING (-74.0990330999999998 4.5569955000000002, -74.0987889999999965 4.5569949999999997, -74.0985821999999956 4.5569964000000001, -74.0984693000000050 4.5568188000000003, -74.0983575000000059 4.5566428999999999, -74.0982132999999976 4.5564160999999999, -74.0981357999999943 4.5562942000000000)","LINESTRING (-74.0985729799999717 4.5570113599999900, -74.0987843170000247 4.5569911499999876)","{""name"": ""Calle 37B Sur"", ""class"": ""footway"", ""names_lr"": [{""between"": [0.0, 0.352040724], ""value"": ""Diagonal 37C Sur""}, {""between"": [0.352040724, 1.0], ""value"": ""Calle 37B Sur""}], ""subclass_lr"": [{""between"": [0.0, 1.0], ""value"": null}], ""level_lr"": [{""between"": [0.0, 1.0], ""value"": 0}], ""road_flags_lr"": [{""start"": 0.0, ""end"": 1.0, ""value"": []}]}","{""name"": ""037C0000S0"", ""class"": ""residential""}"
c5f7dbe6-f741-414b-a542-2d4a4647edcd,bog_road_254510,"LINESTRING (-74.1083162000000044 4.7170677999999997, -74.1086506999999983 4.7167189000000000)","LINESTRING (-74.1083459800000242 4.7170499399999812, -74.1083391910000273 4.7170570000000112, -74.1081089900000052 4.7172963799999934, -74.1080711179999980 4.7173360350000166, -74.1080329399999869 4.7173760100000095)","{""name"": ""Carrera 102"", ""class"": ""tertiary"", ""names_lr"": [{""between"": [0.0, 1.0], ""value"": ""Carrera 102""}], ""subclass_lr"": [{""between"": [0.0, 1.0], ""value"": null}], ""level_lr"": [{""between"": [0.0, 1.0], ""value"": 0}], ""road_flags_lr"": [{""start"": 0.0, ""end"": 1.0, ""value"": []}]}","{""name"": ""1020000000"", ""class"": ""secondary""}"
e31233b6-c1b3-4974-95bb-f248e4b0fd0a,bog_road_236591,"LINESTRING (-74.1105819999999937 4.7424526000000000, -74.1105273000000011 4.7424954000000001)","LINESTRING (-74.1105815500000062 4.7424221300000227, -74.1105211299999951 4.7424720099999718)","{""name"": ""Transversal 126C"", ""class"": ""residential"", ""names_lr"": [{""between"": [0.0, 1.0], ""value"": ""Transversal 126C""}], ""subclass_lr"": [{""between"": [0.0, 1.0], ""value"": null}], ""level_lr"": [{""between"": [0.0, 1.0], ""value"": 0}], ""road_flags_lr"": [{""start"": 0.0, ""end"": 1.0, ""value"": []}]}","{""name"": ""126C000000"", ""class"": ""tertiary""}"
33f69e51-5f78-41f9-b33e-ece13ad8a130,bog_road_149060,"LINESTRING (-74.1169723000000005 4.5951692000000000, -74.1170735000000036 4.5951373999999996, -74.1174055000000038 4.5950471000000004, -74.1179424999999981 4.5949156999999996, -74.1190918000000067 4.5946802000000000)","LINESTRING (-74.1168621699999903 4.5952055800000267, -74.1168909329999792 4.5951967120000177, -74.1170011799999884 4.5951627200000189)","{""name"": ""Transversal 35"", ""class"": ""trunk"", ""names_lr"": [{""between"": [0.0, 1.0], ""value"": ""Transversal 35""}], ""subclass_lr"": [{""between"": [0.0, 1.0], ""value"": null}], ""level_lr"": [{""between"": [0.0, 1.0], ""value"": 0}], ""road_flags_lr"": [{""start"": 0.0, ""end"": 1.0, ""value"": []}]}","{""name"": ""0350000000"", ""class"": ""primary""}"
ad415d7d-ef87-4de2-9a29-e01d3727d553,bog_road_165093,"LINESTRING (-74.0692355000000049 4.6009295000000003, -74.0694064999999995 4.6009010000000004, -74.0695901999999933 4.6008797000000001, -74.0699955999999986 4.6008658999999996, -74.0700781999999975 4.6008585000000002, -74.0701136999999932 4.6008543000000000, -74.0701459000000000 4.6008507999999999, -74.0701774999999998 4.6008480000000000, -74.0702469999999948 4.6008411999999996, -74.0703197999999929 4.6008298999999999, -74.0703934000000004 4.6008151000000002, -74.0704676999999947 4.6007911000000004, -74.0705418999999949 4.6007635000000002, -74.0707208000000037 4.6006909000000000, -74.0708608999999996 4.6006472000000000, -74.0709214999999972 4.6006321000000003, -74.0709803000000022 4.6006239999999998, -74.0710344999999961 4.6006194999999996, -74.0710904999999968 4.6006204000000004, -74.0718183999999980 4.6007758000000001, -74.0719682000000006 4.6008088000000003, -74.0724175999999943 4.6008934000000004)","LINESTRING (-74.0692553399999838 4.6009022499999901, -74.0691669189999971 4.6009497410000222, -74.0691398499999991 4.6009642800000279, -74.0690719400000148 4.6010193399999935, -74.0690067799999952 4.6010832900000196, -74.0689764200000127 4.6011366000000180, -74.0689453300000196 4.6012021299999901, -74.0689042999999856 4.6012965499999723, -74.0688864879999755 4.6013562989999741, -74.0688749299999927 4.6013950700000237)","{""name"": ""TransMilenio"", ""class"": ""service"", ""names_lr"": [{""between"": [0.0, 1.0], ""value"": ""TransMilenio""}], ""subclass_lr"": [{""between"": [0.0, 1.0], ""value"": null}], ""level_lr"": [{""between"": [0.0, 1.0], ""value"": 0}], ""road_flags_lr"": [{""start"": 0.0, ""end"": 1.0, ""value"": []}]}","{""name"": ""0030000000"", ""class"": ""tertiary""}"
690e7033-c52a-4e89-8653-bf8feea9ac2b,bog_road_165789,"LINESTRING (-74.1507529000000005 4.6408299000000000, -74.1509379000000024 4.6406267999999997)","LINESTRING (-74.1506299999999783 4.6408577999999920, -74.1506679589999749 4.6408214709999811, -74.1507116550000092 4.6407796510000026, -74.1511004000000185 4.6404076000000032, -74.1514704800000004 4.6400430099999994)","{""name"": ""Carrera 81B"", ""class"": ""residential"", ""names_lr"": [{""between"": [0.0, 1.0], ""value"": ""Carrera 81B""}], ""subclass_lr"": [{""between"": [0.0, 1.0], ""value"": null}], ""level_lr"": [{""between"": [0.0, 1.0], ""value"": 0}], ""road_flags_lr"": [{""start"": 0.0, ""end"": 1.0, ""value"": []}]}","{""name"": ""081B000000"", ""class"": ""tertiary""}"
c1b09959-4a8d-4760-ba87-c806913f88ce,bog_road_150621,"LINESTRING (-74.1374011999999993 4.6175493000000003, -74.1373806999999942 4.6176921000000002, -74.1373502000000002 4.6179927000000003, -74.1372867000000042 4.6186205999999999, -74.1372711000000066 4.6187741000000004)","LINESTRING (-74.1372332700000243 4.6191657400000281, -74.1372789100000205 4.6187230229999727, -74.1372792899999808 4.6187193399999842)","{""name"": ""Carrera 71D"", ""class"": ""tertiary"", ""names_lr"": [{""between"": [0.0, 1.0], ""value"": ""Carrera 71D""}], ""subclass_lr"": [{""between"": [0.0, 1.0], ""value"": null}], ""level_lr"": [{""between"": [0.0, 1.0], ""value"": 0}], ""road_flags_lr"": [{""start"": 0.0, ""end"": 1.0, ""value"": []}]}","{""name"": ""071D000000"", ""class"": ""secondary""}"
6c3aa066-3199-4901-b448-4365a24caeae,bog_road_231786,"LINESTRING (-74.0729902000000067 4.6153576000000003, -74.0730556999999976 4.6152207000000001, -74.0731308000000013 4.6151355000000001, -74.0731774999999999 4.6150957999999997, -74.0732940999999983 4.6149965999999996, -74.0735099000000048 4.6148192000000003, -74.0736047999999982 4.6147143000000002, -74.0736703000000034 4.6146029000000004, -74.0737220999999977 4.6144672000000000, -74.0737641000000053 4.6143283000000004, -74.0738091000000054 4.6140601999999999, -74.0738652000000002 4.6136777999999996, -74.0738800999999967 4.6135915000000001, -74.0739061999999961 4.6135089000000002, -74.0739454999999936 4.6134253999999997, -74.0739884000000046 4.6133401000000003, -74.0742259999999959 4.6128489000000004, -74.0743142999999975 4.6127193000000002, -74.0743293999999963 4.6126883000000003, -74.0743422999999979 4.6126664000000002, -74.0743676999999963 4.6126312000000000, -74.0748246999999935 4.6117220999999997, -74.0752633999999972 4.6108383999999996, -74.0752806999999933 4.6107997000000003, -74.0753167000000019 4.6107193999999998, -74.0754196000000036 4.6105144999999998, -74.0762102999999996 4.6089789999999997, -74.0762289000000038 4.6089428000000003, -74.0762579000000017 4.6088947999999998, -74.0762969999999967 4.6088313999999997, -74.0763800000000003 4.6087157000000003, -74.0764446999999961 4.6086289999999996, -74.0775373000000030 4.6071401999999999, -74.0775598000000031 4.6071092000000000, -74.0787404000000009 4.6054044000000003, -74.0787638999999984 4.6053696000000004, -74.0788062000000025 4.6053125000000001, -74.0788617999999985 4.6052353000000004, -74.0796768000000014 4.6040764999999997, -74.0797304999999966 4.6039456999999997, -74.0797586000000052 4.6038841000000001, -74.0797989000000001 4.6038138000000002, -74.0798403000000008 4.6037583000000000, -74.0799171999999970 4.6036600999999999, -74.0799533999999937 4.6036139000000000, -74.0800013000000064 4.6035526999999998, -74.0800485000000037 4.6034924999999998, -74.0805148000000031 4.6028276999999997, -74.0810278999999952 4.6021201999999999, -74.0810713000000050 4.6020602999999998, -74.0811149000000029 4.6019985999999999, -74.0812758000000002 4.6018587999999996, -74.0816662999999949 4.6013107000000000, -74.0817002999999943 4.6012672999999999, -74.0817423999999960 4.6012104000000003, -74.0824743000000012 4.6001894999999999, -74.0829702999999995 4.5994972000000001, -74.0833628999999974 4.5989693999999997, -74.0844620000000020 4.5975146999999996, -74.0846051000000045 4.5973246999999997, -74.0846398000000050 4.5972724999999999, -74.0846930000000015 4.5971973999999998, -74.0847348000000068 4.5971387999999997, -74.0847978000000040 4.5970560000000003, -74.0848426999999958 4.5969970000000000, -74.0849055999999990 4.5969194000000000, -74.0851507999999939 4.5965939000000002, -74.0858127999999994 4.5957451999999996, -74.0858630999999974 4.5956239999999999, -74.0859032000000042 4.5955360000000001, -74.0859645999999969 4.5954594999999996, -74.0866340999999977 4.5946375000000002, -74.0872334000000023 4.5938961000000003, -74.0872542999999979 4.5938701999999996, -74.0873402999999939 4.5937637000000002, -74.0877263999999940 4.5933225000000002, -74.0881001000000055 4.5928601999999996, -74.0882876999999951 4.5926374000000001, -74.0884482999999960 4.5924478999999998, -74.0885178999999994 4.5923635999999997, -74.0886038000000013 4.5922596000000002, -74.0886837999999983 4.5921767999999998, -74.0887836999999934 4.5920940000000003, -74.0888506999999947 4.5920432000000000, -74.0888788999999974 4.5920218000000004, -74.0888891999999970 4.5920169000000000, -74.0889030999999960 4.5920079999999999, -74.0890009999999961 4.5919521000000003, -74.0891091999999958 4.5919008999999997, -74.0892079999999993 4.5918532000000001, -74.0892865000000000 4.5918200000000002, -74.0894399000000021 4.5917509000000001, -74.0895424999999932 4.5916952999999996, -74.0895874999999933 4.5916664999999997, -74.0896441999999951 4.5916271999999996, -74.0897199999999998 4.5915613999999998, -74.0897996000000063 4.5914830999999996, -74.0898626999999976 4.5914099999999998, -74.0898894999999982 4.5913789999999999, -74.0899931999999950 4.5912591999999997, -74.0906714999999991 4.5904161999999999, -74.0907586999999950 4.5902995999999998, -74.0907835000000006 4.5902664000000000, -74.0912533000000053 4.5896527999999996, -74.0912751999999983 4.5896242000000003, -74.0913378000000051 4.5895441999999997, -74.0913860999999940 4.5894848000000001, -74.0914187999999996 4.5894444999999999, -74.0919518000000039 4.5887884000000003, -74.0925734000000062 4.5880254999999996, -74.0930828999999989 4.5873805000000001, -74.0931171999999947 4.5873369999999998, -74.0934584000000029 4.5869255999999998, -74.0937377000000055 4.5865923000000004, -74.0939979000000051 4.5862902999999999, -74.0942370000000068 4.5860573999999996, -74.0944120999999996 4.5858846000000000, -74.0944393999999988 4.5858577000000000, -74.0945107000000007 4.5857880000000000, -74.0945956000000052 4.5857159999999997, -74.0946674999999999 4.5856598000000002, -74.0947627999999980 4.5855950999999999, -74.0950873999999970 4.5853934000000001, -74.0953614000000016 4.5852455000000001, -74.0956728999999967 4.5850970999999996, -74.0958521000000019 4.5850086000000001, -74.0959241000000048 4.5849761999999998, -74.0959938000000022 4.5849449000000000, -74.0960847000000058 4.5849039999999999, -74.0962851000000029 4.5848139000000003, -74.0965924000000058 4.5846779000000000, -74.0969022999999964 4.5845302999999999, -74.0974472999999989 4.5842641999999998, -74.0976883999999956 4.5841295999999998, -74.0977962000000048 4.5840630000000004, -74.0979355999999996 4.5839702000000004, -74.0983942000000013 4.5836620999999997, -74.0985842000000048 4.5835400000000002, -74.0986127000000039 4.5835217000000004, -74.0986838999999975 4.5834760000000001, -74.0987985999999950 4.5834044000000000, -74.0989895000000018 4.5832851000000003, -74.0991996000000057 4.5831659000000000, -74.0999393999999967 4.5827470999999997, -74.1002905999999939 4.5825427000000003, -74.1003862999999967 4.5824878000000000, -74.1004365000000007 4.5824588999999998, -74.1005009000000001 4.5824218999999999, -74.1005930999999975 4.5823716000000001, -74.1010722999999984 4.5821084000000001, -74.1019890000000032 4.5816039999999996, -74.1022640999999993 4.5814535999999997, -74.1022985999999975 4.5814348000000003, -74.1024361999999996 4.5813582000000004, -74.1025848999999965 4.5812764000000001, -74.1027648000000028 4.5811774999999999, -74.1028941000000003 4.5811121000000004, -74.1034111000000024 4.5808584000000003, -74.1040373999999957 4.5805759000000004, -74.1040718999999939 4.5805603000000001, -74.1043051999999989 4.5804492000000003, -74.1052573999999993 4.5799836999999997, -74.1060320999999931 4.5796032999999996, -74.1067067999999978 4.5792707999999998, -74.1067362999999943 4.5792562999999999, -74.1068956999999955 4.5791857000000000, -74.1069964999999939 4.5791409999999999, -74.1071641999999997 4.5790667999999997, -74.1076343999999949 4.5788751999999997, -74.1076560000000057 4.5788663999999999, -74.1080019000000050 4.5787355999999999, -74.1082375999999954 4.5786543999999996, -74.1084768000000054 4.5785767000000002, -74.1086913000000038 4.5785136000000000, -74.1090652000000034 4.5784142000000001, -74.1098228000000034 4.5781986000000003, -74.1098714999999970 4.5781847999999998, -74.1099403999999993 4.5781641999999998, -74.1106419999999986 4.5779566000000003, -74.1106900999999993 4.5779424000000004, -74.1107863999999950 4.5779133999999999, -74.1110225000000042 4.5778422000000001, -74.1119417999999968 4.5775620000000004, -74.1126969000000031 4.5773334999999999, -74.1133578000000028 4.5771335999999998, -74.1136287000000067 4.5770568000000003, -74.1139210000000048 4.5769827999999997, -74.1144026999999994 4.5768605999999998, -74.1147878000000020 4.5767642000000004, -74.1148861000000068 4.5767433999999998, -74.1149300000000011 4.5767341000000004, -74.1150109000000015 4.5767170000000004, -74.1151871000000000 4.5766806000000004, -74.1154226999999963 4.5766397999999997, -74.1170151000000033 4.5763923999999996, -74.1172343000000069 4.5763584000000002, -74.1173845999999941 4.5763350000000003, -74.1174170999999973 4.5763299999999996, -74.1178900999999968 4.5762565000000004, -74.1181832999999983 4.5762203000000001, -74.1189408999999984 4.5761089000000004, -74.1191740000000010 4.5760733000000000, -74.1193296999999944 4.5760414000000003, -74.1208895000000041 4.5756531000000003, -74.1210659000000049 4.5756056000000003, -74.1216172000000029 4.5754571999999998, -74.1220966000000061 4.5753262000000001, -74.1222815999999938 4.5752739000000000, -74.1223820999999958 4.5752411000000004, -74.1224665000000016 4.5752082999999999, -74.1225550999999996 4.5751670000000004, -74.1226221999999950 4.5751337999999997, -74.1227939999999990 4.5750326000000001, -74.1229710000000068 4.5749120000000003, -74.1230611000000010 4.5748445999999996, -74.1231432000000012 4.5747771000000004, -74.1232518000000056 4.5746801000000001, -74.1233402999999953 4.5745858000000004, -74.1234407999999974 4.5744745000000000, -74.1235278999999991 4.5743631000000002, -74.1235317999999950 4.5743574999999996, -74.1235745999999978 4.5742950000000002, -74.1235800000000040 4.5742870000000000, -74.1236475999999982 4.5741772000000003, -74.1237009000000029 4.5740752999999996, -74.1237406999999990 4.5739868000000001, -74.1241627999999935 4.5727545999999997, -74.1245226000000059 4.5716986999999998, -74.1245581999999956 4.5715947999999997, -74.1248212999999936 4.5708080999999998, -74.1250162999999986 4.5703011000000000, -74.1250356000000039 4.5702525999999999, -74.1252714999999966 4.5696851000000001, -74.1253664000000043 4.5694841000000004, -74.1254279000000054 4.5693653000000003, -74.1254488999999950 4.5693248999999998, -74.1254842000000025 4.5692567000000004, -74.1255153999999976 4.5691965000000003, -74.1255421000000041 4.5691451000000001, -74.1257269000000036 4.5687883999999999, -74.1258952999999963 4.5684785000000003, -74.1260299000000060 4.5682501999999996, -74.1263102000000060 4.5678156999999997, -74.1264268999999985 4.5676151999999997, -74.1264711999999975 4.5675229000000002, -74.1265073999999942 4.5674359999999998, -74.1265396000000010 4.5673390999999999, -74.1265690999999975 4.5672275000000004, -74.1265958000000040 4.5671211999999999, -74.1266119000000003 4.5670308999999998, -74.1266234999999938 4.5669086999999999, -74.1266246999999936 4.5668706999999999, -74.1266269999999992 4.5668011000000002, -74.1266236000000021 4.5667040999999999, -74.1266190999999992 4.5665946999999996, -74.1265977000000049 4.5664534999999997, -74.1265699000000069 4.5663238000000002, -74.1265403999999961 4.5662240000000001, -74.1265132000000051 4.5661474999999996, -74.1264570999999961 4.5660246999999998, -74.1263447000000042 4.5658110000000001, -74.1262660999999952 4.5656692000000003, -74.1261523999999952 4.5654797000000000, -74.1258255999999989 4.5649541999999999, -74.1254280999999935 4.5642826999999997, -74.1253511000000032 4.5641578999999997, -74.1253142000000054 4.5641012999999999, -74.1251981999999998 4.5639003999999996, -74.1251165000000043 4.5637337999999996, -74.1250751000000037 4.5636457999999998, -74.1250457999999952 4.5635700000000003, -74.1250136000000026 4.5634724000000002, -74.1249916000000013 4.5633768000000003, -74.1249787999999938 4.5631541999999996, -74.1249726000000067 4.5626321000000001, -74.1249478999999951 4.5624630000000002, -74.1249331000000069 4.5623810000000002, -74.1249047999999959 4.5622815000000001, -74.1248777999999930 4.5622047999999999, -74.1248401000000001 4.5621187000000001, -74.1247486000000038 4.5619341000000002, -74.1246409999999969 4.5617200999999996, -74.1245112999999947 4.5614469000000000, -74.1244819000000064 4.5613815000000004, -74.1243570999999974 4.5611041999999999, -74.1241715999999968 4.5607104999999999, -74.1240566000000030 4.5604731999999997, -74.1237260000000049 4.5597710999999999, -74.1236557999999945 4.5596249000000002, -74.1235901999999953 4.5594995000000003, -74.1235192000000040 4.5593741000000003, -74.1234510999999969 4.5592642999999997, -74.1233830999999981 4.5591606000000002, -74.1233139999999935 4.5590641999999999, -74.1232140000000044 4.5589385000000000, -74.1231659000000036 4.5588774000000001, -74.1228081999999944 4.5584647000000000, -74.1227819000000068 4.5584344000000003, -74.1227116999999964 4.5583533999999997, -74.1225692999999950 4.5581892000000002, -74.1224803000000065 4.5580819999999997, -74.1224272000000042 4.5580052000000002, -74.1223671999999993 4.5579039999999997, -74.1222870999999941 4.5577303999999996, -74.1222668000000056 4.5576863999999997, -74.1222443999999996 4.5576381000000001, -74.1221768000000054 4.5574912999999997, -74.1218175000000059 4.5567507000000003, -74.1216763999999984 4.5564371000000001, -74.1216078000000067 4.5562982999999999, -74.1215387999999962 4.5561230999999998, -74.1215176999999983 4.5560634000000002, -74.1214980000000025 4.5560036999999998, -74.1214824999999990 4.5559438999999999, -74.1214690000000047 4.5558890999999999, -74.1214583000000005 4.5558208999999996, -74.1214503000000065 4.5557220000000003, -74.1214401999999950 4.5555436000000000, -74.1214104000000020 4.5550315000000001, -74.1214008999999976 4.5547914000000000, -74.1213898999999969 4.5545532000000000, -74.1213350000000020 4.5533574000000003, -74.1213304999999991 4.5532725000000003, -74.1213156000000026 4.5529874000000001, -74.1213132000000030 4.5529421000000001, -74.1213127000000043 4.5529326000000001, -74.1212996999999945 4.5526828000000004, -74.1213051000000007 4.5525411000000000, -74.1213105000000070 4.5523886999999998, -74.1213096000000036 4.5521662000000003, -74.1213048000000043 4.5520459999999998, -74.1212974000000031 4.5519391000000002, -74.1212825000000066 4.5518068999999999, -74.1212648999999999 4.5516800999999996, -74.1212229000000065 4.5512142000000004, -74.1212067999999960 4.5509788999999996, -74.1211772999999994 4.5503599000000001, -74.1211751000000021 4.5503147999999998, -74.1211693000000054 4.5501933000000001, -74.1211586000000011 4.5499708999999999, -74.1211241000000030 4.5492948000000002, -74.1211148999999949 4.5492099000000001, -74.1210964999999931 4.5491064000000003, -74.1210678999999999 4.5489454000000000, -74.1210423999999932 4.5488113999999999, -74.1210147000000035 4.5486573000000003, -74.1209977999999978 4.5484875000000002, -74.1209961999999933 4.5484457999999997, -74.1209917000000047 4.5483282999999997, -74.1209912000000060 4.5482006999999998, -74.1209932999999950 4.5480146000000001, -74.1210008000000045 4.5478820000000004, -74.1210372999999976 4.5475205000000001, -74.1210674000000012 4.5471865999999999, -74.1210686999999950 4.5471349999999999, -74.1210700000000031 4.5470834000000000, -74.1210695999999984 4.5470487999999998, -74.1210659999999990 4.5467260999999999, -74.1210401000000019 4.5457951999999997, -74.1210379999999986 4.5457253000000000, -74.1210231000000022 4.5452266999999997, -74.1210082000000057 4.5450362999999996, -74.1209788999999972 4.5448611999999997, -74.1209314999999975 4.5446368000000001, -74.1208761000000038 4.5444285000000004, -74.1208376999999956 4.5441991000000002, -74.1208177999999975 4.5440648000000001, -74.1208136999999994 4.5440242000000000, -74.1208012000000025 4.5438912000000000, -74.1207799000000023 4.5436690999999998, -74.1207686000000052 4.5435506999999999, -74.1207526999999970 4.5433782000000003, -74.1207407999999930 4.5431736999999996, -74.1207389000000063 4.5430676999999999, -74.1207385999999957 4.5429227000000001, -74.1207452999999958 4.5427502000000004, -74.1207509000000044 4.5425627000000004, -74.1207528000000053 4.5424129999999998, -74.1207478999999978 4.5421915000000004, -74.1206973999999974 4.5416384000000001, -74.1206435999999940 4.5410383999999997, -74.1206078000000019 4.5406449999999996, -74.1205958999999979 4.5404612000000002, -74.1205817999999965 4.5401099000000000, -74.1205688999999950 4.5396355000000002, -74.1205482999999958 4.5388377999999996, -74.1205436999999989 4.5384118000000004, -74.1205341999999945 4.5379152999999999, -74.1205300000000022 4.5377456000000000, -74.1205245999999960 4.5376601000000001, -74.1205103000000065 4.5375432000000000, -74.1204876000000041 4.5374397999999996, -74.1204642000000007 4.5373481000000000, -74.1204352000000029 4.5372482999999999, -74.1203194999999937 4.5369529000000002, -74.1202478999999954 4.5367401000000003, -74.1202140000000043 4.5366169999999997, -74.1201932000000028 4.5364941999999999, -74.1201822000000021 4.5363632999999997, -74.1201887999999940 4.5362466000000001, -74.1202075000000065 4.5361288000000002, -74.1202427000000057 4.5359881000000000, -74.1202713999999929 4.5359125000000002, -74.1203215999999969 4.5357995000000004, -74.1205573999999956 4.5353152999999997, -74.1206750000000056 4.5350599000000003, -74.1207143999999971 4.5349263000000004, -74.1207378999999946 4.5347987999999999, -74.1207409999999953 4.5346709000000001, -74.1207303000000053 4.5345654000000000, -74.1207086999999945 4.5344578999999996, -74.1206784999999968 4.5343641999999997, -74.1206363999999951 4.5342529999999996, -74.1205982000000034 4.5341813000000002, -74.1205346999999932 4.5340873000000004, -74.1202300000000065 4.5336961999999996, -74.1201219999999950 4.5335593999999997, -74.1199625999999938 4.5332967999999996, -74.1198973000000052 4.5331748999999997, -74.1198258000000010 4.5330496000000000)","LINESTRING (-74.0944911400000024 4.5858052699999803, -74.0945378399999868 4.5857624800000281)","{""name"": ""TransMilenio"", ""class"": ""service"", ""names_lr"": [{""between"": [0.0, 1.0], ""value"": ""TransMilenio""}], ""subclass_lr"": [{""between"": [0.0, 1.0], ""value"": null}], ""level_lr"": [{""between"": [0.0, 0.340937078], ""value"": 0}, {""between"": [0.340937078, 0.342720159], ""value"": 1}, {""between"": [0.342720159, 0.800086983], ""value"": 0}, {""between"": [0.800086983, 0.802224911], ""value"": 1}, {""between"": [0.802224911, 1.0], ""value"": 0}], ""road_flags_lr"": [{""start"": 0.0, ""end"": 1.0, ""value"": []}]}","{""name"": ""0140000000"", ""class"": ""primary""}"
a95e8dd2-fd43-496f-83fc-cbf74a99951f,bog_road_226783,"LINESTRING (-74.1009880999999950 4.5577126000000003, -74.1008154999999960 4.5578117999999996, -74.1006638000000066 4.5578997000000001, -74.1005765000000025 4.5579497000000000, -74.1005147000000051 4.5579843000000002, -74.1003247000000016 4.5580923999999996, -74.1001662999999979 4.5581871999999999, -74.0999965999999972 4.5582851000000000, -74.0998301000000055 4.5583821000000002, -74.0994986999999981 4.5589598999999996)","LINESTRING (-74.1001410399999827 4.5582140299999878, -74.1002105599999936 4.5581709100000012, -74.1003165299999864 4.5581091299999912)","{""name"": ""Carrera 2N"", ""class"": ""footway"", ""names_lr"": [{""between"": [0.0, 1.0], ""value"": ""Carrera 2N""}], ""subclass_lr"": [{""between"": [0.0, 1.0], ""value"": null}], ""level_lr"": [{""between"": [0.0, 1.0], ""value"": 0}], ""road_flags_lr"": [{""start"": 0.0, ""end"": 1.0, ""value"": []}]}","{""name"": ""002N000000"", ""class"": ""residential""}"
68951fcc-3719-4d6b-80e2-08c5f051ce7c,bog_road_218478,"LINESTRING (-74.0686457000000047 4.5673705000000000, -74.0687633999999946 4.5671087000000004, -74.0688705000000027 4.5668702999999997, -74.0689220000000006 4.5667558000000001, -74.0689943000000000 4.5665949000000001, -74.0690514000000064 4.5664677999999999, -74.0692767000000032 4.5666389000000001, -74.0694806999999997 4.5668362000000000, -74.0695496000000020 4.5669588000000001, -74.0695871000000068 4.5670254999999997)","LINESTRING (-74.0689669600000116 4.5665948800000251, -74.0690367999999921 4.5664183000000094)","{""name"": ""Carrera 23 Este"", ""class"": ""footway"", ""names_lr"": [{""between"": [0.0, 0.557731655], ""value"": ""Carrera 23 Este""}, {""between"": [0.557731655, 1.0], ""value"": ""Calle 12B Sur""}], ""subclass_lr"": [{""between"": [0.0, 1.0], ""value"": null}], ""level_lr"": [{""between"": [0.0, 1.0], ""value"": 0}], ""road_flags_lr"": [{""start"": 0.0, ""end"": 1.0, ""value"": []}]}","{""name"": ""02300000E0"", ""class"": ""tertiary""}"
22c40946-d33d-46fe-bee2-469ca9b6d6bc,bog_road_166420,"LINESTRING (-74.1115802000000059 4.5987130000000001, -74.1120259000000061 4.5989196999999997)","LINESTRING (-74.1112010800000007 4.5985179900000048, -74.1116064990000041 4.5987151850000032, -74.1116153300000065 4.5987194799999997)","{""name"": ""Diagonal 16 Sur"", ""class"": ""tertiary"", ""names_lr"": [{""between"": [0.0, 1.0], ""value"": ""Diagonal 16 Sur""}], ""subclass_lr"": [{""between"": [0.0, 1.0], ""value"": null}], ""level_lr"": [{""between"": [0.0, 1.0], ""value"": 0}], ""road_flags_lr"": [{""start"": 0.0, ""end"": 1.0, ""value"": []}]}","{""name"": ""01600000S0"", ""class"": ""secondary""}"
4141dba9-9b40-429a-a279-c301f0bca16e,bog_road_196092,"LINESTRING (-74.0262431000000021 4.7659374000000003, -74.0263180000000034 4.7663872999999999, -74.0263300999999956 4.7664602000000000, -74.0264454999999941 4.7669740999999997)","LINESTRING (-74.0264215799999761 4.7669061899999861, -74.0264777099999947 4.7670162800000071, -74.0264005999999881 4.7671997300000157, -74.0262933299999872 4.7674182100000166, -74.0262344199999802 4.7674743399999784)","{""name"": ""Carrera 5D"", ""class"": ""footway"", ""names_lr"": [{""between"": [0.0, 1.0], ""value"": ""Carrera 5D""}], ""subclass_lr"": [{""between"": [0.0, 1.0], ""value"": null}], ""level_lr"": [{""between"": [0.0, 1.0], ""value"": 0}], ""road_flags_lr"": [{""start"": 0.0, ""end"": 1.0, ""value"": []}]}","{""name"": ""005F000000"", ""class"": ""tertiary""}"
7581d185-66f0-4077-9c5f-a41e2143760d,bog_road_207249,"LINESTRING (-74.0788565000000006 4.7149219000000002, -74.0790255999999943 4.7147300999999997)","LINESTRING (-74.0789027399999895 4.7148994500000185, -74.0788860530000193 4.7149202090000131, -74.0787539799999877 4.7150845099999970, -74.0783186730000125 4.7155400220000274, -74.0783052689999977 4.7155540480000013, -74.0782246200000145 4.7156384400000206)","{""name"": ""Carrera 76"", ""class"": ""residential"", ""names_lr"": [{""between"": [0.0, 1.0], ""value"": ""Carrera 76""}], ""subclass_lr"": [{""between"": [0.0, 1.0], ""value"": null}], ""level_lr"": [{""between"": [0.0, 1.0], ""value"": 0}], ""road_flags_lr"": [{""start"": 0.0, ""end"": 1.0, ""value"": []}]}","{""name"": ""0760000000"", ""class"": ""tertiary""}"
303007e2-4789-49b5-b7b6-e9018e794dae,bog_road_216907,"LINESTRING (-74.1854653999999982 4.6196970999999998, -74.1855924999999985 4.6199558999999999)","LINESTRING (-74.1855831099999818 4.6199359999999956, -74.1855878540000049 4.6199460999999928, -74.1856661599999825 4.6201128199999744, -74.1857016999999814 4.6201873900000123)","{""name"": ""Calle 58C Bis Sur"", ""class"": ""residential"", ""names_lr"": [{""between"": [0.0, 1.0], ""value"": ""Calle 58C Bis Sur""}], ""subclass_lr"": [{""between"": [0.0, 1.0], ""value"": null}], ""level_lr"": [{""between"": [0.0, 1.0], ""value"": 0}], ""road_flags_lr"": [{""start"": 0.0, ""end"": 1.0, ""value"": []}]}","{""name"": ""058CBIS0S0"", ""class"": ""tertiary""}"
e48f4d4c-6871-417e-9418-283923b1596c,bog_road_197051,"LINESTRING (-74.0262869999999964 4.7669886000000004, -74.0261746000000045 4.7664612999999996, -74.0260542999999984 4.7657445999999997, -74.0259415000000018 4.7654719999999999)","LINESTRING (-74.0260436099999879 4.7657276400000228, -74.0261668499999814 4.7664291400000138)","{""name"": ""Carrera 5C"", ""class"": ""footway"", ""names_lr"": [{""between"": [0.0, 1.0], ""value"": ""Carrera 5C""}], ""subclass_lr"": [{""between"": [0.0, 1.0], ""value"": null}], ""level_lr"": [{""between"": [0.0, 1.0], ""value"": 0}], ""road_flags_lr"": [{""start"": 0.0, ""end"": 1.0, ""value"": []}]}","{""name"": ""005C000000"", ""class"": ""tertiary""}"
b5638957-a65a-4e3b-a77e-fa3209c04580,bog_road_174621,"LINESTRING (-74.1195457999999974 4.5332203000000000, -74.1196096999999980 4.5332692999999997, -74.1197013000000027 4.5333398000000003, -74.1198415000000068 4.5334481999999996, -74.1199227000000036 4.5335146999999996, -74.1200608999999986 4.5336436000000004, -74.1204629000000068 4.5341189000000002, -74.1205106999999970 4.5341911000000001, -74.1205513999999965 4.5342633000000001, -74.1205996999999996 4.5343890000000000, -74.1206291999999962 4.5345040000000001, -74.1206425999999965 4.5346323000000002, -74.1206425999999965 4.5347365999999996, -74.1206344999999942 4.5348436000000003, -74.1206130999999999 4.5349558999999999, -74.1205808999999931 4.5350735000000002, -74.1204869999999971 4.5352794000000003, -74.1202392999999944 4.5358068999999999, -74.1201731999999964 4.5359477999999998, -74.1201248999999933 4.5360975999999997, -74.1200953999999967 4.5362580000000001, -74.1200927000000007 4.5363889999999998, -74.1201034999999990 4.5364985999999998, -74.1201276000000036 4.5366270000000002, -74.1201678000000044 4.5367527000000001, -74.1202483000000001 4.5369567999999996, -74.1202911999999969 4.5370654999999998, -74.1203555999999963 4.5372366000000000, -74.1203878000000032 4.5373488999999996, -74.1204199999999958 4.5374799000000001, -74.1204361000000063 4.5375814999999999, -74.1204441000000003 4.5377124999999996, -74.1204682000000048 4.5387981000000002, -74.1204735999999968 4.5390655000000004, -74.1204682000000048 4.5399478000000002, -74.1204843000000011 4.5404532000000000, -74.1204924000000034 4.5406377000000004, -74.1205111999999957 4.5409237999999998, -74.1205647999999968 4.5416938000000000, -74.1205862999999994 4.5420012999999999, -74.1205996999999996 4.5422259000000000, -74.1206076999999937 4.5426377000000002, -74.1206111000000050 4.5427648999999999, -74.1206157999999959 4.5429370999999996, -74.1206210999999939 4.5431322999999999, -74.1206506000000047 4.5434719000000001, -74.1206657000000035 4.5436157000000001, -74.1206722000000013 4.5436781000000002, -74.1206952999999942 4.5438988000000000, -74.1207086000000004 4.5440300000000002, -74.1207231000000064 4.5441643999999997, -74.1207390999999944 4.5442819999999999, -74.1207739999999973 4.5444585000000002, -74.1208464000000049 4.5447473000000000, -74.1208785999999975 4.5448836000000004, -74.1209135000000003 4.5451563999999998, -74.1209240000000023 4.5456386000000002, -74.1209312999999952 4.5457517999999997, -74.1209608000000060 4.5468694000000003, -74.1209635000000020 4.5469977999999998, -74.1209625999999986 4.5470514000000000, -74.1209608000000060 4.5471529000000004, -74.1209527999999978 4.5472811999999996, -74.1209206000000052 4.5476422000000003, -74.1209125999999969 4.5477919000000000, -74.1209118000000018 4.5481233000000003, -74.1209235000000035 4.5484511000000003, -74.1209252000000021 4.5484976000000001, -74.1209359000000063 4.5486126000000002, -74.1209493000000066 4.5487114999999996, -74.1210271000000063 4.5490965000000001, -74.1210405000000065 4.5492062000000004, -74.1210458999999986 4.5492784000000004, -74.1210592999999989 4.5495270000000003, -74.1210808000000014 4.5499682000000004, -74.1210891000000061 4.5501658000000003, -74.1210904999999940 4.5501966999999999, -74.1210961000000026 4.5503168000000001, -74.1211236999999983 4.5509627999999998, -74.1211425000000048 4.5512302000000000, -74.1211612000000031 4.5514200000000002, -74.1211925000000065 4.5517041999999996, -74.1212112000000047 4.5518459000000000, -74.1212299999999971 4.5520090000000000, -74.1212380000000053 4.5521773999999997, -74.1212380000000053 4.5522710000000002, -74.1212326999999931 4.5524902999999997, -74.1212273000000010 4.5526828000000004, -74.1212299999999971 4.5528057999999998, -74.1212333000000001 4.5528824999999999, -74.1212356000000057 4.5529351000000000, -74.1212483000000049 4.5532307999999997, -74.1212509000000068 4.5533390000000002, -74.1212883999999974 4.5539057999999999, -74.1212910999999934 4.5540634999999998, -74.1212910999999934 4.5544405000000001, -74.1213029000000034 4.5547411999999996, -74.1213122000000055 4.5549872000000002, -74.1213345000000032 4.5555570000000003, -74.1213417000000021 4.5557400000000001, -74.1213470000000001 4.5557981999999999, -74.1213551000000024 4.5558557000000004, -74.1213671000000005 4.5559105000000004, -74.1214042999999947 4.5560653000000002, -74.1214420000000018 4.5561743999999997, -74.1214731000000029 4.5562474000000002, -74.1215638000000041 4.5564410000000004, -74.1216217999999998 4.5565594999999997, -74.1220997000000068 4.5575614000000000, -74.1221493000000038 4.5576632000000004, -74.1221682999999985 4.5577021999999996, -74.1221924999999970 4.5577560000000004, -74.1222405999999978 4.5578500000000002, -74.1222913000000005 4.5579473999999998, -74.1223471999999930 4.5580287000000004, -74.1225347000000028 4.5582606999999999, -74.1226178000000004 4.5583593999999996, -74.1226553000000052 4.5584039000000001, -74.1227233000000041 4.5584847000000002, -74.1229639000000020 4.5587704000000002, -74.1230927999999949 4.5589247000000004, -74.1231750000000034 4.5590286999999998, -74.1232511000000045 4.5591325999999999, -74.1233208000000019 4.5592351000000004, -74.1233813000000055 4.5593376000000001, -74.1235511999999943 4.5596546000000000, -74.1236241000000007 4.5598039000000004, -74.1239566999999937 4.5605102000000004, -74.1240863999999959 4.5607914000000003, -74.1242627000000027 4.5611458000000002, -74.1243896000000007 4.5614021999999999, -74.1245624000000021 4.5617513000000001, -74.1247699000000040 4.5621507000000001, -74.1248063000000030 4.5622353000000002, -74.1248346999999939 4.5623198000000000, -74.1248592000000031 4.5624168000000003, -74.1248755999999958 4.5625004000000002, -74.1248872000000034 4.5626023000000000, -74.1248934000000048 4.5627015000000002, -74.1248925000000014 4.5629660000000003, -74.1248834999999957 4.5632143999999997, -74.1249016999999952 4.5633944000000000, -74.1249217999999956 4.5635091000000001, -74.1249459999999942 4.5636115999999998, -74.1249662000000029 4.5636709000000000, -74.1249899999999968 4.5637302999999996, -74.1250380000000035 4.5638287000000002, -74.1252130999999963 4.5641527999999996, -74.1252403999999956 4.5641940999999999, -74.1253312999999991 4.5643427000000001, -74.1257267000000013 4.5650088000000002, -74.1260421000000065 4.5655076000000001, -74.1261982000000046 4.5657449999999997, -74.1262547999999981 4.5658346999999999, -74.1262997000000041 4.5659127000000002, -74.1263509000000056 4.5660050999999999, -74.1263857999999942 4.5660742000000001, -74.1264184000000057 4.5661566999999996, -74.1264510999999970 4.5662531000000000, -74.1264761999999990 4.5663371000000001, -74.1265013000000010 4.5664398000000004, -74.1265266000000054 4.5665769999999997, -74.1265384999999952 4.5667141999999998, -74.1265401999999938 4.5668126000000004, -74.1265381000000048 4.5668819000000003, -74.1265365999999943 4.5669304000000004, -74.1265233999999964 4.5670563000000000, -74.1265089999999987 4.5671479000000001, -74.1264838000000026 4.5672554999999999, -74.1264483000000070 4.5673572000000000, -74.1264081000000061 4.5674541000000000, -74.1263598000000030 4.5675509999999999, -74.1262634999999932 4.5677133000000003, -74.1261027000000041 4.5679651999999997, -74.1259692999999942 4.5681931000000002, -74.1259026999999975 4.5683020000000001, -74.1255471999999997 4.5689377000000002, -74.1254911000000050 4.5690378999999997, -74.1254526999999968 4.5691065999999996, -74.1254404000000022 4.5691287000000003, -74.1253824000000066 4.5692323999999997, -74.1253322999999966 4.5693218000000000, -74.1252834000000007 4.5694176000000004, -74.1251630000000006 4.5696694000000004, -74.1250670999999954 4.5698808000000000, -74.1249842999999942 4.5700856999999999, -74.1249602999999979 4.5701448999999998, -74.1248772000000002 4.5703503999999997, -74.1247129000000058 4.5707791000000002, -74.1244619000000000 4.5715333999999999, -74.1244315999999941 4.5716245999999998, -74.1243077999999969 4.5719699000000000, -74.1238890000000055 4.5732455999999999, -74.1237464999999958 4.5737147000000000, -74.1236470999999995 4.5740021000000004, -74.1235862999999995 4.5741294999999997, -74.1235104000000007 4.5742478999999996, -74.1234450999999979 4.5743302000000003, -74.1234266999999960 4.5743533000000003, -74.1233363000000054 4.5744578999999996, -74.1232312000000064 4.5745664000000001, -74.1231135000000023 4.5746732999999997, -74.1230142000000001 4.5747591999999999, -74.1228968000000066 4.5748489000000001, -74.1227901000000031 4.5749209000000004, -74.1226726000000014 4.5749928999999998, -74.1225448999999941 4.5750631999999998, -74.1223904000000005 4.5751334999999997, -74.1222333999999989 4.5751898999999998, -74.1220603000000011 4.5752410000000001, -74.1215586999999942 4.5753738999999998, -74.1210399999999936 4.5754998000000002, -74.1208653000000055 4.5755422000000001, -74.1192920000000015 4.5759390000000000, -74.1191539999999947 4.5759705000000004, -74.1189753000000024 4.5760057999999999, -74.1181758999999971 4.5761357000000000, -74.1178747000000016 4.5761782000000002, -74.1174663000000038 4.5762369999999999, -74.1173297999999932 4.5762565999999998, -74.1172255999999976 4.5762716000000001, -74.1170012999999983 4.5763037999999998, -74.1161653000000058 4.5764326000000004, -74.1153276000000005 4.5765573000000002, -74.1150389000000018 4.5766073000000000, -74.1149898999999976 4.5766157999999999, -74.1149075000000011 4.5766333000000001, -74.1147631999999987 4.5766638000000004, -74.1139593999999988 4.5768583999999999, -74.1135967000000022 4.5769602999999996, -74.1132592000000017 4.5770543999999997, -74.1126414999999952 4.5772411000000002, -74.1119065999999975 4.5774692999999997, -74.1109747999999939 4.5777473000000004, -74.1108097999999984 4.5777976999999996, -74.1107429000000053 4.5778182000000003, -74.1106525999999945 4.5778451000000002, -74.1105234999999993 4.5778843000000000, -74.1099324000000053 4.5780579000000001, -74.1098924000000068 4.5780697000000004, -74.1098209000000026 4.5780899000000002, -74.1092356000000052 4.5782543999999996, -74.1084982999999937 4.5784574999999998, -74.1081867000000045 4.5785533999999997, -74.1079758999999996 4.5786275999999999, -74.1071204999999935 4.5789654000000004, -74.1069901999999985 4.5790270000000000, -74.1069468999999970 4.5790474999999997, -74.1068144000000046 4.5791101000000003, -74.1066598000000027 4.5791832000000001, -74.1059046000000023 4.5795529999999998, -74.1051204999999982 4.5799424999999996, -74.1040718999999939 4.5804511000000003, -74.1040286000000066 4.5804720999999997, -74.1033740999999964 4.5807633000000001, -74.1030946000000057 4.5808983000000003, -74.1028752999999938 4.5810122000000000, -74.1027038999999945 4.5811006000000001, -74.1025931000000071 4.5811617000000000, -74.1025020000000012 4.5812118999999996, -74.1023524999999950 4.5812942999999997, -74.1022179999999935 4.5813689999999996, -74.1019454000000053 4.5815187000000002, -74.1010131999999970 4.5820280999999996, -74.1005806000000007 4.5822716999999997, -74.1005494999999996 4.5822892000000000, -74.1004666000000043 4.5823346999999996, -74.1003833999999983 4.5823817000000000, -74.0998886999999939 4.5826612000000004, -74.0991535999999940 4.5830564000000003, -74.0990213999999980 4.5831369999999998, -74.0988619999999969 4.5832382999999997, -74.0987357000000060 4.5833209000000004, -74.0987008000000031 4.5833437000000004, -74.0985703999999998 4.5834305999999998, -74.0985120999999936 4.5834690000000000, -74.0984054999999984 4.5835393000000000, -74.0978824000000031 4.5838878999999997, -74.0976675000000000 4.5840265999999996, -74.0975090999999964 4.5841178999999999, -74.0973397000000062 4.5842073000000001, -74.0968526999999995 4.5844601000000003, -74.0965556000000021 4.5846014999999998, -74.0964033999999998 4.5846733999999998, -74.0962918000000030 4.5847204000000001, -74.0961355000000026 4.5847810999999998, -74.0961049999999943 4.5847929000000001, -74.0960098000000045 4.5848298999999999, -74.0957812999999987 4.5849260999999997, -74.0955964000000051 4.5850131000000003, -74.0955119000000053 4.5850555999999996, -74.0952082000000019 4.5852246000000001, -74.0949209999999994 4.5853935000000003, -74.0947855999999945 4.5854765999999998, -74.0946392000000031 4.5855733000000001, -74.0946095000000042 4.5855939000000001, -74.0945375999999953 4.5856437000000003, -74.0944511999999946 4.5857117000000001, -74.0943766999999980 4.5857716999999996, -74.0941902999999940 4.5859430000000003, -74.0939223000000027 4.5862027000000003, -74.0935785000000067 4.5866021999999997, -74.0932903000000067 4.5869719000000000, -74.0930835999999999 4.5872339000000002, -74.0930496000000005 4.5872770000000003, -74.0925158999999951 4.5879341000000000, -74.0919123000000042 4.5886851000000002, -74.0913718000000046 4.5893630999999999, -74.0913481000000047 4.5893927999999997, -74.0913120000000021 4.5894380999999997, -74.0912672000000043 4.5894944000000004, -74.0912040999999988 4.5895704000000004, -74.0907217999999972 4.5901712999999997, -74.0907025000000061 4.5901953000000004, -74.0900572999999980 4.5910007000000004, -74.0898252000000070 4.5912930999999997, -74.0898085000000037 4.5913141000000000, -74.0896872999999943 4.5914495999999998, -74.0896223000000020 4.5915168000000000, -74.0895835999999974 4.5915512999999999, -74.0895285000000001 4.5915914999999998, -74.0894689000000000 4.5916290999999996, -74.0894054000000040 4.5916600000000001, -74.0892609999999934 4.5917244000000004, -74.0891440999999986 4.5917767999999999, -74.0891227999999984 4.5917864000000002, -74.0890907999999939 4.5917994000000002, -74.0889961000000028 4.5918463999999997, -74.0889126000000005 4.5918926000000004, -74.0888441999999969 4.5919385999999998, -74.0888324999999952 4.5919470000000002, -74.0888178000000011 4.5919565000000002, -74.0887331999999930 4.5920188000000000, -74.0886394000000053 4.5920959999999997, -74.0885533999999950 4.5921770000000004, -74.0883256000000046 4.5924412999999999, -74.0880580999999978 4.5927524000000002, -74.0876449000000008 4.5932602999999999, -74.0873011999999989 4.5936668000000003, -74.0872324000000049 4.5937481000000000, -74.0871472000000040 4.5938511000000002, -74.0865378000000021 4.5945739000000003, -74.0859865999999982 4.5952722000000001, -74.0859037999999970 4.5953761999999996, -74.0858809000000065 4.5954049000000001, -74.0858130999999958 4.5954883000000004, -74.0856292999999937 4.5956311000000003, -74.0847308000000027 4.5967906999999997, -74.0846858999999966 4.5968524000000004, -74.0846272999999940 4.5969272999999999, -74.0845778999999993 4.5969905000000004, -74.0845254999999980 4.5970559000000000, -74.0844967000000025 4.5970921999999996, -74.0844515999999942 4.5971542000000003, -74.0843459999999965 4.5973018999999997, -74.0838214000000050 4.5979862999999996, -74.0831828000000030 4.5988284999999998, -74.0815905999999984 4.6010486999999998, -74.0815589999999986 4.6010919000000001, -74.0815197999999953 4.6011468999999998, -74.0811017999999990 4.6017460000000003, -74.0810593000000068 4.6018645999999999, -74.0810311000000041 4.6019361999999999, -74.0809988999999973 4.6019823000000004, -74.0808741999999967 4.6021492000000004, -74.0804298999999986 4.6027756999999996, -74.0799757999999997 4.6034126000000004, -74.0799544999999995 4.6034408000000004, -74.0799180000000064 4.6034889999999997, -74.0798748999999930 4.6035461000000000, -74.0798424999999980 4.6035890000000004, -74.0797618999999941 4.6036957000000003, -74.0797216999999932 4.6037489000000003, -74.0796699999999930 4.6038173000000002, -74.0794937999999945 4.6039474000000000, -74.0787042000000042 4.6050814999999998, -74.0786848999999989 4.6051127000000003, -74.0786341999999962 4.6051875999999998, -74.0785903000000019 4.6052533000000002, -74.0774066999999974 4.6069353000000000, -74.0773805000000038 4.6069770999999999, -74.0762976999999978 4.6084693000000003, -74.0762679000000048 4.6085085000000001, -74.0762093000000021 4.6085944999999997, -74.0761306999999931 4.6087096000000001, -74.0760920999999968 4.6087661999999998, -74.0760590999999948 4.6088269999999998, -74.0756714999999986 4.6095424999999999, -74.0751585999999946 4.6105279000000001, -74.0751281999999946 4.6105820000000000, -74.0750814000000020 4.6106786000000000, -74.0741777000000070 4.6124495000000003, -74.0741627000000022 4.6124771000000004, -74.0741433999999970 4.6125173000000004, -74.0741309000000001 4.6125423000000003, -74.0740377000000052 4.6127452000000000, -74.0733393999999947 4.6141300000000003, -74.0731849999999952 4.6144337999999996, -74.0728266999999931 4.6151306999999999)","LINESTRING (-74.1244104799999945 4.5716801199999964, -74.1244141160000254 4.5716691310000215, -74.1244384600000217 4.5715955699999995)","{""name"": ""TransMilenio"", ""class"": ""service"", ""names_lr"": [{""between"": [0.0, 1.0], ""value"": ""TransMilenio""}], ""subclass_lr"": [{""between"": [0.0, 1.0], ""value"": null}], ""level_lr"": [{""between"": [0.0, 0.197622129], ""value"": 0}, {""between"": [0.197622129, 0.199817331], ""value"": 1}, {""between"": [0.199817331, 0.658038795], ""value"": 0}, {""between"": [0.658038795, 0.659865576], ""value"": 1}, {""between"": [0.659865576, 0.989968869], ""value"": 0}, {""between"": [0.989968869, 0.993008937], ""value"": 1}, {""between"": [0.993008937, 1.0], ""value"": 0}], ""road_flags_lr"": [{""start"": 0.0, ""end"": 1.0, ""value"": []}]}","{""name"": ""0140000000"", ""class"": ""primary""}"
9cb24a6e-a6ab-4cb8-8dd3-b22da3a52e90,bog_road_208832,"LINESTRING (-74.1996994000000001 4.6270115000000001, -74.1996172000000058 4.6270512000000004, -74.1993339999999932 4.6271883000000003, -74.1990839000000051 4.6273093000000003)","LINESTRING (-74.1994608599999879 4.6271482299999889, -74.1996111560000031 4.6270767710000200, -74.1996144400000048 4.6270752099999868, -74.1996163939999747 4.6270715069999824, -74.1996651250000241 4.6269791540000256, -74.1996771999999964 4.6269562699999938)","{""name"": ""Carrera 91"", ""class"": ""residential"", ""names_lr"": [{""between"": [0.0, 1.0], ""value"": ""Carrera 91""}], ""subclass_lr"": [{""between"": [0.0, 1.0], ""value"": null}], ""level_lr"": [{""between"": [0.0, 1.0], ""value"": 0}], ""road_flags_lr"": [{""start"": 0.0, ""end"": 1.0, ""value"": []}]}","{""name"": ""0910000000"", ""class"": ""secondary""}"
5391b31f-ddce-43f8-a275-7f47461fc3e1,bog_road_261984,"LINESTRING (-74.0956850999999972 4.5004030999999998, -74.0956982000000011 4.5004337000000003, -74.0958277000000010 4.5005841999999996, -74.0959308000000050 4.5006589000000004, -74.0960033000000067 4.5007115999999998, -74.0960357000000016 4.5007679999999999, -74.0960572000000042 4.5009680999999997)","LINESTRING (-74.0958622260000084 4.5006117230000200, -74.0956992260000220 4.5004205089999800)","{""name"": ""Carrera 10B Bis Este"", ""class"": ""residential"", ""names_lr"": [{""between"": [0.0, 1.0], ""value"": ""Carrera 10B Bis Este""}], ""subclass_lr"": [{""between"": [0.0, 1.0], ""value"": null}], ""level_lr"": [{""between"": [0.0, 1.0], ""value"": 0}], ""road_flags_lr"": [{""start"": 0.0, ""end"": 1.0, ""value"": []}]}","{""name"": ""010BBIS0E0"", ""class"": ""pedestrian""}"
8dc994c0-2acb-448b-93d2-31568950211e,bog_road_273535,"LINESTRING (-74.1177933000000024 4.4945928999999998, -74.1177950999999950 4.4946856999999998)","LINESTRING (-74.1177683189999925 4.4944263840000076, -74.1177612930000009 4.4945016049999822, -74.1177961600000117 4.4946429299999977)","{""name"": ""Transversal 10 Bis"", ""class"": ""tertiary"", ""names_lr"": [{""between"": [0.0, 1.0], ""value"": ""Transversal 10 Bis""}], ""subclass_lr"": [{""between"": [0.0, 1.0], ""value"": null}], ""level_lr"": [{""between"": [0.0, 1.0], ""value"": 0}], ""road_flags_lr"": [{""start"": 0.0, ""end"": 1.0, ""value"": []}]}","{""name"": ""0110000000"", ""class"": ""pedestrian""}"
f5bfc153-3e86-4bd3-8b54-7d03c491d01f,bog_road_153229,"LINESTRING (-74.1110522999999972 4.6143001000000003, -74.1111918999999943 4.6146143999999998, -74.1113234000000034 4.6146946000000000)","LINESTRING (-74.1110329300000217 4.6143063999999754, -74.1110479850000274 4.6143451300000038, -74.1112298200000055 4.6148129150000159, -74.1112298369999962 4.6148129599999947, -74.1112335320000284 4.6148224649999747, -74.1112792380000087 4.6149400470000046, -74.1112906899999757 4.6149695070000121, -74.1112946200000238 4.6149796189999961, -74.1112956790000226 4.6149823420000189, -74.1113060800000198 4.6150091000000089)","{""name"": ""Calle 4"", ""class"": ""residential"", ""names_lr"": [{""between"": [0.0, 1.0], ""value"": ""Calle 4""}], ""subclass_lr"": [{""between"": [0.0, 1.0], ""value"": null}], ""level_lr"": [{""between"": [0.0, 1.0], ""value"": 0}], ""road_flags_lr"": [{""start"": 0.0, ""end"": 1.0, ""value"": []}]}","{""name"": ""0040000000"", ""class"": ""tertiary""}"
aab79a80-f6d2-4907-bc91-d8f09bc69429,bog_road_147516,"LINESTRING (-74.1290709000000021 4.5780760999999996, -74.1291704000000067 4.5779636999999997, -74.1292545000000018 4.5778686999999998)","LINESTRING (-74.1281009499999755 4.5786721700000044, -74.1282167499999787 4.5786369900000068, -74.1282927299999983 4.5786122040000237, -74.1284166500000197 4.5785717800000043, -74.1285138999999731 4.5785331199999746, -74.1285408800000027 4.5785211799999956, -74.1286153899999931 4.5784821999999963, -74.1286966900000266 4.5784332700000050, -74.1287662600000203 4.5783860000000232, -74.1288276700000210 4.5783402499999966, -74.1288672499999848 4.5783037699999909, -74.1289914199999771 4.5781771900000194, -74.1289970899999844 4.5781702400000199, -74.1290211400000203 4.5781344700000091, -74.1290480100000195 4.5780994300000089, -74.1290951199999881 4.5780452100000275)","{""name"": ""Avenida Carrera 24"", ""class"": ""secondary"", ""names_lr"": [{""between"": [0.0, 1.0], ""value"": ""Avenida Carrera 24""}], ""subclass_lr"": [{""between"": [0.0, 1.0], ""value"": null}], ""level_lr"": [{""between"": [0.0, 1.0], ""value"": 0}], ""road_flags_lr"": [{""start"": 0.0, ""end"": 1.0, ""value"": []}]}","{""name"": ""0240000000"", ""class"": ""primary""}"
979b382a-691e-4e44-ae9e-8cd19b5a9c2c,bog_road_239607,"LINESTRING (-74.0996403000000043 4.5558132999999996, -74.0997514000000024 4.5556453000000001, -74.0998349999999988 4.5554860000000001, -74.0998539999999934 4.5554500000000004, -74.0998744000000045 4.5553442000000004, -74.0998699999999957 4.5552910000000004, -74.0998589999999950 4.5552520000000003, -74.0998419999999953 4.5552149999999996, -74.0997411000000028 4.5550429000000001, -74.0996815000000026 4.5549413000000003, -74.0995120999999983 4.5546525999999998, -74.0994811000000055 4.5545996999999998, -74.0994380000000064 4.5545261999999997, -74.0994122999999973 4.5544824000000004, -74.0993614000000065 4.5543955000000000, -74.0993279000000058 4.5543383999999998, -74.0992525999999998 4.5542100999999997, -74.0992241000000007 4.5541615000000002, -74.0992080000000044 4.5541340000000003, -74.0991889999999955 4.5541039999999997, -74.0991750000000025 4.5540710000000004, -74.0991659999999968 4.5540360000000000, -74.0991626999999937 4.5539851999999996, -74.0991779999999949 4.5539300000000003, -74.0991939999999971 4.5538980000000002, -74.0992789999999957 4.5537668000000000, -74.0993275999999952 4.5536915999999996)","LINESTRING (-74.0996829900000193 4.5549658599999816, -74.0997343519999845 4.5550538100000040, -74.0997353100000282 4.5550554499999976)","{""name"": ""Calle 39C Sur"", ""class"": ""residential"", ""names_lr"": [{""between"": [0.0, 1.0], ""value"": ""Calle 39C Sur""}], ""subclass_lr"": [{""between"": [0.0, 1.0], ""value"": null}], ""level_lr"": [{""between"": [0.0, 1.0], ""value"": 0}], ""road_flags_lr"": [{""start"": 0.0, ""end"": 1.0, ""value"": []}]}","{""name"": ""039C0000S0"", ""class"": ""secondary""}"
883a45e0-94a9-4384-96dc-fa239e116de0,bog_road_145371,"LINESTRING (-74.1775111000000038 4.6471933999999999, -74.1775597000000033 4.6472765999999996)","LINESTRING (-74.1775167100000203 4.6471656200000098, -74.1775531700000101 4.6472366699999839)","{""name"": ""Calle 42A Sur"", ""class"": ""residential"", ""names_lr"": [{""between"": [0.0, 1.0], ""value"": ""Calle 42A Sur""}], ""subclass_lr"": [{""between"": [0.0, 1.0], ""value"": null}], ""level_lr"": [{""between"": [0.0, 1.0], ""value"": 0}], ""road_flags_lr"": [{""start"": 0.0, ""end"": 1.0, ""value"": []}]}","{""name"": ""042A0000S0"", ""class"": ""secondary""}"
4d29131c-57b7-4940-b4ef-1ee3cdf6269b,bog_road_154243,"LINESTRING (-74.1617291000000023 4.6366981000000003, -74.1619187000000011 4.6369403000000000)","LINESTRING (-74.1619210299999736 4.6369109899999899, -74.1620811700000218 4.6371275999999853, -74.1620992580000120 4.6371518619999961, -74.1621178199999918 4.6371767599999885)","{""name"": ""Calle 34A Sur"", ""class"": ""residential"", ""names_lr"": [{""between"": [0.0, 1.0], ""value"": ""Calle 34A Sur""}], ""subclass_lr"": [{""between"": [0.0, 1.0], ""value"": null}], ""level_lr"": [{""between"": [0.0, 1.0], ""value"": 0}], ""road_flags_lr"": [{""start"": 0.0, ""end"": 1.0, ""value"": []}]}","{""name"": ""034A0000S0"", ""class"": ""tertiary""}"
65ea0d16-00cd-4dd4-8f22-821fe4d40862,bog_road_217725,"LINESTRING (-74.0960258000000067 4.7403990000000000, -74.0960641000000066 4.7402933000000003)","LINESTRING (-74.0961051020000241 4.7401528870000220, -74.0960579430000053 4.7402843670000152, -74.0960513599999899 4.7403027199999883)","{""name"": ""Carrera 102B"", ""class"": ""residential"", ""names_lr"": [{""between"": [0.0, 1.0], ""value"": ""Carrera 102B""}], ""subclass_lr"": [{""between"": [0.0, 1.0], ""value"": null}], ""level_lr"": [{""between"": [0.0, 1.0], ""value"": 0}], ""road_flags_lr"": [{""start"": 0.0, ""end"": 1.0, ""value"": []}]}","{""name"": ""1030000000"", ""class"": ""tertiary""}"
5360422d-c74c-4960-be14-0bd7f440db20,bog_road_143612,"LINESTRING (-74.1568893999999972 4.6382905000000001, -74.1566370000000035 4.6385268999999996)","LINESTRING (-74.1568478899999945 4.6382879099999741, -74.1570114200000035 4.6381526700000109, -74.1570497199999750 4.6381156499999747)","{""name"": ""Carrera 82C"", ""class"": ""residential"", ""names_lr"": [{""between"": [0.0, 1.0], ""value"": ""Carrera 82C""}], ""subclass_lr"": [{""between"": [0.0, 1.0], ""value"": null}], ""level_lr"": [{""between"": [0.0, 1.0], ""value"": 0}], ""road_flags_lr"": [{""start"": 0.0, ""end"": 1.0, ""value"": []}]}","{""name"": ""082C000000"", ""class"": ""tertiary""}"
984535f0-18ca-4a6d-a180-07c035a09a1c,bog_road_231051,"LINESTRING (-74.2066513000000043 4.6120296999999999, -74.2068227999999976 4.6120631000000003, -74.2069123999999931 4.6120767999999996, -74.2070005000000066 4.6120850999999998, -74.2070484999999991 4.6120859000000003, -74.2071404000000001 4.6120811000000002)","LINESTRING (-74.2070628100000249 4.6120427100000256, -74.2071061400000076 4.6120543740000244, -74.2071476639999901 4.6120655519999900, -74.2072500400000195 4.6120931099999893, -74.2072525049999854 4.6120944610000265, -74.2075252199999795 4.6122438699999861, -74.2078381389999890 4.6124018680000063, -74.2078485600000022 4.6124071300000082)","{""name"": ""Carrera 80K"", ""class"": ""secondary"", ""names_lr"": [{""between"": [0.0, 1.0], ""value"": ""Carrera 80K""}], ""subclass_lr"": [{""between"": [0.0, 1.0], ""value"": null}], ""level_lr"": [{""between"": [0.0, 1.0], ""value"": 0}], ""road_flags_lr"": [{""start"": 0.0, ""end"": 1.0, ""value"": []}]}","{""name"": ""080K000000"", ""class"": ""tertiary""}"
de07b0ef-ccde-4ffe-ae2e-58ad0653c85a,bog_road_229904,"LINESTRING (-74.0852430000000055 4.5357476999999999, -74.0854894999999942 4.5355679000000002, -74.0856916000000041 4.5354177000000000, -74.0858060999999992 4.5353325000000000, -74.0859786000000042 4.5352043999999996)","LINESTRING (-74.0852401700000200 4.5357363200000123, -74.0852825349999762 4.5357091210000249, -74.0853062020000266 4.5356939270000112, -74.0854434699999729 4.5356057999999848, -74.0854796200000010 4.5355684400000200)","{""name"": ""Transversal 13G Este"", ""class"": ""steps"", ""names_lr"": [{""between"": [0.0, 1.0], ""value"": ""Transversal 13G Este""}], ""subclass_lr"": [{""between"": [0.0, 1.0], ""value"": null}], ""level_lr"": [{""between"": [0.0, 1.0], ""value"": 0}], ""road_flags_lr"": [{""start"": 0.0, ""end"": 1.0, ""value"": []}]}","{""name"": ""013G0000E0"", ""class"": ""tertiary""}"
8121eb04-d553-4731-aaa6-7d0dd5315834,bog_road_238784,"LINESTRING (-74.1099755000000044 4.7452750000000004, -74.1101046999999937 4.7453095000000003, -74.1103499999999968 4.7453748999999998, -74.1106273999999985 4.7454488000000001, -74.1108713999999935 4.7455138999999997, -74.1111259000000047 4.7455818000000001, -74.1114093000000054 4.7456570999999999)","LINESTRING (-74.1106192999999962 4.7454324199999860, -74.1108659500000044 4.7454966500000069)","{""name"": ""Calle 138"", ""class"": ""footway"", ""names_lr"": [{""between"": [0.0, 1.0], ""value"": ""Calle 138""}], ""subclass_lr"": [{""between"": [0.0, 1.0], ""value"": null}], ""level_lr"": [{""between"": [0.0, 1.0], ""value"": 0}], ""road_flags_lr"": [{""start"": 0.0, ""end"": 1.0, ""value"": []}]}","{""name"": ""1380000000"", ""class"": ""tertiary""}"
b8bf7931-dbe8-42ee-b32f-6e0113bc86dc,bog_road_253310,"LINESTRING (-74.0855198999999942 4.5017681999999999, -74.0852631000000059 4.5018415000000003)","LINESTRING (-74.0857614299999909 4.5016808400000059, -74.0854984599999966 4.5017562599999792)","{""name"": ""Calle 89C Sur"", ""class"": ""residential"", ""names_lr"": [{""between"": [0.0, 1.0], ""value"": ""Calle 89C Sur""}], ""subclass_lr"": [{""between"": [0.0, 1.0], ""value"": null}], ""level_lr"": [{""between"": [0.0, 1.0], ""value"": 0}], ""road_flags_lr"": [{""start"": 0.0, ""end"": 1.0, ""value"": []}]}","{""name"": ""089C0000S0"", ""class"": ""secondary""}"
12658cc2-3c6a-4916-b17f-5ba95ee9de91,bog_road_203164,"LINESTRING (-74.1497973999999971 4.5476596000000002, -74.1498071000000039 4.5477359000000002, -74.1498143999999968 4.5478420000000002, -74.1498067999999932 4.5479380999999997, -74.1497983000000005 4.5479614000000002, -74.1497911000000016 4.5479782999999996, -74.1497717999999963 4.5480000000000000, -74.1497508000000067 4.5480239999999998, -74.1497181000000012 4.5480440000000000, -74.1496955000000071 4.5480539999999996, -74.1496467999999993 4.5480739999999997, -74.1495998000000043 4.5480929999999997, -74.1495538000000067 4.5481189999999998, -74.1495127999999966 4.5481490000000004, -74.1494751000000036 4.5481698000000002, -74.1494550000000032 4.5481771999999996, -74.1494267000000065 4.5481746000000003, -74.1493918999999977 4.5481471000000004, -74.1492585000000020 4.5479566000000000, -74.1492140000000006 4.5479031000000001)","LINESTRING (-74.1494130099999893 4.5482248499999969, -74.1494064810000282 4.5482158679999998, -74.1492073809999965 4.5479419530000200, -74.1491749099999993 4.5478972799999724)","{""name"": ""Carrera 18J Bis"", ""class"": ""residential"", ""names_lr"": [{""between"": [0.0, 0.255480809], ""value"": ""Transversal 18I""}, {""between"": [0.255480809, 0.68309935], ""value"": ""Carrera 18J Bis""}, {""between"": [0.68309935, 1.0], ""value"": ""Diagonal 69H Sur""}], ""subclass_lr"": [{""between"": [0.0, 1.0], ""value"": null}], ""level_lr"": [{""between"": [0.0, 1.0], ""value"": 0}], ""road_flags_lr"": [{""start"": 0.0, ""end"": 1.0, ""value"": []}]}","{""name"": ""069H0000S0"", ""class"": ""tertiary""}"
2631eee2-cf63-4eeb-8899-36f5a2dfb541,bog_road_252449,"LINESTRING (-74.1040251000000012 4.4970743000000004, -74.1037501999999932 4.4970299000000002)","LINESTRING (-74.1042758899999967 4.4970949600000267, -74.1040191260000256 4.4970561939999811, -74.1040042000000199 4.4970539400000007)","{""name"": ""Calle 91 Sur"", ""class"": ""tertiary"", ""names_lr"": [{""between"": [0.0, 1.0], ""value"": ""Calle 91 Sur""}], ""subclass_lr"": [{""between"": [0.0, 1.0], ""value"": null}], ""level_lr"": [{""between"": [0.0, 1.0], ""value"": 0}], ""road_flags_lr"": [{""start"": 0.0, ""end"": 1.0, ""value"": []}]}","{""name"": ""09100000S0"", ""class"": ""secondary""}"
a4ec0f1d-b1ee-4a74-befd-23b8a4b79ed1,bog_road_148505,"LINESTRING (-74.1769055999999978 4.6418458999999999, -74.1767702000000071 4.6415942000000001)","LINESTRING (-74.1768943800000216 4.6418315799999732, -74.1768972639999902 4.6418368220000161, -74.1770343100000105 4.6420859300000075)","{""name"": ""Calle 42G Sur"", ""class"": ""residential"", ""names_lr"": [{""between"": [0.0, 1.0], ""value"": ""Calle 42G Sur""}], ""subclass_lr"": [{""between"": [0.0, 1.0], ""value"": null}], ""level_lr"": [{""between"": [0.0, 1.0], ""value"": 0}], ""road_flags_lr"": [{""start"": 0.0, ""end"": 1.0, ""value"": []}]}","{""name"": ""042G0000S0"", ""class"": ""tertiary""}"
5d33c6ec-4b4c-40e7-9fab-81f7f098cf75,bog_road_219196,"LINESTRING (-74.0853393999999952 4.5353588000000000, -74.0854894999999942 4.5355679000000002, -74.0859853000000044 4.5362572999999999, -74.0864676000000060 4.5369282999999996)","LINESTRING (-74.0854796200000010 4.5355684400000200, -74.0853392129999975 4.5353801229999817, -74.0853298299999778 4.5353675399999815)","{""name"": ""Calle 48A Sur"", ""class"": ""footway"", ""names_lr"": [{""between"": [0.0, 1.0], ""value"": ""Calle 48A Sur""}], ""subclass_lr"": [{""between"": [0.0, 1.0], ""value"": null}], ""level_lr"": [{""between"": [0.0, 1.0], ""value"": 0}], ""road_flags_lr"": [{""start"": 0.0, ""end"": 1.0, ""value"": []}]}","{""name"": ""048A0000S0"", ""class"": ""residential""}"
7f3cee34-268c-48ca-afa3-008462820614,bog_road_231429,"LINESTRING (-74.1882714000000050 4.6272799999999998, -74.1882949999999965 4.6273299000000003, -74.1884225999999956 4.6275995999999999)","LINESTRING (-74.1884107800000265 4.6275725699999839, -74.1884138159999793 4.6275790519999873, -74.1884826099999941 4.6277259500000127, -74.1885376000000178 4.6278368700000101)","{""name"": ""Calle 57 Sur"", ""class"": ""residential"", ""names_lr"": [{""between"": [0.0, 1.0], ""value"": ""Calle 57 Sur""}], ""subclass_lr"": [{""between"": [0.0, 1.0], ""value"": null}], ""level_lr"": [{""between"": [0.0, 1.0], ""value"": 0}], ""road_flags_lr"": [{""start"": 0.0, ""end"": 1.0, ""value"": []}]}","{""name"": ""05700000S0"", ""class"": ""tertiary""}"
69f33b42-ac7c-4c1e-81d1-03026ac9893b,bog_road_184153,"LINESTRING (-74.1762020000000035 4.5864227000000000, -74.1761788000000024 4.5867696000000002)","LINESTRING (-74.1761794299999906 4.5867630299999860, -74.1761795319999919 4.5867597010000054, -74.1761893899999905 4.5864369799999736, -74.1761872370000219 4.5864300690000164, -74.1761778000000049 4.5863997700000141)","{""name"": ""Carrera 75F Bis"", ""class"": ""footway"", ""names_lr"": [{""between"": [0.0, 1.0], ""value"": ""Carrera 75F Bis""}], ""subclass_lr"": [{""between"": [0.0, 1.0], ""value"": null}], ""level_lr"": [{""between"": [0.0, 1.0], ""value"": 0}], ""road_flags_lr"": [{""start"": 0.0, ""end"": 1.0, ""value"": []}]}","{""name"": ""075F000000"", ""class"": ""tertiary""}"
3cf20579-21d2-4903-9385-e8f994ce54a7,bog_road_190022,"LINESTRING (-74.1462554999999952 4.5651849000000002, -74.1463969999999932 4.5656442999999998)","LINESTRING (-74.1463873100000228 4.5656163900000024, -74.1463976229999844 4.5656511999999907, -74.1465035699999930 4.5660088199999791, -74.1465096580000136 4.5660280210000224, -74.1465184099999988 4.5660556199999860)","{""name"": ""Calle 64 Sur"", ""class"": ""tertiary"", ""names_lr"": [{""between"": [0.0, 1.0], ""value"": ""Calle 64 Sur""}], ""subclass_lr"": [{""between"": [0.0, 1.0], ""value"": null}], ""level_lr"": [{""between"": [0.0, 1.0], ""value"": 0}], ""road_flags_lr"": [{""start"": 0.0, ""end"": 1.0, ""value"": []}]}","{""name"": ""06400000S0"", ""class"": ""secondary""}"
c4b21f26-0396-4520-a3f6-b9707d711723,bog_road_139606,"LINESTRING (-74.1218705999999941 4.6142662999999997, -74.1222053999999986 4.6138782000000003)","LINESTRING (-74.1222143300000198 4.6138790200000130, -74.1222239520000130 4.6139037639999856, -74.1223995199999877 4.6143552699999759)","{""name"": ""Carrera 53F"", ""class"": ""residential"", ""names_lr"": [{""between"": [0.0, 1.0], ""value"": ""Carrera 53F""}], ""subclass_lr"": [{""between"": [0.0, 1.0], ""value"": null}], ""level_lr"": [{""between"": [0.0, 1.0], ""value"": 0}], ""road_flags_lr"": [{""start"": 0.0, ""end"": 1.0, ""value"": []}]}","{""name"": ""00100000S0"", ""class"": ""tertiary""}"
3908f7df-fc47-4a9b-9d4e-404823e03986,bog_road_152537,"LINESTRING (-74.1672546000000068 4.6079498000000001, -74.1666843000000000 4.6079542000000000)","LINESTRING (-74.1675869499999862 4.6079210199999920, -74.1675721029999977 4.6074305820000063, -74.1675718299999858 4.6074216100000172)","{""name"": ""Carrera 77P Bis B"", ""class"": ""residential"", ""names_lr"": [{""between"": [0.0, 1.0], ""value"": ""Carrera 77P Bis B""}], ""subclass_lr"": [{""between"": [0.0, 1.0], ""value"": null}], ""level_lr"": [{""between"": [0.0, 1.0], ""value"": 0}], ""road_flags_lr"": [{""start"": 0.0, ""end"": 1.0, ""value"": []}]}","{""name"": ""051A0000S0"", ""class"": ""tertiary""}"
feb0db9e-9549-4bf2-b79b-b47b76232523,bog_road_162893,"LINESTRING (-74.1656645999999995 4.6131488999999997, -74.1659144999999995 4.6136106000000003)","LINESTRING (-74.1663022800000249 4.6136408099999926, -74.1663688799999932 4.6135897400000090, -74.1667223860000036 4.6133186669999873, -74.1667411099999754 4.6133043099999895)","{""name"": ""Calle 48A Sur"", ""class"": ""residential"", ""names_lr"": [{""between"": [0.0, 1.0], ""value"": ""Calle 48A Sur""}], ""subclass_lr"": [{""between"": [0.0, 1.0], ""value"": null}], ""level_lr"": [{""between"": [0.0, 1.0], ""value"": 0}], ""road_flags_lr"": [{""start"": 0.0, ""end"": 1.0, ""value"": []}]}","{""name"": ""078H000000"", ""class"": ""tertiary""}"
52ed838f-a6db-48c9-9f74-300aa2c13ef7,bog_road_192566,"LINESTRING (-74.1506399000000016 4.5596344000000002, -74.1505499000000015 4.5601589000000002)","LINESTRING (-74.1508578099999909 4.5604722699999911, -74.1513456509999855 4.5603421740000272, -74.1513499800000204 4.5603410200000098)","{""name"": ""Calle 68F Sur"", ""class"": ""residential"", ""names_lr"": [{""between"": [0.0, 1.0], ""value"": ""Calle 68F Sur""}], ""subclass_lr"": [{""between"": [0.0, 1.0], ""value"": null}], ""level_lr"": [{""between"": [0.0, 1.0], ""value"": 0}], ""road_flags_lr"": [{""start"": 0.0, ""end"": 1.0, ""value"": []}]}","{""name"": ""019G000000"", ""class"": ""tertiary""}"
a1d99f5c-aa4e-4a61-ab0c-fd8b134702f0,bog_road_159177,"LINESTRING (-74.1733945000000006 4.6081783999999999, -74.1731846999999931 4.6079207999999996, -74.1729969000000011 4.6076921999999998, -74.1726318999999990 4.6072458999999997)","LINESTRING (-74.1731654199999753 4.6079042299999742, -74.1733511300000146 4.6081332900000120, -74.1733517010000014 4.6081335509999803, -74.1733785050000165 4.6081457839999871, -74.1733965500000068 4.6081540199999722)","{""name"": ""Calle 57C Sur"", ""class"": ""footway"", ""names_lr"": [{""between"": [0.0, 1.0], ""value"": ""Calle 57C Sur""}], ""subclass_lr"": [{""between"": [0.0, 1.0], ""value"": null}], ""level_lr"": [{""between"": [0.0, 1.0], ""value"": 0}], ""road_flags_lr"": [{""start"": 0.0, ""end"": 1.0, ""value"": []}]}","{""name"": ""057C0000S0"", ""class"": ""tertiary""}"
b377e6aa-2269-4582-9764-a09da200cf4f,bog_road_213606,"LINESTRING (-74.0518677999999966 4.7526111000000002, -74.0514921000000044 4.7525335999999996, -74.0510345000000001 4.7524392999999998, -74.0509602000000058 4.7524240000000004, -74.0504171000000042 4.7523119999999999, -74.0502742999999981 4.7522824999999997, -74.0499315999999936 4.7522118000000004)","LINESTRING (-74.0518008500000064 4.7525895699999978, -74.0519659099999785 4.7526250799999730, -74.0522736199999940 4.7526955499999985)","{""name"": ""Avenida Calle 170"", ""class"": ""primary"", ""names_lr"": [{""between"": [0.0, 1.0], ""value"": ""Avenida Calle 170""}], ""subclass_lr"": [{""between"": [0.0, 1.0], ""value"": null}], ""level_lr"": [{""between"": [0.0, 1.0], ""value"": 0}], ""road_flags_lr"": [{""start"": 0.0, ""end"": 1.0, ""value"": []}]}","{""name"": ""1700000000"", ""class"": ""primary""}"
1d32c9f5-2d5f-4686-bac6-58656b3251b4,bog_road_229864,"LINESTRING (-74.1081747000000064 4.7380763000000004, -74.1089350999999965 4.7376564999999999)","LINESTRING (-74.1091450800000189 4.7377934400000186, -74.1091224130000228 4.7378100029999928, -74.1091147089999822 4.7378156319999789, -74.1091107190000002 4.7378185470000176, -74.1091029479999861 4.7378242249999971, -74.1089808899999980 4.7379134099999760, -74.1089585999999940 4.7379410300000018, -74.1089579590000085 4.7379420209999807, -74.1089432780000266 4.7379647259999729, -74.1089362399999914 4.7379756099999781, -74.1089213700000187 4.7379968299999859, -74.1089014400000110 4.7380157499999882, -74.1088291799999865 4.7380593299999987, -74.1086313700000119 4.7381754900000033, -74.1084042599999862 4.7383062299999779, -74.1081923899999992 4.7384329099999718, -74.1081651499999907 4.7384541600000034, -74.1080861020000157 4.7384923949999802, -74.1080820799999742 4.7384943399999884)","{""name"": ""Transversal 124A"", ""class"": ""residential"", ""names_lr"": [{""between"": [0.0, 1.0], ""value"": ""Transversal 124A""}], ""subclass_lr"": [{""between"": [0.0, 1.0], ""value"": null}], ""level_lr"": [{""between"": [0.0, 1.0], ""value"": 0}], ""road_flags_lr"": [{""start"": 0.0, ""end"": 1.0, ""value"": []}]}","{""name"": ""124ABIS000"", ""class"": ""tertiary""}"
48922723-a8da-4f35-af92-7b7f2e4658e2,bog_road_195300,"LINESTRING (-74.1581486999999981 4.5803063000000002, -74.1575945000000019 4.5803998999999997, -74.1574777000000012 4.5804195999999999)","LINESTRING (-74.1578296900000282 4.5811224899999843, -74.1578274199999896 4.5811187900000050, -74.1575267399999802 4.5805399700000180, -74.1575239000000010 4.5805344999999988)","{""name"": ""Avenida Carrera 51"", ""class"": ""tertiary"", ""names_lr"": [{""between"": [0.0, 1.0], ""value"": ""Avenida Carrera 51""}], ""subclass_lr"": [{""between"": [0.0, 1.0], ""value"": null}], ""level_lr"": [{""between"": [0.0, 1.0], ""value"": 0}], ""road_flags_lr"": [{""start"": 0.0, ""end"": 1.0, ""value"": []}]}","{""name"": ""06800000S0"", ""class"": ""primary""}"
84c04376-e293-490e-a8e3-7f229c42f7c2,bog_road_265115,"LINESTRING (-74.1142456999999979 4.7101293999999996, -74.1139658999999966 4.7106510999999998)","LINESTRING (-74.1147296500000152 4.7100582699999904, -74.1146709500000043 4.7101783100000034, -74.1143233559999999 4.7108785799999850, -74.1143136919999961 4.7108980489999794, -74.1143016099999841 4.7109223900000075)","{""name"": ""Carrera 101 Bis"", ""class"": ""residential"", ""names_lr"": [{""between"": [0.0, 1.0], ""value"": ""Carrera 101 Bis""}], ""subclass_lr"": [{""between"": [0.0, 1.0], ""value"": null}], ""level_lr"": [{""between"": [0.0, 1.0], ""value"": 0}], ""road_flags_lr"": [{""start"": 0.0, ""end"": 1.0, ""value"": []}]}","{""name"": ""1020000000"", ""class"": ""tertiary""}"
f789b43e-0817-4225-ae93-d95ee62c4803,bog_road_149428,"LINESTRING (-74.1749841999999973 4.6172174999999998, -74.1750509999999963 4.6171614999999999, -74.1750758999999960 4.6171410000000002, -74.1752117000000055 4.6170381000000003, -74.1757410999999962 4.6166549999999997, -74.1758264999999994 4.6165776000000003, -74.1758918999999963 4.6164971000000001, -74.1759610999999950 4.6163943999999999)","LINESTRING (-74.1746450300000220 4.6166866300000038, -74.1746488420000105 4.6166920260000097, -74.1748021000000222 4.6169089499999814)","{""name"": ""Carrera 80H"", ""class"": ""tertiary"", ""names_lr"": [{""between"": [0.0, 1.0], ""value"": ""Carrera 80H""}], ""subclass_lr"": [{""between"": [0.0, 1.0], ""value"": null}], ""level_lr"": [{""between"": [0.0, 1.0], ""value"": 0}], ""road_flags_lr"": [{""start"": 0.0, ""end"": 1.0, ""value"": []}]}","{""name"": ""05400000S0"", ""class"": ""secondary""}"
7076f47d-5187-44b6-9955-c1ba8948c99a,bog_road_162558,"LINESTRING (-74.1105852000000027 4.6173789999999997, -74.1105912999999958 4.6174464000000004, -74.1105641999999989 4.6175163000000001, -74.1102182999999997 4.6179670000000002, -74.1101742000000030 4.6180180000000002, -74.1099351999999953 4.6183215999999998, -74.1095370000000031 4.6188893999999996, -74.1094937999999956 4.6189492000000003)","LINESTRING (-74.1104323999999792 4.6184679599999754, -74.1103132470000219 4.6186168550000275, -74.1102994959999819 4.6186340390000282, -74.1098722510000130 4.6191679300000033, -74.1098424900000055 4.6192051200000037)","{""name"": ""Carrera 43"", ""class"": ""residential"", ""names_lr"": [{""between"": [0.0, 1.0], ""value"": ""Carrera 43""}], ""subclass_lr"": [{""between"": [0.0, 1.0], ""value"": null}], ""level_lr"": [{""between"": [0.0, 1.0], ""value"": 0}], ""road_flags_lr"": [{""start"": 0.0, ""end"": 1.0, ""value"": []}]}","{""name"": ""043A000000"", ""class"": ""tertiary""}"
6a851831-d1cb-44cd-b766-90a7cca8ec12,bog_road_161216,"LINESTRING (-74.1335971000000029 4.6493777999999999, -74.1338901000000021 4.6494888999999997)","LINESTRING (-74.1336293800000021 4.6493191499999966, -74.1338723480000112 4.6494198030000007, -74.1338964799999758 4.6494298000000072)","{""name"": ""Calle 13A"", ""class"": ""residential"", ""names_lr"": [{""between"": [0.0, 1.0], ""value"": ""Calle 13A""}], ""subclass_lr"": [{""between"": [0.0, 1.0], ""value"": null}], ""level_lr"": [{""between"": [0.0, 1.0], ""value"": 0}], ""road_flags_lr"": [{""start"": 0.0, ""end"": 1.0, ""value"": []}]}","{""name"": ""0130000000"", ""class"": ""secondary""}"
799ba6ce-98c7-4d12-8906-272455cc8858,bog_road_167336,"LINESTRING (-74.1669677999999948 4.6143349000000002, -74.1667106999999959 4.6143809999999998)","LINESTRING (-74.1662688499999945 4.6148037799999884, -74.1662892510000233 4.6147856040000192, -74.1665029299999787 4.6145952300000204, -74.1666290399999752 4.6144900900000039, -74.1667117929999904 4.6144147050000015, -74.1667349740000077 4.6143935879999844, -74.1667844899999977 4.6143484799999896)","{""name"": ""Carrera 78H"", ""class"": ""residential"", ""names_lr"": [{""between"": [0.0, 1.0], ""value"": ""Carrera 78H""}], ""subclass_lr"": [{""between"": [0.0, 1.0], ""value"": null}], ""level_lr"": [{""between"": [0.0, 1.0], ""value"": 0}], ""road_flags_lr"": [{""start"": 0.0, ""end"": 1.0, ""value"": []}]}","{""name"": ""078J000000"", ""class"": ""tertiary""}"
9425827f-7dba-4e8b-9529-2e685455dc56,bog_road_191524,"LINESTRING (-74.0385012999999930 4.6800458999999996, -74.0379635999999977 4.6797525999999996, -74.0379214999999959 4.6797086999999999, -74.0378886000000023 4.6796575000000002, -74.0378661000000022 4.6796011000000002, -74.0378548999999992 4.6795413999999997, -74.0378553000000039 4.6794805999999998, -74.0378675000000044 4.6794210999999999, -74.0378907999999996 4.6793649999999998, -74.0379245000000026 4.6793144000000000, -74.0379671999999971 4.6792711000000002, -74.0380174999999952 4.6792368000000000, -74.0380734999999959 4.6792128000000002, -74.0381330000000020 4.6791998000000001)","LINESTRING (-74.0383985899999857 4.6803923400000258, -74.0382638219999762 4.6806143019999809, -74.0380410519999828 4.6809812019999981, -74.0380253700000139 4.6810070299999893)","{""name"": ""Avenida Calle 100"", ""class"": ""primary"", ""names_lr"": [{""between"": [0.0, 1.0], ""value"": ""Avenida Calle 100""}], ""subclass_lr"": [{""between"": [0.0, 1.0], ""value"": null}], ""level_lr"": [{""between"": [0.0, 0.456620575], ""value"": 1}, {""between"": [0.456620575, 1.0], ""value"": 0}], ""road_flags_lr"": [{""start"": 0.0, ""end"": 1.0, ""value"": []}]}","{""name"": ""007A000000"", ""class"": ""tertiary""}"
2954c61f-b44b-4e29-be32-15e325d9eba1,bog_road_261075,"LINESTRING (-74.0797022999999939 4.6311235000000002, -74.0796548999999942 4.6319334999999997, -74.0796308999999980 4.6322808999999996, -74.0796129999999948 4.6324506999999997, -74.0795894999999973 4.6326694000000002, -74.0795617999999934 4.6328835000000002, -74.0794822999999951 4.6336142000000002, -74.0793850999999961 4.6341521999999999)","LINESTRING (-74.0795106599999826 4.6338198099999772, -74.0794325240000262 4.6344634860000156, -74.0794251870000267 4.6345239259999857, -74.0794215230000077 4.6345541069999854, -74.0794214800000077 4.6345544600000039)","{""name"": ""Avenida Carrera 30"", ""class"": ""trunk"", ""names_lr"": [{""between"": [0.0, 1.0], ""value"": ""Avenida Carrera 30""}], ""subclass_lr"": [{""between"": [0.0, 1.0], ""value"": null}], ""level_lr"": [{""between"": [0.0, 1.0], ""value"": 0}], ""road_flags_lr"": [{""start"": 0.0, ""end"": 1.0, ""value"": []}]}","{""name"": ""0300000000"", ""class"": ""primary""}"
76ce587a-fb0e-4ef6-bda8-2b365e31055e,bog_road_163296,"LINESTRING (-74.1447832000000062 4.6190055000000001, -74.1448395000000033 4.6189884000000001)","LINESTRING (-74.1448020099999781 4.6189902400000165, -74.1448421499999881 4.6190257169999995, -74.1448793100000216 4.6190585599999849, -74.1449713900000233 4.6192956200000026, -74.1450845499999787 4.6194159400000103, -74.1452287199999773 4.6195297699999855)","{""name"": ""Avenida Transversal 73A Bis A"", ""class"": ""primary"", ""names_lr"": [{""between"": [0.0, 1.0], ""value"": ""Avenida Transversal 73A Bis A""}], ""subclass_lr"": [{""between"": [0.0, 1.0], ""value"": null}], ""level_lr"": [{""between"": [0.0, 1.0], ""value"": 0}], ""road_flags_lr"": [{""start"": 0.0, ""end"": 1.0, ""value"": []}]}","{""name"": ""035B0000S0"", ""class"": ""secondary""}"
8b99acdd-8d1f-4ecc-852d-c9bce7cc5cde,bog_road_213075,"LINESTRING (-74.1707274999999981 4.5969889999999998, -74.1707813999999956 4.5968539000000002)","LINESTRING (-74.1679306099999849 4.5967214460000037, -74.1679314630000022 4.5967233690000171, -74.1682451710000237 4.5974305419999837, -74.1682844310000178 4.5975072790000127, -74.1683986450000248 4.5975501089999966, -74.1690483689999951 4.5976125089999869, -74.1703055369999902 4.5977045430000203, -74.1704661510000278 4.5976450570000225, -74.1707466789999899 4.5969620820000046, -74.1707931600000165 4.5968489200000135)","{""name"": ""TransMilenio"", ""class"": ""service"", ""names_lr"": [{""between"": [0.0, 1.0], ""value"": ""TransMilenio""}], ""subclass_lr"": [{""between"": [0.0, 1.0], ""value"": null}], ""level_lr"": [{""between"": [0.0, 1.0], ""value"": 0}], ""road_flags_lr"": [{""start"": 0.0, ""end"": 1.0, ""value"": []}]}","{""name"": "" "", ""class"": ""pedestrian""}"
8fc68e1d-bf4a-466a-921e-44735c9f7a39,bog_road_257548,"LINESTRING (-74.0799738000000048 4.5027865000000000, -74.0798766000000057 4.5025162999999999)","LINESTRING (-74.0800436700000091 4.5030242299999941, -74.0799537299999997 4.5027773400000228)","{""name"": ""Carrera 25 Este"", ""class"": ""residential"", ""names_lr"": [{""between"": [0.0, 1.0], ""value"": ""Carrera 25 Este""}], ""subclass_lr"": [{""between"": [0.0, 1.0], ""value"": null}], ""level_lr"": [{""between"": [0.0, 1.0], ""value"": 0}], ""road_flags_lr"": [{""start"": 0.0, ""end"": 1.0, ""value"": []}]}","{""name"": ""02500000E0"", ""class"": ""tertiary""}"
d17b75dc-dd67-4ac2-8020-0c0e11dc13ab,bog_road_141170,"LINESTRING (-74.1319991999999957 4.5827225000000000, -74.1320730000000054 4.5830282999999996, -74.1321463000000023 4.5833306000000000, -74.1322341999999992 4.5836967000000000)","LINESTRING (-74.1322279099999832 4.5836793899999861, -74.1322359359999723 4.5837124010000139, -74.1322418199999902 4.5837366000000088, -74.1324632459999862 4.5846350369999982, -74.1324671799999919 4.5846510000000080)","{""name"": ""Calle 48B Sur"", ""class"": ""residential"", ""names_lr"": [{""between"": [0.0, 1.0], ""value"": ""Calle 48B Sur""}], ""subclass_lr"": [{""between"": [0.0, 1.0], ""value"": null}], ""level_lr"": [{""between"": [0.0, 1.0], ""value"": 0}], ""road_flags_lr"": [{""start"": 0.0, ""end"": 1.0, ""value"": []}]}","{""name"": ""048B0000S0"", ""class"": ""tertiary""}"
96d9c90b-e297-4d92-91c0-de815b78bd39,bog_road_195092,"LINESTRING (-74.1593404999999990 4.5865879999999999, -74.1594484999999963 4.5869211999999999)","LINESTRING (-74.1594234600000277 4.5867903899999760, -74.1596187499999928 4.5874570899999867, -74.1596686999999974 4.5876196419999928, -74.1596807199999830 4.5876587600000107)","{""name"": ""Carrera 69C"", ""class"": ""footway"", ""names_lr"": [{""between"": [0.0, 1.0], ""value"": ""Carrera 69C""}], ""subclass_lr"": [{""between"": [0.0, 1.0], ""value"": null}], ""level_lr"": [{""between"": [0.0, 1.0], ""value"": 0}], ""road_flags_lr"": [{""start"": 0.0, ""end"": 1.0, ""value"": []}]}","{""name"": ""069C000000"", ""class"": ""tertiary""}"
3eef34f7-7a4f-4c8a-bc28-671bbc773b12,bog_road_263185,"LINESTRING (-74.1123410000000007 4.5378603000000002, -74.1123117000000065 4.5381574000000002)","LINESTRING (-74.1122943600000212 4.5384040399999890, -74.1122952790000227 4.5383771040000056, -74.1122991579999848 4.5382634009999947, -74.1123030900000117 4.5381481460000259, -74.1123032899999998 4.5381422899999961)","{""name"": ""Carrera 2"", ""class"": ""residential"", ""names_lr"": [{""between"": [0.0, 1.0], ""value"": ""Carrera 2""}], ""subclass_lr"": [{""between"": [0.0, 1.0], ""value"": null}], ""level_lr"": [{""between"": [0.0, 1.0], ""value"": 0}], ""road_flags_lr"": [{""start"": 0.0, ""end"": 1.0, ""value"": []}]}","{""name"": ""0020000000"", ""class"": ""tertiary""}"
4170aa93-3ca9-40fc-ba8d-fe163abfbdf3,bog_road_230420,"LINESTRING (-74.0494936000000052 4.7664020000000002, -74.0495365999999962 4.7664230999999999, -74.0496322999999990 4.7664698999999997)","LINESTRING (-74.0495255399999905 4.7664454900000237, -74.0495383159999960 4.7664514339999755, -74.0512312100000258 4.7672390700000165)","{""class"": ""footway"", ""subclass"": ""crosswalk"", ""names_lr"": [{""between"": [0.0, 1.0], ""value"": null}], ""subclass_lr"": [{""between"": [0.0, 1.0], ""value"": ""crosswalk""}], ""level_lr"": [{""between"": [0.0, 1.0], ""value"": 0}], ""road_flags_lr"": [{""start"": 0.0, ""end"": 1.0, ""value"": []}]}","{""name"": ""1870000000"", ""class"": ""secondary""}"
c5ac5311-db81-4bbc-896d-ff6d528dd558,bog_road_250104,"LINESTRING (-74.1272105999999980 4.7158521000000002, -74.1274102999999940 4.7156965000000000, -74.1276206999999943 4.7155325000000001, -74.1280275999999958 4.7152155000000002)","LINESTRING (-74.1277650100000187 4.7157189600000038, -74.1281768769999871 4.7162121069999898, -74.1281795099999954 4.7162152600000127, -74.1282543859999805 4.7163130339999952, -74.1282663599999978 4.7163286699999958)","{""name"": ""Carrera 113A Bis"", ""class"": ""residential"", ""names_lr"": [{""between"": [0.0, 1.0], ""value"": ""Carrera 113A Bis""}], ""subclass_lr"": [{""between"": [0.0, 1.0], ""value"": null}], ""level_lr"": [{""between"": [0.0, 1.0], ""value"": 0}], ""road_flags_lr"": [{""start"": 0.0, ""end"": 1.0, ""value"": []}]}","{""name"": ""072H000000"", ""class"": ""residential""}"
d2fc9e41-9df0-4c4d-a9f6-40ab1a39e18d,bog_road_244003,"LINESTRING (-74.1569448000000051 4.6893304000000002, -74.1566471000000007 4.6890105999999996)","LINESTRING (-74.1569375700000251 4.6892970100000184, -74.1569397330000015 4.6892993540000134, -74.1571929300000079 4.6895736800000236, -74.1572006389999956 4.6895817760000114, -74.1572265899999934 4.6896090299999855)","{""name"": ""Calle 18A"", ""class"": ""residential"", ""names_lr"": [{""between"": [0.0, 1.0], ""value"": ""Calle 18A""}], ""subclass_lr"": [{""between"": [0.0, 1.0], ""value"": null}], ""level_lr"": [{""between"": [0.0, 1.0], ""value"": 0}], ""road_flags_lr"": [{""start"": 0.0, ""end"": 1.0, ""value"": []}]}","{""name"": ""018A000000"", ""class"": ""tertiary""}"
52aae003-ee1e-4233-a6e9-e95f707372c5,bog_road_143892,"LINESTRING (-74.0877049999999997 4.6192479999999998, -74.0877447999999958 4.6192004999999998)","LINESTRING (-74.0879715440000268 4.6189603920000195, -74.0878976669999929 4.6190488240000036, -74.0878634009999928 4.6190898410000045, -74.0878004720000263 4.6191651679999950, -74.0877301219999822 4.6192493780000063, -74.0870462099999827 4.6200680300000272, -74.0869340020000209 4.6201931960000024)","{""name"": ""TransMilenio"", ""class"": ""service"", ""names_lr"": [{""between"": [0.0, 1.0], ""value"": ""TransMilenio""}], ""subclass_lr"": [{""between"": [0.0, 1.0], ""value"": null}], ""level_lr"": [{""between"": [0.0, 1.0], ""value"": -1}], ""road_flags_lr"": [{""start"": 0.0, ""end"": 1.0, ""value"": []}]}","{""name"": ""0300000000"", ""class"": ""primary""}"
3be62f1a-cefd-4830-b348-f03d9d11bb0d,bog_road_151263,"LINESTRING (-74.1483798000000007 4.5999189999999999, -74.1482007000000038 4.5994903999999996, -74.1478941000000020 4.5987565000000004)","LINESTRING (-74.1482762399999729 4.5996918899999741, -74.1482763530000284 4.5996921990000033, -74.1483436799999822 4.5998753299999748, -74.1483170579999751 4.5999257099999795, -74.1483126190000235 4.5999341109999818, -74.1483051100000239 4.5999483200000100)","{""name"": ""Calle 45 Sur"", ""class"": ""tertiary"", ""names_lr"": [{""between"": [0.0, 1.0], ""value"": ""Calle 45 Sur""}], ""subclass_lr"": [{""between"": [0.0, 1.0], ""value"": null}], ""level_lr"": [{""between"": [0.0, 1.0], ""value"": 0}], ""road_flags_lr"": [{""start"": 0.0, ""end"": 1.0, ""value"": []}]}","{""name"": ""04500000S0"", ""class"": ""secondary""}"
95c2482a-b4b1-4205-8c10-0970b8c451ba,bog_road_201048,"LINESTRING (-74.0755912000000052 4.6641819000000000, -74.0754826999999949 4.6642994000000000, -74.0751012000000060 4.6647128000000002, -74.0750412000000011 4.6647778000000004, -74.0749897999999973 4.6648334000000000)","LINESTRING (-74.0754399499999749 4.6632811800000127, -74.0756863899999871 4.6634557200000017, -74.0756907819999810 4.6634665749999726, -74.0757776460000059 4.6636812319999876, -74.0757205389999740 4.6638868169999910, -74.0755907249999836 4.6640974549999896, -74.0755526469999950 4.6641825440000275, -74.0755309890000149 4.6642309410000280)","{""name"": ""Carrera 29C"", ""class"": ""residential"", ""names_lr"": [{""between"": [0.0, 1.0], ""value"": ""Carrera 29C""}], ""subclass_lr"": [{""between"": [0.0, 1.0], ""value"": null}], ""level_lr"": [{""between"": [0.0, 1.0], ""value"": 0}], ""road_flags_lr"": [{""start"": 0.0, ""end"": 1.0, ""value"": []}]}","{""name"": ""0680000000"", ""class"": ""tertiary""}"
9bbb9fb3-6325-449c-b663-e9bc76735dbd,bog_road_183318,"LINESTRING (-74.1394686000000007 4.5557990000000004, -74.1387368999999978 4.5559674000000001, -74.1382119000000017 4.5560898999999999, -74.1381563999999997 4.5561029000000000)","LINESTRING (-74.1387204600000018 4.5559627900000237, -74.1387308149999740 4.5559607110000115, -74.1387514109999870 4.5559565749999820, -74.1387676200000101 4.5559533210000041, -74.1393530299999952 4.5558357799999953, -74.1394534199999953 4.5557989700000121)","{""name"": ""Carrera 18K Bis"", ""class"": ""steps"", ""names_lr"": [{""between"": [0.0, 1.0], ""value"": ""Carrera 18K Bis""}], ""subclass_lr"": [{""between"": [0.0, 1.0], ""value"": null}], ""level_lr"": [{""between"": [0.0, 1.0], ""value"": 0}], ""road_flags_lr"": [{""start"": 0.0, ""end"": 1.0, ""value"": []}]}","{""name"": ""018KBIS000"", ""class"": ""residential""}"
9d636906-5ba2-4779-b5e0-550b6e7aacc7,bog_road_141323,"LINESTRING (-74.1766510000000068 4.6457223000000001, -74.1767909000000003 4.6456378999999997)","LINESTRING (-74.1766609399999766 4.6457011100000045, -74.1766778439999825 4.6456913179999901, -74.1777692370000068 4.6450590979999902, -74.1777895700000158 4.6450473200000033)","{""name"": ""Carrera 97B Bis"", ""class"": ""footway"", ""names_lr"": [{""between"": [0.0, 1.0], ""value"": ""Carrera 97B Bis""}], ""subclass_lr"": [{""between"": [0.0, 1.0], ""value"": null}], ""level_lr"": [{""between"": [0.0, 1.0], ""value"": 0}], ""road_flags_lr"": [{""start"": 0.0, ""end"": 1.0, ""value"": []}]}","{""name"": ""097BBIS000"", ""class"": ""tertiary""}"
5d128481-b17e-43a1-a170-d911f8e9fffb,bog_road_148054,"LINESTRING (-74.0889590999999967 4.6149424999999997, -74.0890121000000050 4.6148816000000004)","LINESTRING (-74.0889784099999815 4.6149097800000050, -74.0889412000000220 4.6149550000000090, -74.0889372859999753 4.6149597560000188, -74.0883471650000160 4.6156768910000210, -74.0883338599999774 4.6156930600000123)","{""name"": ""Carrera 28A"", ""class"": ""tertiary"", ""names_lr"": [{""between"": [0.0, 1.0], ""value"": ""Carrera 28A""}], ""subclass_lr"": [{""between"": [0.0, 1.0], ""value"": null}], ""level_lr"": [{""between"": [0.0, 1.0], ""value"": 0}], ""road_flags_lr"": [{""start"": 0.0, ""end"": 1.0, ""value"": []}]}","{""name"": ""028A000000"", ""class"": ""tertiary""}"
3fd13b4e-5c53-4451-929c-3b7f5956377e,bog_road_254805,"LINESTRING (-74.0992813000000012 4.5001397000000001, -74.0989936999999941 4.5001081999999997)","LINESTRING (-74.0995298899999852 4.5001722800000152, -74.0993191040000170 4.5001432600000157, -74.0992788519999976 4.5001377180000190, -74.0992626699999732 4.5001354899999910)","{""name"": ""Calle 89C Sur"", ""class"": ""residential"", ""names_lr"": [{""between"": [0.0, 1.0], ""value"": ""Calle 89C Sur""}], ""subclass_lr"": [{""between"": [0.0, 1.0], ""value"": null}], ""level_lr"": [{""between"": [0.0, 1.0], ""value"": 0}], ""road_flags_lr"": [{""start"": 0.0, ""end"": 1.0, ""value"": []}]}","{""name"": ""089C0000S0"", ""class"": ""secondary""}"
d707c671-cebf-4a7d-8a7f-0c564bb8506b,bog_road_145454,"LINESTRING (-74.0792880999999994 4.5982532999999997, -74.0804171000000053 4.5963729999999998, -74.0805498999999941 4.5961572000000004, -74.0809378999999950 4.5955070999999998, -74.0809880000000049 4.5954344999999996, -74.0810551000000004 4.5953619000000003, -74.0811309999999992 4.5953036999999997, -74.0811929000000049 4.5952675999999997, -74.0812355999999994 4.5952552999999998)","LINESTRING (-74.0805255700000203 4.5960723900000175, -74.0804957299999955 4.5961293700000283, -74.0801988900000197 4.5966558399999826)","{""name"": ""Avenida Carrera 10"", ""class"": ""primary"", ""names_lr"": [{""between"": [0.0, 1.0], ""value"": ""Avenida Carrera 10""}], ""subclass_lr"": [{""between"": [0.0, 1.0], ""value"": null}], ""level_lr"": [{""between"": [0.0, 1.0], ""value"": 0}], ""road_flags_lr"": [{""start"": 0.0, ""end"": 1.0, ""value"": []}]}","{""name"": ""0100000000"", ""class"": ""primary""}"
cf5c410c-7d73-4b51-bdde-16be199d055d,bog_road_223717,"LINESTRING (-74.0690665000000052 4.5933957999999997, -74.0690258999999998 4.5933538000000000, -74.0689815000000067 4.5933000000000002, -74.0689246999999966 4.5931511000000000, -74.0689028000000036 4.5930875000000002, -74.0688837999999947 4.5930454999999997, -74.0688513999999998 4.5930035000000000, -74.0686419999999970 4.5928440000000004, -74.0684210000000007 4.5926700000000000, -74.0683465999999981 4.5925973000000004, -74.0682895000000059 4.5925371999999998, -74.0682599000000010 4.5925000000000002, -74.0682259999999957 4.5924526999999999, -74.0682072000000034 4.5924125000000000, -74.0681919000000022 4.5923720000000001, -74.0681819999999931 4.5923249999999998)","LINESTRING (-74.0681588599999827 4.5924044000000208, -74.0681415199999833 4.5921543000000042)","{""name"": ""Calle 10"", ""class"": ""residential"", ""names_lr"": [{""between"": [0.0, 0.201446012], ""value"": ""Calle 10A""}, {""between"": [0.201446012, 1.0], ""value"": ""Calle 10""}], ""subclass_lr"": [{""between"": [0.0, 1.0], ""value"": null}], ""level_lr"": [{""between"": [0.0, 1.0], ""value"": 0}], ""road_flags_lr"": [{""start"": 0.0, ""end"": 1.0, ""value"": []}]}","{""name"": ""005A0000E0"", ""class"": ""tertiary""}"
4bb8d5ac-a562-4699-af6d-11a3eca846b7,bog_road_179759,"LINESTRING (-74.0770281000000068 4.6623729999999997, -74.0770763999999957 4.6621050999999998, -74.0770772999999991 4.6619608000000001, -74.0769645000000025 4.6615026000000004, -74.0769504999999953 4.6614225999999999, -74.0769427999999976 4.6613389999999999, -74.0769485000000003 4.6611010000000004)","LINESTRING (-74.0770636660000150 4.6607098929999893, -74.0770324520000258 4.6608191479999732, -74.0770276910000121 4.6608358120000162, -74.0768620729999725 4.6614155049999795)","{""class"": ""trunk"", ""subclass"": ""link"", ""names_lr"": [{""between"": [0.0, 1.0], ""value"": null}], ""subclass_lr"": [{""between"": [0.0, 1.0], ""value"": ""link""}], ""level_lr"": [{""between"": [0.0, 0.322444888], ""value"": 0}, {""between"": [0.322444888, 0.750737946], ""value"": 1}, {""between"": [0.750737946, 1.0], ""value"": 0}], ""road_flags_lr"": [{""start"": 0.0, ""end"": 1.0, ""value"": []}]}","{""name"": ""0300000000"", ""class"": ""primary""}"
e90cd0a4-25d4-4d9a-baf3-bf56f7bb698f,bog_road_142221,"LINESTRING (-74.1685322000000014 4.6180601000000001, -74.1684920999999946 4.6180918000000002, -74.1684611999999959 4.6181162000000002, -74.1684220000000067 4.6181402000000000)","LINESTRING (-74.1667541200000073 4.6194856500000014, -74.1677461099999960 4.6187301699999921, -74.1678446500000064 4.6185626399999933, -74.1684396190000257 4.6180977380000172, -74.1685166199999912 4.6180375700000127)","{""name"": ""Carrera 79F"", ""class"": ""service"", ""names_lr"": [{""between"": [0.0, 1.0], ""value"": ""Carrera 79F""}], ""subclass_lr"": [{""between"": [0.0, 0.663232972], ""value"": null}, {""between"": [0.663232972, 1.0], ""value"": ""parking_aisle""}], ""level_lr"": [{""between"": [0.0, 1.0], ""value"": 0}], ""road_flags_lr"": [{""start"": 0.0, ""end"": 1.0, ""value"": []}]}","{""name"": ""079F000000"", ""class"": ""pedestrian""}"
5a038791-ae87-4a38-ab2a-1f77ed683345,bog_road_141650,"LINESTRING (-74.1738076999999976 4.6214164999999996, -74.1740316000000064 4.6217427000000004)","LINESTRING (-74.1740143900000248 4.6217174600000135, -74.1740277979999973 4.6217360480000025, -74.1742403310000213 4.6220306949999781, -74.1742415100000017 4.6220323300000246)","{""name"": ""Calle 50A Sur"", ""class"": ""residential"", ""names_lr"": [{""between"": [0.0, 1.0], ""value"": ""Calle 50A Sur""}], ""subclass_lr"": [{""between"": [0.0, 1.0], ""value"": null}], ""level_lr"": [{""between"": [0.0, 1.0], ""value"": 0}], ""road_flags_lr"": [{""start"": 0.0, ""end"": 1.0, ""value"": []}]}","{""name"": ""050A0000S0"", ""class"": ""tertiary""}"
e427c3bf-9fa2-454b-925b-f02b3908f13d,bog_road_152386,"LINESTRING (-74.1584562000000034 4.6237361999999997, -74.1581659999999943 4.6240572999999996)","LINESTRING (-74.1581602800000041 4.6240594999999871, -74.1581594099999961 4.6240496400000097, -74.1581755120000139 4.6240317849999997, -74.1581809479999947 4.6240257570000267, -74.1584213200000022 4.6237592119999817, -74.1584312950000140 4.6237481499999831, -74.1584437399999956 4.6237343500000065, -74.1584578150000198 4.6237313080000035, -74.1584607199999937 4.6237306799999942)","{""name"": ""Carrera 79B"", ""class"": ""footway"", ""names_lr"": [{""between"": [0.0, 1.0], ""value"": ""Carrera 79B""}], ""subclass_lr"": [{""between"": [0.0, 1.0], ""value"": null}], ""level_lr"": [{""between"": [0.0, 1.0], ""value"": 0}], ""road_flags_lr"": [{""start"": 0.0, ""end"": 1.0, ""value"": []}]}","{""name"": ""079B000000"", ""class"": ""tertiary""}"
7a50c346-51e1-40aa-9e3f-bdd7eefc745e,bog_road_194351,"LINESTRING (-74.0428495000000026 4.7406930000000003, -74.0429026000000050 4.7407165000000004, -74.0429282999999998 4.7407278000000002, -74.0429443999999961 4.7407314999999999, -74.0434094000000016 4.7408400999999998, -74.0456640000000021 4.7413663000000001, -74.0457176999999973 4.7413787999999997, -74.0475926000000015 4.7418161999999997)","LINESTRING (-74.0456801700000256 4.7413216900000066, -74.0468039049999902 4.7415847959999837, -74.0468101999999817 4.7415862700000275)","{""class"": ""cycleway"", ""names_lr"": [{""between"": [0.0, 1.0], ""value"": null}], ""subclass_lr"": [{""between"": [0.0, 1.0], ""value"": null}], ""level_lr"": [{""between"": [0.0, 1.0], ""value"": 0}], ""road_flags_lr"": [{""start"": 0.0, ""end"": 1.0, ""value"": []}]}","{""name"": ""1610000000"", ""class"": ""primary""}"
6111de47-ad0f-4075-97a7-ac16f9981cd6,bog_road_200956,"LINESTRING (-74.1592583999999988 4.5716080000000003, -74.1590879999999970 4.5713756999999999)","LINESTRING (-74.1592267999999990 4.5715822600000138, -74.1592424930000220 4.5716036939999753, -74.1593693799999869 4.5717769999999973, -74.1593905560000053 4.5718244390000109, -74.1593976899999916 4.5718404200000009)","{""name"": ""Calle 69J Sur"", ""class"": ""residential"", ""names_lr"": [{""between"": [0.0, 1.0], ""value"": ""Calle 69J Sur""}], ""subclass_lr"": [{""between"": [0.0, 1.0], ""value"": null}], ""level_lr"": [{""between"": [0.0, 1.0], ""value"": 0}], ""road_flags_lr"": [{""start"": 0.0, ""end"": 1.0, ""value"": []}]}","{""name"": ""069J0000S0"", ""class"": ""tertiary""}"
54efbc8d-aedf-4e87-9fd6-7b1f13fdc9c8,bog_road_270477,"LINESTRING (-74.0945913999999988 4.6406961000000004, -74.0945104000000043 4.6406637000000002, -74.0944621000000012 4.6406637000000002, -74.0943922999999955 4.6406850999999998, -74.0942823999999973 4.6407493000000004, -74.0941294999999940 4.6408374999999999, -74.0939900000000051 4.6409177000000001, -74.0938854000000049 4.6409551000000002, -74.0938115999999951 4.6409504999999998, -74.0937318999999945 4.6409259000000000, -74.0936504000000014 4.6408522000000003, -74.0935611999999963 4.6407653000000000, -74.0934986000000038 4.6407331000000003, -74.0934151999999955 4.6407331000000003, -74.0932842999999934 4.6407689999999997, -74.0932501999999999 4.6407841999999997, -74.0930321000000021 4.6409278000000000, -74.0922395000000051 4.6413959000000000, -74.0918122000000068 4.6416529999999998, -74.0908151999999944 4.6423202000000003, -74.0907883999999939 4.6423380999999999, -74.0907586000000009 4.6423905000000003, -74.0907088999999957 4.6424234999999996, -74.0904381999999941 4.6426034999999999, -74.0903919999999943 4.6426347999999997, -74.0903445000000005 4.6425649000000000)","LINESTRING (-74.0920933599999785 4.6415324170000076, -74.0922719330000064 4.6414121230000092, -74.0922739380000053 4.6413712899999950, -74.0922764900000175 4.6413193299999875)","{""class"": ""footway"", ""names_lr"": [{""between"": [0.0, 1.0], ""value"": null}], ""subclass_lr"": [{""between"": [0.0, 0.352859254], ""value"": ""sidewalk""}, {""between"": [0.352859254, 0.89502858], ""value"": null}, {""between"": [0.89502858, 1.0], ""value"": ""crosswalk""}], ""level_lr"": [{""between"": [0.0, 1.0], ""value"": 0}], ""road_flags_lr"": [{""start"": 0.0, ""end"": 1.0, ""value"": []}]}","{""name"": "" "", ""class"": ""pedestrian""}"
9b5f26fd-88e6-41d7-9a32-729f8708c443,bog_road_253847,"LINESTRING (-74.1115676000000008 4.6609400000000001, -74.1115103000000062 4.6610221999999997, -74.1114495000000062 4.6610988999999998, -74.1112047999999959 4.6613363000000003)","LINESTRING (-74.1112438819999966 4.6612824540000020, -74.1110010849999981 4.6615260489999741, -74.1109167899999761 4.6616106199999763)","{""name"": ""Avenida Carrera 70"", ""class"": ""secondary"", ""names_lr"": [{""between"": [0.0, 1.0], ""value"": ""Avenida Carrera 70""}], ""subclass_lr"": [{""between"": [0.0, 1.0], ""value"": null}], ""level_lr"": [{""between"": [0.0, 1.0], ""value"": 0}], ""road_flags_lr"": [{""start"": 0.0, ""end"": 1.0, ""value"": []}]}","{""name"": ""0700000000"", ""class"": ""primary""}"
a9d25a7a-a72f-4ec9-9ecf-4c225b7c604b,bog_road_207678,"LINESTRING (-74.0927611999999982 4.7216826000000003, -74.0925363000000061 4.7215216000000000, -74.0923765000000003 4.7214071000000004, -74.0921742999999964 4.7212623000000002, -74.0920859999999948 4.7211990999999998)","LINESTRING (-74.0921543200000201 4.7212601599999857, -74.0923671900000045 4.7214133300000185)","{""name"": ""Calle 128"", ""class"": ""footway"", ""names_lr"": [{""between"": [0.0, 1.0], ""value"": ""Calle 128""}], ""subclass_lr"": [{""between"": [0.0, 1.0], ""value"": null}], ""level_lr"": [{""between"": [0.0, 1.0], ""value"": 0}], ""road_flags_lr"": [{""start"": 0.0, ""end"": 1.0, ""value"": []}]}","{""name"": ""1280000000"", ""class"": ""tertiary""}"
54b4e23d-5df4-4bca-ae18-5f76ea9677c8,bog_road_255821,"LINESTRING (-74.1004314000000051 4.4863834999999996, -74.1006856000000056 4.4863065999999998)","LINESTRING (-74.1009262399999784 4.4862209400000097, -74.1007411100000013 4.4862764100000163, -74.1006821849999824 4.4862941829999841, -74.1006628999999748 4.4863000000000284)","{""name"": ""Calle 109 Sur"", ""class"": ""residential"", ""names_lr"": [{""between"": [0.0, 1.0], ""value"": ""Calle 109 Sur""}], ""subclass_lr"": [{""between"": [0.0, 1.0], ""value"": null}], ""level_lr"": [{""between"": [0.0, 1.0], ""value"": 0}], ""road_flags_lr"": [{""start"": 0.0, ""end"": 1.0, ""value"": []}]}","{""name"": ""10900000S0"", ""class"": ""secondary""}"
c18abd34-7a15-4849-bad7-cd5a29558031,bog_road_270080,"LINESTRING (-74.1478596000000039 4.6837051000000001, -74.1481651999999940 4.6840083999999997)","LINESTRING (-74.1478687580000155 4.6837009949999810, -74.1478854769999884 4.6837178289999883, -74.1481604360000119 4.6839946669999790, -74.1481795509999984 4.6840139120000117)","{""name"": ""Calle 22"", ""class"": ""residential"", ""names_lr"": [{""between"": [0.0, 1.0], ""value"": ""Calle 22""}], ""subclass_lr"": [{""between"": [0.0, 1.0], ""value"": null}], ""level_lr"": [{""between"": [0.0, 1.0], ""value"": 0}], ""road_flags_lr"": [{""start"": 0.0, ""end"": 1.0, ""value"": []}]}","{""name"": ""0220000000"", ""class"": ""pedestrian""}"
e5973fa5-4e0a-43a0-a250-41ec77fffb09,bog_road_236374,"LINESTRING (-74.0538375000000002 4.7490870999999997, -74.0538581999999934 4.7491658000000001)","LINESTRING (-74.0538749300000063 4.7491194500000233, -74.0538791179999976 4.7491903279999974, -74.0539103699999828 4.7497192700000141, -74.0539119329999949 4.7498006129999908, -74.0539120299999922 4.7498056499999848)","{""class"": ""unknown"", ""names_lr"": [{""between"": [0.0, 1.0], ""value"": null}], ""subclass_lr"": [{""between"": [0.0, 1.0], ""value"": null}], ""level_lr"": [{""between"": [0.0, 1.0], ""value"": 0}], ""road_flags_lr"": [{""start"": 0.0, ""end"": 1.0, ""value"": []}]}","{""name"": ""054A000000"", ""class"": ""tertiary""}"
c7ae1c44-b0b4-485c-80d1-281f837db139,bog_road_219439,"LINESTRING (-74.1998308999999949 4.6231938000000001, -74.1995479999999930 4.6233107000000002)","LINESTRING (-74.1998006399999781 4.6231867800000259, -74.1998187419999908 4.6231796420000251, -74.2000446800000191 4.6230905499999722, -74.2000649400000043 4.6230799200000092)","{""name"": ""Carrera 88D"", ""class"": ""residential"", ""names_lr"": [{""between"": [0.0, 1.0], ""value"": ""Carrera 88D""}], ""subclass_lr"": [{""between"": [0.0, 1.0], ""value"": null}], ""level_lr"": [{""between"": [0.0, 1.0], ""value"": 0}], ""road_flags_lr"": [{""start"": 0.0, ""end"": 1.0, ""value"": []}]}","{""name"": ""088D000000"", ""class"": ""tertiary""}"
b61d5356-c774-4021-a003-986c2cfd0bbc,bog_road_173790,"LINESTRING (-74.1140405999999956 4.5757583000000004, -74.1141613000000063 4.5754919999999997, -74.1141896999999972 4.5753357000000001, -74.1142121999999972 4.5752117999999999, -74.1142763999999943 4.5748575999999996, -74.1143258000000031 4.5745833999999999)","LINESTRING (-74.1142103399999996 4.5752100000000269, -74.1142128949999801 4.5751986550000083, -74.1142758799999797 4.5749189399999750, -74.1142804790000014 4.5748653040000136, -74.1142813629999750 4.5748549959999991, -74.1142822300000148 4.5748448900000085)","{""name"": ""Transversal 13C"", ""class"": ""steps"", ""names_lr"": [{""between"": [0.0, 1.0], ""value"": ""Transversal 13C""}], ""subclass_lr"": [{""between"": [0.0, 1.0], ""value"": null}], ""level_lr"": [{""between"": [0.0, 1.0], ""value"": 0}], ""road_flags_lr"": [{""start"": 0.0, ""end"": 1.0, ""value"": []}]}","{""name"": ""013G000000"", ""class"": ""tertiary""}"
229b7312-b7f3-442b-902c-2c956c352e83,bog_road_207906,"LINESTRING (-74.1953579999999988 4.6001940000000001, -74.1953185999999931 4.6002368999999996)","LINESTRING (-74.1955331199999932 4.5999952600000142, -74.1954998439999827 4.6000258170000166, -74.1954998069999760 4.6000258519999875, -74.1953075999999783 4.6002023500000178)","{""name"": ""Diagonal 71B Bis Sur"", ""class"": ""residential"", ""names_lr"": [{""between"": [0.0, 1.0], ""value"": ""Diagonal 71B Bis Sur""}], ""subclass_lr"": [{""between"": [0.0, 1.0], ""value"": null}], ""level_lr"": [{""between"": [0.0, 1.0], ""value"": 0}], ""road_flags_lr"": [{""start"": 0.0, ""end"": 1.0, ""value"": []}]}","{""name"": ""071BBIS0S0"", ""class"": ""tertiary""}"
76886325-cfab-452d-a7e8-da672db5ed16,bog_road_271474,"LINESTRING (-74.1064257000000026 4.6525401999999998, -74.1063572000000050 4.6529596000000000, -74.1063465000000008 4.6531520999999998, -74.1063666000000012 4.6534047000000003, -74.1063831000000022 4.6535184000000003, -74.1064161999999982 4.6536479000000002, -74.1064336000000026 4.6536920999999998, -74.1065624000000014 4.6540276000000000, -74.1067647999999934 4.6543941999999996, -74.1068156000000045 4.6544859000000001, -74.1068850000000054 4.6545886000000003, -74.1073319999999995 4.6552508000000001, -74.1077834000000024 4.6559533999999996, -74.1078179000000006 4.6560072000000003, -74.1078387000000021 4.6560392999999998, -74.1082786000000056 4.6567185999999996, -74.1083303000000058 4.6568114999999999, -74.1083593000000036 4.6568562000000000, -74.1088084000000009 4.6575476000000000, -74.1091768000000002 4.6581504000000002, -74.1092457000000024 4.6582632000000004, -74.1093008999999938 4.6583477000000002, -74.1095212999999973 4.6586843000000000, -74.1097412000000020 4.6590199999999999, -74.1101653999999996 4.6596834999999999, -74.1102156999999977 4.6597622000000003, -74.1102668999999992 4.6598410000000001, -74.1107183000000020 4.6605356999999996, -74.1107848999999987 4.6606323999999999, -74.1111616999999967 4.6612419000000003)","LINESTRING (-74.1064467749999949 4.6536111130000108, -74.1064477940000188 4.6536145950000218, -74.1065079429999969 4.6538201949999802, -74.1065664779999906 4.6539429759999962, -74.1066835469999887 4.6541228629999978, -74.1068994369999814 4.6544395309999800, -74.1069050500000230 4.6544477639999968)","{""class"": ""footway"", ""subclass"": ""sidewalk"", ""names_lr"": [{""between"": [0.0, 1.0], ""value"": null}], ""subclass_lr"": [{""between"": [0.0, 1.0], ""value"": ""sidewalk""}], ""level_lr"": [{""between"": [0.0, 1.0], ""value"": 0}], ""road_flags_lr"": [{""start"": 0.0, ""end"": 1.0, ""value"": []}]}","{""name"": ""0250000000"", ""class"": ""pedestrian""}"
894aa748-3f3b-4524-a5ba-51b8550168e1,bog_road_271525,"LINESTRING (-74.0989447999999982 4.7144054999999998, -74.0988830999999948 4.7144668999999997, -74.0988559000000038 4.7144940000000002, -74.0988825999999960 4.7145196000000000, -74.0989837000000051 4.7146163000000003, -74.0991065999999989 4.7147338999999997, -74.0992183999999980 4.7148408999999996, -74.0993399000000039 4.7149568999999998, -74.0994426999999973 4.7150555000000001, -74.0995546000000047 4.7151626000000002, -74.0996841000000046 4.7152865000000004, -74.0997880999999978 4.7153860999999999, -74.0999008000000003 4.7154939000000002, -74.0999199999999973 4.7155122000000000, -74.1000157999999942 4.7156038999999996, -74.1001265000000018 4.7157099000000002, -74.1001791999999995 4.7157603000000003, -74.1003000999999983 4.7158759999999997, -74.1004058999999984 4.7159772000000002, -74.1004731000000021 4.7160415999999996, -74.1005061999999981 4.7160732000000003, -74.1006164000000069 4.7161787000000004, -74.1007297000000023 4.7162870999999997, -74.1008450000000067 4.7163974000000000, -74.1009504000000021 4.7164982999999996, -74.1010816999999946 4.7166240000000004, -74.1011196999999981 4.7166603000000000, -74.1012013999999937 4.7167384999999999, -74.1012436000000037 4.7167788000000002, -74.1013119999999930 4.7168443000000000, -74.1013709000000063 4.7169007000000001, -74.1014751999999959 4.7170005000000002, -74.1016024000000044 4.7171222000000004, -74.1017185000000040 4.7172333000000002, -74.1017681000000010 4.7172808000000002, -74.1018174000000016 4.7173280000000002, -74.1019462999999945 4.7174512999999996, -74.1020568999999938 4.7175570999999996, -74.1021723000000065 4.7176676000000004, -74.1022995000000009 4.7177892999999997, -74.1023868000000050 4.7178728999999997, -74.1024938000000049 4.7179751999999997, -74.1025850999999989 4.7180625999999997)","LINESTRING (-74.1017008530000112 4.7172019430000205, -74.1018065979999960 4.7173043270000221)","{""class"": ""footway"", ""names_lr"": [{""between"": [0.0, 1.0], ""value"": null}], ""subclass_lr"": [{""between"": [0.0, 0.023717235], ""value"": ""crosswalk""}, {""between"": [0.023717235, 1.0], ""value"": ""sidewalk""}], ""level_lr"": [{""between"": [0.0, 1.0], ""value"": 0}], ""road_flags_lr"": [{""start"": 0.0, ""end"": 1.0, ""value"": []}]}","{""name"": ""0900000000"", ""class"": ""tertiary""}"
f2125d0f-1dda-41f6-a1ff-e45e5fe368a4,bog_road_247293,"LINESTRING (-74.1016546000000034 4.4938545000000003, -74.1013647999999989 4.4938066000000001)","LINESTRING (-74.1018990499999859 4.4938858099999948, -74.1017125999999848 4.4938570099999993, -74.1016516500000080 4.4938479410000127, -74.1016319500000122 4.4938450099999727)","{""name"": ""Calle 97F Sur"", ""class"": ""residential"", ""names_lr"": [{""between"": [0.0, 1.0], ""value"": ""Calle 97F Sur""}], ""subclass_lr"": [{""between"": [0.0, 1.0], ""value"": null}], ""level_lr"": [{""between"": [0.0, 1.0], ""value"": 0}], ""road_flags_lr"": [{""start"": 0.0, ""end"": 1.0, ""value"": []}]}","{""name"": ""097F0000S0"", ""class"": ""tertiary""}"
6ac1a6b9-8a25-4ef8-a3b6-028ae63a0210,bog_road_152257,"LINESTRING (-74.0977143000000069 4.6066834999999999, -74.0977225999999973 4.6067406999999996, -74.0977239999999995 4.6067815999999997, -74.0977177000000040 4.6068205000000004, -74.0977026000000052 4.6068588999999998, -74.0976732000000027 4.6069069999999996, -74.0976287000000013 4.6069744999999998, -74.0975209000000063 4.6071255000000004, -74.0967002000000008 4.6081820000000002, -74.0962044999999989 4.6087790999999996, -74.0960752000000014 4.6089307000000002, -74.0958123000000057 4.6092358999999998, -74.0957183000000015 4.6093441999999998, -74.0944489000000033 4.6108969999999996, -74.0933418000000046 4.6122619000000000, -74.0929763999999977 4.6126997999999997, -74.0925076000000047 4.6132936999999998, -74.0915143999999941 4.6145329000000004, -74.0913723000000033 4.6146840999999998, -74.0910298000000012 4.6150888999999999, -74.0903076000000027 4.6159108000000000, -74.0899918000000071 4.6163179000000003, -74.0897132999999997 4.6166627000000000, -74.0892553000000049 4.6172209000000004, -74.0891081000000042 4.6173846999999997, -74.0890069000000011 4.6174875999999996, -74.0887168000000003 4.6178438999999996, -74.0884556999999973 4.6181872999999998, -74.0881406999999967 4.6185653999999996, -74.0874916000000070 4.6193733999999997, -74.0873078999999990 4.6195944999999998, -74.0867827999999946 4.6202148000000003, -74.0865476000000029 4.6204828999999998, -74.0864753000000036 4.6205547999999999, -74.0861794000000060 4.6209024999999997, -74.0859568000000053 4.6211641999999999, -74.0855219000000034 4.6216970999999996, -74.0851272999999964 4.6221620999999997, -74.0848811999999981 4.6224740000000004, -74.0848320999999999 4.6225363000000002, -74.0845621999999935 4.6228791999999999, -74.0837759000000062 4.6238327000000004, -74.0835040999999990 4.6241595999999996, -74.0832833999999991 4.6244145999999997, -74.0831289999999996 4.6245912000000002, -74.0829015000000055 4.6248410000000000, -74.0827713000000045 4.6249734000000000, -74.0825997000000029 4.6251707000000000, -74.0824269000000015 4.6253751000000003, -74.0819541000000044 4.6259132000000003, -74.0818443999999943 4.6260440999999997, -74.0815221999999949 4.6264481000000002, -74.0812140000000028 4.6268821999999998, -74.0810390000000041 4.6271275000000003, -74.0809431999999930 4.6272888999999999, -74.0805900000000008 4.6279335000000001, -74.0804083000000020 4.6282538000000004, -74.0803616000000034 4.6283447999999998, -74.0802395999999987 4.6286646999999999, -74.0800761999999935 4.6291615000000004, -74.0800299999999936 4.6293258000000002, -74.0799954000000014 4.6294877000000003, -74.0799252999999993 4.6298982999999998, -74.0798726999999957 4.6303077000000004, -74.0798001999999940 4.6307817000000000, -74.0797462999999965 4.6311340999999997, -74.0797179999999997 4.6314158000000001, -74.0797072000000014 4.6315432000000003, -74.0796555000000012 4.6323108000000000, -74.0796504000000056 4.6324176000000001, -74.0796552999999989 4.6324725999999998, -74.0796663999999936 4.6325355000000004, -74.0796710999999988 4.6326013000000001, -74.0796703999999977 4.6326764000000002, -74.0795939000000061 4.6332427999999997, -74.0795341999999977 4.6336446999999996, -74.0795059999999950 4.6338191000000002, -74.0794568000000027 4.6340846999999998, -74.0794151999999997 4.6344086999999998, -74.0793888999999979 4.6347518000000001, -74.0793637000000018 4.6352693000000000, -74.0793555999999995 4.6357558000000001, -74.0793319999999937 4.6360887999999996, -74.0792864000000009 4.6368495000000003, -74.0792670000000015 4.6372553999999999, -74.0792526999999978 4.6376056999999999, -74.0792316000000000 4.6378803000000000, -74.0791885000000008 4.6382680000000001, -74.0791361999999936 4.6389158000000004, -74.0791100000000000 4.6392772000000004, -74.0790760000000006 4.6397548999999998, -74.0790458000000029 4.6404208999999996, -74.0790192999999988 4.6409834999999999, -74.0789848999999947 4.6416782999999997, -74.0789410999999944 4.6424627999999997, -74.0789067000000045 4.6428244000000003, -74.0788364999999942 4.6433036000000003, -74.0787894999999992 4.6436643000000002, -74.0787657999999993 4.6438381000000000, -74.0787542000000059 4.6439235999999999, -74.0787329999999997 4.6441052000000003, -74.0787171000000058 4.6442417000000003, -74.0787023000000033 4.6445838999999998, -74.0786946999999998 4.6447478999999996, -74.0786140999999958 4.6459013000000002, -74.0785824000000019 4.6462745999999999, -74.0785508000000021 4.6466504000000004, -74.0784879999999930 4.6473877999999997, -74.0784519999999986 4.6478299999999999, -74.0784192999999931 4.6481164000000001, -74.0783593999999965 4.6487555000000000, -74.0783361999999954 4.6493105999999997, -74.0782485000000008 4.6504801999999996, -74.0782106999999996 4.6509054000000001, -74.0781858000000000 4.6511594000000001, -74.0781079000000062 4.6518955000000002, -74.0780890999999997 4.6523082999999996, -74.0780445999999984 4.6530752000000000, -74.0780151999999958 4.6536223999999997, -74.0779988000000031 4.6539174000000001, -74.0779660999999976 4.6542308999999999, -74.0779184000000015 4.6546260999999998, -74.0778370999999964 4.6554194000000004, -74.0777908999999966 4.6559051000000000, -74.0777190999999959 4.6564553999999996, -74.0776785000000046 4.6568215000000004, -74.0776330000000058 4.6571419000000001, -74.0775945999999976 4.6573168000000003, -74.0774435000000011 4.6579715000000004, -74.0773070000000047 4.6584507000000004, -74.0772458000000000 4.6586831000000002, -74.0770313000000016 4.6595418999999998, -74.0768996999999985 4.6600707999999997, -74.0767553999999961 4.6606119000000001, -74.0765140000000031 4.6614183000000002, -74.0764113000000037 4.6618879000000000, -74.0762201000000005 4.6626585000000000, -74.0761313000000001 4.6630191999999999, -74.0759347999999989 4.6637605999999998, -74.0758131999999989 4.6641937000000002, -74.0757583000000039 4.6643540000000003, -74.0756978999999944 4.6645026999999999, -74.0756159999999966 4.6646568000000004, -74.0754199999999940 4.6650343999999997, -74.0752449999999953 4.6653446000000001, -74.0750953000000010 4.6655464000000002, -74.0748123000000049 4.6658492999999996, -74.0738694000000066 4.6669307000000000, -74.0734697000000040 4.6674604999999998, -74.0732322000000067 4.6677485000000001, -74.0727497000000028 4.6682876999999996, -74.0721532999999965 4.6689761000000001, -74.0719097000000062 4.6692648999999999, -74.0711775000000046 4.6701112000000000, -74.0707155999999998 4.6706627999999997, -74.0705418999999949 4.6708648999999998, -74.0703926999999993 4.6710552999999999, -74.0697612999999961 4.6718099999999998)","LINESTRING (-74.0941216300000178 4.6112855100000161, -74.0933576200000061 4.6122116500000061, -74.0933322999999859 4.6122424399999886)","{""name"": ""TransMilenio"", ""class"": ""service"", ""names_lr"": [{""between"": [0.0, 1.0], ""value"": ""TransMilenio""}], ""subclass_lr"": [{""between"": [0.0, 1.0], ""value"": null}], ""level_lr"": [{""between"": [0.0, 0.035441026], ""value"": 2}, {""between"": [0.035441026, 0.11451034], ""value"": 0}, {""between"": [0.11451034, 0.146024758], ""value"": 1}, {""between"": [0.146024758, 0.339803864], ""value"": 0}, {""between"": [0.339803864, 0.375581386], ""value"": 1}, {""between"": [0.375581386, 1.0], ""value"": 0}], ""road_flags_lr"": [{""start"": 0.0, ""end"": 1.0, ""value"": []}]}","{""name"": ""0300000000"", ""class"": ""primary""}"
c6f8c853-4cf6-4837-8c77-946d35549523,bog_road_225145,"LINESTRING (-74.1892325999999969 4.6141535999999999, -74.1892730000000000 4.6141186000000003)","LINESTRING (-74.1888661899999988 4.6144572900000185, -74.1892227430000162 4.6141520290000244, -74.1892353920000005 4.6141412000000059, -74.1892598499999849 4.6141202599999929)","{""name"": ""Carrera 82D"", ""class"": ""footway"", ""names_lr"": [{""between"": [0.0, 1.0], ""value"": ""Carrera 82D""}], ""subclass_lr"": [{""between"": [0.0, 1.0], ""value"": null}], ""level_lr"": [{""between"": [0.0, 1.0], ""value"": 0}], ""road_flags_lr"": [{""start"": 0.0, ""end"": 1.0, ""value"": []}]}","{""name"": ""082D000000"", ""class"": ""tertiary""}"
82cbd1aa-e82a-4d24-a76b-65b0841d64d5,bog_road_159951,"LINESTRING (-74.1395392000000015 4.6177244000000002, -74.1393486999999993 4.6184446000000001, -74.1392634999999984 4.6187664000000002, -74.1391708999999963 4.6191636999999997)","LINESTRING (-74.1392018799999732 4.6190324400000122, -74.1392177600000082 4.6189647200000081)","{""name"": ""Avenida Carrera 72"", ""class"": ""trunk"", ""names_lr"": [{""between"": [0.0, 1.0], ""value"": ""Avenida Carrera 72""}], ""subclass_lr"": [{""between"": [0.0, 1.0], ""value"": null}], ""level_lr"": [{""between"": [0.0, 1.0], ""value"": 0}], ""road_flags_lr"": [{""start"": 0.0, ""end"": 1.0, ""value"": []}]}","{""name"": ""0720000000"", ""class"": ""primary""}"
19d96489-0aae-49cc-b494-89624e7683fb,bog_road_246112,"LINESTRING (-74.1186232000000018 4.7268578999999997, -74.1186768000000029 4.7269573999999999, -74.1187007999999992 4.7270213999999999, -74.1187060000000031 4.7270817999999997, -74.1186897000000044 4.7271752999999999, -74.1186414999999954 4.7272391999999996, -74.1185949999999991 4.7272916000000000, -74.1185447000000011 4.7273405000000004)","LINESTRING (-74.1168262599999821 4.7251239299999952, -74.1170841200000154 4.7254291200000011, -74.1172254699999939 4.7255944300000010, -74.1174651900000185 4.7258763400000134, -74.1175652800000080 4.7259877800000254, -74.1176737399999865 4.7261016599999834, -74.1177850600000170 4.7262083300000199, -74.1179220099999725 4.7263294300000211, -74.1179619499999944 4.7263630499999749, -74.1187206149999724 4.7269295699999816)","{""class"": ""tertiary"", ""subclass"": ""link"", ""names_lr"": [{""between"": [0.0, 1.0], ""value"": null}], ""subclass_lr"": [{""between"": [0.0, 1.0], ""value"": ""link""}], ""level_lr"": [{""between"": [0.0, 1.0], ""value"": 0}], ""road_flags_lr"": [{""start"": 0.0, ""end"": 1.0, ""value"": []}]}","{""name"": ""083A000000"", ""class"": ""secondary""}"
765fd683-2ef8-470e-b91d-f901f30dc75b,bog_road_183277,"LINESTRING (-74.0704436999999984 4.6760251000000004, -74.0708520000000021 4.6762934999999999, -74.0722511999999966 4.6771837999999999, -74.0731152999999978 4.6777420000000003, -74.0737933000000055 4.6781800000000002, -74.0739676000000031 4.6783039000000004, -74.0740009000000015 4.6783276000000003, -74.0741634000000033 4.6784432000000002, -74.0743676999999963 4.6785885000000000, -74.0745332999999988 4.6787061999999997, -74.0748820999999964 4.6789506999999997, -74.0750783999999953 4.6791038000000000, -74.0752516999999955 4.6792515999999997, -74.0754182000000014 4.6794206000000003, -74.0755297999999982 4.6795384000000002, -74.0758969999999977 4.6799897000000001, -74.0761849000000012 4.6803457000000002, -74.0764101000000039 4.6806286999999998, -74.0765477000000061 4.6808149999999999, -74.0769777999999945 4.6813592000000002, -74.0775050000000022 4.6820275000000002, -74.0783088999999961 4.6830140000000000, -74.0787234999999953 4.6835253000000003, -74.0790788999999990 4.6839867999999996, -74.0794092000000006 4.6843921000000002, -74.0797881000000018 4.6848878999999997, -74.0803678000000048 4.6856809000000004, -74.0806462000000039 4.6860312000000004, -74.0814608999999962 4.6870640000000003, -74.0824460000000045 4.6883005999999998, -74.0825056999999987 4.6883816999999999, -74.0834605000000010 4.6895737999999998, -74.0839179000000030 4.6901492999999999, -74.0840860999999933 4.6903549000000000, -74.0847480999999988 4.6911961000000000, -74.0851379000000065 4.6916947999999996, -74.0854795000000053 4.6921093999999997, -74.0855281000000048 4.6921717999999997, -74.0856011000000052 4.6922626999999997, -74.0856847999999957 4.6923668000000003, -74.0862898000000030 4.6931231999999996, -74.0865921000000043 4.6934771000000000, -74.0869478999999984 4.6938601999999996, -74.0874797999999970 4.6943834999999998, -74.0878201000000018 4.6946922999999998, -74.0880291999999940 4.6948404000000004, -74.0883316000000036 4.6950215999999996, -74.0892931000000061 4.6956011000000002, -74.0900551999999948 4.6960566000000004, -74.0901331999999968 4.6960974999999996, -74.0903354000000007 4.6961918000000002, -74.0907128999999998 4.6963398999999999, -74.0909939999999949 4.6964515000000002, -74.0913379999999933 4.6966345000000000, -74.0918683000000016 4.6969266999999997, -74.0924940999999961 4.6972718999999996, -74.0928926999999931 4.6974831999999997, -74.0931027999999969 4.6975899999999999, -74.0931510000000060 4.6976145000000002, -74.0932171000000039 4.6976490999999996, -74.0933078999999992 4.6976968000000001, -74.0939027999999951 4.6980070999999999, -74.0944678999999979 4.6983129999999997, -74.0950681000000060 4.6986432999999996, -74.0955842999999987 4.6989440000000000, -74.0958655000000022 4.6991190999999999, -74.0961218000000059 4.6992906000000003, -74.0967785999999933 4.6997635000000004, -74.0972392000000042 4.7001096999999996, -74.0973079000000041 4.7001612000000002, -74.0973764999999958 4.7002126000000004, -74.0978695000000016 4.7006116999999996, -74.0983521999999937 4.7010000999999999, -74.0989198000000044 4.7014643999999999, -74.0999276000000009 4.7022836999999997, -74.1003383000000042 4.7026231999999997, -74.1005966999999970 4.7028115000000001, -74.1007579000000050 4.7029290000000001, -74.1009605999999934 4.7030564999999998, -74.1011699999999962 4.7031890000000001, -74.1014602999999994 4.7033478000000004, -74.1017051999999978 4.7034696000000000, -74.1020244999999989 4.7036178000000000, -74.1023519000000022 4.7037648000000001, -74.1032503999999932 4.7041617000000002, -74.1034853000000027 4.7042663999999998, -74.1035894000000042 4.7043115000000002, -74.1036854999999974 4.7043546999999997, -74.1044184999999942 4.7046783000000003, -74.1056987000000049 4.7052395000000002, -74.1061164999999988 4.7054383000000000, -74.1070995999999980 4.7058986000000003, -74.1075344999999999 4.7061099000000004, -74.1077638000000007 4.7062220000000003, -74.1078585000000061 4.7062700000000000, -74.1080706999999990 4.7063872000000000, -74.1086101000000070 4.7067192000000002, -74.1089779999999934 4.7069910999999998, -74.1092550000000045 4.7072098000000002, -74.1094345000000061 4.7073649000000000, -74.1095075000000065 4.7074281999999998, -74.1102216000000027 4.7081184000000000, -74.1103255999999959 4.7082195000000002, -74.1105378999999971 4.7084257999999997, -74.1106075000000004 4.7084934000000001)","LINESTRING (-74.0723655780000172 4.6772428620000142, -74.0729631059999747 4.6776262500000030)","{""name"": ""TransMilenio"", ""class"": ""service"", ""names_lr"": [{""between"": [0.0, 1.0], ""value"": ""TransMilenio""}], ""subclass_lr"": [{""between"": [0.0, 1.0], ""value"": null}], ""level_lr"": [{""between"": [0.0, 0.215155911], ""value"": 0}, {""between"": [0.215155911, 0.236187764], ""value"": 2}, {""between"": [0.236187764, 0.501073293], ""value"": 0}, {""between"": [0.501073293, 0.539370203], ""value"": 1}, {""between"": [0.539370203, 1.0], ""value"": 0}], ""road_flags_lr"": [{""start"": 0.0, ""end"": 1.0, ""value"": []}]}","{""name"": ""0800000000"", ""class"": ""primary""}"
fd8fd48d-8a5e-4465-a044-587f59c203e1,bog_road_178212,"LINESTRING (-74.1073722000000004 4.5429601999999996, -74.1075981999999982 4.5431245999999996)","LINESTRING (-74.1078199199999972 4.5432669400000236, -74.1078177339999797 4.5432654339999772, -74.1077834299999836 4.5432417999999757, -74.1077135500000281 4.5431901100000118, -74.1076412300000129 4.5431386399999951, -74.1076161319999756 4.5431210930000248, -74.1075999799999749 4.5431098000000247, -74.1075914520000083 4.5431002390000117, -74.1075912300000255 4.5430999899999733)","{""name"": ""Diagonal 49B Bis Sur"", ""class"": ""residential"", ""names_lr"": [{""between"": [0.0, 1.0], ""value"": ""Diagonal 49B Bis Sur""}], ""subclass_lr"": [{""between"": [0.0, 1.0], ""value"": null}], ""level_lr"": [{""between"": [0.0, 1.0], ""value"": 0}], ""road_flags_lr"": [{""start"": 0.0, ""end"": 1.0, ""value"": []}]}","{""name"": ""049BBIS0S0"", ""class"": ""secondary""}"
d105035c-b268-4396-a994-df5583b3226e,bog_road_216543,"LINESTRING (-74.0681320000000056 4.6898882999999998, -74.0682232999999997 4.6898973000000002, -74.0683551999999992 4.6899101999999999, -74.0684930000000037 4.6899135999999997, -74.0688300000000055 4.6899151000000003, -74.0692186999999933 4.6899082999999999, -74.0693612999999971 4.6898986000000003, -74.0694737999999973 4.6898909000000000, -74.0697396999999995 4.6898686999999999, -74.0699378000000053 4.6898480999999999, -74.0702409000000017 4.6898052999999997, -74.0705092000000036 4.6897545000000003, -74.0706540000000047 4.6897251000000004, -74.0708793000000014 4.6896743000000001, -74.0709767000000028 4.6896487999999996, -74.0710904000000028 4.6896190999999998, -74.0711957999999981 4.6895914999999997, -74.0716249999999974 4.6894577999999996, -74.0717994000000033 4.6894831999999997, -74.0718877000000049 4.6894961000000004, -74.0719548999999944 4.6895059000000003, -74.0719897000000032 4.6894229999999997, -74.0720273000000020 4.6893776000000003, -74.0720474000000024 4.6893548000000003, -74.0720996999999954 4.6893133999999996, -74.0721613999999988 4.6892787000000000, -74.0722154000000046 4.6892582000000003, -74.0722774000000044 4.6892319999999996, -74.0724134999999961 4.6891771000000002, -74.0727001999999999 4.6890390000000002, -74.0730626000000001 4.6888642999999997, -74.0731490999999949 4.6888185000000000, -74.0734101000000038 4.6886548000000001, -74.0737179999999995 4.6884465999999998, -74.0740811000000008 4.6881959999999996, -74.0741608000000014 4.6881371999999999, -74.0743178000000029 4.6880214000000002)","LINESTRING (-74.0693425499999876 4.6898561500000255, -74.0693430649999982 4.6898561059999793, -74.0699344299999893 4.6898052099999745)","{""class"": ""cycleway"", ""names_lr"": [{""between"": [0.0, 1.0], ""value"": null}], ""subclass_lr"": [{""between"": [0.0, 0.033486927], ""value"": ""cycle_crossing""}, {""between"": [0.033486927, 0.162454668], ""value"": null}, {""between"": [0.162454668, 0.200638918], ""value"": ""cycle_crossing""}, {""between"": [0.200638918, 0.413243221], ""value"": null}, {""between"": [0.413243221, 0.462087296], ""value"": ""cycle_crossing""}, {""between"": [0.462087296, 0.529195745], ""value"": null}, {""between"": [0.529195745, 0.578981977], ""value"": ""cycle_crossing""}, {""between"": [0.578981977, 0.956127152], ""value"": null}, {""between"": [0.956127152, 1.0], ""value"": ""cycle_crossing""}], ""level_lr"": [{""between"": [0.0, 1.0], ""value"": 0}], ""road_flags_lr"": [{""start"": 0.0, ""end"": 1.0, ""value"": []}]}","{""name"": ""1000000000"", ""class"": ""primary""}"
cb1c1689-f3af-4f4a-bc5a-b1598a0281c4,bog_road_142126,"LINESTRING (-74.1131182999999965 4.5963598000000001, -74.1132487999999938 4.5963038999999997, -74.1133125000000064 4.5962819000000001, -74.1134148000000010 4.5962487999999997, -74.1135361999999986 4.5962075999999996, -74.1135795000000002 4.5961913000000001, -74.1136826999999982 4.5961521000000003, -74.1137140999999957 4.5961403000000001, -74.1139052000000049 4.5960679999999998, -74.1150406000000004 4.5956738000000001, -74.1153651999999994 4.5955712000000002, -74.1166659999999951 4.5951877000000003, -74.1167154000000039 4.5951731000000002, -74.1169476000000031 4.5951053000000002, -74.1170489000000003 4.5950734999999998, -74.1171935999999931 4.5950327000000000, -74.1176564000000013 4.5949242999999997, -74.1184899000000001 4.5947402000000004, -74.1206341000000037 4.5942883999999999, -74.1218259999999987 4.5940741999999997, -74.1221414999999979 4.5940266999999997, -74.1224274000000065 4.5939912999999999, -74.1224610000000013 4.5939870999999997, -74.1231630999999993 4.5939291000000004, -74.1233615000000015 4.5939120000000004, -74.1249777999999964 4.5937630000000000, -74.1250389000000069 4.5937592000000000, -74.1254698000000047 4.5937279000000002, -74.1275382999999977 4.5936230000000000, -74.1278384999999957 4.5936086999999999, -74.1279832999999968 4.5936085999999996, -74.1281333000000018 4.5936139000000002, -74.1288859999999943 4.5936461000000000, -74.1302983000000069 4.5936764999999999, -74.1304003000000051 4.5936801000000003, -74.1305147000000062 4.5936884999999998, -74.1307161999999948 4.5937074000000004, -74.1308623999999980 4.5937206000000002, -74.1309899999999971 4.5937358000000001, -74.1314820999999995 4.5938112000000002, -74.1326894999999979 4.5940517999999999, -74.1334815999999961 4.5941711999999999, -74.1338090999999935 4.5942293999999997, -74.1346826999999990 4.5944231999999996, -74.1355123999999961 4.5945860999999999, -74.1364858999999967 4.5947547000000002, -74.1375476999999989 4.5949771999999998, -74.1378641999999957 4.5950388999999996, -74.1382403000000068 4.5950990999999997, -74.1383897000000047 4.5951190999999998, -74.1385865999999965 4.5951430000000002, -74.1388223000000011 4.5951760999999998, -74.1392100000000056 4.5952526000000002, -74.1405464999999992 4.5954969999999999, -74.1413220999999965 4.5956231000000001, -74.1416140999999982 4.5956665000000001, -74.1417299999999955 4.5956785000000000, -74.1418558999999959 4.5956839000000000, -74.1420861999999943 4.5956771999999999, -74.1422649999999948 4.5956669000000003, -74.1423889000000003 4.5956577999999997, -74.1432369000000051 4.5955767999999999, -74.1436493000000070 4.5955393999999998, -74.1439217000000070 4.5955002000000000, -74.1441870999999963 4.5954503999999998, -74.1450602000000032 4.5952846999999997, -74.1453467000000046 4.5952387000000003, -74.1462240000000037 4.5950949000000003, -74.1464722999999992 4.5950815000000000, -74.1465991000000031 4.5950782999999999, -74.1467135000000042 4.5950842999999999, -74.1469976000000059 4.5951111999999998, -74.1479357999999991 4.5952358999999996, -74.1484659000000050 4.5952926999999999, -74.1508110999999985 4.5955444999999999, -74.1508194999999972 4.5955452000000001, -74.1518113000000056 4.5956321999999998, -74.1519349000000005 4.5956558999999997, -74.1521065999999962 4.5957027000000004, -74.1522322999999943 4.5957495000000002, -74.1524794000000043 4.5958455999999996, -74.1525237000000033 4.5958652999999998, -74.1530740999999978 4.5961322999999998, -74.1531705999999957 4.5961726000000001, -74.1533352999999948 4.5962337000000000, -74.1535341999999957 4.5963023999999999, -74.1536396999999994 4.5963389000000001, -74.1539123000000018 4.5964207999999998, -74.1540738000000061 4.5964651999999999, -74.1542471000000063 4.5964955999999999, -74.1544348999999983 4.5965188000000001, -74.1546196999999978 4.5965296999999996, -74.1547685999999970 4.5965370999999999, -74.1549083000000024 4.5965366999999997, -74.1550354999999968 4.5965325000000004, -74.1551613999999972 4.5965236000000003, -74.1554335999999950 4.5964904999999998, -74.1559881999999959 4.5964309999999999, -74.1565879999999993 4.5963664000000000, -74.1574461000000014 4.5963053000000000, -74.1580766000000011 4.5962468999999997, -74.1588047999999986 4.5961689999999997, -74.1590719999999948 4.5961347999999997, -74.1593349000000046 4.5960894000000003, -74.1594824000000017 4.5960679999999998, -74.1598153000000053 4.5960419000000003, -74.1601481000000007 4.5960212000000000, -74.1605741999999992 4.5959965000000000, -74.1621604000000048 4.5958975999999998, -74.1623005999999947 4.5958908999999997, -74.1624350999999962 4.5958880000000004, -74.1631115999999935 4.5958826000000004, -74.1635744999999957 4.5958806000000001, -74.1637297999999987 4.5958756999999997, -74.1644979999999947 4.5958513999999999, -74.1654788000000025 4.5958442000000002)","LINESTRING (-74.1499043599999936 4.5954312599999980, -74.1507384999999886 4.5955237900000157)","{""name"": ""TransMilenio"", ""class"": ""service"", ""names_lr"": [{""between"": [0.0, 1.0], ""value"": ""TransMilenio""}], ""subclass_lr"": [{""between"": [0.0, 1.0], ""value"": null}], ""level_lr"": [{""between"": [0.0, 0.230466886], ""value"": 0}, {""between"": [0.230466886, 0.288783221], ""value"": 1}, {""between"": [0.288783221, 0.747437528], ""value"": 0}, {""between"": [0.747437528, 0.75242386], ""value"": 1}, {""between"": [0.75242386, 0.907625973], ""value"": 0}, {""between"": [0.907625973, 0.955440482], ""value"": 1}, {""between"": [0.955440482, 1.0], ""value"": 0}], ""road_flags_lr"": [{""start"": 0.0, ""end"": 1.0, ""value"": []}]}","{""name"": ""045A0000S0"", ""class"": ""primary""}"
668b6b9f-b3ef-48a2-870a-22c02eaab17a,bog_road_217125,"LINESTRING (-74.1018363999999963 4.7277876000000001, -74.1018485999999967 4.7280927000000004)","LINESTRING (-74.1018386399999827 4.7280637669999805, -74.1018408830000226 4.7280947020000212, -74.1018431489999898 4.7281259449999880, -74.1018578200000206 4.7283282700000200)","{""name"": ""Carrera 104A"", ""class"": ""residential"", ""names_lr"": [{""between"": [0.0, 1.0], ""value"": ""Carrera 104A""}], ""subclass_lr"": [{""between"": [0.0, 1.0], ""value"": null}], ""level_lr"": [{""between"": [0.0, 1.0], ""value"": 0}], ""road_flags_lr"": [{""start"": 0.0, ""end"": 1.0, ""value"": []}]}","{""name"": ""104A000000"", ""class"": ""tertiary""}"
9f7f1737-721d-4fff-92d4-4938d43b95f6,bog_road_165634,"LINESTRING (-74.1403937999999982 4.5954085999999998, -74.1392644999999959 4.5951798000000004, -74.1390085000000028 4.5951320000000004, -74.1386913000000050 4.5950736000000001, -74.1385405000000048 4.5950483999999996, -74.1384412999999967 4.5950350000000002, -74.1383809000000014 4.5950270000000000, -74.1383017999999936 4.5950243000000004, -74.1382468000000046 4.5950256999999999, -74.1381865000000033 4.5950376999999998, -74.1381059999999934 4.5950670999999996, -74.1380362999999960 4.5950991999999999, -74.1379785999999967 4.5951326000000003, -74.1379344000000060 4.5951633999999997, -74.1378593000000023 4.5952248000000004, -74.1378203999999954 4.5952662999999996, -74.1377894999999967 4.5953051000000000, -74.1377533000000000 4.5953584999999997, -74.1377277999999933 4.5954093000000000, -74.1377023000000008 4.5954641000000001, -74.1376848999999964 4.5955162999999999, -74.1376633999999939 4.5955911000000000, -74.1376446999999956 4.5956659999999996, -74.1376326000000034 4.5957302000000002, -74.1376204999999970 4.5957835999999999, -74.1376058000000029 4.5958437999999999, -74.1375802999999962 4.5959146000000004, -74.1375400999999954 4.5960082000000000, -74.1374663999999939 4.5961344000000004, -74.1373683999999997 4.5962942000000000, -74.1369727000000012 4.5968567000000000, -74.1369001999999995 4.5969566999999998, -74.1368546000000066 4.5970198000000000, -74.1366534000000001 4.5973255000000002, -74.1360530999999980 4.5982387999999998, -74.1359285000000057 4.5984286000000001, -74.1358958000000001 4.5984781999999997, -74.1357344999999981 4.5987241000000001, -74.1356921000000000 4.5987929000000003, -74.1356332999999950 4.5989106000000000, -74.1355489999999975 4.5990976999999997, -74.1354807000000022 4.5992448000000001, -74.1354062000000056 4.5993839000000003, -74.1353308000000055 4.5995121000000001, -74.1352526999999952 4.5996373000000004, -74.1351575000000054 4.5997668999999997, -74.1346128999999934 4.6005475999999996, -74.1345302000000004 4.6006746999999999, -74.1345108999999951 4.6007043000000003, -74.1344799000000023 4.6007521000000002, -74.1344511000000068 4.6007965000000004, -74.1343755999999985 4.6009225999999996, -74.1339798999999999 4.6015100999999996, -74.1337434000000002 4.6018581999999997, -74.1336543999999975 4.6019844000000001, -74.1335707000000070 4.6020954999999999, -74.1333738000000011 4.6023550000000002, -74.1330949999999973 4.6027095999999998, -74.1330358000000018 4.6027858999999998, -74.1329740999999984 4.6028656000000003, -74.1328292000000033 4.6030553999999997, -74.1327165999999949 4.6032079000000001, -74.1325369000000052 4.6034645000000003, -74.1318935999999979 4.6044175000000003, -74.1317315000000008 4.6046602999999999, -74.1317106000000052 4.6046917000000001, -74.1316939999999960 4.6047165000000003, -74.1316510999999991 4.6047808000000003, -74.1315928000000071 4.6048681000000000, -74.1314038000000011 4.6051508999999999, -74.1313451999999984 4.6052394000000003, -74.1312704999999994 4.6053652999999999, -74.1311282000000062 4.6056425000000001, -74.1310476999999963 4.6058116000000000, -74.1309715000000011 4.6059653000000003, -74.1308968999999962 4.6061090000000000, -74.1307287000000059 4.6063853000000003, -74.1306074000000024 4.6065781000000001, -74.1302325000000053 4.6071700000000000, -74.1299683000000016 4.6075870999999999, -74.1295049000000006 4.6083081000000004, -74.1294723000000033 4.6083676000000002, -74.1294318000000061 4.6084414999999996, -74.1290010999999964 4.6093893000000001, -74.1287334999999956 4.6099781999999996, -74.1286403000000007 4.6101833000000001, -74.1285833000000025 4.6103196000000004, -74.1285433000000040 4.6104146000000004, -74.1283217999999948 4.6110239999999996, -74.1281967999999978 4.6113792000000000, -74.1281319999999937 4.6115611999999997, -74.1280813999999992 4.6117027000000004, -74.1280318000000022 4.6118367999999998, -74.1280117000000018 4.6119139000000002, -74.1279420999999985 4.6121416000000002, -74.1279181999999963 4.6122226000000000, -74.1279097000000036 4.6122629999999996, -74.1278807999999998 4.6123845000000001, -74.1277982000000009 4.6127614000000001, -74.1277424000000025 4.6129875000000000, -74.1276485000000065 4.6133053999999998, -74.1276378999999963 4.6133411000000004, -74.1276242999999937 4.6133867000000004, -74.1275557000000020 4.6136163000000003, -74.1271971000000036 4.6147950000000000, -74.1270320999999939 4.6153370000000002, -74.1270035000000007 4.6154266000000002, -74.1269910999999979 4.6154712000000000, -74.1269582999999983 4.6155888999999997, -74.1269154000000015 4.6157732999999999, -74.1268725000000046 4.6160031999999998, -74.1268457000000041 4.6161716999999998, -74.1268098000000037 4.6163363999999998, -74.1267682000000008 4.6164908999999996, -74.1266233000000057 4.6169507000000003, -74.1262911999999972 4.6179521000000001, -74.1262138000000022 4.6181863999999999, -74.1261831999999998 4.6182749999999997, -74.1257468999999958 4.6196691000000003, -74.1256144999999975 4.6200951000000003, -74.1254492000000056 4.6205920000000003, -74.1253631999999953 4.6208507000000001, -74.1253257000000048 4.6209664999999998, -74.1250038999999958 4.6219583999999996, -74.1248965999999996 4.6223219999999996, -74.1248108000000059 4.6226213999999999, -74.1247196000000059 4.6229662999999999, -74.1246464999999972 4.6232075999999998, -74.1246256999999957 4.6232764000000000, -74.1245978999999977 4.6233537000000000, -74.1245210999999955 4.6235678000000000, -74.1244152999999955 4.6238267000000004, -74.1238129000000043 4.6253016999999996, -74.1232765000000029 4.6266562999999996, -74.1232571000000036 4.6267059000000001, -74.1231793000000039 4.6269144000000004, -74.1231042000000002 4.6271363000000001, -74.1230264000000005 4.6274116999999997, -74.1229646999999972 4.6276202000000000, -74.1229316000000011 4.6277216000000001, -74.1229029999999938 4.6277993000000004, -74.1225730999999968 4.6285692999999997, -74.1223142999999993 4.6292496999999999, -74.1221721000000002 4.6296106000000004, -74.1220486999999935 4.6299073999999996, -74.1217536999999993 4.6305423000000001, -74.1215310999999986 4.6309968000000001, -74.1214075999999977 4.6312866000000001, -74.1206083999999947 4.6332158000000003, -74.1204239000000058 4.6336592999999997, -74.1204072000000025 4.6336995999999999, -74.1203428000000031 4.6338948000000002, -74.1202288000000067 4.6342530000000002, -74.1201752000000056 4.6344135000000000, -74.1200974000000059 4.6345951999999997, -74.1199445000000026 4.6349587999999997, -74.1199105999999972 4.6350394000000001, -74.1198399000000023 4.6352074999999999, -74.1197891999999996 4.6353309999999999, -74.1197568999999987 4.6354094999999997, -74.1196092999999934 4.6357689000000004, -74.1195100000000053 4.6359721000000000, -74.1194268999999935 4.6361217999999997, -74.1193382999999955 4.6362822000000001, -74.1192283999999972 4.6364453000000001, -74.1191264999999930 4.6365736000000002, -74.1189949999999982 4.6367180000000001, -74.1188475000000011 4.6368570000000000, -74.1186804999999964 4.6369854000000004, -74.1184549000000032 4.6371680000000000, -74.1180314000000067 4.6375228000000002, -74.1179573999999945 4.6375897000000004, -74.1179034999999971 4.6376374000000000, -74.1166795999999977 4.6387953000000000, -74.1161447000000067 4.6393133999999998, -74.1161082999999934 4.6393487000000002, -74.1158224999999931 4.6396553999999997, -74.1157902000000064 4.6396899999999999, -74.1157584000000043 4.6397279999999999, -74.1156837000000053 4.6398174000000001, -74.1156593000000044 4.6398466000000003, -74.1155664999999999 4.6399663000000002, -74.1154135999999966 4.6401640999999998, -74.1152472999999929 4.6403673000000003, -74.1149790999999993 4.6406507000000001, -74.1147349999999960 4.6408860000000001, -74.1130085000000065 4.6424221000000001, -74.1129664000000048 4.6424595999999996, -74.1128965999999991 4.6425232000000003, -74.1127694999999989 4.6426312999999997, -74.1116786999999988 4.6438041999999999, -74.1116611000000063 4.6438230999999996, -74.1115865999999954 4.6439022999999997, -74.1115223999999984 4.6439728999999996, -74.1107384999999965 4.6447757999999997, -74.1105613999999946 4.6449553000000003, -74.1104988999999961 4.6450186999999996, -74.1103509999999943 4.6451685999999999, -74.1101347999999973 4.6453879999999996, -74.1099633000000040 4.6455618000000003, -74.1089333999999980 4.6465696000000003, -74.1087724000000065 4.6467299999999998, -74.1086114999999950 4.6468904000000002, -74.1084560000000039 4.6470593999999998, -74.1083272000000051 4.6471979000000001, -74.1079866000000038 4.6475909000000000, -74.1073585999999978 4.6483452999999999, -74.1073401000000018 4.6483689000000004, -74.1070986999999946 4.6486763000000000, -74.1065971999999960 4.6493393000000003, -74.1061961999999994 4.6498264999999996, -74.1058069000000046 4.6503218999999998, -74.1049964000000045 4.6513562000000004, -74.1048813999999965 4.6515158000000003, -74.1047496000000052 4.6517384000000002, -74.1045644000000010 4.6520538000000000, -74.1044207000000057 4.6522784000000001, -74.1042955000000063 4.6524558000000003, -74.1025870999999938 4.6546849000000003, -74.1023869999999931 4.6549259999999997, -74.1019981000000030 4.6553537000000000, -74.1019418000000059 4.6554215000000001, -74.1017910000000057 4.6556031999999998, -74.1017405999999994 4.6556639000000004, -74.1016091999999986 4.6558349999999997, -74.1015072000000004 4.6559685999999996, -74.1010002999999955 4.6566583000000001, -74.1008681999999936 4.6568218000000003, -74.1007287000000048 4.6569715000000000, -74.1006801999999993 4.6570210000000003, -74.1005878999999936 4.6571150000000001, -74.1004966999999937 4.6572057999999998, -74.1003817999999939 4.6573200000000003, -74.1002969000000036 4.6574045999999996, -74.1002270000000038 4.6574789000000001, -74.1001679999999965 4.6575430999999998, -74.0997147000000069 4.6581098000000001, -74.0994854000000061 4.6584146000000004, -74.0991674999999930 4.6588503000000001, -74.0990575999999947 4.6590027000000003, -74.0989557000000048 4.6591684999999998, -74.0988779000000051 4.6592887999999997, -74.0986982000000012 4.6595401000000001, -74.0981428999999991 4.6602645000000003, -74.0974362000000042 4.6611894999999999, -74.0971116000000052 4.6616118999999996, -74.0967576000000037 4.6620609999999996, -74.0965323000000069 4.6623390000000002, -74.0960656000000029 4.6629057999999999, -74.0954674999999980 4.6636649999999999, -74.0949525000000051 4.6643333000000000, -74.0948505000000068 4.6644589999999999, -74.0947512999999987 4.6645686000000000, -74.0946117999999956 4.6647103000000003, -74.0944293999999957 4.6648893999999999, -74.0938687999999956 4.6654454000000003, -74.0937025000000062 4.6656139000000003, -74.0935845000000057 4.6657529000000002, -74.0934692000000013 4.6659078999999997, -74.0932949000000036 4.6661833000000001, -74.0929809999999947 4.6666752000000002, -74.0926350000000014 4.6672072000000000, -74.0922702000000015 4.6677711999999998, -74.0920342000000005 4.6681267000000002, -74.0919216000000063 4.6682978999999998, -74.0917230999999958 4.6685651999999997, -74.0914736000000005 4.6688939999999999, -74.0908802999999949 4.6696456000000000, -74.0908426000000020 4.6696932999999996, -74.0903900999999934 4.6702173000000000, -74.0902908000000053 4.6703323000000001, -74.0900761999999986 4.6706263000000003, -74.0894341999999995 4.6715526000000001, -74.0893561000000034 4.6716661000000004, -74.0893205999999935 4.6717177000000003, -74.0892682000000065 4.6717959999999996, -74.0892237000000051 4.6718618000000003, -74.0891991000000019 4.6718988000000001, -74.0889631000000008 4.6722918000000000, -74.0886900999999938 4.6727558000000000, -74.0883735999999971 4.6732931000000004, -74.0881858000000051 4.6736246000000001, -74.0880480000000006 4.6738660999999997, -74.0880195000000015 4.6739160000000002, -74.0879881999999981 4.6739708999999996, -74.0875836999999962 4.6746791999999999, -74.0872772000000026 4.6752056000000000, -74.0872008999999991 4.6753387999999996, -74.0870840999999984 4.6755427000000003, -74.0865182000000004 4.6765211000000004, -74.0861828999999972 4.6770851999999996, -74.0860502999999966 4.6773042000000000, -74.0858024999999998 4.6777153000000000, -74.0857196999999985 4.6778526999999999, -74.0854738000000026 4.6782575000000000, -74.0853314999999952 4.6784964999999996, -74.0851839000000041 4.6787397000000004, -74.0850817999999975 4.6789025000000004, -74.0849828000000059 4.6790364999999996, -74.0848727999999994 4.6791701000000003, -74.0847627999999929 4.6793011000000000, -74.0846906000000018 4.6793772999999996, -74.0845778000000053 4.6794722000000002, -74.0843739000000028 4.6796405999999999, -74.0835344000000049 4.6803169999999996, -74.0835009999999983 4.6803429999999997, -74.0825128999999976 4.6811122000000003, -74.0820956999999964 4.6814404999999999, -74.0817373999999944 4.6817272000000001, -74.0809454999999986 4.6823702000000003, -74.0800883999999940 4.6830680999999998, -74.0793608000000035 4.6836580000000003, -74.0788349999999980 4.6840859999999997, -74.0782605999999930 4.6845568999999996, -74.0781494000000009 4.6846465000000004, -74.0780352000000022 4.6847384999999999, -74.0774317999999994 4.6852225000000001, -74.0770858000000061 4.6854765000000000, -74.0770215000000007 4.6855165999999997, -74.0766593999999969 4.6857118000000000, -74.0764608000000067 4.6858333999999999, -74.0764020000000016 4.6858711000000000, -74.0763287999999989 4.6859219999999997, -74.0762143999999978 4.6860115000000002, -74.0761425000000031 4.6860746999999998, -74.0761073000000039 4.6861078999999997, -74.0759888999999987 4.6862330999999999, -74.0758923000000067 4.6863346000000003, -74.0757768999999939 4.6864656000000000, -74.0756803999999960 4.6865671999999998, -74.0755783999999977 4.6866554000000002, -74.0754402000000027 4.6867668000000000, -74.0753375999999975 4.6868493999999998, -74.0751537000000013 4.6869977000000000, -74.0741517999999957 4.6878051000000003, -74.0740174000000025 4.6879118000000002, -74.0733871999999991 4.6884126000000004, -74.0733280000000036 4.6884575000000002, -74.0731497000000019 4.6885743000000000)","LINESTRING (-74.1336308300000155 4.6019795199999862, -74.1336365029999911 4.6019708750000063, -74.1339451200000212 4.6015005300000098)","{""name"": ""TransMilenio"", ""class"": ""unknown"", ""names_lr"": [{""between"": [0.0, 1.0], ""value"": ""TransMilenio""}], ""subclass_lr"": [{""between"": [0.0, 1.0], ""value"": null}], ""level_lr"": [{""between"": [0.0, 0.009756868], ""value"": 0}, {""between"": [0.009756868, 0.03228299], ""value"": 2}, {""between"": [0.03228299, 0.26317975], ""value"": 0}, {""between"": [0.26317975, 0.265481589], ""value"": 1}, {""between"": [0.265481589, 0.529430654], ""value"": 0}, {""between"": [0.529430654, 0.531351652], ""value"": 1}, {""between"": [0.531351652, 0.592870137], ""value"": 0}, {""between"": [0.592870137, 0.616602893], ""value"": 1}, {""between"": [0.616602893, 0.953859737], ""value"": 0}, {""between"": [0.953859737, 0.957490324], ""value"": 1}, {""between"": [0.957490324, 1.0], ""value"": 0}], ""road_flags_lr"": [{""start"": 0.0, ""end"": 1.0, ""value"": []}]}","{""name"": ""0680000000"", ""class"": ""primary""}"
36a17774-372c-490a-b640-b08df042df25,bog_road_152954,"LINESTRING (-74.0718609999999984 4.5848300000000002, -74.0719420000000071 4.5848760000000004, -74.0719509999999985 4.5848789999999999, -74.0719600000000042 4.5848800000000001, -74.0719689999999957 4.5848800000000001, -74.0719780000000014 4.5848789999999999, -74.0719869999999929 4.5848760000000004, -74.0719950000000011 4.5848719999999998, -74.0720519999999993 4.5848160000000000, -74.0720809999999972 4.5847980000000002, -74.0721120000000042 4.5847840000000000, -74.0721170000000058 4.5847810000000004, -74.0721219999999931 4.5847769999999999, -74.0721269999999947 4.5847709999999999, -74.0721300000000014 4.5847660000000001, -74.0721319999999963 4.5847600000000002, -74.0721340000000055 4.5847540000000002, -74.0721369999999979 4.5847499999999997, -74.0721400000000045 4.5847449999999998, -74.0721439999999944 4.5847420000000003, -74.0721489999999960 4.5847389999999999, -74.0721539999999976 4.5847369999999996, -74.0721589999999992 4.5847350000000002, -74.0721649999999983 4.5847350000000002, -74.0721779999999939 4.5847379999999998, -74.0722219999999965 4.5846660000000004, -74.0723100000000017 4.5845599999999997, -74.0723380000000020 4.5845289999999999, -74.0723511999999999 4.5844880999999997, -74.0723519999999951 4.5844350000000000, -74.0723339999999979 4.5843480000000003, -74.0722990000000010 4.5843129999999999, -74.0722760000000022 4.5842980000000004, -74.0722351000000003 4.5842884000000002, -74.0721819999999980 4.5842890000000001)","LINESTRING (-74.0721766600000251 4.5842983800000070, -74.0722432900000172 4.5843190699999923, -74.0722714099999848 4.5843068600000265, -74.0723182699999825 4.5843454000000179, -74.0723463499999752 4.5844590699999799, -74.0723294800000076 4.5845464899999797, -74.0722187100000156 4.5846716699999774, -74.0721750299999826 4.5847478700000011)","{""name"": ""Carrera 5A Este"", ""class"": ""footway"", ""names_lr"": [{""between"": [0.0, 0.741029855], ""value"": ""Carrera 5A Este""}, {""between"": [0.741029855, 1.0], ""value"": ""Calle 2 Bis""}], ""subclass_lr"": [{""between"": [0.0, 1.0], ""value"": null}], ""level_lr"": [{""between"": [0.0, 1.0], ""value"": 0}], ""road_flags_lr"": [{""start"": 0.0, ""end"": 1.0, ""value"": []}]}","{""name"": ""005A0000E0"", ""class"": ""tertiary""}"
74edc0e3-213a-48c1-b625-73ce88498997,bog_road_139281,"LINESTRING (-74.1775597000000033 4.6472765999999996, -74.1776526999999959 4.6474355999999997)","LINESTRING (-74.1776494000000071 4.6474065300000120, -74.1776546809999786 4.6474149260000104, -74.1777009699999894 4.6474885270000073, -74.1777037200000109 4.6474928999999747)","{""name"": ""Calle 42A Sur"", ""class"": ""residential"", ""names_lr"": [{""between"": [0.0, 1.0], ""value"": ""Calle 42A Sur""}], ""subclass_lr"": [{""between"": [0.0, 1.0], ""value"": null}], ""level_lr"": [{""between"": [0.0, 1.0], ""value"": 0}], ""road_flags_lr"": [{""start"": 0.0, ""end"": 1.0, ""value"": []}]}","{""name"": ""042A0000S0"", ""class"": ""secondary""}"
98a4910a-4b25-4125-a822-e87bf62a7d67,bog_road_251747,"LINESTRING (-74.1125028999999955 4.5257503000000003, -74.1123194999999981 4.5257041999999998, -74.1122012000000012 4.5256784000000003)","LINESTRING (-74.1127587099999801 4.5258079000000180, -74.1126206100000218 4.5257737599999928, -74.1124980499999992 4.5257427999999891, -74.1124979699999926 4.5257427799999732, -74.1124807099999998 4.5257371499999977)","{""name"": ""Calle 68D Sur"", ""class"": ""residential"", ""names_lr"": [{""between"": [0.0, 1.0], ""value"": ""Calle 68D Sur""}], ""subclass_lr"": [{""between"": [0.0, 1.0], ""value"": null}], ""level_lr"": [{""between"": [0.0, 1.0], ""value"": 0}], ""road_flags_lr"": [{""start"": 0.0, ""end"": 1.0, ""value"": []}]}","{""name"": ""068D0000S0"", ""class"": ""tertiary""}"
b7eb7351-72de-4d01-a92c-01b6a837ba98,bog_road_185322,"LINESTRING (-74.0243360000000052 4.7623996999999996, -74.0242838000000063 4.7623999000000001)","LINESTRING (-74.0242939199999910 4.7623972299999764, -74.0243153740000253 4.7623970010000107, -74.0243181000000163 4.7623969719999764, -74.0243366500000093 4.7623967729999777, -74.0250863960000061 4.7623887629999899, -74.0250935359999858 4.7623886869999978, -74.0251466099999789 4.7623881200000255)","{""class"": ""steps"", ""names_lr"": [{""between"": [0.0, 1.0], ""value"": null}], ""subclass_lr"": [{""between"": [0.0, 1.0], ""value"": null}], ""level_lr"": [{""between"": [0.0, 1.0], ""value"": 0}], ""road_flags_lr"": [{""start"": 0.0, ""end"": 1.0, ""value"": []}]}","{""name"": ""185D000000"", ""class"": ""residential""}"
4321f4fa-b794-49ee-960c-c67007339151,bog_road_244515,"LINESTRING (-74.1219765000000024 4.7083212999999997, -74.1220251000000019 4.7082290999999996, -74.1224203000000017 4.7073825999999999, -74.1227312000000040 4.7067177999999998)","LINESTRING (-74.1224323299999810 4.7073652400000014, -74.1224202820000073 4.7073895639999819, -74.1224068540000189 4.7074166749999904, -74.1223954299999832 4.7074397389999945, -74.1220802959999787 4.7080759940000121, -74.1220550020000246 4.7081270630000063)","{""name"": ""Carrera 106"", ""class"": ""footway"", ""names_lr"": [{""between"": [0.0, 1.0], ""value"": ""Carrera 106""}], ""subclass_lr"": [{""between"": [0.0, 1.0], ""value"": null}], ""level_lr"": [{""between"": [0.0, 1.0], ""value"": 0}], ""road_flags_lr"": [{""start"": 0.0, ""end"": 1.0, ""value"": []}]}","{""name"": ""1060000000"", ""class"": ""residential""}"
0a33c390-fd15-437c-b38b-6b7800897fc9,bog_road_174051,"LINESTRING (-74.1016646000000065 4.5761333000000004, -74.1013604000000043 4.5765063000000001)","LINESTRING (-74.1016302599999790 4.5761458800000128, -74.1016390240000078 4.5761345910000273, -74.1018651300000215 4.5758433699999728, -74.1018970800000147 4.5758037499999773)","{""name"": ""Carrera 12B"", ""class"": ""residential"", ""names_lr"": [{""between"": [0.0, 1.0], ""value"": ""Carrera 12B""}], ""subclass_lr"": [{""between"": [0.0, 1.0], ""value"": null}], ""level_lr"": [{""between"": [0.0, 1.0], ""value"": 0}], ""road_flags_lr"": [{""start"": 0.0, ""end"": 1.0, ""value"": []}]}","{""name"": ""012B000000"", ""class"": ""tertiary""}"
aef24bd6-46e4-488e-ae2d-e9d5e2cb9872,bog_road_191154,"LINESTRING (-74.1438143000000025 4.5698765999999997, -74.1437897999999933 4.5699202999999997, -74.1436683000000016 4.5701036000000004, -74.1435788000000002 4.5702341000000004, -74.1435352999999964 4.5703082000000004, -74.1433844999999963 4.5705190000000000, -74.1432369999999992 4.5707262999999996)","LINESTRING (-74.1436555299999895 4.5700937700000281, -74.1437221510000199 4.5700038159999963, -74.1437843599999837 4.5699198199999955, -74.1437878240000146 4.5699142409999922, -74.1437992969999868 4.5698957669999913, -74.1438134300000229 4.5698730099999807)","{""name"": ""Carrera 22B Bis"", ""class"": ""footway"", ""names_lr"": [{""between"": [0.0, 1.0], ""value"": ""Carrera 22B Bis""}], ""subclass_lr"": [{""between"": [0.0, 1.0], ""value"": null}], ""level_lr"": [{""between"": [0.0, 1.0], ""value"": 0}], ""road_flags_lr"": [{""start"": 0.0, ""end"": 1.0, ""value"": []}]}","{""name"": ""022BBIS000"", ""class"": ""residential""}"
f3c82ffc-cc5c-45b3-becf-a52897a3946c,bog_road_253243,"LINESTRING (-74.1264386999999942 4.7016365999999996, -74.1262174000000016 4.7018607000000001)","LINESTRING (-74.1262314699999934 4.7018273300000146, -74.1260452299999884 4.7020149499999775, -74.1260258340000178 4.7020359260000077, -74.1260234900000228 4.7020384599999829)","{""name"": ""Carrera 106A"", ""class"": ""tertiary"", ""names_lr"": [{""between"": [0.0, 1.0], ""value"": ""Carrera 106A""}], ""subclass_lr"": [{""between"": [0.0, 1.0], ""value"": null}], ""level_lr"": [{""between"": [0.0, 1.0], ""value"": 0}], ""road_flags_lr"": [{""start"": 0.0, ""end"": 1.0, ""value"": []}]}","{""name"": ""106A000000"", ""class"": ""secondary""}"
b24d49b8-e875-41dc-9881-21e54da4e142,bog_road_166763,"LINESTRING (-74.1500946999999968 4.6450842000000003, -74.1498933999999963 4.6448540999999999)","LINESTRING (-74.1500704300000280 4.6450413100000105, -74.1500753490000193 4.6450467450000019, -74.1504291360000138 4.6454376539999771, -74.1504562200000237 4.6454675800000018)","{""name"": ""Avenida Calle 8"", ""class"": ""tertiary"", ""names_lr"": [{""between"": [0.0, 1.0], ""value"": ""Avenida Calle 8""}], ""subclass_lr"": [{""between"": [0.0, 1.0], ""value"": null}], ""level_lr"": [{""between"": [0.0, 1.0], ""value"": 0}], ""road_flags_lr"": [{""start"": 0.0, ""end"": 1.0, ""value"": []}]}","{""name"": ""0080000000"", ""class"": ""tertiary""}"
5e5a3a37-380d-4a42-a6e5-22e21ef2f00d,bog_road_234886,"LINESTRING (-74.0906559999999956 4.7592620999999999, -74.0904675000000026 4.7594466000000004)","LINESTRING (-74.0906728499999758 4.7593046599999980, -74.0904890260000002 4.7594891100000041, -74.0904821899999888 4.7594959699999890)","{""name"": ""Carrera 106A"", ""class"": ""residential"", ""names_lr"": [{""between"": [0.0, 1.0], ""value"": ""Carrera 106A""}], ""subclass_lr"": [{""between"": [0.0, 1.0], ""value"": null}], ""level_lr"": [{""between"": [0.0, 1.0], ""value"": 0}], ""road_flags_lr"": [{""start"": 0.0, ""end"": 1.0, ""value"": []}]}","{""name"": ""106A000000"", ""class"": ""tertiary""}"
d0ac37f9-ed3a-4259-b856-022749cf3763,bog_road_147871,"LINESTRING (-74.0999740000000031 4.5950449000000004, -74.1003785000000050 4.5950270000000000, -74.1004006000000004 4.5950259999999998, -74.1004302000000052 4.5950246999999997, -74.1004894000000007 4.5950221000000004)","LINESTRING (-74.1004523799999788 4.5950179199999752, -74.1004838530000143 4.5950168460000214, -74.1010601699999825 4.5949971699999992)","{""name"": ""Avenida Calle 1"", ""class"": ""secondary"", ""names_lr"": [{""between"": [0.0, 1.0], ""value"": ""Avenida Calle 1""}], ""subclass_lr"": [{""between"": [0.0, 1.0], ""value"": null}], ""level_lr"": [{""between"": [0.0, 1.0], ""value"": 0}], ""road_flags_lr"": [{""start"": 0.0, ""end"": 1.0, ""value"": []}]}","{""name"": ""0010000000"", ""class"": ""primary""}"
88e89500-1f84-4dad-abf1-f5879c190d5c,bog_road_245023,"LINESTRING (-74.1136601999999982 4.4985533999999996, -74.1138878999999946 4.4981111000000000, -74.1139636999999993 4.4979636999999997, -74.1140020999999933 4.4978892000000004)","LINESTRING (-74.1139404499999728 4.4979548100000102, -74.1139748659999782 4.4979109289999997, -74.1139999150000222 4.4978789909999932)","{""name"": ""Carrera 6 Bis"", ""class"": ""footway"", ""names_lr"": [{""between"": [0.0, 1.0], ""value"": ""Carrera 6 Bis""}], ""subclass_lr"": [{""between"": [0.0, 1.0], ""value"": null}], ""level_lr"": [{""between"": [0.0, 1.0], ""value"": 0}], ""road_flags_lr"": [{""start"": 0.0, ""end"": 1.0, ""value"": []}]}","{""name"": ""0060BIS000"", ""class"": ""tertiary""}"
9a08bc01-ae89-48d0-898b-3cb1c62360ce,bog_road_240952,"LINESTRING (-74.1438028000000031 4.7131593000000001, -74.1435665000000057 4.7128062000000002)","LINESTRING (-74.1437910299999885 4.7131262400000082, -74.1437918099999820 4.7131274179999991, -74.1440358799999899 4.7134961799999928, -74.1440590949999887 4.7135317529999838, -74.1440769999999816 4.7135591900000122)","{""name"": ""Calle 63F"", ""class"": ""residential"", ""names_lr"": [{""between"": [0.0, 1.0], ""value"": ""Calle 63F""}], ""subclass_lr"": [{""between"": [0.0, 1.0], ""value"": null}], ""level_lr"": [{""between"": [0.0, 1.0], ""value"": 0}], ""road_flags_lr"": [{""start"": 0.0, ""end"": 1.0, ""value"": []}]}","{""name"": ""063F000000"", ""class"": ""tertiary""}"
c5d98e1f-ee72-4f90-af19-6b4060dde854,bog_road_203388,"LINESTRING (-74.0413216000000034 4.7620237999999997, -74.0411067999999943 4.7620148000000002, -74.0410837999999956 4.7620138000000001)","LINESTRING (-74.0411962000000017 4.7620097700000201, -74.0413370059999920 4.7620277839999972, -74.0422692199999801 4.7621470500000100, -74.0422893919999865 4.7621525459999816, -74.0423500800000056 4.7621690799999783)","{""class"": ""footway"", ""names_lr"": [{""between"": [0.0, 1.0], ""value"": null}], ""subclass_lr"": [{""between"": [0.0, 1.0], ""value"": null}], ""level_lr"": [{""between"": [0.0, 1.0], ""value"": 0}], ""road_flags_lr"": [{""start"": 0.0, ""end"": 1.0, ""value"": []}]}","{""name"": ""1850000000"", ""class"": ""tertiary""}"
48690fdb-6930-4e4f-8ac8-54fa12b0e2e8,bog_road_262075,"LINESTRING (-74.1187639000000047 4.5134508999999996, -74.1192398999999966 4.5133647999999997, -74.1193068999999980 4.5133527000000004, -74.1194756000000012 4.5133222000000002, -74.1196197999999953 4.5132960999999998, -74.1195632000000018 4.5130195999999998, -74.1195562000000052 4.5129830999999996)","LINESTRING (-74.1196162100000038 4.5132621000000199, -74.1196108290000097 4.5132276489999867, -74.1196030790000009 4.5131780309999954, -74.1195803499999784 4.5130325200000243, -74.1195729500000198 4.5130216360000190, -74.1195701739999890 4.5130175539999868, -74.1195499070000210 4.5129877449999753, -74.1195416900000055 4.5129756599999951)","{""name"": ""Calle 75A Sur"", ""class"": ""footway"", ""names_lr"": [{""between"": [0.0, 0.732102169], ""value"": ""Calle 75A Sur""}, {""between"": [0.732102169, 1.0], ""value"": ""Carrera 14P""}], ""subclass_lr"": [{""between"": [0.0, 1.0], ""value"": null}], ""level_lr"": [{""between"": [0.0, 1.0], ""value"": 0}], ""road_flags_lr"": [{""start"": 0.0, ""end"": 1.0, ""value"": []}]}","{""name"": ""014P000000"", ""class"": ""tertiary""}"
94ba4e59-60a3-4540-b57e-cc40184a95da,bog_road_146359,"LINESTRING (-74.1097960999999970 4.6152775999999998, -74.1101993000000050 4.6151076000000000)","LINESTRING (-74.1098277699999812 4.6152650799999719, -74.1094797950000270 4.6154016049999882, -74.1094726200000196 4.6154044200000044)","{""name"": ""Carrera 41B"", ""class"": ""residential"", ""names_lr"": [{""between"": [0.0, 1.0], ""value"": ""Carrera 41B""}], ""subclass_lr"": [{""between"": [0.0, 1.0], ""value"": null}], ""level_lr"": [{""between"": [0.0, 1.0], ""value"": 0}], ""road_flags_lr"": [{""start"": 0.0, ""end"": 1.0, ""value"": []}]}","{""name"": ""041B000000"", ""class"": ""tertiary""}"
aab79b37-2413-4769-ac09-137f4b3b762e,bog_road_250199,"LINESTRING (-74.1251335000000040 4.7021873000000003, -74.1249355000000065 4.7019801000000001)","LINESTRING (-74.1250927899999965 4.7021614000000227, -74.1250928649999992 4.7021614789999830, -74.1252774999999815 4.7023557399999731)","{""name"": ""Calle 68"", ""class"": ""tertiary"", ""names_lr"": [{""between"": [0.0, 1.0], ""value"": ""Calle 68""}], ""subclass_lr"": [{""between"": [0.0, 1.0], ""value"": null}], ""level_lr"": [{""between"": [0.0, 1.0], ""value"": 0}], ""road_flags_lr"": [{""start"": 0.0, ""end"": 1.0, ""value"": []}]}","{""name"": ""0680000000"", ""class"": ""secondary""}"
448332d5-91fc-4bbb-823d-cf4e44639fa0,bog_road_273633,"LINESTRING (-74.0932904999999948 4.5381434000000000, -74.0933976000000030 4.5377013000000002, -74.0934163000000012 4.5376390999999998, -74.0934455999999955 4.5375641000000000, -74.0934840000000037 4.5374990000000004, -74.0936382999999950 4.5372922000000004, -74.0938272000000069 4.5370245000000002, -74.0939221999999944 4.5368953000000003, -74.0940118999999981 4.5367644000000000, -74.0940451000000024 4.5366942999999997, -74.0940640999999971 4.5366276000000001, -74.0940793999999983 4.5365690000000001, -74.0940889000000027 4.5365120000000001, -74.0940877000000029 4.5364585000000002, -74.0940709999999996 4.5363600000000002, -74.0940559999999948 4.5363062000000003, -74.0940386000000046 4.5362618000000001, -74.0939706000000058 4.5361246000000000, -74.0937753999999984 4.5357452000000000, -74.0936679999999939 4.5355259999999999, -74.0936329999999970 4.5354688999999997, -74.0935802000000052 4.5354244000000001, -74.0935151999999988 4.5353937999999996, -74.0934371000000027 4.5353820999999996, -74.0933461000000051 4.5353893999999997, -74.0932782000000003 4.5354161000000000, -74.0932162000000005 4.5354580000000002, -74.0931693999999936 4.5355002000000004)","LINESTRING (-74.0935486889999879 4.5353849240000272, -74.0934243880000167 4.5353896749999763, -74.0932698159999745 4.5354283180000152, -74.0931908599999929 4.5355071110000154, -74.0931856299999936 4.5355123300000173)","{""name"": ""Carrera 5 Este"", ""class"": ""residential"", ""names_lr"": [{""between"": [0.0, 0.762808481], ""value"": ""Carrera 5 Este""}, {""between"": [0.762808481, 1.0], ""value"": ""Calle 54D Sur""}], ""subclass_lr"": [{""between"": [0.0, 1.0], ""value"": null}], ""level_lr"": [{""between"": [0.0, 1.0], ""value"": 0}], ""road_flags_lr"": [{""start"": 0.0, ""end"": 1.0, ""value"": []}]}","{""name"": ""054D0000S0"", ""class"": ""pedestrian""}"
91ade5a9-a5fe-4746-8010-1d24ed43e094,bog_road_205027,"LINESTRING (-74.0362391999999971 4.7301042000000004, -74.0361953999999969 4.7301266999999996, -74.0361709000000019 4.7301599000000003, -74.0361623999999949 4.7301801000000001)","LINESTRING (-74.0361757699999998 4.7300884699999983, -74.0361567940000214 4.7301355220000119, -74.0361330800000133 4.7301943200000096, -74.0361206069999866 4.7302227530000209, -74.0360978499999760 4.7302746299999967, -74.0357548410000277 4.7311222750000184, -74.0357375599999727 4.7311649800000168)","{""name"": ""Carrera 13"", ""class"": ""residential"", ""names_lr"": [{""between"": [0.0, 1.0], ""value"": ""Carrera 13""}], ""subclass_lr"": [{""between"": [0.0, 1.0], ""value"": null}], ""level_lr"": [{""between"": [0.0, 1.0], ""value"": 0}], ""road_flags_lr"": [{""start"": 0.0, ""end"": 1.0, ""value"": []}]}","{""name"": ""0130000000"", ""class"": ""tertiary""}"
441d6490-bc64-438e-9327-fd2c993de79b,bog_road_157200,"LINESTRING (-74.1694927000000064 4.6092199999999997, -74.1694808000000023 4.6087569000000004, -74.1694774000000052 4.6086274999999999, -74.1694619000000017 4.6080274000000001, -74.1694537000000054 4.6077081000000000, -74.1694470000000052 4.6074495000000004, -74.1694403000000051 4.6071923999999997, -74.1694334000000026 4.6069247000000004, -74.1694245999999993 4.6065849999999999, -74.1694073000000031 4.6059140999999997, -74.1694044000000048 4.6058038000000003)","LINESTRING (-74.1694590999999832 4.6087366900000006, -74.1694674199999895 4.6085995799999750)","{""name"": ""Calle 54 Sur"", ""class"": ""footway"", ""names_lr"": [{""between"": [0.0, 1.0], ""value"": ""Calle 54 Sur""}], ""subclass_lr"": [{""between"": [0.0, 1.0], ""value"": null}], ""level_lr"": [{""between"": [0.0, 1.0], ""value"": 0}], ""road_flags_lr"": [{""start"": 0.0, ""end"": 1.0, ""value"": []}]}","{""name"": ""054A0000S0"", ""class"": ""tertiary""}"
