gers_id,target_id,label,labeler,labeled_at,session_id,original_decision,original_confidence,ref_start_pct,ref_end_pct,target_start_pct,target_end_pct,is_subsegment,name_levenshtein,name_jaro_winkler,name_token_sort,class_similarity,buffer_iou,overlap_ratio,ref_coverage,target_coverage,min_coverage,coverage_ratio,hausdorff_distance_m,mean_hausdorff_distance_m,hausdorff_p95_m,buffer_iou_5m,buffer_iou_15m,heading_delta,length_ratio,projection_distance_m,centroid_distance_m,collinear_gap_ratio,from_degree_ref,to_degree_ref,from_degree_target,to_degree_target,degree_match_score,degree_signature_similarity,is_dead_end_ref,is_dead_end_target,dead_end_match,is_intersection_ref,is_intersection_target,intersection_match,name_soundex,name_metaphone,has_name_ref,has_name_target,name_is_generic,cardinal_direction_mismatch,min_endpoint_proximity_m,max_endpoint_proximity_m,shared_endpoint_count,lateral_offset_m,lateral_offset_iqr_m,lateral_offset_p95_m,graphlet_similarity,endpoint_degree_similarity
1fe424ca-72bf-43ce-be61-dec8adb749be,boston_sidewalk_72814,no_match,brad,2026-01-14 04:22:42.195838+00:00,4435904e,no_match,0.4999783125,0.9455428743,1,0,0.03298363487,True,0.5,0.5,0.5,1,0.999052667,1,0.05445712569,0.03298363487,0.03298363487,0.6056807892,613.3010592,612.7689339,613.2996598,0,0,0.5273663557,1,612.7689339,613.3024575,0,3,3,3,3,1,1,0,0,1,1,1,1,0.5,0.5,0,0,0,0,0,0,6,612.8779697,0.4200351689,613.2548741,1,1
410eb133-8acf-4c16-ac77-e06c025f017b,boston_sidewalk_102253,no_match,brad,2026-01-14 04:22:49.976464+00:00,4435904e,no_match,0.4999700659,0.09942585062,1,0,0.2591776145,True,0.5,0.5,0.5,0.9,0.9993164124,1,0.9005741494,0.2591776145,0.2591776145,0.2877915325,833.2418775,823.4439777,832.7626103,0,0,47.11090071,1,823.4439777,831.3789393,1,3,3,3,3,1,1,0,0,1,1,1,1,0.5,0.5,0,0,0,0,0,0,5,823.5257374,9.676777041,832.2681238,1,1
2f298f0d-e95a-4c05-89a3-f0ba2c7cc9f7,boston_sidewalk_102723,match,brad,2026-01-14 04:37:22.054986+00:00,00b607d3,review,0.7497268972,0,0.03298472136,0.877846995,1,True,0.5,0.5,0.5,1,0.9994577146,1,0.03298472136,0.122153005,0.03298472136,0.2700279159,685.4279738,684.5654513,685.4173479,0,0,6.904598351,0.9999999999,684.5654513,685.4214539,0,3,3,3,3,1,1,0,0,1,1,1,1,0.5,0.5,0,0,0,0,0,0,4,684.5431977,0.8671078578,685.3224386,1,1
707ea39b-0db1-48ae-8e9d-af82e3ee1c61,boston_sidewalk_12897,match,brad,2026-01-14 04:37:30.785292+00:00,00b607d3,review,0.7495926371,0,0.03542296979,0,0.04488770922,True,0.5,0.5,0.5,0.9,0.999292094,1,0.03542296979,0.04488770922,0.03542296979,0.7891463032,409.8305207,408.9516792,409.6526639,0,0,52.22485822,1,408.9516792,409.3806746,1,2,4,3,3,0.8333333333,0,0,0,1,1,1,1,0.5,0.5,0,0,0,0,0,0,5,409.200963,0.6285544601,409.7673643,0.9,0.9
0f13a367-aadd-4e71-a5ca-a47769c3f6fb,boston_sidewalk_1295,match,brad,2026-01-14 04:37:50.376010+00:00,00b607d3,review,0.749210954,0,0.04107849251,0.9617801929,1,True,0.5,0.5,0.5,0.9,0.9993816572,1,0.04107849251,0.03821980707,0.03821980707,0.9304091929,1123.12992,1122.818657,1123.121197,0,0,45.72485524,0.9999999993,1122.818657,1123.100818,1,3,3,3,3,1,1,0,0,1,1,1,1,0.5,0.5,0,0,0,0,0,0,4,1122.833195,0.2967241363,1123.100248,1,1
a9bdfa12-1d91-4e6c-9bbb-4e18847329df,boston_sidewalk_12330,no_match,brad,2026-01-14 04:37:58.028684+00:00,00b607d3,review,0.7491776343,0.2622463782,0.9999483817,0,1,True,0.5,0.5,0.5,0.1,0.9993957385,1,0.7377020035,1,0.7377020035,0.7377020035,461.923589,449.8090748,461.7827198,0,0,15.36187527,1,449.8090748,451.9736179,1,4,3,3,3,0.9230769231,0.3333333333,0,0,1,1,1,1,0.5,0.5,1,0,0,0,0,0,7,451.958321,10.19535076,460.9455126,0.95,0.95
6191ec57-07d1-4636-81d5-792adbe02967,boston_sidewalk_103004,match,brad,2026-01-14 04:38:01.427896+00:00,00b607d3,review,0.7490810252,0.8863882611,1,0,0.02397726431,True,0.5,0.5,0.5,1,0.9997469628,1,0.1136117389,0.02397726431,0.02397726431,0.211045659,1227.624371,1227.355394,1227.614226,0,0,11.72730539,0.9999999996,1227.355394,1227.590556,0,3,3,2,2,0.8,0,0,0,1,1,0,0,0.5,0.5,0,0,0,0,0,0,4,1227.372299,0.2520692527,1227.599163,0.9,0.9
9e6722e8-5308-47fa-aa55-0076f328a3f0,boston_sidewalk_102307,match,brad,2026-01-14 04:38:04.306303+00:00,00b607d3,review,0.7490336766,0,1,0.2211422783,0.7643570071,True,0.5,0.5,0.5,0.9,0.9988725392,1,1,0.5432147288,0.5432147288,0.5432147288,1201.20407,1195.522046,1200.474935,0,0,19.01118,1,1195.522046,1199.74338,1,3,3,3,3,1,1,0,0,1,1,1,1,0.5,0.5,0,0,0,0,0,0,4,1195.032773,2.975089674,1197.713915,1,1
c69d1947-708d-40cb-894c-6618712ca926,boston_sidewalk_1884,match,brad,2026-01-14 04:38:07.543161+00:00,00b607d3,review,0.7489199703,0,0.02494843205,0,0.0959195453,True,0.5,0.5,0.5,1,0.9991621445,1,0.02494843205,0.0959195453,0.02494843205,0.2600974804,504.834929,504.3055067,504.7714771,0,0,9.051255376,0.9999999997,504.3055067,504.6234201,0,4,4,4,4,1,1,0,0,1,1,1,1,0.5,0.5,0,0,0,0,0,0,8,504.4106913,0.423669148,504.7923915,1,1
fc6d3475-ca3e-4160-a377-f209a43686ce,boston_sidewalk_12701,match,brad,2026-01-14 04:38:16.796317+00:00,00b607d3,review,0.7488968504,0.9790557611,1,0,0.3620228557,True,0.5,0.5,0.5,1,0.9988035474,1,0.02094423892,0.3620228557,0.02094423892,0.0578533609,731.1475852,729.0125759,731.0554905,0,0,17.51036455,0.9999999999,729.0125759,730.8403858,1,2,2,4,4,0.6666666667,0,0,0,1,0,1,0,0.5,0.5,0,0,0,0,0,0,6,728.8587102,1.674535994,730.3660549,0.8,0.8
7d978f23-01d2-413b-8025-2663a76ca5e8,boston_sidewalk_5555,no_match,brad,2026-01-14 04:38:27.772553+00:00,00b607d3,no_match,0.4999390325,0,0.03851821065,0.9592607242,1,True,0.5,0.5,0.5,0.85,0.9988373201,1,0.03851821065,0.0407392758,0.03851821065,0.945480986,712.7157155,712.5144829,712.6781129,0,0,65.05301139,0.9999999999,712.5144829,712.5903671,1,4,4,4,4,1,1,0,0,1,1,1,1,0.5,0.5,0,0,0,0,0,0,8,712.451807,0.01321977739,712.4637083,1,1
d65fedc4-fc2a-4cf9-8774-df43cb94b519,boston_sidewalk_59225,no_match,brad,2026-01-14 04:38:38.635243+00:00,00b607d3,no_match,0.4998731066,0,0.1336779181,0.2465491608,1,True,0.5,0.5,0.5,0.9,0.9988447511,1,0.1336779181,0.7534508392,0.1336779181,0.1774208895,789.4669941,788.5358509,789.4408399,0,0,32.76121908,1,788.5358509,789.359429,1,1,1,1,3,0.6666666667,0.3333333333,1,1,1,0,1,0,0.5,0.5,0,0,0,0,0,7.839767346,2,788.5777599,0.8875528981,789.3777344,0.9,0.9
2640d786-cf4d-4e82-84f4-edaea28ca331,boston_sidewalk_2134,no_match,brad,2026-01-14 04:38:41.641137+00:00,00b607d3,no_match,0.4998667749,0.1226295504,0.2078482938,0,1,True,0.5,0.5,0.5,1,0.9989057991,1,0.08521874336,1,0.08521874336,0.08521874336,1601.702371,1598.047791,1601.539167,0,0,53.71388392,0.9999999999,1598.047791,1600.781737,1,4,4,4,4,1,1,0,0,1,1,1,1,0.5,0.5,0,0,0,0,0,0,8,1598.360721,3.341619095,1601.368199,1,1
7f74f8b6-5faf-42d7-8f1a-2f603660c77c,boston_sidewalk_103633,no_match,brad,2026-01-14 04:38:45.678333+00:00,00b607d3,no_match,0.4997795996,0,0.1470539352,0,0.1343076758,True,0.5,0.5,0.5,0.85,0.9996226525,1,0.1470539352,0.1343076758,0.1343076758,0.9133225554,863.3290582,861.8262569,863.090246,0,0,86.38824247,0.9999999999,861.8262569,862.5319975,1,3,4,3,3,0.9230769231,0.3333333333,0,0,1,1,1,1,0.5,0.5,0,0,0,0,0,0,7,862.2242662,1.104780979,863.2185768,0.95,0.95
2b8fab81-345b-4508-9e07-98f9df710f06,boston_sidewalk_103803,match,brad,2026-01-14 04:38:48.529349+00:00,00b607d3,no_match,0.4997769794,0,1,0.1424118797,0.3117135227,True,0.5,0.5,0.5,0.9,0.9988722888,1,1,0.169301643,0.169301643,0.169301643,741.5599734,735.1917687,741.1987526,0,0,12.74172549,1,735.1917687,740.9861309,0,3,3,3,3,1,1,0,0,1,1,1,1,0.5,0.5,0,0,0,0,0,0,6,735.3340161,6.2250012,740.9371865,1,1
667fdd7c-8500-4169-890d-8dde6bcca7a5,boston_sidewalk_103957,no_match,brad,2026-01-14 04:38:52.121506+00:00,00b607d3,no_match,0.499670434,0.7888067508,1,0,0.02184690057,True,0.5,0.5,0.5,1,0.9997261251,1,0.2111932492,0.02184690057,0.02184690057,0.1034450706,937.0503412,936.6864478,937.0323823,0,0,10.98726793,0.9999999999,936.6864478,936.9908066,0,4,3,4,4,0.9333333333,0.3333333333,0,0,1,1,1,1,0.5,0.5,1,0,0,0,0,0,6,936.6958531,0.359848394,937.0159644,0.95,0.95
560d7684-bc1d-4294-9f3f-844d21865f45,boston_sidewalk_73059,no_match,brad,2026-01-14 04:39:00.407330+00:00,00b607d3,no_match,0.4996552887,0.2101604558,0.5573270321,0,1,True,0.5,0.5,0.5,0.9,0.9987955258,1,0.3471665763,1,0.3471665763,0.3471665763,912.2094304,908.1713095,911.9371178,0,0,89.03735699,1,908.1713095,911.5109974,1,3,3,1,5,0.6666666667,0,0,1,0,1,1,1,0.5,0.5,0,0,0,0,0,8.012918549,4,908.3886369,2.457393226,910.6015768,0.8,0.8
4c826e33-fde9-45de-967a-2338799e936a,boston_sidewalk_103622,no_match,brad,2026-01-14 04:39:02.124619+00:00,00b607d3,no_match,0.4995866236,0.4544780613,0.5758771401,0,1,True,0.5,0.5,0.5,0.85,0.9990067602,1,0.1213990789,1,0.1213990789,0.1213990789,1418.105505,1402.69861,1417.968736,0,0,34.71818293,1,1402.69861,1411.509274,1,4,4,4,4,1,1,0,0,1,1,1,1,0.5,0.5,0,0,0,0,0,0,8,1398.716714,19.34708505,1416.154777,1,1
6723ebf7-f30a-45f9-8aac-9dc6ec013f52,boston_sidewalk_22328,no_match,brad,2026-01-14 04:39:08.868116+00:00,00b607d3,no_match,0.4995816459,0.95699387,1,0.9633102707,1,True,0.5,0.5,0.5,0.1,0.9993446308,1,0.04300613005,0.03668972928,0.03668972928,0.8531278969,1055.690111,1054.0852,1055.629412,0,0,49.57497793,1,1054.0852,1055.486988,1,3,3,3,3,1,1,0,0,1,1,1,1,0.5,0.5,1,0,0,0,0,0,6,1053.983918,1.301417647,1055.155277,1,1
e6337a88-1019-4b85-b4da-6014b324de15,boston_sidewalk_2258,no_match,brad,2026-01-14 04:39:12.657602+00:00,00b607d3,no_match,0.4995728804,0.9683646024,1,0,0.05291586957,True,0.5,0.5,0.5,0.1,0.9993072338,1,0.03163539756,0.05291586957,0.03163539756,0.5978432899,509.0690156,508.8526973,509.0349463,0,0,68.87151183,0.9999999995,508.8526973,508.9553629,1,4,4,4,4,1,1,0,0,1,1,1,1,0.5,0.5,1,0,0,0,0,0,7,508.7959034,0.04597164942,508.837286,1,1
5d73e738-6f42-4521-b2f3-e65a8eb59685,boston_sidewalk_74134,no_match,brad,2026-01-14 04:39:18.022326+00:00,00b607d3,no_match,0.4995653887,0.9550044461,1,0,0.03535609677,True,0.5,0.5,0.5,0.9,0.9988736767,1,0.04499555388,0.03535609677,0.03535609677,0.7857686754,1015.245906,1015.140336,1015.240647,0,0,46.50326155,0.9999999993,1015.140336,1015.228373,1,5,5,4,4,0.8888888889,0,0,0,1,1,1,1,0.5,0.5,0,0,0,0,0,0,6,1015.13157,0.07927496798,1015.202918,0.9,0.9
10297911-dcd0-4af2-9887-14cf1949d60c,boston_sidewalk_74135,no_match,brad,2026-01-14 04:39:20.475155+00:00,00b607d3,no_match,0.4994969149,0,0.05726053499,0,0.03026263618,True,0.5,0.5,0.5,0.1,0.9998298045,1,0.05726053499,0.03026263618,0.03026263618,0.5285077441,726.7072019,726.1651944,726.6184076,0,0,66.51343059,0.9999999997,726.1651944,726.4111492,1,7,7,5,5,0.8333333333,0,0,0,1,1,1,1,0.5,0.5,1,0,0,0,0,0,10,726.3131839,0.394016988,726.6677999,0.8,0.8
3f4afbac-5224-42be-a24f-514a91d6c0d4,boston_sidewalk_22809,no_match,brad,2026-01-14 04:39:22.775526+00:00,00b607d3,no_match,0.4994762071,0,0.02412569971,0.889606546,1,True,0.5,0.5,0.5,0.85,0.9997902278,1,0.02412569971,0.110393454,0.02412569971,0.218542847,589.1431993,588.6317384,589.1086051,0,0,47.18511164,0.9999999997,588.6317384,589.0277839,1,4,4,4,4,1,1,0,0,1,1,1,1,0.5,0.5,0,0,0,0,0,0,5,588.6893948,0.4538039661,589.0978187,1,1
eb5ea701-7859-42a3-9fd3-2847543ea2bf,boston_sidewalk_103206,no_match,brad,2026-01-14 04:39:24.206152+00:00,00b607d3,no_match,0.499468565,0.2239724694,0.3052192233,0,1,True,0.5,0.5,0.5,0.85,0.9989256598,1,0.08124675393,1,0.08124675393,0.08124675393,846.7120509,842.5399188,845.4883341,0,0,36.92097703,1,842.5399188,845.1179257,1,4,4,3,4,0.9333333333,0.3333333333,0,0,1,1,1,1,0.5,0.5,0,0,0,0,0,0,6,840.7347179,2.894082659,843.3561631,0.95,0.95
16c27c80-7650-4534-b22b-c924be7b420e,boston_sidewalk_1672,no_match,brad,2026-01-14 04:39:26.727941+00:00,00b607d3,no_match,0.4994541598,0,1,0.8370956768,0.99993366,True,0.5,0.5,0.5,0.1,0.9990970424,1,1,0.1628379832,0.1628379832,0.1628379832,910.0783969,908.5040996,909.7163964,0,0,81.07940229,0.9999999999,908.5040996,909.1723929,1,3,4,4,4,0.9333333333,0.3333333333,0,0,1,1,1,1,0.5,0.5,1,0,0,0,0,0,8,908.1453926,0.1227910916,908.2560523,0.95,0.95
2b708efa-c340-4546-868f-9bf2fcd1d8ea,boston_sidewalk_103393,match,brad,2026-01-14 04:40:00.116344+00:00,00b607d3,no_match,0.4994347634,0,0.08817455775,0.9744682654,1,True,0.5,0.5,0.5,1,0.9990619994,1,0.08817455775,0.02553173464,0.02553173464,0.2895589759,607.5457463,607.1676572,607.4488526,0,0,16.85174926,1,607.1676572,607.3327439,1,3,3,5,5,0.75,0,0,0,1,1,1,1,0.5,0.5,0,0,0,0,0,0,11,607.1067976,0.03970259588,607.1506998,0.8,0.8
0db83c7f-eb53-4270-8ee5-784300f51c84,boston_sidewalk_22340,no_match,brad,2026-01-14 04:40:02.424127+00:00,00b607d3,no_match,0.4993817271,0,0.1767396542,0,0.8774306823,True,0.5,0.5,0.5,1,0.9991746978,1,0.1767396542,0.8774306823,0.1767396542,0.2014286231,169.1731176,163.4243356,165.3941473,0,0,18.2394887,1,163.4243356,166.3993061,1,4,4,4,2,0.8571428571,0.3333333333,0,0,1,1,1,1,0.5,0.5,0,0,0,0,0,0,5,163.4131018,0.4468928412,163.7555212,0.9,0.9
c1368530-f520-47d9-925f-a8eb6687d0f8,boston_sidewalk_12598,no_match,brad,2026-01-14 04:40:04.852202+00:00,00b607d3,no_match,0.4993814662,0,0.02099737968,0.6531502813,1,True,0.5,0.5,0.5,0.9,0.9989179535,1,0.02099737968,0.3468497187,0.02099737968,0.06053739861,728.810601,727.8818306,728.7833412,0,0,7.27271298,1,727.8818306,728.7767229,0,3,3,5,5,0.75,0,0,0,1,1,1,1,0.5,0.5,0,0,0,0,0,0,6,727.8681245,0.858317506,728.6359155,0.8,0.8
4701008e-1f1f-4c26-9f78-c9e1e7ae52e5,boston_sidewalk_101981,match,brad,2026-01-14 04:40:08.891779+00:00,00b607d3,no_match,0.4993560782,0,1,0.2757324138,0.959232017,True,0.5,0.5,0.5,1,0.9994109292,1,1,0.6834996032,0.6834996032,0.6834996032,1044.385529,1034.392188,1043.623582,0,0,13.73955188,1,1034.392188,1043.274973,0,3,3,4,3,0.9230769231,0.3333333333,0,0,1,1,1,1,0.5,0.5,0,0,0,0,0,0,6,1035.98964,8.39440059,1043.545642,0.95,0.95
4142b598-52c2-4399-b543-72103ae5ccd2,boston_sidewalk_108490,no_match,brad,2026-01-14 04:40:12.447035+00:00,00b607d3,no_match,0.4992907767,0.5324346853,0.8185489575,0,1,True,0.5,0.5,0.5,0.85,0.9990420407,1,0.2861142722,1,0.2861142722,0.2861142722,936.7157877,921.5452592,936.6753231,0,0,80.25407297,1,921.5452592,934.911611,1,4,4,4,3,0.9333333333,0.3333333333,0,0,1,1,1,1,0.5,0.5,0,0,0,0,0,0,6,920.4375444,16.2648269,935.0813055,0.95,0.95
462778a9-8f6f-4e8c-9d21-aa920a3e8eab,boston_sidewalk_1986,no_match,brad,2026-01-14 04:40:16.787178+00:00,00b607d3,no_match,0.4992903329,0.8555043688,0.9427170139,0,1,True,0.5,0.5,0.5,1,0.9989066703,1,0.08721264506,1,0.08721264506,0.08721264506,767.1865711,762.186261,766.7166572,0,0,31.32745516,1,762.186261,765.1192316,1,4,4,4,4,1,1,0,0,1,1,1,1,0.5,0.5,0,0,0,0,0,0,8,763.5277685,3.64687046,766.8183044,1,1
59cbc6cf-55d1-4199-aee9-01be503c00f5,boston_sidewalk_102668,match,brad,2026-01-14 04:41:14.229096+00:00,00b607d3,no_match,0.4992498022,0,1,0.05151883381,0.2696608215,True,0.5,0.5,0.5,1,0.9992038933,1,1,0.2181419877,0.2181419877,0.2181419877,695.2769407,690.5202218,695.065759,0,0,21.64030974,1,690.5202218,694.8531305,1,3,3,4,4,0.8571428571,0,0,0,1,1,1,1,0.5,0.5,0,0,0,0,0,0,8,690.7520205,3.679366883,694.0640293,0.9,0.9
094873a4-5a25-47eb-ae1c-155b7a9afe07,boston_sidewalk_102220,match,brad,2026-01-14 04:41:19.018617+00:00,00b607d3,no_match,0.4992269769,0.6389846514,1,0,0.03608000543,True,0.5,0.5,0.5,1,0.9994809023,1,0.3610153486,0.03608000543,0.03608000543,0.09994036424,446.3624811,444.9192838,446.2846588,0,0,14.77979177,1,444.9192838,446.1625014,0,4,4,3,3,0.8571428571,0,0,0,1,1,1,1,0.5,0.5,0,0,0,0,0,0,4,444.8997187,1.462638365,446.21618,0.9,0.9
bca16fe2-c568-42b5-aecd-250280181439,boston_sidewalk_1264,no_match,brad,2026-01-14 04:41:21.170753+00:00,00b607d3,no_match,0.4991824168,0,0.02951258694,0.9398468578,1,True,0.5,0.5,0.5,0.1,0.9989014894,1,0.02951258694,0.06015314215,0.02951258694,0.4906241949,142.5703958,142.2361162,142.5606008,0,0,9.821753035,0.9999999999,142.2361162,142.5377365,0,3,3,4,4,0.8571428571,0,0,0,1,1,1,1,0.5,0.5,1,0,0,0,0,0,8,142.2197365,0.2853047377,142.4765491,0.9,0.9
83413653-0c09-4b07-a901-0bf14d5ee98f,boston_sidewalk_877,no_match,brad,2026-01-14 04:41:24.614363+00:00,00b607d3,no_match,0.4991780277,0,0.1424650109,0.9770055822,1,True,0.5,0.5,0.5,0.1,0.9992234038,1,0.1424650109,0.0229944178,0.0229944178,0.1614039663,754.5020115,754.2370132,754.478433,0,0,30.75768417,0.9999999983,754.2370132,754.4234096,1,5,5,3,3,0.75,0,0,0,1,1,1,1,0.5,0.5,1,0,0,0,0,0,4,754.2763089,0.2257007799,754.4794409,0.8,0.8
df28ce59-981b-4780-a983-ace3c1849972,boston_sidewalk_108355,no_match,brad,2026-01-14 04:41:27.737861+00:00,00b607d3,no_match,0.4991749679,0,0.1034727636,0.934173388,1,True,0.5,0.5,0.5,0.1,0.9991019813,1,0.1034727636,0.06582661196,0.06582661196,0.6361733242,705.2124189,703.2407041,705.2108737,0,0,1.089497176,0.9999999999,703.2407041,705.2072643,0,1,1,3,3,0.5,0,1,0,0,0,1,0,0.5,0.5,0,0,0,0,0,0,4,703.5657752,1.63890073,705.0407978,0.8,0.8
705279fe-a95d-457b-8658-f2d99899eeec,boston_sidewalk_62389,match,brad,2026-01-14 04:41:34.382446+00:00,00b607d3,no_match,0.4990780474,0,0.02313937159,0,0.1371422721,True,0.5,0.5,0.5,0.9,0.9987972215,1,0.02313937159,0.1371422721,0.02313937159,0.1687253043,537.0896861,536.4688471,537.0161752,0,0,57.9503996,1,536.4688471,536.8444882,1,4,4,3,3,0.8571428571,0,0,0,1,1,1,1,0.5,0.5,0,0,0,0,0,0,5,536.3462715,0.2532842184,536.5742674,0.9,0.9
c1df4096-1b78-4616-9e1d-9b04af02931c,boston_sidewalk_102960,no_match,brad,2026-01-14 04:41:37.158225+00:00,00b607d3,no_match,0.4990500502,0,0.2204097415,0.6860057231,1,True,0.5,0.5,0.5,0.1,0.9995589064,1,0.2204097415,0.3139942769,0.2204097415,0.701954646,1546.736164,1505.735954,1526.873096,0,0,68.77255581,1,1505.735954,1526.749716,1,3,4,4,4,0.9333333333,0.3333333333,0,0,1,1,1,1,0.5,0.5,1,0,0,0,0,0,6,1499.018837,7.99230878,1506.224044,0.95,0.95
37946574-0e58-4691-a0f3-7897de8e1e2d,boston_sidewalk_12248,no_match,brad,2026-01-14 04:41:48.454025+00:00,00b607d3,no_match,0.4990126686,0.8528943911,1,0.007420480111,1,True,0.5,0.5,0.5,1,0.9992206607,1,0.1471056089,0.9925795199,0.1471056089,0.1482053639,1045.835462,1041.066743,1044.381678,0,0,31.71792405,1,1041.066743,1043.557559,1,3,3,3,4,0.9230769231,0.3333333333,0,0,1,1,1,1,0.5,0.5,0,0,0,0,0,0,6,1042.265098,4.01737495,1045.567828,0.95,0.95
02624f14-c0f4-48c4-878a-a7ecf8ef8240,boston_sidewalk_1144,no_match,brad,2026-01-14 04:41:50.015707+00:00,00b607d3,no_match,0.4989461106,0.5721386747,0.9367773191,0,1,True,0.5,0.5,0.5,1,0.9991337588,1,0.3646386444,1,0.3646386444,0.3646386444,907.8561084,903.4332401,907.7141059,0,0,10.72687493,0.9999999999,903.4332401,906.9003176,0,4,4,4,4,1,1,0,0,1,1,1,1,0.5,0.5,0,0,0,0,0,0,8,903.5716757,4.280240299,907.4268267,1,1
9571b0bd-062f-43e5-bef8-ec1645f81345,boston_sidewalk_21261,match,brad,2026-01-14 04:41:52.402403+00:00,00b607d3,no_match,0.4989311346,0,0.1077933426,0,0.02425355302,True,0.5,0.5,0.5,1,0.9996491999,1,0.1077933426,0.02425355302,0.02425355302,0.2250004725,1599.707719,1598.472439,1599.482339,0,0,39.47559518,0.9999999999,1598.472439,1599.443927,1,3,3,3,3,1,1,0,0,1,1,1,1,0.5,0.5,0,0,0,0,0,inf,2,1598.789195,0.9028452935,1599.612731,1,1
a3e85b54-0209-42f8-9b39-03682b17f432,boston_sidewalk_74839,no_match,brad,2026-01-14 04:41:54.498141+00:00,00b607d3,no_match,0.498784621,0.9325470067,1,0.9719754066,1,True,0.5,0.5,0.5,1,0.9994488532,1,0.06745299329,0.02802459336,0.02802459336,0.4154684914,762.8847473,761.8793837,762.8163595,0,0,9.389656251,1,761.8793837,762.7492454,0,3,3,3,3,1,1,0,0,1,1,1,1,0.5,0.5,0,0,0,0,0,0,4,761.9275796,0.6841146513,762.5429339,1,1
d339a45d-61a5-468a-b782-cceef546e839,boston_sidewalk_1873,no_match,brad,2026-01-14 04:41:57.658229+00:00,00b607d3,no_match,0.498782652,0.7343230775,0.8131615486,0,1,True,0.5,0.5,0.5,1,0.9993033764,1,0.07883847114,1,0.07883847114,0.07883847114,575.7502424,572.3403213,575.0220888,0,0,33.57893513,1,572.3403213,573.5073367,1,4,3,3,4,1,1,0,0,1,1,1,1,0.5,0.5,0,0,0,0,0,0,5,573.5073248,2.2429258,575.5259523,1,1
866b3959-47b6-42ac-b1a0-c31f8109f3d1,boston_sidewalk_5669,match,brad,2026-01-14 04:42:02.412663+00:00,00b607d3,no_match,0.4987633514,0.7183091052,0.8350895761,0,1,True,0.5,0.5,0.5,0.9,0.9997056559,1,0.1167804709,1,0.1167804709,0.1167804709,1478.991249,1475.958941,1478.894069,0,0,5.069703515,1,1475.958941,1478.74869,0,4,4,3,3,0.8571428571,0,0,0,1,1,1,1,0.5,0.5,0,0,0,0,0,0,4,1476.540158,2.450401009,1478.746002,0.9,0.9
1a7b2abb-13e3-4326-aed5-f703d9a92835,boston_sidewalk_103926,match,brad,2026-01-14 04:42:11.994753+00:00,00b607d3,no_match,0.4987591905,0,0.07433596673,0.9523317862,1,True,0.5,0.5,0.5,1,0.9990036325,1,0.07433596673,0.04766821376,0.04766821376,0.6412537007,784.7483885,784.3821863,784.7262517,0,0,11.77812153,0.9999999994,784.3821863,784.6745969,0,3,3,3,3,1,1,0,0,1,1,1,1,0.5,0.5,0,0,0,0,0,0,5,784.3452597,0.2555183478,784.5752486,1,1
5865f458-4e5b-423c-ae27-2a389090fead,boston_sidewalk_92102,no_match,brad,2026-01-14 04:42:14.632905+00:00,00b607d3,no_match,0.4987160185,0,0.02446506942,0.8961953536,1,True,0.5,0.5,0.5,0.85,0.9996259396,1,0.02446506942,0.1038046464,0.02446506942,0.2356837605,653.1126973,652.37229,652.9795027,0,0,42.21977383,1,652.37229,652.6669196,1,3,3,2,2,0.8,0,0,0,1,1,0,0,0.5,0.5,0,0,0,0,0,0,5,652.1501139,0.07443434078,652.2172344,0.9,0.9
f5d80991-b6e0-4bab-b7d7-63c69d75be26,boston_sidewalk_72540,no_match,brad,2026-01-14 04:42:18.100940+00:00,00b607d3,no_match,0.4986882726,0.9770384477,1,0,0.1437396913,True,0.5,0.5,0.5,0.85,0.9989794168,1,0.02296155232,0.1437396913,0.02296155232,0.1597439935,871.3896849,870.3394,871.364947,0,0,28.84145788,0.9999999999,870.3394,871.3070829,1,4,4,3,3,0.8571428571,0,0,0,1,1,1,1,0.5,0.5,0,0,0,0,0,0,6,870.298138,0.9265950677,871.132096,0.9,0.9
41ff8be1-350d-4fc7-bf0b-577ded8abb69,boston_sidewalk_103770,no_match,brad,2026-01-14 04:42:19.609844+00:00,00b607d3,no_match,0.4986607067,0.6937153921,0.8296827253,0,1,True,0.5,0.5,0.5,0.85,0.9993423717,1,0.1359673332,1,0.1359673332,0.1359673332,891.9398114,869.101504,886.903892,0,0,77.26353924,1,869.101504,879.2548152,1,4,3,3,4,1,1,0,0,1,1,1,1,0.5,0.5,0,0,0,0,0,0,6,876.813931,15.11654713,890.4253447,1,1
cde9962c-9250-40c8-9966-a0da8cf62a71,boston_sidewalk_22780,no_match,brad,2026-01-14 04:42:21.020416+00:00,00b607d3,no_match,0.4986042956,0,0.03671389983,0.9570270317,1,True,0.5,0.5,0.5,0.85,0.9995212036,1,0.03671389983,0.04297296831,0.03671389983,0.8543487051,2150.633781,2150.27036,2150.595133,0,0,42.94165709,0.9999999996,2150.27036,2150.556045,1,4,4,4,4,1,1,0,0,1,1,1,1,0.5,0.5,0,0,0,0,0,0,6,2150.33203,0.3016952027,2150.603595,1,1
a09c706b-15b3-4481-9343-93838c20ab45,boston_sidewalk_103326,no_match,brad,2026-01-14 04:42:26.565166+00:00,00b607d3,no_match,0.498549096,0,1,0.8825448747,0.9170771302,True,0.5,0.5,0.5,1,0.9994425596,1,1,0.03453225546,0.03453225546,0.03453225546,1177.037137,1176.461872,1176.985087,0,0,28.68760257,0.9999999998,1176.461872,1177.082582,1,3,3,4,4,0.8571428571,0,0,0,1,1,1,1,0.5,0.5,0,0,0,0,0,0,6,1176.181976,0.339750036,1176.488069,0.9,0.9
295df18b-3efc-4575-83ec-4035dbb29fd5,boston_sidewalk_102401,no_match,brad,2026-01-14 04:42:28.496823+00:00,00b607d3,no_match,0.498446879,0,0.2674610514,0.8583597081,1,True,0.5,0.5,0.5,0.85,0.9990602302,1,0.2674610514,0.1416402919,0.1416402919,0.5295735253,1189.630757,1188.81433,1189.626546,0,0,18.8105988,1,1188.81433,1189.183612,1,3,4,4,4,0.9333333333,0.3333333333,0,0,1,1,1,1,0.5,0.5,0,0,0,0,0,0,6,1188.211141,1.515253545,1189.503357,0.95,0.95
97fcb960-9c60-4c6d-a903-e66da83f5f07,boston_sidewalk_74821,no_match,brad,2026-01-14 04:42:32.335432+00:00,00b607d3,no_match,0.4983714892,0.9148644793,1,0.9642333452,1,True,0.5,0.5,0.5,0.85,0.9990053077,1,0.08513552074,0.03576665482,0.03576665482,0.4201143602,769.2396863,769.156309,769.226947,0,0,25.71541367,0.9999999999,769.156309,769.1971387,1,3,3,3,3,1,1,0,0,1,1,1,1,0.5,0.5,0,0,0,0,0,0,4,769.1350695,0.01968097454,769.1527875,1,1
f97b9f8d-41da-4999-a47d-d13894f7c9bb,boston_sidewalk_103906,match,brad,2026-01-14 04:42:43.454322+00:00,00b607d3,no_match,0.4983566436,0,0.06554568849,0,0.02836754734,True,0.5,0.5,0.5,1,0.9988641582,1,0.06554568849,0.02836754734,0.02836754734,0.4327904397,572.2450005,570.5036314,571.7156819,0,0,79.6206353,0.9999999999,570.5036314,571.3802227,1,4,4,4,4,1,1,0,0,1,1,1,1,0.5,0.5,0,0,0,0,0,0,6,570.2621267,0.2279191468,570.4606455,1,1
eecbc2ea-2ca2-4808-a276-da55e09f028f,boston_sidewalk_5748,no_match,brad,2026-01-14 04:42:45.209247+00:00,00b607d3,no_match,0.498310855,0.3384806848,0.5775015749,0,1,True,0.5,0.5,0.5,1,0.9989790349,1,0.2390208901,1,0.2390208901,0.2390208901,1938.365188,1933.767403,1938.190734,0,0,17.18724029,1,1933.767403,1937.933991,1,4,4,4,4,1,1,0,0,1,1,1,1,0.5,0.5,0,0,0,0,0,0,8,1933.743497,4.621637554,1937.903008,1,1
4cac7b56-897d-4ab4-bfa4-43885af2ac33,boston_sidewalk_108494,no_match,brad,2026-01-14 04:42:49.114233+00:00,00b607d3,no_match,0.4982585433,0.9182289085,1,0,0.02612410564,True,0.5,0.5,0.5,1,0.9989419839,1,0.08177109151,0.02612410564,0.02612410564,0.3194784998,974.3645456,973.819721,974.3201708,0,0,45.1843298,0.9999999998,973.819721,973.9228928,1,3,3,4,4,0.8571428571,0,0,0,1,1,1,1,0.5,0.5,0,0,0,0,0,0,8,973.8481403,0.5296267637,974.3155494,0.9,0.9
9f1d520b-52c3-4d50-94c2-e9ca3d934b79,boston_sidewalk_22912,no_match,brad,2026-01-14 04:42:54.403466+00:00,00b607d3,no_match,0.4982001747,0,0.03304880974,0,0.04938318589,True,0.5,0.5,0.5,0.1,0.9998275063,1,0.03304880974,0.04938318589,0.03304880974,0.66923203,570.9641697,569.9492655,570.8490876,0,0,7.034962637,1,569.9492655,570.6842369,0,3,3,2,2,0.8,0,0,0,1,1,0,0,0.5,0.5,1,0,0,0,0,0,4,570.1722044,0.7934938964,570.8852789,0.9,0.9
1d0822ee-e00f-4374-be27-3189af1dd018,boston_sidewalk_13125,match,brad,2026-01-14 04:43:00.766411+00:00,00b607d3,no_match,0.4981702723,0,0.1226434318,0,0.1736731544,True,0.5,0.5,0.5,1,0.9990608099,1,0.1226434318,0.1736731544,0.1226434318,0.7061738024,584.2816395,580.2696986,583.0962009,0,0,7.114709203,1,580.2696986,583.1224667,0,3,3,4,4,0.8571428571,0,0,0,1,1,1,1,0.5,0.5,0,0,0,0,0,0,7,580.7890631,1.241280406,581.9733826,0.9,0.9
26a1cd40-4881-438c-81b2-6fa6d2bf6469,boston_sidewalk_2050,no_match,brad,2026-01-14 04:43:03.169144+00:00,00b607d3,no_match,0.4981345596,0.9729667056,1,0,0.07398276771,True,0.5,0.5,0.5,1,0.9992743327,1,0.02703329435,0.07398276771,0.02703329435,0.3653998788,148.688906,148.2707351,148.6374562,0,0,73.96802256,0.9999999997,148.2707351,148.5582935,1,4,4,4,4,1,1,0,0,1,1,1,1,0.5,0.5,0,0,0,0,0,0,8,148.2047769,0.2266734075,148.4089276,1,1
2c76bbcc-e631-4e23-9da0-308b13bab668,boston_sidewalk_103969,no_match,brad,2026-01-14 04:43:04.899185+00:00,00b607d3,no_match,0.4981144154,0,0.03209635743,0,0.0516745134,True,0.5,0.5,0.5,1,0.998816293,1,0.03209635743,0.0516745134,0.03209635743,0.6211254894,1669.856809,1669.630457,1669.827644,0,0,61.88203399,0.9999999993,1669.630457,1669.759536,1,3,3,4,4,0.8571428571,0,0,0,1,1,1,1,0.5,0.5,0,0,0,0,0,0,7,1669.581842,0.08052543559,1669.654319,0.9,0.9
cf21e744-3727-4822-a4ca-294884880e51,boston_sidewalk_103500,no_match,brad,2026-01-14 04:43:07.453051+00:00,00b607d3,no_match,0.4981030288,0,0.09329081516,0,0.0566091228,True,0.5,0.5,0.5,0.1,0.9992274603,1,0.09329081516,0.0566091228,0.0566091228,0.6068027458,636.6179505,632.9750797,635.9655927,0,0,26.35371366,0.9999999999,632.9750797,635.8163378,1,6,4,4,4,0.8888888889,0.3333333333,0,0,1,1,1,1,0.5,0.5,1,0,0,0,0,0,8,632.9933147,2.26714308,635.0706875,0.9,0.9
5b81cb33-e30f-482e-a14d-491eabd64aca,boston_sidewalk_102467,match,brad,2026-01-14 04:43:12.438156+00:00,00b607d3,no_match,0.4980539938,0,0.04266800793,0,0.03693946228,True,0.5,0.5,0.5,0.9,0.9993826523,1,0.04266800793,0.03693946228,0.03693946228,0.8657414318,1002.046292,1001.705506,1002.026396,0,0,30.54743855,0.9999999999,1001.705506,1002.016497,1,4,4,4,4,1,1,0,0,1,1,1,1,0.5,0.5,0,0,0,0,0,0,8,1001.724766,0.3223595154,1002.014306,1,1
d9e2b05c-035c-4582-80b3-f87802aacd0c,boston_sidewalk_5480,no_match,brad,2026-01-14 04:43:17.124478+00:00,00b607d3,no_match,0.4979874189,0.5407154349,0.822490915,0,1,True,0.5,0.5,0.5,0.85,0.9994241602,1,0.2817754801,1,0.2817754801,0.2817754801,321.4155376,318.0347521,321.24293,0,0,6.835420197,1,318.0347521,320.9798947,0,3,3,3,3,1,1,0,0,1,1,1,1,0.5,0.5,0,0,0,0,0,0,4,317.4377763,3.106950389,320.2394726,1,1
b810e679-9ec8-4431-9cc1-9bb1c33063f6,boston_sidewalk_1258,no_match,brad,2026-01-14 04:43:18.712488+00:00,00b607d3,no_match,0.4979191593,0,0.1259117496,0.9141815716,1,True,0.5,0.5,0.5,0.1,0.9995524744,1,0.1259117496,0.08581842836,0.08581842836,0.6815760137,435.912232,435.8828133,435.9119982,0,0,7.881136418,0.9999999999,435.8828133,435.9106808,1,3,4,4,4,0.9333333333,0.3333333333,0,0,1,1,1,1,0.5,0.5,1,0,0,0,0,0,8,435.8823592,0.02824970947,435.907829,0.95,0.95
c71b9627-6687-4b3a-8900-157ee1c03412,boston_sidewalk_12464,no_match,brad,2026-01-14 04:43:20.879108+00:00,00b607d3,no_match,0.4978041036,0.09560716067,0.2486284542,0,1,True,0.5,0.5,0.5,0.9,0.9996038285,1,0.1530212935,1,0.1530212935,0.1530212935,922.7818728,914.2354625,922.3789598,0,0,13.73690181,1,914.2354625,922.5543006,0,3,3,4,3,0.9230769231,0.3333333333,0,0,1,1,1,1,0.5,0.5,0,0,0,0,0,0,5,913.1284514,8.493793349,920.778779,0.95,0.95
6767101a-68e0-4d65-bf04-465e202e14ce,boston_sidewalk_103712,no_match,brad,2026-01-14 04:43:22.136930+00:00,00b607d3,no_match,0.4977727695,3.402041276e-05,1,0,0.6579554737,True,0.5,0.5,0.5,0.85,0.9993454039,1,0.9999659796,0.6579554737,0.6579554737,0.6579778583,545.381317,533.8435836,542.9715307,0,0,63.81636904,1,533.8435836,539.2875776,1,4,3,1,4,0.8333333333,0.3333333333,0,1,0,1,1,1,0.5,0.5,0,0,0,0,0,inf,4,531.0048683,2.710539015,533.4769088,0.9,0.9
f07a1bc4-8a7c-4f6b-9fae-429d6788b98e,boston_sidewalk_103088,no_match,brad,2026-01-14 04:43:24.970175+00:00,00b607d3,no_match,0.4976960167,0.9280404874,1,0.8732174576,1,True,0.5,0.5,0.5,0.1,0.9990472507,1,0.07195951264,0.1267825424,0.07195951264,0.5675821866,423.5100874,423.1334829,423.5100347,0,0,9.84651881,1,423.1334829,423.4364602,1,4,4,3,3,0.8571428571,0,0,0,1,1,1,1,0.5,0.5,1,0,0,0,0,0,6,423.1272795,0.3763413763,423.4702677,0.9,0.9
8b27794b-633d-41ab-a862-1024b1599336,boston_sidewalk_62198,no_match,brad,2026-01-14 04:43:26.670444+00:00,00b607d3,no_match,0.4976594269,0.9752582884,1,0.9008969573,1,True,0.5,0.5,0.5,0.5,0.99988531,1,0.02474171162,0.0991030427,0.02474171162,0.2496564278,1535.563504,1535.223027,1535.50747,0,0,57.11856637,0.9999999996,1535.223027,1535.376619,1,4,4,1,1,0.4,0,0,1,0,1,0,0,0.5,0.5,0,0,0,0,1.772366075,8.574125816,1,1535.129624,0.06030503399,1535.183907,0.7,0.7
734fc881-9762-414d-b1aa-307b2234a166,boston_sidewalk_22875,no_match,brad,2026-01-14 04:43:28.277906+00:00,00b607d3,no_match,0.4976526098,0,0.4679092153,0,0.02067357978,True,0.5,0.5,0.5,0.85,0.9993831547,1,0.4679092153,0.02067357978,0.02067357978,0.04418288657,564.590375,564.1472697,564.495049,0,0,39.34447615,0.9999999999,564.1472697,564.4085487,1,3,4,3,3,0.9230769231,0.3333333333,0,0,1,1,1,1,0.5,0.5,0,0,0,0,0,0,5,564.0954501,0.1180824692,564.1986012,0.95,0.95
b1456da9-6ff0-4255-82cf-f5dc12fa1da4,boston_sidewalk_102645,no_match,brad,2026-01-14 04:43:31.365222+00:00,00b607d3,no_match,0.4975700896,0,1,0.159036579,0.292989753,True,0.5,0.5,0.5,1,0.9992560478,1,1,0.133953174,0.133953174,0.133953174,615.0245074,612.2352822,614.4385629,0,0,18.34312368,1,612.2352822,613.5595362,1,3,2,2,2,0.8888888889,0.3333333333,0,0,1,1,0,0,0.5,0.5,0,0,0,0,0,0,4,613.1832563,1.836067322,614.8393456,0.95,0.95
bc3bb3a8-1465-4ff7-b136-f56aa71a0b61,boston_sidewalk_103682,match,brad,2026-01-14 04:43:33.783331+00:00,00b607d3,no_match,0.4975516294,0,0.03212410028,0,0.05160276475,True,0.5,0.5,0.5,1,0.9990945702,1,0.03212410028,0.05160276475,0.03212410028,0.6225267277,1899.243061,1898.586588,1899.110631,0,0,19.44333749,0.9999999999,1898.586588,1898.911983,1,3,3,2,2,0.8,0,0,0,1,1,0,0,0.5,0.5,0,0,0,0,0,0,5,1898.437538,0.1432793471,1898.566553,0.9,0.9
d6d288ba-c45d-4496-8425-ec847f308c5b,boston_sidewalk_2082,match,brad,2026-01-14 04:43:53.849698+00:00,00b607d3,no_match,0.4974831656,0.9680811426,1,0.9478586618,1,True,0.5,0.5,0.5,1,0.9999189701,1,0.03191885741,0.05214133816,0.03191885741,0.6121603038,1330.505957,1330.257585,1330.476035,0,0,77.04814526,0.9999999998,1330.257585,1330.406197,1,3,3,2,2,0.8,0,0,0,1,1,0,0,0.5,0.5,0,0,0,0,0,0,4,1330.307454,0.1985022598,1330.486106,0.9,0.9
8633f139-0b60-4f83-b058-bda4ca528c0e,boston_sidewalk_102208,no_match,brad,2026-01-14 04:43:59.423158+00:00,00b607d3,no_match,0.4974535363,0.9782354776,1,0.7807858772,1,True,0.5,0.5,0.5,0.9,0.9989649549,1,0.02176452242,0.2192141228,0.02176452242,0.09928430769,894.3328777,892.4186581,894.2731897,0,0,54.96502133,0.9999999999,892.4186581,894.1813094,1,4,4,3,3,0.8571428571,0,0,0,1,1,1,1,0.5,0.5,0,0,0,0,0,0,6,892.5574302,1.476839353,893.8867033,0.9,0.9
0add5ac5-3a29-4b0e-8379-1ff3287eb372,boston_sidewalk_74168,no_match,brad,2026-01-14 04:44:02.724838+00:00,00b607d3,no_match,0.497444587,0.9707532743,1,0,0.06128869989,True,0.5,0.5,0.5,0.9,0.9990751582,1,0.0292467257,0.06128869989,0.0292467257,0.4771960534,1008.025441,1007.253752,1007.942779,0,0,61.62373999,0.9999999999,1007.253752,1007.749728,1,2,2,4,4,0.6666666667,0,0,0,1,0,1,0,0.5,0.5,0,0,0,0,0,0,7,1007.115937,0.3583798248,1007.438511,0.8,0.8
c610213f-5f73-4877-9e70-67b8e51fbb1e,boston_sidewalk_103822,no_match,brad,2026-01-14 04:44:04.900861+00:00,00b607d3,no_match,0.4974374971,0.6937603324,1,0,0.2359266989,True,0.5,0.5,0.5,1,0.999428732,1,0.3062396676,0.2359266989,0.2359266989,0.7703988863,431.0518579,428.1580131,430.8961978,0,0,46.24307377,1,428.1580131,431.0548442,1,4,4,4,4,1,1,0,0,1,1,1,1,0.5,0.5,0,0,0,0,0,0,7,426.6600773,4.207352343,430.4081603,1,1
227fa1fc-6095-4354-b33b-670662c87b34,boston_sidewalk_61813,no_match,brad,2026-01-14 04:44:06.610927+00:00,00b607d3,no_match,0.4974297581,0,0.02770368374,0.930612417,1,True,0.5,0.5,0.5,0.9,0.9988387853,1,0.02770368374,0.06938758305,0.02770368374,0.3992599615,1156.066345,1155.866692,1156.05737,0,0,73.86702808,0.9999999992,1155.866692,1156.036402,1,2,2,3,3,0.8,0,0,0,1,0,1,0,0.5,0.5,0,0,0,0,0,0,6,1155.881648,0.1846955046,1156.047875,0.9,0.9
5d9cbf9a-3ed6-47ca-98a5-3cdb22dd54a3,boston_sidewalk_1317,no_match,brad,2026-01-14 04:44:08.014329+00:00,00b607d3,no_match,0.497402235,0,0.02165975948,0.7695597015,1,True,0.5,0.5,0.5,1,0.9995435859,1,0.02165975948,0.2304402985,0.02165975948,0.09399293276,1405.666462,1404.532497,1405.450755,0,0,35.21666427,1,1404.532497,1405.127159,1,4,4,4,4,1,1,0,0,1,1,1,1,0.5,0.5,0,0,0,0,0,0,8,1404.317594,0.2702134848,1404.56087,1,1
412b2736-9dc0-4dea-9dd7-a50178a0d4f2,boston_sidewalk_103508,no_match,brad,2026-01-14 04:44:09.363010+00:00,00b607d3,no_match,0.497374322,0.6535092407,0.9955654991,0,1,True,0.5,0.5,0.5,0.9,0.9990346845,1,0.3420562584,1,0.3420562584,0.3420562584,773.8280489,764.1594167,771.1929785,0,0,15.08202777,1,764.1594167,771.5133553,1,4,3,3,3,0.9230769231,0.3333333333,0,0,1,1,1,1,0.5,0.5,0,0,0,0,0,0,4,761.5255291,7.711619575,769.0847988,0.95,0.95
11fe7216-9791-45e5-826f-1785732ded0c,boston_sidewalk_102445,no_match,brad,2026-01-14 04:47:18.406017+00:00,00b607d3,no_match,0.4973107066,0,1,0.8291602664,0.9731483173,True,0.5,0.5,0.5,0.85,0.9988641783,1,1,0.1439880509,0.1439880509,0.1439880509,272.5856557,268.3215944,272.5601686,0,0,2.110743889,1,268.3215944,272.5319959,0,4,4,4,4,1,1,0,0,1,1,1,1,0.5,0.5,0,0,0,0,0,inf,3,269.6382812,2.940452107,272.2895337,1,1
31f3f959-8f17-4c0a-a77f-cea2a8a80842,boston_sidewalk_103025,no_match,brad,2026-01-14 04:47:21.015819+00:00,00b607d3,no_match,0.4972943667,0.9050422315,1,0,0.02501432953,True,0.5,0.5,0.5,0.1,0.9989761297,1,0.09495776855,0.02501432953,0.02501432953,0.2634258356,877.1334766,876.6053755,877.1235036,0,0,19.47315005,0.9999999992,876.6053755,877.1238479,1,3,3,4,4,0.8571428571,0,0,0,1,1,1,1,0.5,0.5,1,0,0,0,0,0,6,876.6540154,0.450061134,877.0563802,0.9,0.9
6f47fb57-de29-422e-af8f-d40a84b05776,boston_sidewalk_108353,match,brad,2026-01-15 04:30:44.487719+00:00,84126b50,review,0.7493835361,0,0.0274475855,0,0.07104792714,True,0.5,0.5,0.5,0.9,0.9992950923,1,0.0274475855,0.07104792714,0.0274475855,0.3863249302,265.2225844,264.3390424,265.2218623,0,0,14.9807213,1,264.3390424,265.2155876,0,3,3,3,3,1,1,0,0,1,1,1,1,0.5,0.5,0,0,0,0,0,0,6,264.3667292,0.8528524695,265.1363983,1,1
43abd185-a0a2-4805-bff2-bed18a43edef,boston_sidewalk_12346,match,brad,2026-01-15 04:30:51.171577+00:00,84126b50,review,0.749304493,0.9534184193,1,0.9655651773,1,True,0.5,0.5,0.5,0.9,0.9992296371,1,0.04658158072,0.03443482265,0.03443482265,0.7392368854,858.9662677,858.7734929,858.9647142,0,0,2.638459385,1,858.7734929,858.9610893,0,3,3,3,3,1,1,0,0,1,1,1,1,0.5,0.5,0,0,0,0,0,0,5,858.7760798,0.1901856402,858.9472485,1,1
f77b545b-ec77-4b55-a8c2-e04a1c1123ed,boston_sidewalk_12473,match,brad,2026-01-15 04:30:56.127488+00:00,84126b50,review,0.7492587726,0,0.02739584395,0.6566400417,1,True,0.5,0.5,0.5,0.9,0.9989976137,1,0.02739584395,0.3433599583,0.02739584395,0.07978753285,664.0379378,662.9049211,664.0354126,0,0,11.13615732,0.9999999999,662.9049211,664.0719352,0,2,2,2,2,1,1,0,0,1,0,0,1,0.5,0.5,0,0,0,0,0,0,3,662.8921221,1.188243181,663.9318417,1,1
f87f8ce6-0d10-4863-bb2e-560b41b81c5b,boston_sidewalk_102216,no_match,brad,2026-01-15 04:31:01.373338+00:00,84126b50,review,0.748793778,0.9071243685,1,0.9748370676,1,True,0.5,0.5,0.5,0.1,0.9996288136,1,0.09287563146,0.02516293239,0.02516293239,0.2709314811,360.1446502,359.3716513,360.1333033,0,0,56.42290192,1,359.3716513,359.4816085,1,4,3,4,4,0.9333333333,0.3333333333,0,0,1,1,1,1,0.5,0.5,1,0,0,0,0,0,6,359.4726063,0.6490467983,360.0728464,0.95,0.95
f65f84f2-adf0-4150-9891-ebf43f722625,boston_sidewalk_1638,match,brad,2026-01-15 04:31:07.008274+00:00,84126b50,review,0.7487779773,0.9397986462,1,0.6648408687,1,True,0.5,0.5,0.5,1,0.9992176451,1,0.06020135381,0.3351591313,0.06020135381,0.1796202108,919.390331,914.9982911,918.5360988,0,0,61.47627913,1,914.9982911,917.2512264,1,3,3,3,3,1,1,0,0,1,1,1,1,0.5,0.5,1,0,0,0,0,0,4,914.051353,1.066099563,915.0120451,1,1
ae26d565-9fd8-4fe1-baf5-e3041e2a535d,boston_sidewalk_2230,match,brad,2026-01-15 04:31:10.693717+00:00,84126b50,review,0.7486363349,0.3782838214,0.4421701575,0,1,True,0.5,0.5,0.5,1,0.9995542794,1,0.0638863361,1,0.0638863361,0.0638863361,781.5176353,775.4756562,781.1672872,0,0,30.07741309,1,775.4756562,780.8118753,1,4,4,3,3,0.8571428571,0,0,0,1,1,1,1,0.5,0.5,0,0,0,0,0,0,4,775.2254536,4.889213535,779.6268486,0.9,0.9
e057e983-d51a-4a1b-8243-5e5b256caa01,boston_sidewalk_22996,no_match,brad,2026-01-15 04:31:14.376534+00:00,84126b50,review,0.7483340604,0.2993245645,1,0.383761763,1,True,0.5,0.5,0.5,0.1,0.9993282735,1,0.7006754355,0.616238237,0.616238237,0.8794917101,1313.126793,1262.065862,1289.66311,0,0,53.21165498,1,1262.065862,1298.19218,1,4,3,4,3,1,1,0,0,1,1,1,1,0.5,0.5,1,0,0,0,0,0,6,1280.751402,32.40954002,1309.891486,1,1
055d3041-e14c-4049-adba-e40af40e7ba5,boston_sidewalk_13245,match,brad,2026-01-15 04:31:18.034405+00:00,84126b50,review,0.7481873244,0.4358824422,1,0,0.7281331753,True,0.5,0.5,0.5,0.9,0.9992828017,1,0.5641175578,0.7281331753,0.5641175578,0.7747450287,374.0567531,361.3569506,372.4816663,0,0,26.90422457,1,361.3569506,366.146303,1,4,3,4,4,0.9333333333,0.3333333333,0,0,1,1,1,1,0.5,0.5,0,0,0,0,0,0,7,358.7990731,0.5136766922,359.4856558,0.95,0.95
4fd95a7c-1eea-40bb-a47b-75c7b290cc23,boston_sidewalk_103257,no_match,brad,2026-01-15 04:31:23.093011+00:00,84126b50,review,0.7481160637,0.7144427581,1,0,0.880589698,True,0.5,0.5,0.5,0.1,0.9992872639,1,0.2855572419,0.880589698,0.2855572419,0.3242795624,2137.97976,2123.886319,2137.354219,0,0,12.17684365,1,2123.886319,2137.41711,0,4,3,3,3,0.9230769231,0.3333333333,0,0,1,1,1,1,0.5,0.5,1,0,0,0,0,0,4,2124.880462,12.95455465,2136.635589,0.95,0.95
898c28cf-ee9f-4001-bb85-a7cf5ac7039b,boston_sidewalk_102249,no_match,brad,2026-01-15 04:31:25.754274+00:00,84126b50,review,0.7480190016,0,0.5062071797,0.8915505918,1,True,0.5,0.5,0.5,0.1,0.999243601,1,0.5062071797,0.1084494082,0.1084494082,0.2142391742,1095.557554,1093.839824,1095.555522,0,0,10.03520583,1,1093.839824,1093.724098,0,3,4,3,3,0.9230769231,0.3333333333,0,0,1,1,1,1,0.5,0.5,1,0,0,0,0,0,4,1093.336367,2.086480666,1094.889024,0.95,0.95
e236bd35-8c58-4de0-a22a-7db57d026284,boston_sidewalk_5695,match,brad,2026-01-15 04:31:30.013877+00:00,84126b50,review,0.7478029018,0.008224783555,0.02003259172,0,1,True,0.5,0.5,0.5,1,0.9988948334,1,0.01180780817,1,0.01180780817,0.01180780817,1467.880473,1466.056023,1467.597134,0,0,22.23461793,1,1466.056023,1466.935968,1,4,4,2,4,0.8571428571,0.3333333333,0,0,1,1,1,1,0.5,0.5,0,0,0,0,0,0,5,1465.583035,0.407754104,1465.950542,0.9,0.9
59683d02-ea82-4f04-a9b4-a83b8174ff73,boston_sidewalk_100236,match,brad,2026-01-15 04:31:32.156014+00:00,84126b50,review,0.7476828214,0.5205176971,0.6202990748,0,1,True,0.5,0.5,0.5,0.85,0.9992783125,1,0.09978137772,1,0.09978137772,0.09978137772,674.6162042,663.9856509,673.6046486,0,0,23.09704068,1,663.9856509,672.5801713,1,4,4,3,3,0.8571428571,0,0,0,1,1,1,1,0.5,0.5,0,0,0,0,0,0,4,666.5305596,8.076283994,673.8057676,0.9,0.9
ff28f90b-d438-478a-9002-361999a61ff6,boston_sidewalk_103766,match,brad,2026-01-15 04:31:36.060556+00:00,84126b50,review,0.7476227958,0,1,6.886972092e-06,0.1164599103,True,0.5,0.5,0.5,1,0.9998093317,1,1,0.1164530233,0.1164530233,0.1164530233,2007.032893,2005.100874,2006.704251,0,0,77.04677147,1,2005.100874,2006.210018,1,3,3,3,3,1,1,0,0,1,1,1,1,0.5,0.5,0,0,0,0,0,0,6,2005.54798,1.484903775,2006.8844,1,1
741d903b-371c-403b-bde9-d9818643a6a3,boston_sidewalk_12568,match,brad,2026-01-15 04:31:38.246320+00:00,84126b50,review,0.7474730884,0.7767813706,0.9026882347,0,1,True,0.5,0.5,0.5,0.9,0.999317889,1,0.1259068641,1,0.1259068641,0.1259068641,728.4272591,721.2565147,726.9848326,0,0,31.87540392,1,721.2565147,727.1897221,1,3,3,3,3,1,1,0,0,1,1,1,1,0.5,0.5,0,0,0,0,0,0,4,722.2970115,3.337588145,725.2363054,1,1
e8296526-02b6-4dd4-8520-ed22ba459b58,boston_sidewalk_22379,match,brad,2026-01-15 04:31:40.524455+00:00,84126b50,review,0.7473664562,0,0.2326878179,0,0.1527515968,True,0.5,0.5,0.5,1,0.9988778813,1,0.2326878179,0.1527515968,0.1527515968,0.6564658098,1127.050061,1122.682594,1126.590217,0,0,12.7746211,1,1122.682594,1125.734674,0,4,4,3,3,0.8571428571,0,0,0,1,1,1,1,0.5,0.5,0,0,0,0,0,0,3,1123.082968,2.814871142,1125.61818,0.9,0.9
129f2628-3344-46e1-b616-6444698b7adc,boston_sidewalk_5692,match,brad,2026-01-15 04:31:42.887312+00:00,84126b50,review,0.7473266941,0.6217289714,0.9812388246,0,1,True,0.5,0.5,0.5,1,0.9991177637,1,0.3595098532,1,0.3595098532,0.3595098532,1778.333455,1773.136745,1778.32754,0,0,43.09633853,1,1773.136745,1778.313834,1,4,3,4,4,0.9333333333,0.3333333333,0,0,1,1,1,1,0.5,0.5,0,0,0,0,0,0,8,1773.302599,5.030495018,1777.830297,0.95,0.95
c35a753d-1bf5-41f7-b09c-d3a71e5dccd6,boston_sidewalk_103329,no_match,brad,2026-01-15 04:31:54.527069+00:00,84126b50,review,0.7470572112,0,0.03630284942,0,0.04355014504,True,0.5,0.5,0.5,1,0.9992110106,1,0.03630284942,0.04355014504,0.03630284942,0.8335873369,1116.386005,1115.076705,1116.131772,0,0,81.94488899,1,1115.076705,1115.571957,1,3,3,2,2,0.8,0,0,0,1,1,0,0,0.5,0.5,0,0,0,0,0,0,8,1115.473886,0.9121117253,1116.294791,0.9,0.9
f5a4f3c1-fd45-42a3-8381-f2c10310a74e,boston_sidewalk_12628,match,brad,2026-01-15 04:31:56.979809+00:00,84126b50,review,0.747049882,0,1,0.2539048902,0.319215746,True,0.5,0.5,0.5,0.9,0.999352799,1,1,0.06531085578,0.06531085578,0.06531085578,666.2861911,665.1015624,666.2642232,0,0,50.73123547,0.9999999999,665.1015624,666.2121319,1,3,3,3,3,1,1,0,0,1,1,1,1,0.5,0.5,0,0,0,0,0,0,5,665.0648581,1.07478911,666.0322321,1,1
1598b045-35ae-40d8-9c58-1d5caef4c7f8,boston_sidewalk_72924,match,brad,2026-01-15 04:32:02.270270+00:00,84126b50,review,0.7469895162,0,0.02588924732,0,0.08416085563,True,0.5,0.5,0.5,0.9,0.9994036347,1,0.02588924732,0.08416085563,0.02588924732,0.3076162561,789.4540257,789.3248144,789.4373807,0,0,21.29788721,0.9999999993,789.3248144,789.3981548,1,3,3,2,2,0.8,0,0,0,1,1,0,0,0.5,0.5,0,0,0,0,0,9.480215645,1,789.3525247,0.1014695647,789.4438693,0.9,0.9
1e2ecca7-fb15-457d-a211-6012087d5c07,boston_sidewalk_102387,no_match,brad,2026-01-15 04:32:04.963009+00:00,84126b50,review,0.7469838812,0.8305574832,1,0.970830201,1,True,0.5,0.5,0.5,0.1,0.9993280002,1,0.1694425168,0.02916979899,0.02916979899,0.1721515919,390.7479223,389.8919404,390.7302666,0,0,1.863440869,1,389.8919404,390.7514231,0,4,4,3,3,0.8571428571,0,0,0,1,1,1,1,0.5,0.5,1,0,0,0,0,0,8,390.0758009,0.6334803835,390.6376705,0.9,0.9
68eca339-2396-4352-bdd2-59baccd51e8c,boston_sidewalk_103845,match,brad,2026-01-15 04:32:07.607648+00:00,84126b50,review,0.74675957,0.9407328881,1,0.9702693469,1,True,0.5,0.5,0.5,1,0.999108872,1,0.0592671119,0.02973065306,0.02973065306,0.5016382966,514.2343964,512.2949685,514.056988,0,0,35.00364885,1,512.2949685,514.1276883,1,3,3,3,3,1,1,0,0,1,1,1,1,0.5,0.5,0,0,0,0,0,0,4,512.5109178,1.381172148,513.7176186,1,1
59759ce3-2149-4af6-a365-2ee73de6c128,boston_sidewalk_102860,no_match,brad,2026-01-15 04:32:10.640053+00:00,84126b50,review,0.7463831126,0,0.1281214301,0.9748231398,1,True,0.5,0.5,0.5,0.1,0.9995414122,1,0.1281214301,0.0251768602,0.0251768602,0.1965077987,403.5907016,402.8229387,403.5643136,0,0,4.078762479,0.9999999999,402.8229387,403.5842413,0,4,4,4,4,1,1,0,0,1,1,1,1,0.5,0.5,1,0,0,0,0,0,8,402.9481364,0.5718651319,403.4507331,1,1
5eaa2f80-fea7-42bd-9512-dd5fd29f1a41,boston_sidewalk_12229,no_match,brad,2026-01-15 04:32:14.249067+00:00,84126b50,review,0.7463807731,0,0.0238599509,0,0.1163216958,True,0.5,0.5,0.5,0.1,0.9990769177,1,0.0238599509,0.1163216958,0.0238599509,0.205120384,749.6493539,747.112587,749.6273994,0,0,10.86864632,1,747.112587,749.5760258,0,4,4,3,3,0.8571428571,0,0,0,1,1,1,1,0.5,0.5,1,0,0,0,0,9.961497272,4,747.1491726,2.500176108,749.3993347,0.9,0.9
d2c93da2-d6fc-4bfb-9e91-9b00485f4df4,boston_sidewalk_74136,no_match,brad,2026-01-15 04:32:28.076516+00:00,84126b50,no_match,0.4999289725,0.9073261318,1,0.9748222164,1,True,0.5,0.5,0.5,0.9,0.9991060336,1,0.09267386819,0.0251777836,0.0251777836,0.2716815871,1133.735208,1133.620362,1133.721214,0,0,11.26653844,0.9999999999,1133.620362,1133.688563,0,2,2,4,4,0.6666666667,0,0,0,1,0,1,0,0.5,0.5,0,0,0,0,0,0,5,1133.643676,0.09152349915,1133.726053,0.8,0.8
8e78a763-9e24-4f57-bcb4-e9112f6868a3,boston_sidewalk_12140,no_match,brad,2026-01-15 04:32:30.092220+00:00,84126b50,no_match,0.4998937921,0,0.6468365988,0,0.555811819,True,0.5,0.5,0.5,0.9,0.9989571176,1,0.6468365988,0.555811819,0.555811819,0.8592770106,445.0889258,441.8855071,444.6668669,0,0,14.2325623,1,441.8855071,444.5732345,0,2,3,3,3,0.9090909091,0.3333333333,0,0,1,1,1,1,0.5,0.5,0,0,0,0,0,0,4,441.6390906,2.704372058,444.1403247,0.95,0.95
73770bf0-3876-4766-b717-f13011e86180,boston_sidewalk_2041,no_match,brad,2026-01-15 04:32:31.498504+00:00,84126b50,no_match,0.499864387,0,0.06163395902,0.7674825823,1,True,0.5,0.5,0.5,0.9,0.9992315892,1,0.06163395902,0.2325174177,0.06163395902,0.265072439,787.2950291,785.4427651,787.0124189,0,0,48.9664647,1,785.4427651,786.1203947,1,2,2,4,4,0.6666666667,0,0,0,1,0,1,0,0.5,0.5,0,0,0,0,0,0,7,786.0199091,1.307741308,787.1740414,0.8,0.8
674dad7a-d7ab-466c-8da3-1b2babdfd423,boston_sidewalk_1768,match,brad,2026-01-15 04:32:38.290590+00:00,84126b50,no_match,0.4997692109,0.9608201267,1,0,0.04002437568,True,0.5,0.5,0.5,0.9,0.9988666011,1,0.03917987332,0.04002437568,0.03917987332,0.9789002989,919.5067682,919.1200702,919.4398543,0,0,54.32147329,0.9999999995,919.1200702,919.2837066,1,3,3,3,3,1,1,0,0,1,1,1,1,0.5,0.5,0,0,0,0,0,0,6,919.0085306,0.05212873384,919.055458,1,1
6981a33c-2c60-4e67-9f46-6d1e2f7d5322,boston_sidewalk_12247,no_match,brad,2026-01-15 04:32:42.429438+00:00,84126b50,no_match,0.4996953063,0.9076326338,1,0,0.7537957111,True,0.5,0.5,0.5,0.9,0.9992690763,1,0.09236736622,0.7537957111,0.09236736622,0.1225363382,1039.53711,1038.37549,1039.438066,0,0,25.92824827,1,1038.37549,1039.182589,1,3,3,3,4,0.9230769231,0.3333333333,0,0,1,1,1,1,0.5,0.5,0,0,0,0,0,0,6,1038.538577,0.9965474629,1039.436859,0.95,0.95
eb5ea701-7859-42a3-9fd3-2847543ea2bf,boston_sidewalk_73167,no_match,brad,2026-01-15 04:32:45.369781+00:00,84126b50,no_match,0.4994675293,0.1350836077,0.315826436,0,1,True,0.5,0.5,0.5,0.85,0.9989642359,1,0.1807428283,1,0.1807428283,0.1807428283,884.5971327,872.0347806,883.5628097,0,0,32.51523829,1,872.0347806,881.7318197,1,2,4,3,3,0.8333333333,0,0,0,1,1,1,1,0.5,0.5,0,0,0,0,0,0,4,872.3735122,7.038626183,878.7176304,0.9,0.9
881e7606-9c86-4be6-a66e-56417ec1f28f,boston_sidewalk_103261,no_match,brad,2026-01-15 04:32:47.279132+00:00,84126b50,no_match,0.4993837836,0,0.1075335053,0.9757332537,1,True,0.5,0.5,0.5,0.85,0.998946258,1,0.1075335053,0.0242667463,0.0242667463,0.2256668397,2127.83952,2127.142331,2127.526249,0,0,50.82444025,0.9999999994,2127.142331,2127.532659,1,3,3,3,3,1,1,0,0,1,1,1,1,0.5,0.5,0,0,0,0,0,0,6,2127.067013,0.0952038263,2127.137523,1,1
7d978f23-01d2-413b-8025-2663a76ca5e8,boston_sidewalk_2188,no_match,brad,2026-01-15 04:32:48.478125+00:00,84126b50,no_match,0.4991638766,0,0.06240301456,0.9710003849,1,True,0.5,0.5,0.5,0.85,0.9992463255,1,0.06240301456,0.02899961511,0.02899961511,0.4647149712,707.0315062,706.7068385,706.9683521,0,0,64.74185529,0.9999999999,706.7068385,706.8209776,1,4,4,4,4,1,1,0,0,1,1,1,1,0.5,0.5,0,0,0,0,0,0,8,706.6015682,0.008896981747,706.6095849,1,1
c765792c-ffd7-49bf-97ad-5405a3b4b88d,boston_sidewalk_102890,no_match,brad,2026-01-15 04:32:53.476180+00:00,84126b50,no_match,0.4991471021,0.9283643296,1,0.9726391388,1,True,0.5,0.5,0.5,0.9,0.9993582731,1,0.0716356704,0.02736086119,0.02736086119,0.3819446518,958.8893407,958.7051181,958.8774969,0,0,48.13365361,0.999999999,958.7051181,958.8496425,1,4,3,2,2,0.7272727273,0,0,0,1,1,0,0,0.5,0.5,0,0,0,0,0,0,6,958.6853591,0.1250035045,958.7978757,0.85,0.85
9e5349fe-172a-4183-99b8-3c098c8a972f,boston_sidewalk_61737,no_match,brad,2026-01-15 04:32:58.397488+00:00,84126b50,no_match,0.4991447039,0,0.9672800292,0.5269149853,1,True,0.5,0.5,0.5,0.9,0.9993427349,1,0.9672800292,0.4730850147,0.4730850147,0.4890879584,1279.211306,1275.375407,1278.741443,0,0,80.88887959,0.9999999999,1275.375407,1277.634049,1,3,3,2,2,0.8,0,0,0,1,1,0,0,0.5,0.5,0,0,0,0,0,0,3,1274.590859,1.486585288,1275.929796,0.9,0.9
abcd272f-6c1f-404d-ab04-23a250431b8c,boston_sidewalk_61803,no_match,brad,2026-01-15 04:32:59.638446+00:00,84126b50,no_match,0.4989992865,0,0.0242465297,0.8920677066,1,True,0.5,0.5,0.5,0.85,0.9996143693,1,0.0242465297,0.1079322934,0.0242465297,0.2246457379,598.1196975,598.0413067,598.1190737,0,0,1.976339906,0.9999999996,598.0413067,598.117618,0,3,3,3,3,1,1,0,0,1,1,1,1,0.5,0.5,0,0,0,0,0,0,4,598.0423455,0.07735105795,598.1119621,1,1
20153376-71a7-4298-a8b4-b7c00cd5ac12,boston_sidewalk_103007,no_match,brad,2026-01-15 04:33:00.861819+00:00,84126b50,no_match,0.498919783,0.4053259953,0.4302704734,0,1,True,0.5,0.5,0.5,0.85,0.9989595526,1,0.0249444782,1,0.0249444782,0.0249444782,1578.74138,1577.665635,1578.172737,0,0,36.62846582,0.9999999998,1577.665635,1578.312187,1,4,4,4,4,1,1,0,0,1,1,1,1,0.5,0.5,0,0,0,0,0,0,4,1577.543682,0.1723996157,1577.681479,1,1
891f4bb9-8f0b-4008-9b1f-98b687bc3678,boston_sidewalk_72599,no_match,brad,2026-01-15 04:33:02.625095+00:00,84126b50,no_match,0.4989021237,0,0.02043643419,0,0.6345710208,True,0.5,0.5,0.5,0.85,0.9992924654,1,0.02043643419,0.6345710208,0.02043643419,0.03220511736,860.4036001,857.6052451,860.1388536,0,0,27.47907635,1,857.6052451,859.5205993,1,3,3,4,3,0.9230769231,0.3333333333,0,0,1,1,1,1,0.5,0.5,0,0,0,0,0,0,6,857.1629934,1.47462253,858.4908589,0.95,0.95
c60677af-d62c-467c-88a5-2be88fa448ef,boston_sidewalk_103459,no_match,brad,2026-01-15 04:33:04.253661+00:00,84126b50,no_match,0.4988272507,0.9760339946,1,0,0.1138652013,True,0.5,0.5,0.5,0.9,0.9988229303,1,0.02396600544,0.1138652013,0.02396600544,0.2104769952,430.7857403,430.2967447,430.7856942,0,0,0.4210266633,0.9999999999,430.2967447,430.7855867,0,3,3,3,3,1,1,0,0,1,1,1,1,0.5,0.5,0,0,0,0,0,0,4,430.2968213,0.4889188537,430.7368484,1,1
e98c556d-a1e6-46af-99d4-3fa9dc95d74e,boston_sidewalk_108446,no_match,brad,2026-01-15 04:33:05.940568+00:00,84126b50,no_match,0.4984159559,0,0.1200525401,0,0.7972735251,True,0.5,0.5,0.5,0.85,0.998900397,1,0.1200525401,0.7972735251,0.1200525401,0.150578862,1119.132663,1108.842012,1117.408488,0,0,32.26622697,1,1108.842012,1114.892389,1,3,4,3,3,0.9230769231,0.3333333333,0,0,1,1,1,1,0.5,0.5,0,0,0,0,0,0,4,1111.428883,7.730987128,1118.367727,0.95,0.95
ae932fee-6e88-4f27-9d31-c49ba0cbe828,boston_sidewalk_2148,no_match,brad,2026-01-15 04:33:07.264838+00:00,84126b50,no_match,0.498405786,0.9637110887,1,0.9564297793,1,True,0.5,0.5,0.5,0.85,0.9991605353,1,0.03628891126,0.04357022071,0.03628891126,0.8328833472,2082.996278,2082.817955,2082.984343,0,0,9.999161065,0.9999999998,2082.817955,2082.956496,0,3,3,3,3,1,1,0,0,1,1,1,1,0.5,0.5,0,0,0,0,0,0,4,2082.837842,0.1584324715,2082.980433,1,1
1997d6e1-00e5-4782-9b42-317c835795cb,boston_sidewalk_103935,no_match,brad,2026-01-15 04:33:08.905035+00:00,84126b50,no_match,0.4982685464,0.9227439217,1,0,0.02662114961,True,0.5,0.5,0.5,0.85,0.9995200025,1,0.07725607831,0.02662114961,0.02662114961,0.3445832379,1664.09444,1663.751439,1664.055423,0,0,10.23489222,0.9999999998,1663.751439,1664.010854,0,4,4,4,4,1,1,0,0,1,1,1,1,0.5,0.5,0,0,0,0,0,0,7,1663.76809,0.3136204148,1664.059259,1,1
72323d06-4c09-4744-b278-6d639949b8c1,boston_sidewalk_12456,no_match,brad,2026-01-15 04:33:10.620952+00:00,84126b50,no_match,0.4981753472,0.2663902948,0.4240736539,0,1,True,0.5,0.5,0.5,0.9,0.9989618449,1,0.1576833591,1,0.1576833591,0.1576833591,760.5200787,754.6638954,760.3071669,0,0,21.96964329,1,754.6638954,756.3795617,1,3,3,4,3,0.9230769231,0.3333333333,0,0,1,1,1,1,0.5,0.5,0,0,0,0,0,0,6,754.1633136,6.366054871,759.8843508,0.95,0.95
3c147e0f-5247-4d93-848c-46e110d5401f,boston_sidewalk_13177,match,brad,2026-01-15 04:33:17.193509+00:00,84126b50,no_match,0.4981546282,0,1,0.009025493445,0.3321751477,True,0.5,0.5,0.5,0.9,0.9994210335,1,1,0.3231496542,0.3231496542,0.3231496542,794.4407623,791.8935109,793.6910118,0,0,25.0878787,1,791.8935109,793.0310877,1,4,4,2,2,0.6666666667,0,0,0,1,1,0,0,0.5,0.5,0,0,0,0,0,0,9,792.871325,1.567657731,794.2834626,0.8,0.8
d4fda55d-4a52-44ff-b9c2-12567dd19f04,boston_sidewalk_102855,no_match,brad,2026-01-15 04:33:18.798660+00:00,84126b50,no_match,0.498143797,0,0.0534850153,0,0.1175532692,True,0.5,0.5,0.5,0.85,0.9989747648,1,0.0534850153,0.1175532692,0.0534850153,0.4549853497,1320.202485,1318.679565,1320.092893,0,0,49.78791214,1,1318.679565,1319.83674,1,4,4,5,5,0.8888888889,0,0,0,1,1,1,1,0.5,0.5,0,0,0,0,0,0,8,1318.496802,0.9749587005,1319.374342,0.9,0.9
efbcdfd7-af04-4ba6-a495-a753e546ee95,boston_sidewalk_103038,no_match,brad,2026-01-15 04:33:20.268633+00:00,84126b50,no_match,0.4980850604,0,0.04566995824,0,0.03495055228,True,0.5,0.5,0.5,0.85,0.9993151747,1,0.04566995824,0.03495055228,0.03495055228,0.7652854006,916.2184762,915.6684089,916.1972411,0,0,29.38297812,1,915.6684089,916.1314885,1,3,3,2,2,0.8,0,0,0,1,1,0,0,0.5,0.5,0,0,0,0,0,0,6,915.600905,0.6175711575,916.1567191,0.9,0.9
068744f6-418a-4b66-8e1a-fa48b67e6121,boston_sidewalk_73134,match,brad,2026-01-15 04:33:22.840652+00:00,84126b50,no_match,0.4980400253,0,0.248385402,0,0.03288956883,True,0.5,0.5,0.5,0.9,0.999782063,1,0.248385402,0.03288956883,0.03288956883,0.1324134533,774.83512,774.5512812,774.8129732,0,0,64.16636378,0.9999999998,774.5512812,774.7610079,1,5,5,3,3,0.75,0,0,0,1,1,1,1,0.5,0.5,0,0,0,0,0,0,4,774.5143423,0.1731047091,774.6701558,0.8,0.8
61436503-3353-4503-b86d-b38fd0835ddc,boston_sidewalk_74760,no_match,brad,2026-01-15 04:33:24.754779+00:00,84126b50,no_match,0.4979760658,0,0.4352712,0.4068347611,1,True,0.5,0.5,0.5,0.85,0.9991234249,1,0.4352712,0.5931652389,0.4352712,0.7338110386,941.2221135,931.5015731,939.5749221,0,0,45.56414809,1,931.5015731,937.9326356,1,3,4,4,2,0.9230769231,0.3333333333,0,0,1,1,1,1,0.5,0.5,0,0,0,0,0,0,6,931.0740306,3.552611909,934.2760749,0.95,0.95
74b7fb7e-31b9-4163-8fbb-114b300fbfe9,boston_sidewalk_12671,no_match,brad,2026-01-15 04:33:26.874617+00:00,84126b50,no_match,0.4979175163,0.5077027194,0.5630455429,0,1,True,0.5,0.5,0.5,0.9,0.999392041,1,0.05534282355,1,0.05534282355,0.05534282355,712.0664478,709.3624653,710.932801,0,0,39.68220739,1,709.3624653,711.0704003,1,3,3,2,2,0.8,0,0,0,1,1,0,0,0.5,0.5,0,0,0,0,0,0,3,709.9362454,1.311800919,710.9978931,0.9,0.9
81b77088-bc0c-4c2a-ae00-265cb6262d08,boston_sidewalk_108438,no_match,brad,2026-01-15 04:33:30.084428+00:00,84126b50,no_match,0.497863813,0.01502760318,0.1313981393,0,1,True,0.5,0.5,0.5,0.9,0.9992274489,1,0.1163705361,1,0.1163705361,0.1163705361,902.0899914,900.6121447,900.9997788,0,0,16.71225306,1,900.6121447,901.6164255,1,3,3,3,3,1,1,0,0,1,1,1,1,0.5,0.5,0,0,0,0,0,0,4,900.3941772,0.3713241201,900.7503729,1,1
6deafe55-0322-4be1-b8e8-e3ed399adae9,boston_sidewalk_100751,match,brad,2026-01-15 04:33:33.366774+00:00,84126b50,no_match,0.4976467578,0.5241065839,0.5948805404,0,1,True,0.5,0.5,0.5,0.9,0.9990507149,1,0.07077395651,1,0.07077395651,0.07077395651,532.2733304,527.1731198,532.090145,0,0,26.10452148,1,527.1731198,528.1578045,1,4,4,3,2,0.7692307692,0,0,0,1,1,1,1,0.5,0.5,0,0,0,0,0,0,4,525.2681992,6.924384469,531.5566679,0.85,0.85
d06b9b5d-0a02-4811-9c4b-722f91aea14a,boston_sidewalk_102747,no_match,brad,2026-01-15 04:33:35.047462+00:00,84126b50,no_match,0.4976370746,0,0.1760967511,0.03373449495,1,True,0.5,0.5,0.5,0.9,0.9987997347,1,0.1760967511,0.9662655051,0.1760967511,0.1822446835,698.6963571,696.9476986,698.6087151,0,0,74.81106555,0.9999999999,696.9476986,698.3939015,1,3,3,2,2,0.8,0,0,0,1,1,0,0,0.5,0.5,0,0,0,0,0,4.960030104,2,696.8006658,1.310448413,697.9807434,0.9,0.9
412025ad-cdd8-40ea-8c5a-77f4c8db4d57,boston_sidewalk_27851,match,brad,2026-01-15 04:33:37.479567+00:00,84126b50,no_match,0.4975686779,0,0.4587527565,0,0.3591949772,True,0.5,0.5,0.5,0.9,0.9991587469,1,0.4587527565,0.3591949772,0.3591949772,0.7829816216,568.5446315,560.6935995,568.2808433,0,0,26.93160629,1,560.6935995,567.8410049,1,4,4,3,3,0.8571428571,0,0,0,1,1,1,1,0.5,0.5,0,0,0,0,0,0,4,561.1592418,6.326055395,566.8556187,0.9,0.9
108c64a2-a99e-416c-ab0a-ffac25b3e2c0,boston_sidewalk_103694,no_match,brad,2026-01-15 04:33:38.844153+00:00,84126b50,no_match,0.497418694,0.7171028046,1,0,0.02128872119,True,0.5,0.5,0.5,0.85,0.9996459891,1,0.2828971954,0.02128872119,0.02128872119,0.07525249998,781.2204089,780.972242,781.1629775,0,0,29.38129163,0.9999999997,780.972242,781.0765516,1,4,3,3,3,0.9230769231,0.3333333333,0,0,1,1,1,1,0.5,0.5,0,0,0,0,0,0,4,780.9178574,0.01536931707,780.9317075,0.95,0.95
a3a1999b-6341-41c7-bf07-4d4d8dae41f0,boston_sidewalk_72877,unsure,brad,2026-01-15 04:33:44.364971+00:00,84126b50,no_match,0.4973895507,0.9747702956,1,0.9080228368,1,True,0.5,0.5,0.5,0.9,0.9989293201,1,0.02522970438,0.09197716323,0.02522970438,0.2743040065,771.7577506,771.5281249,771.7271793,0,0,88.46101412,0.9999999998,771.5281249,771.6558062,1,4,4,4,4,1,1,0,0,1,1,1,1,0.5,0.5,0,0,0,0,0,0,4,771.477166,0.07676926652,771.5462631,1,1
5e9903be-2aea-4e83-9514-64554f9df9ad,boston_sidewalk_1228,no_match,brad,2026-01-15 04:33:46.143083+00:00,84126b50,no_match,0.4973283315,0.9141543159,0.9574329519,0,1,True,0.5,0.5,0.5,0.9,0.9991784455,1,0.04327863592,1,0.04327863592,0.04327863592,1199.041401,1196.896154,1198.854601,0,0,7.863831852,1,1196.896154,1198.574369,0,5,5,3,4,0.8235294118,0,0,0,1,1,1,1,0.5,0.5,0,0,0,0,0,0,8,1196.475682,1.629983775,1197.943884,0.85,0.85
e6470639-103b-4b44-bd72-a17a241142cb,boston_sidewalk_62085,no_match,brad,2026-01-15 04:33:48.255483+00:00,84126b50,no_match,0.4973009229,0.00784278459,0.02004030761,0,1,True,0.5,0.5,0.5,0.85,0.998844315,1,0.01219752302,1,0.01219752302,0.01219752302,342.5110146,339.2766154,341.8847545,0,0,46.29908488,1,339.2766154,340.4220261,1,4,4,3,1,0.6666666667,0,0,1,0,1,1,1,0.5,0.5,0,0,0,0,0,5.882524769,2,338.2285907,0.1030983703,338.3243597,0.8,0.8
6523e078-9662-451e-8a39-d9e976b07c47,boston_sidewalk_103076,no_match,brad,2026-01-15 04:33:50.160702+00:00,84126b50,no_match,0.4972799156,0.9454421053,1,0.2097525638,1,True,0.5,0.5,0.5,0.9,0.9989647132,1,0.05455789468,0.7902474362,0.05455789468,0.06903900245,1610.308479,1603.577596,1610.288663,0,0,35.5066762,1,1603.577596,1606.415764,1,4,4,4,3,0.9333333333,0.3333333333,0,0,1,1,1,1,0.5,0.5,0,0,0,0,0,0,5,1600.662588,9.678293988,1609.348658,0.95,0.95
faa68d1d-da12-4388-ae97-78601cf7cd1f,boston_sidewalk_1647,no_match,brad,2026-01-15 04:33:51.870558+00:00,84126b50,no_match,0.4971465387,0.9723040449,1,0,0.06943611396,True,0.5,0.5,0.5,1,0.9993834556,1,0.02769595506,0.06943611396,0.02769595506,0.3988696009,239.0327089,238.5855701,238.9920004,0,0,29.97069271,1,238.5855701,238.9308386,1,4,4,4,4,1,1,0,0,1,1,1,1,0.5,0.5,0,0,0,0,0,0,8,238.4740317,0.3550719839,238.7936402,1,1
29dced94-0730-40b9-884d-498a77d70c02,boston_sidewalk_102743,no_match,brad,2026-01-15 04:33:54.680371+00:00,84126b50,no_match,0.4971310349,0,0.02322592658,0.865821346,1,True,0.5,0.5,0.5,0.1,0.9996976848,1,0.02322592658,0.134178654,0.02322592658,0.1730970307,551.0099009,549.8704654,550.9149458,0,0,45.02895556,0.9999999999,549.8704654,550.6929612,1,3,3,2,2,0.8,0,0,0,1,1,0,0,0.5,0.5,1,0,0,0,0,0,6,550.0287234,0.9811769801,550.911783,0.9,0.9
ad1d9245-cb49-41e4-b00a-fbe1938ecf25,boston_sidewalk_103874,no_match,brad,2026-01-15 04:33:56.016280+00:00,84126b50,no_match,0.4970992634,0,0.0756533196,0,0.02681691827,True,0.5,0.5,0.5,1,0.9988811285,1,0.0756533196,0.02681691827,0.02681691827,0.3544711378,688.8510841,688.785762,688.8491269,0,0,3.798740636,0.9999999993,688.785762,688.8445603,0,3,3,3,3,1,1,0,0,1,1,1,1,0.5,0.5,0,0,0,0,0,0,4,688.7890216,0.06206016281,688.8448774,1,1
551c5d46-6bda-4fab-9c1f-f0b248f71fb9,boston_sidewalk_103573,match,brad,2026-01-15 04:34:00.582079+00:00,84126b50,no_match,0.4970799553,0.976288049,1,0,0.1199723143,True,0.5,0.5,0.5,0.9,0.9996521092,1,0.02371195097,0.1199723143,0.02371195097,0.1976451909,1331.391645,1330.76274,1331.353698,0,0,5.994060225,0.9999999999,1330.76274,1331.366777,0,1,1,2,2,0.6666666667,0,1,0,0,0,0,1,0.5,0.5,0,0,0,0,0,0,4,1330.68396,0.6000001712,1331.210797,0.9,0.9
d3ee3dab-d72f-4b8b-a2eb-66f00be42ad6,boston_sidewalk_22967,no_match,brad,2026-01-15 04:35:31.879794+00:00,84126b50,no_match,0.4970638152,0.8478114889,1,0.9772402869,1,True,0.5,0.5,0.5,0.85,0.9993236369,1,0.1521885111,0.02275971313,0.02275971313,0.1495494828,645.2107744,644.9284041,645.1808943,0,0,46.10224611,0.9999999993,644.9284041,645.155444,1,3,3,4,4,0.8571428571,0,0,0,1,1,1,1,0.5,0.5,0,0,0,0,0,0,6,644.877868,0.2160394358,645.070446,0.9,0.9
1edd2261-aaaa-497e-b2f9-d3901c3dd382,boston_sidewalk_13270,no_match,brad,2026-01-15 04:35:33.941017+00:00,84126b50,no_match,0.4970243338,0.8802098493,1,0.9762809201,1,True,0.5,0.5,0.5,0.1,0.9992423538,1,0.1197901507,0.0237190799,0.0237190799,0.1980052597,689.2088618,688.634029,689.1806656,0,0,55.09683653,0.9999999999,688.634029,688.6933614,1,3,3,3,3,1,1,0,0,1,1,1,1,0.5,0.5,1,0,0,0,0,0,6,688.6818684,0.501302809,689.1510244,1,1
f25aa551-c700-431b-b389-20c5383e404d,boston_sidewalk_27847,no_match,brad,2026-01-15 04:35:35.762932+00:00,84126b50,no_match,0.4969987344,0.9740113158,1,0,0.08312691473,True,0.5,0.5,0.5,0.1,0.9996508557,1,0.02598868423,0.08312691473,0.02598868423,0.3126386239,1237.377295,1236.531246,1237.335662,0,0,13.79094796,1,1236.531246,1237.303306,0,2,2,5,5,0.5714285714,0,0,0,1,0,1,0,0.5,0.5,1,0,0,0,0,0,7,1236.574422,0.8222614951,1237.300885,0.7,0.7
3a6808b6-e22e-4dd8-a32a-2e3c0bfa1835,boston_sidewalk_103591,no_match,brad,2026-01-15 04:35:38.378303+00:00,84126b50,no_match,0.4969887871,0.9658207515,1,0,0.04705757351,True,0.5,0.5,0.5,0.85,0.9992935158,1,0.03417924847,0.04705757351,0.03417924847,0.7263283233,1511.127636,1510.684033,1511.113032,0,0,4.988770267,0.9999999999,1510.684033,1511.078956,0,4,4,2,2,0.6666666667,0,0,0,1,1,0,0,0.5,0.5,0,0,0,0,0,0,6,1510.659657,0.3705830845,1510.993207,0.8,0.8
695220d2-d7be-4093-9b6d-a25d30e69fd3,boston_sidewalk_72941,match,brad,2026-01-15 04:35:45.846321+00:00,84126b50,no_match,0.4969393518,0,0.05078707695,0,0.03244853237,True,0.5,0.5,0.5,0.9,0.9996613028,1,0.05078707695,0.03244853237,0.03244853237,0.6389131709,2852.277014,2850.605186,2852.217143,0,0,20.38607175,1,2850.605186,2852.077394,1,3,3,3,3,1,1,0,0,1,1,1,1,0.5,0.5,1,0,0,0,0,0,4,2850.505361,1.372471584,2851.740613,1,1
bea2f8a9-58f3-4816-ab07-27b9e7704585,boston_sidewalk_103783,no_match,brad,2026-01-15 04:35:48.113311+00:00,84126b50,no_match,0.4969136403,0.01490490289,0.222694912,0,1,True,0.5,0.5,0.5,0.1,0.9993682953,1,0.2077900091,1,0.2077900091,0.2077900091,1698.696473,1673.737993,1691.408795,0,0,69.52683168,1,1673.737993,1687.933407,1,4,4,3,3,0.8571428571,0,0,0,1,1,1,1,0.5,0.5,1,0,0,0,0,0,4,1672.78404,5.069359642,1677.351472,0.9,0.9
88ccb51b-9d4e-4644-ad1a-602209073afc,boston_sidewalk_1199,match,brad,2026-01-15 04:35:56.920045+00:00,84126b50,no_match,0.4968711123,0.9115130939,1,0.2791586025,1,True,0.5,0.5,0.5,0.9,0.9989621684,1,0.08848690606,0.7208413975,0.08848690606,0.1227550282,1065.431581,1063.288473,1065.269681,0,0,10.88065975,1,1063.288473,1064.382517,0,2,2,3,3,0.8,0,0,0,1,0,1,0,0.5,0.5,0,0,0,0,0,0,4,1062.858112,0.6379062976,1063.538473,0.9,0.9
6ba85dad-0efa-4d50-b32d-d00d989702b2,boston_sidewalk_102783,no_match,brad,2026-01-15 04:35:58.470725+00:00,84126b50,no_match,0.4968632183,0.9766365936,1,0.8702327648,1,True,0.5,0.5,0.5,0.85,0.9988930268,1,0.02336340642,0.1297672352,0.02336340642,0.1800408738,1292.317896,1291.52954,1292.317719,0,0,0.3385071011,0.9999999999,1291.52954,1292.317619,0,4,4,3,3,0.8571428571,0,0,0,1,1,1,1,0.5,0.5,0,0,0,0,0,0,4,1291.642618,0.6744522734,1292.249583,0.9,0.9
ebad4c09-d5f1-41e8-ba55-f9f8a99277f2,boston_sidewalk_12394,match,brad,2026-01-15 04:36:00.393623+00:00,84126b50,no_match,0.4968468772,0,1,0.4907630358,0.5942842929,True,0.5,0.5,0.5,0.5,0.9988138488,1,1,0.1035212571,0.1035212571,0.1035212571,598.1991794,597.3594377,598.1197677,0,0,40.77598407,1,597.3594377,597.9776593,1,3,4,4,3,1,1,0,0,1,1,1,1,0.5,0.5,0,0,0,0,0,0,7,597.4232949,0.7674332062,598.1199007,1,1
536ab46b-9baa-4794-8f1e-b2017c2d340a,boston_sidewalk_13038,no_match,brad,2026-01-15 04:36:02.111613+00:00,84126b50,no_match,0.4967404866,0.9799176145,0.9942404132,0,1,True,0.5,0.5,0.5,0.1,0.9991835168,1,0.01432279877,1,0.01432279877,0.01432279877,1861.420117,1857.667046,1858.506246,0,0,74.66129066,1,1857.667046,1860.022097,1,3,2,1,3,0.8888888889,0.3333333333,0,1,0,1,1,1,0.5,0.5,1,0,0,0,0,5.96682016,2,1856.761269,0.8838878244,1857.402364,0.95,0.95
81ec1dc9-ce3e-4c28-a9b4-4b404986257f,boston_sidewalk_1307,no_match,brad,2026-01-15 04:36:03.238685+00:00,84126b50,no_match,0.4966847759,0.02040420382,0.03616349227,0,1,True,0.5,0.5,0.5,1,0.999980656,1,0.01575928846,1,0.01575928846,0.01575928846,1811.547621,1807.981664,1811.430324,0,0,34.6561116,1,1807.981664,1811.311852,1,4,4,4,4,1,1,0,0,1,1,1,1,0.5,0.5,0,0,0,0,0,0,8,1807.877677,3.200575701,1810.758321,1,1
31fea4c7-cdbc-4981-8ddf-02daba256dd8,boston_sidewalk_36894,no_match,brad,2026-01-15 04:36:05.232420+00:00,84126b50,no_match,0.4966733515,0,0.2264079204,0.9341141806,1,True,0.5,0.5,0.5,0.1,0.9994029737,1,0.2264079204,0.06588581935,0.06588581935,0.2910049226,778.3727187,778.2291785,778.3669811,0,0,32.76194444,0.9999999997,778.2291785,778.3531346,1,4,4,3,3,0.8571428571,0,0,0,1,1,1,1,0.5,0.5,1,0,0,0,0,0,4,778.2387035,0.1339774867,778.3593097,0.9,0.9
863d2f1d-9f7e-4a6c-a95e-6acf8c43c8d7,boston_sidewalk_43221,no_match,brad,2026-01-15 04:36:06.455319+00:00,84126b50,no_match,0.4966685543,0,0.02812741747,0,0.06686465971,True,0.5,0.5,0.5,0.85,0.9987993191,1,0.02812741747,0.06686465971,0.02812741747,0.4206619399,791.594628,791.3589362,791.5905317,0,0,9.792588968,0.9999999993,791.3589362,791.5809726,0,3,3,3,3,1,1,0,0,1,1,1,1,0.5,0.5,1,0,0,0,0,0,6,791.3521069,0.2152101068,791.5457974,1,1
f13cb656-c499-4d8f-b2ae-cede63369e31,boston_sidewalk_1335,no_match,brad,2026-01-15 04:36:07.556815+00:00,84126b50,no_match,0.4966048328,0.8334323295,1,0.6434082933,1,True,0.5,0.5,0.5,1,0.9992278381,1,0.1665676705,0.3565917067,0.1665676705,0.4671103322,1094.288901,1092.042203,1093.80323,0,0,79.13151257,1,1092.042203,1093.072642,1,3,3,4,4,0.8571428571,0,0,0,1,1,1,1,0.5,0.5,0,0,0,0,0,0,8,1091.584184,0.2759903404,1091.832837,0.9,0.9
6264de55-2efc-447e-80a7-daee8402d8ab,boston_sidewalk_12691,no_match,brad,2026-01-15 04:36:08.954739+00:00,84126b50,no_match,0.4965644217,0.1699135635,0.3610567762,0,1,True,0.5,0.5,0.5,1,0.9988658394,1,0.1911432127,1,0.1911432127,0.1911432127,579.2006984,569.1588246,579.0218092,0,0,46.97529208,1,569.1588246,578.7397939,1,4,4,4,4,1,1,0,0,1,1,1,1,0.5,0.5,0,0,0,0,0,0,7,568.9179778,10.25922068,578.1685958,1,1
4baf9698-3cfb-4cc2-bda9-d0ca11211fc5,boston_sidewalk_12948,match,brad,2026-01-15 04:36:11.591918+00:00,84126b50,no_match,0.4965535584,0.9225267278,1,0.9734045424,1,True,0.5,0.5,0.5,0.9,0.9989624289,1,0.07747327223,0.02659545764,0.02659545764,0.3432855858,943.651357,943.4947469,943.6240211,0,0,15.86562428,0.9999999993,943.4947469,943.5602373,1,2,2,3,3,0.8,0,0,0,1,0,1,0,0.5,0.5,0,0,0,0,0,0,4,943.5402887,0.111050374,943.6402466,0.9,0.9
c8b87c7b-0aec-4308-8666-54fb9a6304bc,boston_sidewalk_27251,no_match,brad,2026-01-15 04:36:16.138608+00:00,84126b50,no_match,0.4965238637,0,1,0.1513551351,0.4642820567,True,0.5,0.5,0.5,0.1,0.9991198243,1,1,0.3129269217,0.3129269217,0.3129269217,733.0968791,723.8404132,732.5113357,0,0,31.39532879,1,723.8404132,732.1775223,1,3,1,4,4,0.6666666667,0,1,0,0,1,1,1,0.5,0.5,0,0,0,0,3.435346958,7.442673868,1,725.328526,7.669404725,732.3002542,0.8,0.8
716892e5-bd7b-4fd9-9007-81df587bd4b9,boston_sidewalk_861,no_match,brad,2026-01-15 04:36:17.363689+00:00,84126b50,no_match,0.4964245636,0,0.02184371561,0.7885086514,1,True,0.5,0.5,0.5,0.1,0.9987989241,1,0.02184371561,0.2114913486,0.02184371561,0.1032842041,738.7576655,736.8888117,738.6109795,0,0,20.14235154,0.9999999999,736.8888117,738.2685489,1,4,4,2,2,0.6666666667,0,0,0,1,1,0,0,0.5,0.5,0,0,0,0,0,0,4,737.1329973,1.624377128,738.5951405,0.8,0.8
4f41640a-8678-4a0d-8817-fad89ebe0fa2,boston_sidewalk_22917,no_match,brad,2026-01-15 04:36:18.715358+00:00,84126b50,no_match,0.4963931445,0.9494363544,1,0,0.03254040167,True,0.5,0.5,0.5,1,0.998928825,1,0.05056364564,0.03254040167,0.03254040167,0.643553313,1469.798515,1469.684158,1469.78488,0,0,7.379313025,0.9999999998,1469.684158,1469.753063,0,3,4,3,3,0.9230769231,0.3333333333,0,0,1,1,1,1,0.5,0.5,0,0,0,0,0,0,4,1469.706871,0.09163092806,1469.789348,0.95,0.95
2682837f-7ddf-4454-9d82-5e5f4759dd3a,boston_sidewalk_108447,no_match,brad,2026-01-15 04:36:20.410560+00:00,84126b50,no_match,0.4962586871,0,1,0.5473341944,0.6839522479,True,0.5,0.5,0.5,0.1,0.9989782337,1,1,0.1366180535,0.1366180535,0.1366180535,1145.765914,1144.277691,1145.705619,0,0,46.49153259,0.9999999999,1144.277691,1145.564396,1,3,3,3,3,1,1,0,0,1,1,1,1,0.5,0.5,1,0,0,0,0,0,4,1144.177108,1.186746462,1145.245243,1,1
79f85331-54eb-463f-85af-a4c3563f18a8,boston_sidewalk_1879,no_match,brad,2026-01-15 04:36:34.475564+00:00,84126b50,no_match,0.4962120158,0.9625017899,1,0,0.04194605608,True,0.5,0.5,0.5,0.85,0.9996412293,1,0.03749821009,0.04194605608,0.03749821009,0.893962713,659.8723925,659.8024378,659.8673132,0,0,22.0584352,0.9999999995,659.8024378,659.8552383,1,3,3,4,4,0.8571428571,0,0,0,1,1,1,1,0.5,0.5,0,0,0,0,0,0,8,659.8108848,0.06148924869,659.866238,0.9,0.9
7a9b1a0d-18c0-4992-870b-7d2078bd9bfd,boston_sidewalk_103266,no_match,brad,2026-01-15 04:36:36.259435+00:00,84126b50,no_match,0.4961912482,0,0.2093217223,0,0.02186712533,True,0.5,0.5,0.5,0.1,0.9991544292,1,0.2093217223,0.02186712533,0.02186712533,0.1044665842,2471.526064,2471.206866,2471.488285,0,0,4.254419512,0.9999999998,2471.206866,2471.418461,0,3,3,3,3,1,1,0,0,1,1,1,1,0.5,0.5,1,0,0,0,0,0,6,2471.225819,0.2847142839,2471.492933,1,1
cbfab228-fbb6-4976-9ef9-58a350f95dde,boston_sidewalk_22270,no_match,brad,2026-01-15 04:36:40.201110+00:00,84126b50,no_match,0.4961813325,0,0.07140798147,0.9726057766,1,True,0.5,0.5,0.5,0.1,0.9995617815,1,0.07140798147,0.02739422338,0.02739422338,0.3836297123,1204.737059,1203.364509,1204.60418,0,0,12.17042541,0.9999999999,1203.364509,1204.404843,0,3,3,2,2,0.8,0,0,0,1,1,0,0,0.5,0.5,1,0,0,0,0,0,4,1203.31841,0.7538694287,1203.99716,0.9,0.9
06470d1b-53f9-403c-8fd9-11b9c979847d,boston_sidewalk_5669,no_match,brad,2026-01-15 04:36:41.762843+00:00,84126b50,no_match,0.4961379395,0,0.4383456755,0,0.7928827702,True,0.5,0.5,0.5,0.1,0.9989474147,1,0.4383456755,0.7928827702,0.4383456755,0.5528505498,1497.385648,1495.294678,1497.319035,0,0,85.21970826,0.9999999999,1495.294678,1497.158105,1,3,3,3,3,1,1,0,0,1,1,1,1,0.5,0.5,1,0,0,0,0,0,4,1495.405288,1.979947543,1497.18753,1,1
b46da4f4-c112-42e8-be50-2a1030fc1a5d,boston_sidewalk_103104,no_match,brad,2026-01-15 04:36:42.998697+00:00,84126b50,no_match,0.4961277146,0,0.06062666057,0.9706000727,1,True,0.5,0.5,0.5,0.85,0.9999734957,1,0.06062666057,0.02939992728,0.02939992728,0.4849339714,642.6826309,642.3719861,642.6521234,0,0,17.05251899,0.9999999998,642.3719861,642.5809361,1,4,4,3,3,0.8571428571,0,0,0,1,1,1,1,0.5,0.5,0,0,0,0,0,0,6,642.3211046,0.1581072513,642.463426,0.9,0.9
b3888cbc-fbec-4386-9995-efc7a9ffe5bb,boston_sidewalk_27956,match,brad,2026-01-15 04:36:47.413916+00:00,84126b50,no_match,0.4961140642,0.7320650671,1,0.9786214393,1,True,0.5,0.5,0.5,0.9,0.9994697267,1,0.2679349329,0.02137856069,0.02137856069,0.0797901209,1059.295711,1059.000284,1059.283073,0,0,25.07447895,0.9999999999,1059.000284,1059.25358,1,3,3,3,3,1,1,0,0,1,1,1,1,0.5,0.5,0,0,0,0,0,0,4,1058.979218,0.2322386631,1059.188236,1,1
667fdd7c-8500-4169-890d-8dde6bcca7a5,boston_sidewalk_103038,no_match,brad,2026-01-15 04:36:55.295068+00:00,84126b50,no_match,0.4961060337,0,1,0.4671402728,0.5991732017,True,0.5,0.5,0.5,1,0.9988941056,1,1,0.1320329289,0.1320329289,0.1320329289,922.4057688,920.4376331,922.4035602,0,0,22.61833112,0.9999999999,920.4376331,921.7993239,1,4,3,2,4,0.9230769231,0.3333333333,0,0,1,1,1,1,0.5,0.5,1,0,0,0,0,0,6,920.4504977,1.961068167,922.2114011,0.95,0.95
1841a5b6-c484-4e02-a4d7-c5bacddb2a54,boston_sidewalk_62007,no_match,brad,2026-01-15 04:36:58.245610+00:00,84126b50,no_match,0.4960876846,0,0.02456662223,0.8979846503,1,True,0.5,0.5,0.5,0.1,0.9998871816,1,0.02456662223,0.1020153497,0.02456662223,0.2408129982,726.112769,725.5947615,726.0712226,0,0,62.81693057,0.9999999998,725.5947615,725.9732196,1,4,4,3,3,0.8571428571,0,0,0,1,1,1,1,0.5,0.5,0,0,0,0,0,inf,3,725.5254165,0.3102753658,725.804735,0.9,0.9
7cc14f11-1705-45d8-94d7-c6ab561bae9d,boston_sidewalk_103910,no_match,brad,2026-01-15 04:37:00.768449+00:00,84126b50,no_match,0.4960821143,0,0.0403003078,0.9610809787,1,True,0.5,0.5,0.5,0.1,0.9991674475,1,0.0403003078,0.03891902126,0.03891902126,0.9657251615,333.7127284,332.9116819,333.6997968,0,0,43.86057529,1,332.9116819,333.6489549,1,6,4,3,3,0.75,0,0,0,1,1,1,1,0.5,0.5,1,0,0,0,0,0,4,332.9315325,0.7794938551,333.6342684,0.8,0.8
421073a3-2d17-4f10-b951-e341a0c8176c,boston_sidewalk_12065,match,brad,2026-01-15 04:37:06.379735+00:00,84126b50,no_match,0.4960073011,0,0.08939933015,0,0.02543085139,True,0.5,0.5,0.5,0.9,0.9991778017,1,0.08939933015,0.02543085139,0.02543085139,0.2844635564,1066.183325,1066.053725,1066.177798,0,0,31.70342104,0.9999999995,1066.053725,1066.164898,1,3,3,2,2,0.8,0,0,0,1,1,0,0,0.5,0.5,0,0,0,0,0,0,4,1066.062938,0.1203872723,1066.171286,0.9,0.9
af7b1fd4-379f-4460-b0cf-c2e338bed136,boston_sidewalk_2159,no_match,brad,2026-01-15 04:37:08.099509+00:00,84126b50,no_match,0.4959671394,0.6766662927,1,0,0.4267345384,True,0.5,0.5,0.5,1,0.9988419217,1,0.3233337073,0.4267345384,0.3233337073,0.7576928471,1138.377954,1136.385481,1138.013015,0,0,88.72490808,0.9999999999,1136.385481,1137.646336,1,4,3,4,4,0.9333333333,0.3333333333,0,0,1,1,1,1,0.5,0.5,0,0,0,0,0,0,8,1136.307645,0.6102866427,1136.857089,0.95,0.95
910ce10b-7483-4ce3-ae0f-49a95d006668,boston_sidewalk_75188,no_match,brad,2026-01-15 04:37:09.880193+00:00,84126b50,no_match,0.4959162086,0,1,0.2671239329,0.341251654,True,0.5,0.5,0.5,1,0.9992611855,1,1,0.07412772108,0.07412772108,0.07412772108,964.9748674,962.6374822,964.747446,0,0,41.62775209,1,962.6374822,964.216048,1,3,3,2,2,0.8,0,0,0,1,1,0,0,0.5,0.5,0,0,0,0,0,0,6,963.0164901,1.958349629,964.7790241,0.9,0.9
54db0b24-8f19-41f6-bb3b-ea86bfbd9312,boston_sidewalk_1259,no_match,brad,2026-01-15 04:37:11.108823+00:00,84126b50,no_match,0.4958706616,0.08763513404,0.1596827698,0,1,True,0.5,0.5,0.5,1,0.9988158641,1,0.07204763581,1,0.07204763581,0.07204763581,1074.160262,1070.888295,1073.431955,0,0,20.9188988,1,1070.888295,1072.534265,1,3,3,4,4,0.8571428571,0,0,0,1,1,1,1,0.5,0.5,0,0,0,0,0,0,8,1070.253685,0.9457510338,1071.106913,0.9,0.9
d60a5d0d-5f78-4a4e-8f66-801bf854c5d3,boston_sidewalk_2244,no_match,brad,2026-01-15 04:37:12.726484+00:00,84126b50,no_match,0.4958691816,0,0.02280324725,0.8497298088,1,True,0.5,0.5,0.5,1,0.998958228,1,0.02280324725,0.1502701912,0.02280324725,0.151748308,709.2207024,708.1660675,709.0712339,0,0,62.41573068,0.9999999997,708.1660675,708.8466305,1,3,3,4,4,0.8571428571,0,0,0,1,1,1,1,0.5,0.5,0,0,0,0,0,0,7,708.0361732,0.4370770531,708.4296192,0.9,0.9
9382d81c-cb71-49c4-a566-76f9419e2879,boston_sidewalk_103469,no_match,brad,2026-01-15 04:37:15.452266+00:00,84126b50,no_match,0.4957802728,0,0.02978936265,0.940964824,1,True,0.5,0.5,0.5,0.1,0.9997935833,1,0.02978936265,0.05903517599,0.02978936265,0.5046036054,2158.228469,2157.795072,2158.209352,0,0,71.93264271,1,2157.795072,2158.16468,1,3,3,3,3,1,1,0,0,1,1,1,1,0.5,0.5,1,0,0,0,0,0,5,2157.763203,0.337812838,2158.06724,1,1
34a7ca14-0391-4d0b-adb5-7c62b4f77af6,boston_sidewalk_1645,no_match,brad,2026-01-15 04:37:16.986621+00:00,84126b50,no_match,0.4957785846,0,0.1852788232,0,0.02216763455,True,0.5,0.5,0.5,1,0.999236436,1,0.1852788232,0.02216763455,0.02216763455,0.1196447288,276.1957416,276.0396646,276.1874172,0,0,40.20729208,0.9999999995,276.0396646,276.1679777,1,4,4,4,4,1,1,0,0,1,1,1,1,0.5,0.5,0,0,0,0,0,0,8,276.0257862,0.1144551389,276.1287989,1,1
199eb8a5-8436-45f9-8a63-686560c91af2,boston_sidewalk_108412,no_match,brad,2026-01-15 04:37:24.803349+00:00,84126b50,no_match,0.4957763825,0,0.09764606297,0.9751657776,1,True,0.5,0.5,0.5,1,0.9990973071,1,0.09764606297,0.02483422235,0.02483422235,0.2543289673,1291.553853,1290.145409,1291.206631,0,0,35.36910909,0.9999999999,1290.145409,1291.007526,1,3,3,3,3,1,1,0,0,1,1,1,1,0.5,0.5,0,0,0,0,0,0,6,1290.37083,1.144986587,1291.427944,1,1
99e3e5fd-87c8-43c0-9bac-e22fa664d82a,boston_sidewalk_72951,no_match,brad,2026-01-15 04:37:26.536171+00:00,84126b50,no_match,0.4957640409,0,0.02401344118,0.8871935178,1,True,0.5,0.5,0.5,0.1,0.9996571913,1,0.02401344118,0.1128064822,0.02401344118,0.2128728838,894.9397284,893.2925085,894.9063524,0,0,5.866372284,1,893.2925085,894.8284613,0,4,4,4,4,1,1,0,0,1,1,1,1,0.5,0.5,1,0,0,0,0,0,6,893.2366282,1.480340091,894.5691119,1,1
8a5c5b72-6c96-4c79-8952-5a581e954972,boston_sidewalk_103371,no_match,brad,2026-01-15 04:37:27.756241+00:00,84126b50,no_match,0.4957025837,0.9614079459,1,0.8178706914,1,True,0.5,0.5,0.5,0.85,0.9989240023,1,0.03859205407,0.1821293086,0.03859205407,0.2118937054,782.3759444,780.8038469,782.2508553,0,0,7.82989529,1,780.8038469,782.3909999,0,3,3,3,3,1,1,0,0,1,1,1,1,0.5,0.5,0,0,0,0,0,0,4,780.8502656,1.641421654,782.2465251,1,1
81f5dc3d-9704-4527-bed6-386138834ec3,boston_sidewalk_2197,no_match,brad,2026-01-15 04:37:29.640505+00:00,84126b50,no_match,0.495701358,0,0.2687397237,0.9786265464,1,True,0.5,0.5,0.5,0.85,0.9994037232,1,0.2687397237,0.02137345359,0.02137345359,0.07953217072,1107.097682,1106.863526,1107.071603,0,0,68.91662134,0.9999999993,1106.863526,1107.010669,1,2,3,3,3,0.9090909091,0.3333333333,0,0,1,1,1,1,0.5,0.5,0,0,0,0,0,0,6,1106.906986,0.1906910315,1107.078611,0.95,0.95
0279e36a-bedc-4788-90d6-d2c344e0278d,boston_sidewalk_108445,no_match,brad,2026-01-15 04:37:31.751838+00:00,84126b50,no_match,0.4956812119,0.7009518496,0.8389068588,0,1,True,0.5,0.5,0.5,0.9,0.9988889874,1,0.1379550092,1,0.1379550092,0.1379550092,568.7004374,567.9984836,568.6977281,0,0,13.11006674,0.9999999999,567.9984836,568.6767068,0,4,3,4,4,0.9333333333,0.3333333333,0,0,1,1,1,1,0.5,0.5,0,0,0,0,0,0,4,567.5054003,1.267062702,568.412451,0.95,0.95
451e846c-1f10-4bfe-a1b0-067c5cab6a97,boston_sidewalk_92097,no_match,brad,2026-01-15 04:37:36.494670+00:00,84126b50,no_match,0.495630683,0,0.06254972839,0,0.02896803953,True,0.5,0.5,0.5,1,0.9991856628,1,0.06254972839,0.02896803953,0.02896803953,0.463120149,416.9743027,416.3749108,416.7673101,0,0,11.21320759,1,416.3749108,416.560928,1,4,4,4,4,1,1,0,0,1,1,1,1,0.5,0.5,0,0,0,0,0,0,6,416.5511208,0.3982716042,416.9270024,1,1
806bf0e4-c97d-475b-9c12-2e0479150e7d,boston_sidewalk_99697,no_match,brad,2026-01-15 04:37:39.618854+00:00,84126b50,no_match,0.4955726574,0,1,0.6701733999,0.9316960632,True,0.5,0.5,0.5,0.1,0.9992790464,1,1,0.2615226632,0.2615226632,0.2615226632,999.680072,997.5555334,999.3540919,0,0,17.03372153,1,997.5555334,998.2785569,1,4,4,4,4,1,1,0,0,1,1,1,1,0.5,0.5,1,0,0,0,0,0,5,996.760851,0.2531692252,996.9929126,1,1
74136400-e4f8-4029-b738-8c20daba58ed,boston_sidewalk_74871,no_match,brad,2026-01-15 04:37:42.416890+00:00,84126b50,no_match,0.4954873939,0.9699532093,1,0.9419504368,1,True,0.5,0.5,0.5,0.9,0.9989015451,1,0.03004679066,0.05804956323,0.03004679066,0.5176058008,796.82936,795.9619819,796.8208536,0,0,12.19228303,1,795.9619819,796.8009851,0,4,4,3,3,0.8571428571,0,0,0,1,1,1,1,0.5,0.5,0,0,0,0,0,0,4,795.9477941,0.8248459854,796.6901627,0.9,0.9
fd843989-822a-4454-aa88-8403c0a759cd,boston_sidewalk_103025,no_match,brad,2026-01-15 04:37:43.762756+00:00,84126b50,no_match,0.4954489964,0.9656918227,1,0,0.04681535473,True,0.5,0.5,0.5,0.85,0.9994932402,1,0.03430817732,0.04681535473,0.03430817732,0.7328402725,904.1318359,902.9404446,903.9468642,0,0,50.23572676,0.9999999997,902.9404446,903.8196344,1,3,3,4,4,0.8571428571,0,0,0,1,1,1,1,0.5,0.5,0,0,0,0,0,0,6,903.2593564,0.8710816572,904.0443083,0.9,0.9
bf9723c9-1159-4e7e-af16-9954842ec21a,boston_sidewalk_22817,no_match,brad,2026-01-15 04:37:48.798407+00:00,84126b50,no_match,0.4954473413,0,0.06982824973,0.9723659435,1,True,0.5,0.5,0.5,1,0.9989241679,1,0.06982824973,0.02763405645,0.02763405645,0.3957432208,919.8240109,917.0454434,918.3222469,0,0,52.25977687,0.9999999999,917.0454434,918.6542559,1,4,4,3,3,0.8571428571,0,0,0,1,1,1,1,0.5,0.5,1,0,0,0,0,0,6,916.8562052,0.3245934346,917.0872518,0.9,0.9
17980e62-4488-4263-9fb8-843416d9acd8,boston_sidewalk_103336,no_match,brad,2026-01-15 04:37:51.623070+00:00,84126b50,no_match,0.495424393,0.4991652598,0.9120556022,0,1,True,0.5,0.5,0.5,0.1,0.9992513664,1,0.4128903425,1,0.4128903425,0.4128903425,303.0765717,297.2854789,303.0759885,0,0,32.67703136,1,297.2854789,293.2475581,1,4,4,1,4,0.7692307692,0.3333333333,0,1,0,1,1,1,0.5,0.5,1,0,0,0,0,5.665153182,2,293.0074936,10.63824678,302.1173554,0.85,0.85
36f32335-663a-4b45-9dc3-e9005733df77,boston_sidewalk_102708,match,brad,2026-01-15 04:37:54.063115+00:00,84126b50,no_match,0.4953128684,0,1,0.003042411922,0.05363131449,True,0.5,0.5,0.5,0.9,0.9998348519,1,1,0.05058890257,0.05058890257,0.05058890257,584.9597859,582.9938232,584.6874649,0,0,85.17745802,1,582.9938232,584.2711316,1,3,3,3,3,1,1,0,0,1,1,1,1,0.5,0.5,0,0,0,0,0,0,6,582.6094204,0.9878819942,583.4991291,1,1
0d9656f0-24c3-41ee-a964-0d0e8cc29cae,boston_sidewalk_108496,no_match,brad,2026-01-15 04:37:56.452743+00:00,84126b50,no_match,0.495269093,0,0.1720579653,0,0.02237332252,True,0.5,0.5,0.5,0.5,0.9991904904,1,0.1720579653,0.02237332252,0.02237332252,0.1300336342,1024.475727,1024.162809,1024.4703,0,0,22.46497684,0.9999999996,1024.162809,1024.45763,1,4,4,3,3,0.8571428571,0,0,0,1,1,1,1,0.5,0.5,1,0,0,0,0,0,4,1024.171854,0.3038725458,1024.445339,0.9,0.9
a40b572a-2bff-43cf-a473-19998ee1526a,boston_sidewalk_22823,no_match,brad,2026-01-15 04:37:58.643640+00:00,84126b50,no_match,0.4952606101,0,0.03377721748,0.952158441,1,True,0.5,0.5,0.5,0.1,0.9994753883,1,0.03377721748,0.04784155896,0.03377721748,0.7060225088,1076.574348,1075.587741,1076.389178,0,0,7.919204582,1,1075.587741,1076.562026,0,4,4,3,3,0.8571428571,0,0,0,1,1,1,1,0.5,0.5,1,0,0,0,0,0,4,1075.688473,0.6320933545,1076.199333,0.9,0.9
1d37f635-0bf7-4225-b960-c469700b2be4,boston_sidewalk_103178,no_match,brad,2026-01-15 04:38:00.186900+00:00,84126b50,no_match,0.4952428037,0,0.03435857386,0.9532781592,1,True,0.5,0.5,0.5,0.85,0.9994678001,1,0.03435857386,0.04672184082,0.03435857386,0.7353857053,1388.498701,1387.699008,1388.28243,0,0,21.77031359,0.9999999998,1387.699008,1388.247829,1,3,3,3,3,1,1,0,0,1,1,1,1,0.5,0.5,0,0,0,0,0,0,6,1387.676787,0.2293965555,1387.865465,1,1
18da2fd5-f0b7-4699-83ed-33a639d795b4,boston_sidewalk_103211,no_match,brad,2026-01-15 04:38:04.879104+00:00,84126b50,no_match,0.4951596253,0.7316124637,1,0.9786243155,1,True,0.5,0.5,0.5,1,0.9993170305,1,0.2683875363,0.02137568446,0.02137568446,0.07964484773,1453.322225,1451.936289,1452.675578,0,0,50.08541978,0.9999999999,1451.936289,1452.61341,1,3,3,4,4,0.8571428571,0,0,0,1,1,1,1,0.5,0.5,0,0,0,0,0,0,6,1451.72845,0.06925065353,1451.803225,0.9,0.9
dcab59c3-1aa3-48c0-a7d1-bd57b70b9b75,boston_sidewalk_74180,no_match,brad,2026-01-15 04:38:07.582116+00:00,84126b50,no_match,0.4951423519,0.9329440054,1,0,0.0280936966,True,0.5,0.5,0.5,0.1,0.9995713287,1,0.06705599465,0.0280936966,0.0280936966,0.4189587634,935.6339688,935.0635095,935.5329669,0,0,50.49477337,0.9999999998,935.0635095,935.2972698,1,2,2,3,3,0.8,0,0,0,1,0,1,0,0.5,0.5,1,0,0,0,0,inf,2,935.2318351,0.4021228604,935.5937533,0.9,0.9
baf32705-78dc-43cd-87cf-4fed3eed43cf,boston_sidewalk_103229,no_match,brad,2026-01-15 04:38:09.702763+00:00,84126b50,no_match,0.4951269041,0,0.0561776099,0,0.5574467387,True,0.5,0.5,0.5,0.1,0.9988876951,1,0.0561776099,0.5574467387,0.0561776099,0.1007766411,247.8606447,244.6996817,247.2778927,0,0,53.37859806,1,244.6996817,245.9150171,1,4,4,3,3,0.8571428571,0,0,0,1,1,1,1,0.5,0.5,1,0,0,0,0,0,4,245.669725,2.189709695,247.6413107,0.9,0.9
8337829c-0029-4926-9946-52d64f26ede2,boston_sidewalk_12349,no_match,brad,2026-01-15 04:38:10.946423+00:00,84126b50,no_match,0.4950835958,0,0.03460920739,0,0.0462662275,True,0.5,0.5,0.5,0.9,0.9987954822,1,0.03460920739,0.0462662275,0.03460920739,0.7480447241,721.4331082,721.0428192,721.3699594,0,0,20.54392265,0.9999999996,721.0428192,721.2226091,1,2,2,3,3,0.8,0,0,0,1,0,1,0,0.5,0.5,0,0,0,0,0,0,4,720.9374841,0.0745447185,721.0046353,0.9,0.9
a99ef22e-515f-4fa9-a5b2-db811c2b2392,boston_sidewalk_99787,no_match,brad,2026-01-15 04:38:12.864110+00:00,84126b50,no_match,0.4950790851,0.8389256538,1,0,0.1765459402,True,0.5,0.5,0.5,0.9,0.9999298428,1,0.1610743462,0.1765459402,0.1610743462,0.912365054,1120.340163,1093.188596,1119.933817,0,0,2.108543433,1,1093.188596,1119.769304,0,3,3,4,4,0.8571428571,0,0,0,1,1,1,1,0.5,0.5,0,0,0,0,0,0,6,1103.979966,15.87537675,1118.172046,0.9,0.9
ec9e16dc-0f0e-41dc-8f05-cea7f4585d3c,boston_sidewalk_103675,no_match,brad,2026-01-15 04:38:15.532190+00:00,84126b50,no_match,0.4949869535,0.9067977333,0.9999944341,0,1,True,0.5,0.5,0.5,0.85,0.9988140345,1,0.09319670086,1,0.09319670086,0.09319670086,315.2662939,313.1239183,315.101803,0,0,18.30907273,1,313.1239183,315.0647259,1,3,3,3,3,1,1,0,0,1,1,1,1,0.5,0.5,0,0,0,0,0,0,4,311.7696324,3.151665965,314.6173414,1,1
e55fcc35-4f07-4b74-9726-884fa92645fb,boston_sidewalk_6354,no_match,brad,2026-01-15 04:38:17.501019+00:00,84126b50,no_match,0.4949692951,0.1707001838,1,0.3975518191,1,True,0.5,0.5,0.5,0.1,0.9991135708,1,0.8292998162,0.6024481809,0.6024481809,0.7264540148,1234.650677,1232.875537,1234.532703,0,0,48.76507882,1,1232.875537,1234.256796,1,3,3,4,4,0.8571428571,0,0,0,1,1,1,1,0.5,0.5,1,0,0,0,0,0,4,1233.072155,1.578517323,1234.492824,0.9,0.9
36598e9b-0275-45fc-8df4-f514d5beb517,boston_sidewalk_61830,no_match,brad,2026-01-15 04:38:18.816724+00:00,84126b50,no_match,0.4949146621,0,0.03101181193,0.8600678264,1,True,0.5,0.5,0.5,1,0.9992631478,1,0.03101181193,0.1399321736,0.03101181193,0.2216203117,922.7382875,921.9813744,922.6575416,0,0,14.97494581,0.9999999999,921.9813744,922.4691253,0,3,3,4,4,0.8571428571,0,0,0,1,1,1,1,0.5,0.5,0,0,0,0,0,0,7,922.1157843,0.6223364843,922.6760039,0.9,0.9
3ad3a9aa-3dfc-4b4d-b0d0-94cf54714c80,boston_sidewalk_62569,no_match,brad,2026-01-15 04:38:20.244465+00:00,84126b50,no_match,0.4948963095,0.895675484,0.9804297297,0,1,True,0.5,0.5,0.5,1,0.9995054806,1,0.08475424572,1,0.08475424572,0.08475424572,738.2636068,736.3221807,738.1481707,0,0,75.3621292,1,736.3221807,737.8678865,1,2,2,3,1,0.75,0,0,1,0,0,1,0,0.5,0.5,0,0,0,0,0,5.09861513,2,736.1287371,1.364245397,737.357293,0.9,0.9
44460971-d2b2-474d-b5a3-8b2d821a7f48,boston_sidewalk_2126,no_match,brad,2026-01-15 04:38:32.581114+00:00,84126b50,no_match,0.49484563,0,0.06232291959,0.970983055,1,True,0.5,0.5,0.5,0.85,0.9989020535,1,0.06232291959,0.029016945,0.029016945,0.4655902707,1417.734256,1417.512873,1417.705096,0,0,55.67673001,0.9999999993,1417.512873,1417.636978,1,3,3,3,3,1,1,0,0,1,1,1,1,0.5,0.5,0,0,0,0,0,0,4,1417.464265,0.07558235302,1417.532295,1,1
9cc4620f-5bbf-405b-a65d-b0f26e5734fe,boston_sidewalk_92087,no_match,brad,2026-01-15 04:38:35.343477+00:00,84126b50,no_match,0.4948257061,0,1,0.6529872981,0.745199438,True,0.5,0.5,0.5,0.1,0.999362496,1,1,0.09221213989,0.09221213989,0.09221213989,872.1808628,869.672564,871.7308083,0,0,35.87314156,0.9999999999,869.672564,870.6588769,1,3,4,3,3,0.9230769231,0.3333333333,0,0,1,1,1,1,0.5,0.5,1,0,0,0,0,0,6,870.4211198,1.758207887,872.0045815,0.95,0.95
302540ea-53c6-4be0-a4c6-9f8de781540c,boston_sidewalk_2020,no_match,brad,2026-01-15 04:38:36.527439+00:00,84126b50,no_match,0.4948161245,0.9703679264,1,0.9403372145,1,True,0.5,0.5,0.5,0.1,0.9991593845,1,0.02963207365,0.05966278546,0.02963207365,0.4966592394,212.9605542,212.6034073,212.9110046,0,0,30.71097384,0.9999999997,212.6034073,212.7953626,1,4,4,2,2,0.6666666667,0,0,0,1,1,0,0,0.5,0.5,1,0,0,0,0,0,4,212.5207265,0.1093989371,212.6192542,0.8,0.8
fed83efc-9437-4146-a5ef-3600e24f5955,boston_sidewalk_102626,no_match,brad,2026-01-15 04:38:37.732318+00:00,84126b50,no_match,0.4947307047,0.2272633089,0.3198033927,0,1,True,0.5,0.5,0.5,0.85,0.9990197785,1,0.09254008382,1,0.09254008382,0.09254008382,1039.879177,1024.080181,1039.43132,0,0,5.791396448,1,1024.080181,1039.323821,0,3,4,2,4,0.9230769231,0.3333333333,0,0,1,1,1,1,0.5,0.5,0,0,0,0,0,3.686512486,5,1025.286402,14.59028397,1038.419972,0.95,0.95
9b03216c-161f-4cdd-905b-d9085c23e39a,boston_sidewalk_103876,no_match,brad,2026-01-15 04:38:39.006665+00:00,84126b50,no_match,0.4947096312,0.4216673248,0.6208197932,0,1,True,0.5,0.5,0.5,0.85,0.9989066476,1,0.1991524684,1,0.1991524684,0.1991524684,861.1680753,856.0108527,860.5223584,0,0,71.99553025,1,856.0108527,859.0046124,1,4,4,2,3,0.7692307692,0,0,0,1,1,1,1,0.5,0.5,0,0,0,0,0,0,6,857.0869572,4.081027672,860.7599454,0.85,0.85
d9b579a4-de20-4939-b9fe-c5a2c7183416,boston_sidewalk_102448,no_match,brad,2026-01-15 04:38:40.602585+00:00,84126b50,no_match,0.4946397609,0,0.0466894492,0,0.0343761121,True,0.5,0.5,0.5,0.1,0.9995311821,1,0.0466894492,0.0343761121,0.0343761121,0.7362715279,168.00023,166.7822201,167.8216096,0,0,83.1617211,0.9999999999,166.7822201,167.4011962,1,4,4,2,2,0.6666666667,0,0,0,1,1,0,0,0.5,0.5,1,0,0,0,0,0,6,166.4837327,0.3249078866,166.7767005,0.8,0.8
5bfc3d3d-2e43-45e3-90d4-1d96d1c20e12,boston_sidewalk_2058,no_match,brad,2026-01-15 04:38:42.047113+00:00,84126b50,no_match,0.4945970217,0,0.8026238646,0.5888739362,1,True,0.5,0.5,0.5,1,0.9988066075,1,0.8026238646,0.4111260638,0.4111260638,0.51222756,1411.183619,1408.281427,1410.605869,0,0,27.98962853,1,1408.281427,1409.739066,1,3,3,4,4,0.8571428571,0,0,0,1,1,1,1,0.5,0.5,0,0,0,0,0,0,8,1407.600649,0.6929659151,1408.225195,0.9,0.9
d4c73b38-d898-43d0-9a79-c8e9ff07ac86,boston_sidewalk_103334,match,brad,2026-01-15 04:38:44.698734+00:00,84126b50,no_match,0.4944614514,0,0.7901195863,0,0.2162542216,True,0.5,0.5,0.5,1,0.9997143599,1,0.7901195863,0.2162542216,0.2162542216,0.2736980899,1066.013918,1064.545007,1065.735791,0,0,4.556887316,1,1064.545007,1065.313375,0,3,3,3,3,1,1,0,0,1,1,1,1,0.5,0.5,0,0,0,0,0,0,4,1065.006739,0.995285671,1065.910822,1,1
51011124-ccb6-43f5-9589-52421c14c7af,boston_sidewalk_22963,match,brad,2026-01-15 04:38:48.465488+00:00,84126b50,no_match,0.4944527997,0.9302662607,1,0.972351114,1,True,0.5,0.5,0.5,1,0.9992919489,1,0.0697337393,0.027648886,0.027648886,0.3964922329,664.6390403,664.0526268,664.6079539,0,0,28.85817427,0.9999999998,664.0526268,664.5353726,1,4,4,2,2,0.6666666667,0,0,0,1,1,0,0,0.5,0.5,0,0,0,0,0,0,5,664.0007896,0.4309815839,664.3886917,0.8,0.8
ab3dddd5-048a-4d6d-bfb9-f5af651200ef,boston_sidewalk_103870,no_match,brad,2026-01-15 04:38:51.337324+00:00,84126b50,no_match,0.4943834007,0,0.4578282566,0.9691029389,1,True,0.5,0.5,0.5,0.1,0.9992451508,1,0.4578282566,0.03089706107,0.03089706107,0.06748613835,857.4657976,856.186415,857.3697673,0,0,5.371065721,1,856.186415,857.4713837,0,3,4,3,3,0.9230769231,0.3333333333,0,0,1,1,1,1,0.5,0.5,1,0,0,0,0,0,4,856.1438134,1.146416814,857.1304326,0.95,0.95
5e5f1f50-69f7-46e4-8502-341ac5697675,boston_sidewalk_103258,match,brad,2026-01-15 04:38:53.886616+00:00,84126b50,no_match,0.4943438815,0.6781195464,1,0.6080949557,1,True,0.5,0.5,0.5,1,0.9989805108,1,0.3218804536,0.3919050443,0.3218804536,0.8213225583,2134.379269,2121.122794,2134.316407,0,0,56.96258777,1,2121.122794,2129.196284,1,3,3,3,3,1,1,0,0,1,1,1,1,0.5,0.5,0,0,0,0,0,0,4,2125.403537,8.549999991,2133.396795,1,1
ab432b2f-98c7-4c58-94bd-bcfe2ba0ae74,boston_sidewalk_58820,no_match,brad,2026-01-15 04:38:59.802837+00:00,84126b50,review,0.7463176358,0.1160111406,0.1728437104,0,1,True,0.5,0.5,0.5,1,0.9989276314,1,0.05683256975,1,0.05683256975,0.05683256975,1218.619345,1218.484027,1218.59553,0,0,2.176864007,1,1218.484027,1218.528534,0,2,2,1,2,0.8571428571,0.3333333333,0,1,0,0,0,1,0.5,0.5,0,0,0,0,0,0,3,1218.522777,0.09562670874,1218.6095,0.95,0.95
5aecbc9d-8ca7-4975-b5b8-452f094b072d,boston_sidewalk_103077,no_match,brad,2026-01-15 04:39:02.171737+00:00,84126b50,review,0.7463141178,0.8306298383,1,0,0.0224195866,True,0.5,0.5,0.5,0.1,0.9992533698,1,0.1693701617,0.0224195866,0.0224195866,0.1323703442,1438.343739,1437.659822,1438.113706,0,0,23.81852376,0.9999999998,1437.659822,1438.151513,1,4,3,3,3,0.9230769231,0.3333333333,0,0,1,1,1,1,0.5,0.5,1,0,0,0,0,0,5,1437.54924,0.2071256443,1437.73133,0.95,0.95
1ee6aef9-d358-4f63-aa9f-48992106faad,boston_sidewalk_103168,no_match,brad,2026-01-15 04:39:04.669020+00:00,84126b50,review,0.7462970184,0.290221793,0.7146141068,0,1,True,0.5,0.5,0.5,0.1,0.9990225015,1,0.4243923137,1,0.4243923137,0.4243923137,1273.122263,1254.708628,1268.470155,0,0,6.385948525,1,1254.708628,1271.940591,0,4,3,3,3,0.9230769231,0.3333333333,0,0,1,1,1,1,0.5,0.5,1,0,0,0,0,0,6,1252.254185,15.37610328,1266.469924,0.95,0.95
fcd22110-6916-4d59-b782-41d75e60bb25,boston_sidewalk_103113,no_match,brad,2026-01-15 04:39:06.152972+00:00,84126b50,review,0.7462630368,0.9716091461,1,0.9345784033,1,True,0.5,0.5,0.5,0.1,0.9991934287,1,0.0283908539,0.06542159667,0.0283908539,0.4339676093,1479.222472,1478.354105,1479.212658,0,0,79.87314353,1,1478.354105,1479.15366,1,3,3,3,3,1,1,0,0,1,1,1,1,0.5,0.5,1,0,0,0,0,0,4,1478.580884,0.6174613734,1479.153488,1,1
375d3735-9be5-4bd6-b5e9-cc9345565a5e,boston_sidewalk_60764,match,brad,2026-01-15 04:39:09.673071+00:00,84126b50,review,0.7462549837,0,0.02262039778,0,0.1587252292,True,0.5,0.5,0.5,1,0.9989934928,1,0.02262039778,0.1587252292,0.02262039778,0.142512932,1144.322856,1143.801166,1144.316056,0,0,4.227492049,0.9999999998,1143.801166,1144.300186,0,3,3,1,1,0.5,0,0,1,0,1,0,0,0.5,0.5,0,0,0,0,0,7.389101721,2,1143.789816,0.4876853999,1144.228744,0.8,0.8
a8ade0e8-bc28-46f8-a7ce-8cff3e5b7505,boston_sidewalk_12834,match,brad,2026-01-15 04:39:14.586150+00:00,84126b50,review,0.74603143,0.945000028,1,0,0.0309346065,True,0.5,0.5,0.5,0.5,0.9994128995,1,0.05499997204,0.0309346065,0.0309346065,0.5624476768,1341.139796,1339.99616,1341.029701,0,0,21.21972457,1,1339.99616,1340.772781,1,4,3,4,4,0.9333333333,0.3333333333,0,0,1,1,1,1,0.5,0.5,1,0,0,0,0,0,6,1339.812511,0.5931614173,1340.346467,0.95,0.95
1baebfc9-8f5a-4808-9bd8-597e0d8cfc95,boston_sidewalk_12325,no_match,brad,2026-01-15 04:41:30.053782+00:00,84126b50,review,0.7458529127,0,0.04155968204,0,0.03781247088,True,0.5,0.5,0.5,1,0.9997272816,1,0.04155968204,0.03781247088,0.03781247088,0.9098354228,1465.796494,1465.512857,1465.785597,0,0,3.761017892,0.9999999996,1465.512857,1465.76017,0,1,1,3,3,0.5,0,1,0,0,0,1,0,0.5,0.5,1,0,0,0,0,inf,4,1465.530985,0.2654754534,1465.769937,0.8,0.8
68ffaa19-390a-4890-9174-efa7ec49e639,boston_sidewalk_13067,match,brad,2026-01-15 04:41:32.904155+00:00,84126b50,review,0.7455672644,0,1,0.4147228644,0.5085714417,True,0.5,0.5,0.5,0.9,0.9995716623,1,1,0.09384857728,0.09384857728,0.09384857728,1114.478633,1111.950948,1114.066348,0,0,33.15797109,0.9999999999,1111.950948,1113.104136,1,3,3,4,2,0.8333333333,0,0,0,1,1,1,1,0.5,0.5,1,0,0,0,0,0,5,1112.63751,1.840543317,1114.294405,0.9,0.9
7c3f02f6-f96c-44b5-bf71-926ed10eedc4,boston_sidewalk_103996,match,brad,2026-01-15 04:41:35.286439+00:00,84126b50,review,0.7453752477,0.9415317148,1,0,0.02993582318,True,0.5,0.5,0.5,0.9,0.9993498166,1,0.0584682852,0.02993582318,0.02993582318,0.512001046,1044.061093,1044.011113,1044.056978,0,0,14.55542104,0.9999999999,1044.011113,1044.047221,0,2,2,3,3,0.8,0,0,0,1,0,1,0,0.5,0.5,0,0,0,0,0,0,5,1044.01796,0.04312089675,1044.056777,0.9,0.9
80635b68-7fae-4707-b8b9-4448d7e4ed47,boston_sidewalk_103448,match,brad,2026-01-15 04:41:37.833266+00:00,84126b50,review,0.7452832525,0.9126396182,0.974326306,0,1,True,0.5,0.5,0.5,1,0.9992084205,1,0.06168668785,1,0.06168668785,0.06168668785,673.9024019,671.5280213,673.4815686,0,0,19.20024481,1,671.5280213,673.2332356,1,3,3,3,4,0.9230769231,0.3333333333,0,0,1,1,1,1,0.5,0.5,0,0,0,0,0,0,6,670.5756936,1.934020085,672.309249,0.95,0.95
4a8d6571-7acd-4931-9813-26f1e5e068c8,boston_sidewalk_103332,no_match,brad,2026-01-15 04:41:56.498277+00:00,84126b50,review,0.7451604059,0,0.03617916596,0.9562705153,1,True,0.5,0.5,0.5,0.1,0.998969481,1,0.03617916596,0.0437294847,0.03617916596,0.8273403222,563.4316352,561.4551126,563.4080999,0,0,19.64055075,0.9999999999,561.4551126,563.3601299,1,3,3,3,3,1,1,0,0,1,1,1,1,0.5,0.5,1,0,0,0,0,0,6,561.9784472,1.437932203,563.2832653,1,1
065da80b-8cfc-4826-b2b3-178efe2898bb,boston_sidewalk_98925,no_match,brad,2026-01-16 04:13:14.407950+00:00,99b790ab,review,0.7499979874,0.9578419544,1,0,0.03733040078,True,0.5,0.5,0.5,0.1,0.9990465617,1,0.04215804564,0.03733040078,0.03733040078,0.8854869861,1236.996581,1236.692408,1236.988547,0,0,2.102172037,0.9999999996,1236.692408,1236.969803,0,3,3,1,1,0.5,0,0,1,0,1,0,0,0.5,0.5,1,0,0,0,0,5.159653927,2,1236.678946,0.26400575,1236.916602,0.8,0.8
a494cc7e-fcdf-469e-9d10-9b9bdbd07936,boston_sidewalk_97082,no_match,brad,2026-01-16 04:13:24.988720+00:00,99b790ab,no_match,0.499998238,0,0.02964612339,0,0.05960590918,True,0.5,0.5,0.5,0.1,0.9996580763,1,0.02964612339,0.05960590918,0.02964612339,0.4973688648,469.226285,467.290996,469.2165822,0,0,3.34879367,0.9999999999,467.290996,469.1993592,0,5,5,4,4,0.8888888889,0,0,0,1,1,1,1,0.5,0.5,1,0,0,0,0,0,6,467.801149,1.420071771,469.0827585,0.9,0.9
a0c2d483-dc28-4426-a218-08dd626e25ea,boston_sidewalk_21048,no_match,brad,2026-01-16 04:13:28.588523+00:00,99b790ab,no_match,0.4999906943,0,0.08177852141,0.9738766526,1,True,0.5,0.5,0.5,0.1,0.9997730088,1,0.08177852141,0.02612334739,0.02612334739,0.3194402019,1059.262261,1058.901122,1059.215239,0,0,56.67918584,0.9999999998,1058.901122,1059.09446,1,5,4,3,3,0.8,0,0,0,1,1,1,1,0.5,0.5,1,0,0,0,0,2.262724415,7,1058.953149,0.3089292268,1059.231313,0.85,0.85
23748250-8f17-4083-bcee-5723cf3904f5,boston_sidewalk_87525,no_match,brad,2026-01-16 04:13:34.649856+00:00,99b790ab,no_match,0.4999873295,0.03044250268,0.1499009651,0,1,True,0.5,0.5,0.5,1,0.9991315744,1,0.1194584624,1,0.1194584624,0.1194584624,1450.151029,1444.92909,1449.029801,0,0,65.45394741,1,1444.92909,1447.495141,1,3,3,1,2,0.6666666667,0,0,1,0,1,0,0,0.5,0.5,0,0,0,0,0,9.939657118,2,1446.259864,3.854668042,1449.754613,0.85,0.85
4f7c88df-3e34-486c-914a-cdb46f6b449c,boston_sidewalk_4401,no_match,brad,2026-01-16 04:13:38.299181+00:00,99b790ab,no_match,0.4999858322,0.8767891323,0.9644814178,0,1,True,0.5,0.5,0.5,1,0.9996887927,1,0.08769228547,1,0.08769228547,0.08769228547,1006.696606,1002.151681,1005.789443,0,0,37.84366432,1,1002.151681,1003.664511,1,4,4,4,4,1,1,0,0,1,1,1,1,0.5,0.5,0,0,0,0,0,0,8,1000.637108,0.009946581383,1000.647319,1,1
8eac5205-f103-4735-9947-3cb686eccfad,boston_sidewalk_99469,match,brad,2026-01-16 04:13:42.694020+00:00,99b790ab,no_match,0.4999845887,0.975734327,1,0.8924454141,1,True,0.5,0.5,0.5,1,0.9993436168,1,0.02426567302,0.1075545859,0.02426567302,0.2256126303,584.108316,582.6037558,584.0329715,0,0,24.85463142,0.9999999999,582.6037558,583.856906,1,3,3,3,3,1,1,0,0,1,1,1,1,0.5,0.5,0,0,0,0,0,0,6,582.7293051,1.378985937,583.97041,1,1
9dfd0359-876c-4728-8543-fd40c1fb6c0d,boston_sidewalk_1633,no_match,brad,2026-01-16 04:13:46.261950+00:00,99b790ab,no_match,0.4999815089,0,0.1018809533,0.9754255712,1,True,0.5,0.5,0.5,1,0.999319896,1,0.1018809533,0.02457442876,0.02457442876,0.2412072911,1682.510239,1682.232557,1682.475643,0,0,83.47209793,0.9999999992,1682.232557,1682.394881,1,3,3,4,4,0.8571428571,0,0,0,1,1,1,1,0.5,0.5,0,0,0,0,0,0,8,1682.290214,0.2200225671,1682.488236,0.9,0.9
641772ce-c392-4c42-9371-c8a6a4c7cc22,boston_sidewalk_101765,no_match,brad,2026-01-16 04:13:49.192877+00:00,99b790ab,no_match,0.4999697487,0.4845703838,1,0,0.5753954595,True,0.5,0.5,0.5,0.1,0.999440869,1,0.5154296162,0.5753954595,0.5154296162,0.8957832526,1006.875211,1002.675947,1005.603563,0,0,14.52999499,1,1002.675947,1005.838573,0,3,6,3,3,0.8,0.3333333333,0,0,1,1,1,1,0.5,0.5,1,0,0,0,0,0,4,1000.927136,4.306564978,1004.904862,0.85,0.85
5bba8588-5823-4512-a0a4-5450f33d847c,boston_sidewalk_42849,no_match,brad,2026-01-16 04:13:52.777863+00:00,99b790ab,no_match,0.4999625795,0,0.02747288517,0.9291210295,1,True,0.5,0.5,0.5,1,0.9994540219,1,0.02747288517,0.07087897051,0.02747288517,0.3876027681,1020.640843,1020.039697,1020.552963,0,0,88.9770987,0.9999999998,1020.039697,1020.34773,1,3,3,4,4,0.8571428571,0,0,0,1,1,1,1,0.5,0.5,0,0,0,0,0,0,9,1020.18616,0.4546793539,1020.595374,0.9,0.9
72aa655a-0d8a-4d1f-9947-64f9482d1c66,boston_sidewalk_6965,no_match,brad,2026-01-16 04:13:56.962088+00:00,99b790ab,no_match,0.499958293,0.9775440618,1,0,0.1673239087,True,0.5,0.5,0.5,0.1,0.9990366307,1,0.02245593818,0.1673239087,0.02245593818,0.1342063926,649.7039619,648.454858,649.6754437,0,0,3.201862011,0.9999999999,648.454858,649.6088982,0,3,3,4,4,0.8571428571,0,0,0,1,1,1,1,0.5,0.5,1,0,0,0,0,0,6,648.4065533,1.106513231,649.4029574,0.9,0.9
8d87c9a8-2431-44ca-a4af-cd1e59b9664c,boston_sidewalk_22652,no_match,brad,2026-01-16 04:14:01.015463+00:00,99b790ab,no_match,0.4999547427,0,1,0.01505785952,0.4586522962,True,0.5,0.5,0.5,0.1,0.9991724319,1,1,0.4435944367,0.4435944367,0.4435944367,919.2914025,884.6185799,917.1978304,0,0,50.70027637,1,884.6185799,916.7006646,1,3,3,3,3,1,1,0,0,1,1,1,1,0.5,0.5,1,0,0,0,0,0,4,888.7238341,30.56296301,916.2309431,1,1
5fea0d73-d4d3-46df-9abb-a267ef9b287d,boston_sidewalk_77474,match,brad,2026-01-16 04:15:22.990313+00:00,99b790ab,no_match,0.499952716,0.2408180355,0.6295335886,0,1,True,0.5,0.5,0.5,1,0.9989077945,1,0.3887155531,1,0.3887155531,0.3887155531,1215.273608,1179.275811,1214.404857,0,0,19.0340562,1,1179.275811,1215.6554,1,4,4,4,3,0.9333333333,0.3333333333,0,0,1,1,1,1,0.5,0.5,0,0,0,0,0,0,6,1180.601173,29.67098085,1207.571514,0.95,0.95
191ceaaf-3c61-4dec-abb4-29bb112147d3,boston_sidewalk_63172,no_match,brad,2026-01-16 04:15:25.765143+00:00,99b790ab,no_match,0.499946966,0,0.09890793542,0.0006279236233,1,True,0.5,0.5,0.5,0.85,0.9988263275,1,0.09890793542,0.9993720764,0.09890793542,0.09897008108,2433.503477,2430.525004,2433.28689,0,0,76.50195008,0.9999999999,2430.525004,2432.774806,1,4,4,3,4,0.9333333333,0.3333333333,0,0,1,1,1,1,0.5,0.5,0,0,0,0,0,0,5,2430.885529,2.61749458,2433.241591,0.95,0.95
24141b2e-a596-443c-8822-3f08f537abe5,boston_sidewalk_1423,match,brad,2026-01-16 04:15:29.935089+00:00,99b790ab,no_match,0.4999450653,0.4776688337,0.5798730822,0,1,True,0.5,0.5,0.5,1,0.9990443344,1,0.1022042486,1,0.1022042486,0.1022042486,1586.316502,1581.079356,1586.218503,0,0,5.095178878,0.9999999999,1581.079356,1586.09803,0,2,3,3,2,1,1,0,0,1,1,1,1,0.5,0.5,0,0,0,0,0,0,3,1581.167167,5.148929957,1585.801488,1,1
6f505df9-f0c3-484d-816c-1e54ada6997d,boston_sidewalk_104988,no_match,brad,2026-01-16 04:15:34.022423+00:00,99b790ab,no_match,0.4999325768,0.318168914,1,0,0.352393375,True,0.5,0.5,0.5,0.1,0.9992187039,1,0.681831086,0.352393375,0.352393375,0.516833835,3309.83164,3281.386587,3297.937575,0,0,28.17872106,1,3281.386587,3299.832261,1,4,4,3,3,0.8571428571,0,0,0,1,1,1,1,0.5,0.5,1,0,0,0,0,0,4,3281.155766,7.997146851,3288.350348,0.9,0.9
ce9a02d4-ab89-4ca3-befb-9c1f70601c91,boston_sidewalk_80345,no_match,brad,2026-01-16 04:15:43.884824+00:00,99b790ab,no_match,0.499931081,0.929786796,1,0.9210632934,1,True,0.5,0.5,0.5,0.85,0.9991528437,1,0.07021320403,0.07893670658,0.07021320403,0.8894873764,967.2080425,966.0522887,967.1651733,0,0,4.437611097,0.9999999999,966.0522887,966.9933028,0,4,3,3,3,0.9230769231,0.3333333333,0,0,1,1,1,1,0.5,0.5,0,0,0,0,0,0,6,966.134281,1.018050658,967.0895241,0.95,0.95
ef8775ac-9095-4200-b2c2-a1f64d71ff80,boston_sidewalk_15311,no_match,brad,2026-01-16 04:15:47.717718+00:00,99b790ab,no_match,0.4999278295,0,0.07102489135,0,0.02745102506,True,0.5,0.5,0.5,0.1,0.9996232435,1,0.07102489135,0.02745102506,0.02745102506,0.3864986562,1078.566174,1077.75595,1078.532463,0,0,66.72463324,0.9999999999,1077.75595,1078.453413,1,1,1,2,2,0.6666666667,0,1,0,0,0,0,1,0.5,0.5,1,0,0,0,0,0,4,1077.812113,0.7540392326,1078.490764,0.9,0.9
7859236e-9781-4b23-8a25-aeabd1a125ba,boston_sidewalk_16023,no_match,brad,2026-01-16 04:15:50.778937+00:00,99b790ab,no_match,0.499927186,0,0.02891300423,0,0.06280787625,True,0.5,0.5,0.5,0.1,0.9992768819,1,0.02891300423,0.06280787625,0.02891300423,0.4603404216,494.6378698,493.3777283,494.3861817,0,0,53.40271327,0.9999999999,493.3777283,493.9473412,1,3,3,3,3,1,1,0,0,1,1,1,1,0.5,0.5,1,0,0,0,0,0,6,493.5838021,1.023679498,494.5263854,1,1
19ff9d36-e5b4-43a5-b048-915c0dfcd2ff,boston_sidewalk_105554,no_match,brad,2026-01-16 04:15:57.895626+00:00,99b790ab,no_match,0.4999237094,0.410514422,0.4843541184,0,1,True,0.5,0.5,0.5,1,0.9992382626,1,0.07383969642,1,0.07383969642,0.07383969642,507.3473116,505.75701,507.3109947,0,0,28.34049517,1,505.75701,506.7319251,1,4,4,4,4,1,1,0,0,1,1,1,1,0.5,0.5,0,0,0,0,0,0,6,505.1465429,1.198020462,506.2318554,1,1
45e79a8f-79ff-4097-aeec-5a4128bae609,boston_sidewalk_13078,no_match,brad,2026-01-16 04:16:00.630788+00:00,99b790ab,no_match,0.4999200358,0.2061578291,0.3696638813,0,1,True,0.5,0.5,0.5,0.9,0.9990141726,1,0.1635060522,1,0.1635060522,0.1635060522,1294.481408,1287.303455,1294.323101,0,0,23.79761249,1,1287.303455,1294.161482,1,3,4,5,4,0.875,0.3333333333,0,0,1,1,1,1,0.5,0.5,0,0,0,0,0,0,8,1287.371409,7.10993665,1293.770396,0.9,0.9
cded86be-01ca-4932-a82e-05967e373ffe,boston_sidewalk_72171,match,brad,2026-01-16 04:16:04.645428+00:00,99b790ab,no_match,0.4999140298,0,0.05720510492,0.9697218581,1,True,0.5,0.5,0.5,0.9,0.9998475207,1,0.05720510492,0.03027814187,0.03027814187,0.5292909072,891.4153038,890.4128187,891.2928439,0,0,26.71519173,0.9999999999,890.4128187,891.0070594,1,3,3,3,3,1,1,0,0,1,1,1,1,0.5,0.5,0,0,0,0,0,0,4,890.2085313,0.3901856947,890.5598298,1,1
f98ed749-b4a6-4ec4-90e6-30943834b0ef,boston_sidewalk_90187,match,brad,2026-01-16 04:16:09.511944+00:00,99b790ab,no_match,0.4999137319,0,0.5489705346,0,0.02053957811,True,0.5,0.5,0.5,1,0.9993665879,1,0.5489705346,0.02053957811,0.02053957811,0.03741471866,370.5224395,366.8857738,370.5107356,0,0,2.628517089,1,366.8857738,370.4988438,0,1,3,3,3,0.8,0.3333333333,1,0,0,1,1,1,0.5,0.5,0,0,0,0,0,0,6,367.7210806,2.771583801,370.2181425,0.9,0.9
85b29f60-4f78-4dce-a5df-5e1746ba868d,boston_sidewalk_13485,match,brad,2026-01-16 04:16:22.854982+00:00,99b790ab,no_match,0.499894626,0.9768297116,1,0.8639337815,1,True,0.5,0.5,0.5,0.9,0.9990986224,1,0.02317028844,0.1360662185,0.02317028844,0.1702868551,584.3077447,583.4423882,584.2064257,0,0,25.43857374,0.9999999999,583.4423882,583.7573574,1,3,3,3,3,1,1,0,0,1,1,1,1,0.5,0.5,0,0,0,0,0,0,5,583.0524198,0.05592687129,583.1031539,1,1
b9e0b42c-5968-40fc-9f34-e2cc5ce1ef65,boston_sidewalk_96945,no_match,brad,2026-01-16 04:16:26.177154+00:00,99b790ab,no_match,0.4998945057,0.932938998,1,0.265398293,1,True,0.5,0.5,0.5,0.85,0.9990971038,1,0.06706100197,0.734601707,0.06706100197,0.09128892749,401.0514683,399.1262494,400.7004693,0,0,4.974676925,1,399.1262494,400.5194478,0,3,3,4,3,0.9230769231,0.3333333333,0,0,1,1,1,1,0.5,0.5,0,0,0,0,0,0,6,399.8441432,1.093906931,400.9080522,0.95,0.95
2dc9bd4b-4e72-4fd2-9baa-8ba81696239e,boston_sidewalk_40511,no_match,brad,2026-01-16 04:16:29.169840+00:00,99b790ab,no_match,0.4998791254,0,0.4498649305,0,0.7578879045,True,0.5,0.5,0.5,0.1,0.998875818,1,0.4498649305,0.7578879045,0.4498649305,0.5935771344,684.9054484,682.7528602,684.5817366,0,0,52.80169186,1,682.7528602,684.0708771,1,4,4,4,4,1,1,0,0,1,1,1,1,0.5,0.5,1,0,0,0,0,0,8,683.0282088,1.875423682,684.7173612,1,1
7d27ef9f-0f8d-4c9a-abb5-2f1df683e649,boston_sidewalk_54094,no_match,brad,2026-01-16 04:16:32.295779+00:00,99b790ab,no_match,0.4998790291,0,0.02075678313,0.5710108014,1,True,0.5,0.5,0.5,0.85,0.9988118051,1,0.02075678313,0.4289891986,0.02075678313,0.04838532811,1589.636995,1588.29469,1589.624791,0,0,4.04283591,0.9999999997,1588.29469,1589.596311,0,3,3,1,1,0.5,0,0,1,0,1,0,0,0.5,0.5,0,0,0,0,0,3.17264319,4,1588.315001,1.321964481,1589.50479,0.8,0.8
d033f90c-a176-4083-a53d-45b26d8785ad,boston_sidewalk_105384,no_match,brad,2026-01-16 04:16:35.632818+00:00,99b790ab,no_match,0.4998770032,0.9244628711,1,0,0.02683154805,True,0.5,0.5,0.5,0.1,0.998973732,1,0.07553712887,0.02683154805,0.02683154805,0.3552100596,115.0753525,111.7185986,113.0245832,0,0,74.75158236,1,111.7185986,113.8589763,1,3,3,3,3,1,1,0,0,1,1,1,1,0.5,0.5,1,0,0,0,0,0,5,111.576551,0.7044673771,112.1158362,1,1
349c9f6f-fd27-4010-b8a0-3a8395d41732,boston_sidewalk_54223,no_match,brad,2026-01-16 04:16:38.327430+00:00,99b790ab,no_match,0.4998739115,0.4821182521,0.8826142622,0,1,True,0.5,0.5,0.5,1,0.9988509522,1,0.40049601,1,0.40049601,0.40049601,1564.994682,1559.649913,1564.742233,0,0,9.996369477,1,1559.649913,1564.37084,0,3,1,3,1,1,1,1,1,1,1,1,1,0.5,0.5,0,0,0,0,0,inf,2,1560.740536,4.253055482,1564.569049,1,1
0b6c131f-2434-408e-857e-6b31120a15b9,boston_sidewalk_104468,no_match,brad,2026-01-16 04:16:42.511868+00:00,99b790ab,no_match,0.4998666143,0,0.6803018704,0,0.4199599953,True,0.5,0.5,0.5,0.85,0.9996044325,1,0.6803018704,0.4199599953,0.4199599953,0.6173141859,1236.420639,1235.161178,1236.189085,0,0,19.11158009,1,1235.161178,1235.72804,1,3,4,3,3,0.9230769231,0.3333333333,0,0,1,1,1,1,0.5,0.5,0,0,0,0,0,0,8,1235.172046,0.4749340296,1235.600756,0.95,0.95
1a25ec57-4c8d-493e-8918-41c5f8a39107,boston_sidewalk_23247,no_match,brad,2026-01-16 04:16:45.187013+00:00,99b790ab,no_match,0.4998487417,0,0.1751090436,0.9776772539,1,True,0.5,0.5,0.5,0.85,0.9993323372,1,0.1751090436,0.0223227461,0.0223227461,0.1274791161,635.4004322,635.0628521,635.3931693,0,0,8.413025588,0.9999999994,635.0628521,635.3822742,0,4,4,2,2,0.6666666667,0,0,0,1,1,0,0,0.5,0.5,0,0,0,0,0,0,6,635.0364475,0.3639828323,635.3640334,0.8,0.8
d506d3a1-717b-4f8f-a356-a5849928b9c9,boston_sidewalk_14022,no_match,brad,2026-01-16 04:16:47.721175+00:00,99b790ab,no_match,0.4998466138,0,0.2775982751,0.2861676866,1,True,0.5,0.5,0.5,0.85,0.9991454421,1,0.2775982751,0.7138323134,0.2775982751,0.3888844339,996.1071957,990.2774061,996.0933479,0,0,28.30248493,1,990.2774061,992.2826477,1,3,2,4,2,0.9090909091,0.3333333333,0,0,1,1,1,1,0.5,0.5,0,0,0,0,0,0,6,990.9470061,4.504137015,995.3994766,0.95,0.95
2ab59c60-b870-47cc-ba59-2feedad33fd6,boston_sidewalk_75585,no_match,brad,2026-01-16 04:16:50.583401+00:00,99b790ab,no_match,0.4998374295,0.9753618034,1,0,0.1007993697,True,0.5,0.5,0.5,1,0.9994434656,1,0.02463819659,0.1007993697,0.02463819659,0.2444280818,1525.596014,1524.522307,1525.569987,0,0,11.07436785,0.9999999999,1524.522307,1525.509247,0,3,3,3,3,1,1,0,0,1,1,1,1,0.5,0.5,0,0,0,0,0,0,6,1524.565671,1.030329165,1525.492977,1,1
4c0e948d-3fd1-4dea-b295-a5ca6fe4bef9,boston_sidewalk_105974,no_match,brad,2026-01-16 04:16:53.393307+00:00,99b790ab,no_match,0.4998319235,0.9636826534,1,0,0.04352930012,True,0.5,0.5,0.5,0.85,0.9988676582,1,0.03631734661,0.04352930012,0.03631734661,0.8343195619,584.7884964,583.9162624,584.6340544,0,0,17.45785877,1,583.9162624,584.5752231,1,3,3,3,3,1,1,0,0,1,1,1,1,0.5,0.5,0,0,0,0,0,0,4,584.061874,0.6963711218,584.7097839,1,1
fad9c7c6-c911-40fa-a096-538468a6d426,boston_sidewalk_101154,no_match,brad,2026-01-16 04:16:55.979632+00:00,99b790ab,no_match,0.4998259318,0.7359444892,1,0,0.02352338981,True,0.5,0.5,0.5,0.9,0.9992076501,1,0.2640555108,0.02352338981,0.02352338981,0.08908501755,770.362072,770.3285546,770.3578577,0,0,0.4884127006,0.9999999998,770.3285546,770.3610202,0,4,2,3,3,0.8333333333,0,0,0,1,1,1,1,0.5,0.5,0,0,0,0,0,0,6,770.3331256,0.02431605735,770.3507787,0.9,0.9
f9842623-c723-4489-b5dd-27dd3a977cdc,boston_sidewalk_99062,no_match,brad,2026-01-16 04:16:58.430462+00:00,99b790ab,no_match,0.4998117547,0.9751174089,1,0,0.09690539887,True,0.5,0.5,0.5,0.1,0.9997797891,1,0.02488259109,0.09690539887,0.02488259109,0.2567719795,912.1949493,911.2366224,912.0303757,0,0,73.17855536,0.9999999999,911.2366224,911.6457034,1,3,3,2,2,0.8,0,0,0,1,1,0,0,0.5,0.5,1,0,0,0,0,0,6,910.9622289,0.1354592111,911.0842152,0.9,0.9
401ecdd1-312f-40bc-8a86-261570ea89fa,boston_sidewalk_14493,no_match,brad,2026-01-16 04:17:05.455431+00:00,99b790ab,review,0.7499946531,0,0.03141000089,0.9177732838,1,True,0.5,0.5,0.5,0.9,0.9995273489,1,0.03141000089,0.08222671622,0.03141000089,0.3819926459,1113.967107,1113.271267,1113.912816,0,0,48.54009468,1,1113.271267,1113.78604,1,3,3,3,3,1,1,0,0,1,1,1,1,0.5,0.5,0,0,0,0,0,0,4,1113.180754,0.4243840494,1113.562719,1,1
35151117-aea3-490e-916a-57b2f7b8e34a,boston_sidewalk_96628,match,brad,2026-01-16 04:17:09.576399+00:00,99b790ab,review,0.7499619672,0,0.02615479938,0.9185281792,1,True,0.5,0.5,0.5,1,0.9992697222,1,0.02615479938,0.08147182082,0.02615479938,0.3210287817,1293.692596,1292.918097,1293.570208,0,0,16.22968074,0.9999999998,1292.918097,1293.284632,1,3,3,3,3,1,1,0,0,1,1,1,1,0.5,0.5,0,0,0,0,0,0,6,1292.713834,0.1625595006,1292.860336,1,1
14547496-42c5-406e-a5c8-185d01d0504a,boston_sidewalk_92894,no_match,brad,2026-01-16 04:17:13.191579+00:00,99b790ab,review,0.7499466709,0.8712737235,1,0,0.02339747126,True,0.5,0.5,0.5,0.1,0.999242112,1,0.1287262765,0.02339747126,0.02339747126,0.1817614236,445.6231235,445.0734092,445.5857624,0,0,67.92873188,0.9999999998,445.0734092,445.1801584,1,3,3,3,3,1,1,0,0,1,1,1,1,0.5,0.5,1,0,0,0,0,0,5,445.1005657,0.5276671188,445.5718896,1,1
f70f6ecd-9cbe-423b-8b16-71b7f50f77a8,boston_sidewalk_14313,no_match,brad,2026-01-16 04:17:49.346402+00:00,99b790ab,review,0.7499252945,0,0.1677366555,0,0.02244852479,True,0.5,0.5,0.5,0.1,0.9989572131,1,0.1677366555,0.02244852479,0.02244852479,0.1338319566,1555.80217,1554.43514,1555.246807,0,0,45.06731232,0.9999999999,1554.43514,1555.386997,1,3,4,3,3,0.9230769231,0.3333333333,0,0,1,1,1,1,0.5,0.5,1,0,0,0,0,9.999746697e-05,4,1554.389138,0.376510852,1554.676054,0.95,0.95
17d2f00e-3d03-4ede-aa01-88b4782884cf,boston_sidewalk_24284,match,brad,2026-01-16 04:17:54.113574+00:00,99b790ab,review,0.7499225934,0.1344237772,0.2806723557,0,1,True,0.5,0.5,0.5,0.9,0.9989097222,1,0.1462485785,1,0.1462485785,0.1462485785,1697.084033,1692.422489,1696.107784,0,0,16.05240701,1,1692.422489,1694.509529,1,3,3,4,3,0.9230769231,0.3333333333,0,0,1,1,1,1,0.5,0.5,0,0,0,0,0,0,6,1692.074346,1.216490091,1692.814641,0.95,0.95
6bc8a33c-e552-4f2c-9176-18cc245b481d,boston_sidewalk_22704,no_match,brad,2026-01-16 04:17:57.159301+00:00,99b790ab,review,0.7499087106,0,0.0428514448,0,0.03680306886,True,0.5,0.5,0.5,0.1,0.9995448182,1,0.0428514448,0.03680306886,0.03680306886,0.858852462,620.9462989,620.7325853,620.9365273,0,0,14.51670484,0.9999999998,620.7325853,620.8646115,0,3,3,6,6,0.6666666667,0,0,0,1,1,1,1,0.5,0.5,1,0,0,0,0,0,6,620.7693764,0.2031403238,620.9338502,0.7,0.7
35217f9b-973f-4976-8f34-4141653e8c3b,boston_sidewalk_107155,no_match,brad,2026-01-16 04:17:59.920009+00:00,99b790ab,review,0.7498792284,0.9680511275,1,0.9479385598,1,True,0.5,0.5,0.5,0.1,0.9997422339,1,0.03194887254,0.0520614402,0.03194887254,0.6136763104,583.9909698,583.562874,583.9747527,0,0,37.41400716,0.9999999999,583.562874,583.9388041,1,4,3,4,4,0.9333333333,0.3333333333,0,0,1,1,1,1,0.5,0.5,1,0,0,0,0,0,6,583.6629526,0.3215071475,583.9568661,0.95,0.95
6919550d-780e-48e5-ac22-90537dcaefb9,boston_sidewalk_66234,match,brad,2026-01-16 04:18:10.528594+00:00,99b790ab,review,0.7498663763,0.9778733517,1,0.8118075717,1,True,0.5,0.5,0.5,0.9,0.9995572371,1,0.02212664834,0.1881924283,0.02212664834,0.117574594,551.1138525,550.1527704,550.9573171,0,0,67.85018906,0.9999999999,550.1527704,550.5917506,1,3,3,2,2,0.8,0,0,0,1,1,0,0,0.5,0.5,0,0,0,0,0,0,4,549.8917365,0.178405155,550.0524003,0.9,0.9
6a435460-f827-47eb-bdc2-85f71b2540e9,boston_sidewalk_41015,no_match,brad,2026-01-16 04:18:15.718211+00:00,99b790ab,review,0.7498593017,0.9778579089,1,0.8129173226,1,True,0.5,0.5,0.5,0.85,0.9997292968,1,0.02214209107,0.1870826774,0.02214209107,0.1183545766,485.9700416,485.7405636,485.9508215,0,0,62.13721987,0.999999999,485.7405636,485.9059338,1,3,3,4,4,0.8571428571,0,0,0,1,1,1,1,0.5,0.5,0,0,0,0,0,0,4,485.7085221,0.133377569,485.8285676,0.9,0.9
4f64f272-b430-4a97-81cf-124e3f449f8d,boston_sidewalk_2319,match,brad,2026-01-16 04:18:21.453027+00:00,99b790ab,review,0.7498587212,0.6308763364,1,0.06634693072,1,True,0.5,0.5,0.5,1,0.9998457867,1,0.3691236636,0.9336530693,0.3691236636,0.3953542014,949.8064353,938.5863461,947.4815577,0,0,45.62497646,1,938.5863461,945.1729367,1,4,3,4,2,0.9230769231,0.3333333333,0,0,1,1,1,1,0.5,0.5,0,0,0,0,0,0,6,941.9111685,7.893408991,949.0165371,0.95,0.95
d8bb97d7-304e-4208-8a48-73ecf78e8521,boston_sidewalk_85496,no_match,brad,2026-01-16 04:18:24.817003+00:00,99b790ab,review,0.7498534708,0.5748653135,0.6767899337,0,1,True,0.5,0.5,0.5,0.1,0.9989053448,1,0.1019246202,1,0.1019246202,0.1019246202,1071.30942,1042.490339,1070.641194,0,0,5.532686708,1,1042.490339,1068.675759,0,3,3,3,3,1,1,0,0,1,1,1,1,0.5,0.5,1,0,0,0,0,0,4,1034.585853,33.26903252,1067.043553,1,1
0e47494a-d347-4a43-87d8-983cf511b971,boston_sidewalk_3488,match,brad,2026-01-16 04:18:38.368607+00:00,99b790ab,review,0.7498522778,0,0.02235806496,0,0.1729656926,True,0.5,0.5,0.5,0.9,0.9994448764,1,0.02235806496,0.1729656926,0.02235806496,0.1292630037,1097.275926,1096.240593,1097.078595,0,0,35.02706818,0.9999999998,1096.240593,1096.591875,1,3,3,4,4,0.8571428571,0,0,0,1,1,1,1,0.5,0.5,0,0,0,0,0,0,8,1096.570296,0.7054878211,1097.205335,0.9,0.9
bb5485b9-622b-4bcb-b101-b675cdb3c591,boston_sidewalk_41283,match,brad,2026-01-16 04:18:41.999519+00:00,99b790ab,review,0.7498434941,0.002325478407,0.2101134035,0,1,True,0.5,0.5,0.5,1,0.9988075442,1,0.2077879251,1,0.2077879251,0.2077879251,924.2321035,913.9389139,922.4737558,0,0,83.60652274,1,913.9389139,918.3178991,1,3,4,3,4,1,1,0,0,1,1,1,1,0.5,0.5,0,0,0,0,0,0,6,916.86857,7.362610011,923.4955654,1,1
0e192950-ccfe-489a-a60c-ddb70ff8a36f,boston_sidewalk_33438,match,brad,2026-01-16 04:18:46.899228+00:00,99b790ab,review,0.7498404292,0,0.2796346947,0,0.5393284503,True,0.5,0.5,0.5,0.9,0.9993956805,1,0.2796346947,0.5393284503,0.2796346947,0.518486823,2159.881255,2155.245588,2158.905293,0,0,24.71338621,1,2155.245588,2158.2594,1,3,4,1,1,0.4444444444,0,0,1,0,1,0,0,0.5,0.5,0,0,0,0,inf,inf,0,2156.500979,3.367391218,2159.540649,0.75,0.75
39db938a-e375-45c5-85e2-caab7e42e6ac,boston_sidewalk_93584,no_match,brad,2026-01-16 04:18:50.659115+00:00,99b790ab,review,0.749821926,0,0.2506438745,0,0.03433882582,True,0.5,0.5,0.5,0.1,0.9991236765,1,0.2506438745,0.03433882582,0.03433882582,0.1370024538,2221.804954,2220.81433,2221.553917,0,0,9.126457097,0.9999999999,2220.81433,2221.420527,0,4,4,4,4,1,1,0,0,1,1,1,1,0.5,0.5,1,0,0,0,0,0,7,2220.848475,0.4684094336,2221.341344,1,1
df4a997e-b41e-4bc9-8cbf-8f11d2d91b07,boston_sidewalk_80917,match,brad,2026-01-16 04:18:59.190382+00:00,99b790ab,review,0.7497754511,0.9070735143,1,0.9736757317,1,True,0.5,0.5,0.5,0.9,0.9997482359,1,0.09292648575,0.02632426831,0.02632426831,0.2832805749,605.7097669,605.2398958,605.7077896,0,0,9.563962835,1,605.2398958,605.7031708,0,3,3,4,4,0.8571428571,0,0,0,1,1,1,1,0.5,0.5,0,0,0,0,0,0,5,605.2431914,0.466575541,605.6631094,0.9,0.9
8176fa35-e328-4aa5-9a9e-859370724dc2,boston_sidewalk_78894,no_match,brad,2026-01-16 04:19:02.879210+00:00,99b790ab,review,0.7497380316,0,1,0.9030166579,0.97583337,True,0.5,0.5,0.5,0.1,0.9993510126,1,1,0.07281671203,0.07281671203,0.07281671203,392.2659746,382.3596758,391.8847521,0,0,47.42047999,1,382.3596758,387.0866504,1,3,4,3,3,0.9230769231,0.3333333333,0,0,1,1,1,1,0.5,0.5,1,0,0,0,0,0,6,378.9486278,3.045790995,381.7195716,0.95,0.95
af8c22e8-501b-4cc1-bb2f-e1a3a4dd9cc1,boston_sidewalk_2773,match,brad,2026-01-16 04:19:11.046106+00:00,99b790ab,review,0.7497369935,0,0.03679359682,0.9571357068,1,True,0.5,0.5,0.5,0.9,0.9998021062,1,0.03679359682,0.04286429318,0.03679359682,0.8583740471,883.1835557,882.9332127,883.1414724,0,0,52.40762132,0.9999999996,882.9332127,883.043165,1,3,3,4,4,0.8571428571,0,0,0,1,1,1,1,0.5,0.5,0,0,0,0,0,0,7,882.8630614,0.0399267629,882.8990043,0.9,0.9
9fda925d-8633-49b3-ab7c-06addaadf30a,boston_sidewalk_40452,no_match,brad,2026-01-16 04:19:14.665603+00:00,99b790ab,review,0.7497282168,0.7654087854,0.8534040912,0,1,True,0.5,0.5,0.5,0.5,0.9988714186,1,0.0879953058,1,0.0879953058,0.0879953058,962.0672623,957.753443,961.783342,0,0,69.40172788,1,957.753443,961.0723519,1,5,5,4,5,0.9473684211,0.3333333333,0,0,1,1,1,1,0.5,0.5,1,0,0,0,0,0,9,958.2231529,3.840618722,961.6821532,0.95,0.95
7e516f4a-80cb-432d-b895-2083dbdb63bd,boston_sidewalk_78395,no_match,brad,2026-01-16 04:19:18.355709+00:00,99b790ab,review,0.7497148351,0,0.4055987141,0.07152423071,1,True,0.5,0.5,0.5,0.1,0.99930297,1,0.4055987141,0.9284757693,0.4055987141,0.4368436178,1605.436467,1601.04583,1605.316041,0,0,6.564870818,1,1601.04583,1603.187794,0,2,2,1,3,0.75,0,0,1,0,0,1,0,0.5,0.5,1,0,0,0,0,8.597742904,2,1596.294056,8.710211901,1604.417514,0.9,0.9
aa49d33b-f286-4056-abc4-b9f6d40885c1,boston_sidewalk_79918,match,brad,2026-01-16 04:19:21.756896+00:00,99b790ab,review,0.7497060969,0.4151682135,1,0.9269692964,1,True,0.5,0.5,0.5,1,0.9992405718,1,0.5848317865,0.07303070363,0.07303070363,0.1248747166,980.9442498,975.616702,980.934742,0,0,30.01335406,1,975.616702,978.7432175,1,2,4,3,3,0.8333333333,0,0,0,1,1,1,1,0.5,0.5,0,0,0,0,0,0,4,975.7998002,5.143143462,980.4295436,0.9,0.9
59922d2b-c8f3-431f-b46e-f51193d5a744,boston_sidewalk_85666,no_match,brad,2026-01-16 04:19:24.939387+00:00,99b790ab,review,0.7496997652,0,1,0.005282540309,0.4186102979,True,0.5,0.5,0.5,0.1,0.9992179518,1,1,0.4133277576,0.4133277576,0.4133277576,1122.571507,1114.85441,1120.327006,0,0,16.98363983,1,1114.85441,1118.962381,1,4,3,3,3,0.9230769231,0.3333333333,0,0,1,1,1,1,0.5,0.5,1,0,0,0,0,0,6,1117.843848,4.746124887,1122.069099,0.95,0.95
ef9965ba-6919-489e-96af-623b0db8f08a,boston_sidewalk_108912,match,brad,2026-01-16 04:19:32.653612+00:00,99b790ab,review,0.7496882499,0,0.02878109845,0,0.06343946866,True,0.5,0.5,0.5,0.85,0.999131219,1,0.02878109845,0.06343946866,0.02878109845,0.4536781133,1162.727797,1162.073337,1162.680615,0,0,32.69856621,0.9999999998,1162.073337,1162.570487,1,3,3,4,4,0.8571428571,0,0,0,1,1,1,1,0.5,0.5,0,0,0,0,0,0,8,1162.151972,0.5758229326,1162.670214,0.9,0.9
cdb8b26c-2ecb-4b39-bd89-c998d944ac1b,boston_sidewalk_77572,no_match,brad,2026-01-16 04:19:36.416207+00:00,99b790ab,review,0.7496670389,0.6973727809,1,0.7271185811,1,True,0.5,0.5,0.5,0.1,0.9989309483,1,0.3026272191,0.2728814189,0.2728814189,0.9017081136,1028.977919,1017.164287,1028.798658,0,0,15.76612176,1,1017.164287,1025.986037,1,1,1,3,3,0.5,0,1,0,0,0,1,0,0.5,0.5,1,0,0,0,0,inf,2,1014.656479,14.14269493,1027.501749,0.8,0.8
d853325d-a334-4020-8d2a-754e4e400b38,boston_sidewalk_76277,no_match,brad,2026-01-16 04:19:42.276078+00:00,99b790ab,review,0.7496363838,0.9574136125,1,0.9486921525,1,True,0.5,0.5,0.5,0.1,0.9990420177,1,0.04258638753,0.05130784753,0.04258638753,0.8300170359,982.1625218,981.028305,982.1104039,0,0,3.170597866,0.9999999999,981.028305,982.115773,0,3,3,3,3,1,1,0,0,1,1,1,1,0.5,0.5,1,0,0,0,0,0,4,981.2401588,0.7636028868,981.916925,1,1
2c987ff3-8f0d-4941-a31b-631cbf9904c0,boston_sidewalk_3923,match,brad,2026-01-16 04:19:50.772666+00:00,99b790ab,review,0.7496167935,0.2445430271,0.4927876616,0,1,True,0.5,0.5,0.5,1,0.998795494,1,0.2482446344,1,0.2482446344,0.2482446344,2522.994651,2515.365897,2521.487609,0,0,84.62775974,1,2515.365897,2517.966707,1,4,4,3,4,0.9333333333,0.3333333333,0,0,1,1,1,1,0.5,0.5,0,0,0,0,0,0,6,2512.852414,0.09354400314,2512.937826,0.95,0.95
475420d0-5e23-4824-b245-c5910573bd45,boston_sidewalk_15518,match,brad,2026-01-16 04:19:54.160395+00:00,99b790ab,review,0.7495941196,0,0.02689243953,0.9249413271,1,True,0.5,0.5,0.5,0.9,0.9993152076,1,0.02689243953,0.0750586729,0.02689243953,0.3582855717,742.8370012,742.3806979,742.7633339,0,0,23.13013503,0.9999999999,742.3806979,742.5914383,1,3,3,3,3,1,1,0,0,1,1,1,1,0.5,0.5,0,0,0,0,0,0,4,742.257826,0.08796653849,742.3370609,1,1
ffbd603c-31c7-4e53-9474-1619ca6dcd76,boston_sidewalk_80012,match,brad,2026-01-16 04:19:56.781296+00:00,99b790ab,review,0.7495907328,0.8625388803,1,0.9768696808,1,True,0.5,0.5,0.5,1,0.9989405717,1,0.1374611197,0.02313031917,0.02313031917,0.1682680835,1103.481327,1102.979819,1103.467203,0,0,41.94596614,0.9999999997,1102.979819,1103.434191,1,4,4,4,4,1,1,0,0,1,1,1,1,0.5,0.5,0,0,0,0,0,0,6,1103.003358,0.4779670413,1103.43353,1,1
2b080195-2f60-45ed-9dbd-1d65c5361ac2,boston_sidewalk_105494,no_match,brad,2026-01-16 04:20:05.029455+00:00,99b790ab,review,0.7495704966,0.9783117157,1,0,0.2272603102,True,0.5,0.5,0.5,0.1,0.9992705902,1,0.02168828426,0.2272603102,0.02168828426,0.0954336648,623.508921,620.995641,623.396923,0,0,38.69744623,1,620.995641,623.2835842,1,1,1,1,1,1,1,1,1,1,0,0,1,0.5,0.5,1,0,0,0,0,inf,2,621.3508271,1.709853305,622.8898693,1,1
