gers_id,target_id,label,labeler,labeled_at,session_id,original_decision,original_confidence,ref_start_pct,ref_end_pct,target_start_pct,target_end_pct,is_subsegment,ref_data_version,target_data_version,feature_version,hausdorff_distance_m,mean_hausdorff_distance_m,hausdorff_p95_m,buffer_iou_5m,buffer_iou_15m,heading_delta,length_ratio,centroid_distance_m,collinear_gap_ratio,name_levenshtein,name_jaro_winkler,name_token_sort,name_soundex,name_metaphone,has_name_ref,has_name_target,name_is_generic,class_similarity,min_endpoint_proximity_m,max_endpoint_proximity_m,shared_endpoint_count,lateral_offset_m,lateral_offset_iqr_m,lateral_offset_p95_m,from_degree_ref,to_degree_ref,from_degree_target,to_degree_target,degree_match_score,degree_signature_similarity,is_dead_end_ref,is_dead_end_target,dead_end_match,is_intersection_ref,is_intersection_target,intersection_match,ref_coverage,target_coverage,min_coverage,coverage_ratio,graphlet_similarity,endpoint_degree_similarity,sinuosity_ref,sinuosity_target,sinuosity_delta,heading_consistency_ref,heading_consistency_target,heading_consistency_delta,vertex_density_ref,vertex_density_target,vertex_density_ratio,min_length_m,shape_complexity_ref,shape_complexity_target,shape_complexity_delta,name_numeric_match
cb3e3a52-637f-41ff-91d4-c0014a8a5fe1,us_montana_helena_221533,match,brad,2026-01-24T15:37:41.295704+00:00,88b664ed,review,0.499689579,0.9487925806,1,0,0.03227924072,True,1769266887741056251_6600581,1769267886023900907_2466247,2026-01-25,5.378207823,3.404658073,5.358999405,0.4353098225,0.6954242101,3.205068142,1,5.309694528,1,0.5,0.5,0.5,0.5,0.5,1,0,0,0.5,0,0,5,2.899579135,1.983996147,5.031418446,4,4,4,4,1,1,0,0,1,1,1,1,0.05120741944,0.03227924072,0.03227924072,0.6303625739,0.9422222222,1,1,1,0,1,1,0,0.2458680673,0.2458680673,1,8.1344439,0,0,0,0.5
71b49a36-e851-4707-9319-481952fb1dab,us_montana_helena_217005,no_match,brad,2026-01-24T15:37:46.206901+00:00,88b664ed,review,0.4994974434,0.4553904933,0.6884845791,0,1,True,1769266887741056251_6600581,1769267886023900907_2466247,2026-01-25,136.6848482,117.0729158,136.3883462,0,0,0.6777286355,1,136.914518,0,0.5,0.5,0.5,0.5,0.5,0,0,0,0.5,0,0,4,118.056636,15.52201847,134.2132657,3,3,3,3,1,1,0,0,1,1,1,1,0.2330940858,1,0.2330940858,0.2330940858,0.7922222222,1,1.008910664,1,0.00891066408,0.9732846155,1,0.0267153845,0.04962840296,0.02481420148,0.5,80.59900705,2,0,2,0.5
88d9895e-f7f7-44a0-9dcc-62963e7e011b,us_montana_helena_221116,match,brad,2026-01-24T15:37:54.058792+00:00,88b664ed,review,0.4994831681,0,0.6887801157,0,0.9964139522,True,1769266887741056251_6600581,1769267886023900907_2466247,2026-01-25,2.429609246,1.904049822,2.355585477,0.6722891403,0.8759486733,0.2104269999,1,1.946955495,1,0.5,0.5,0.5,0.5,0.5,0,0,0,0.5,0.03846666159,inf,1,1.942992841,0.491955053,2.368371423,3,4,4,3,1,1,0,0,1,1,1,1,0.6887801157,0.9964139522,0.6887801157,0.6912590035,0.9933333333,1,1.000000014,1.000022742,2.272849073e-05,0.9999657214,0.9990380159,0.0009277055596,0.0294956169,0.01474780845,0.5,203.4200546,0,0,0,0.5
dfa71caf-a90a-4423-8faf-30b56ac8defb,us_montana_helena_220256,no_match,brad,2026-01-24T15:38:01.954909+00:00,88b664ed,review,0.4989489913,0,0.3057757315,0,0.5615217065,True,1769266887741056251_6600581,1769267886023900907_2466247,2026-01-25,158.2559738,107.7838347,157.9648301,0,0,1.036313473,1,156.8140275,0,0.5,0.5,0.5,0.5,0.5,0,0,0,0.5,0,0,6,116.3968609,41.84722085,154.0675004,1,1,4,4,0.4,0,1,0,0,0,1,0,0.3057757315,0.5615217065,0.3057757315,0.5445483727,0.8316666667,0.7,1.017137984,1,0.01713798351,0.9854611672,1,0.01453883274,0.03577473349,0.02384982233,0.6666666667,83.85806706,1,0,1,0.5
405cd866-f2d1-4762-80ef-cef712833fcd,us_montana_helena_215403,no_match,brad,2026-01-24T15:38:12.254112+00:00,88b664ed,review,0.4989250898,0,0.2331156743,0.02904613071,1,True,1769266887741056251_6600581,1769267886023900907_2466247,2026-01-25,5.072279499,3.026834797,5.070725064,0.5514224854,0.7988707022,35.39452468,1,2.141680754,1,0.5,0.5,0.5,0.5,0.5,1,0,0,0.5,0,0,4,2.699704765,2.045444703,4.76959602,4,4,3,3,0.8571428571,0,0,0,1,1,1,1,0.2331156743,0.9709538693,0.2331156743,0.2400893406,0.9511111111,0.9,1,1,0,1,1,0,0.1913560908,0.1913560908,1,10.45171853,0,0,0,0.5
68ab5fbf-fcc5-489a-ba2b-819ee2717a2f,us_montana_helena_220225,no_match,brad,2026-01-24T15:38:16.099310+00:00,88b664ed,review,0.498878926,0.9700932097,1,0.9414206456,1,True,1769266887741056251_6600581,1769267886023900907_2466247,2026-01-25,8.054644737,4.372953319,8.007937402,0.3794962889,0.6685569689,88.90783009,1,4.944662675,1,0.5,0.5,0.5,0.5,0.5,1,0,0,0.5,0,inf,3,4.142532685,3.681691418,7.617349405,4,4,4,4,1,1,0,0,1,1,1,1,0.02990679032,0.05857935442,0.02990679032,0.510534652,0.9966666667,1,1,1,0,1,1,0,0.2286368624,0.2286368624,1,8.747495827,0,0,0,0.5
e9b6b8cd-9d0a-42e1-bf43-c6210e798c50,us_montana_helena_223564,no_match,brad,2026-01-24T15:38:19.892593+00:00,88b664ed,review,0.4987791181,0.6341700118,0.6341700118,0,0,True,1769266887741056251_6600581,1769267886023900907_2466247,2026-01-25,10000,10000,10000,0,0,180,0,10000,1,0,0,0,0.5,0.5,0,0,0,0,10000,10000,0,10000,10000,10000,0,0,0,0,0.5,0.5,0.5,0.5,0.5,0.5,0.5,0.5,0,0,0,0,0.5,0.5,1,1,0,1,1,0,0,0,0,0,0,0,0,0
227ffd3a-ac27-4ed2-9260-63d37d24f0c0,us_montana_helena_219622,no_match,brad,2026-01-24T15:38:22.983513+00:00,88b664ed,review,0.4987538457,0.2655616281,0.7176648205,0,1,True,1769266887741056251_6600581,1769267886023900907_2466247,2026-01-25,166.0420838,123.5867249,164.1840645,0,0,5.128856763,1,163.5738719,0,0.5,0.5,0.5,0.5,0.5,0,0,0,0.5,0,0,5,115.7871441,45.16291273,160.0194139,1,1,3,4,0.4444444444,0,1,0,0,0,1,0,0.4521031923,1,0.4521031923,0.4521031923,0.93,0.75,1.088226564,1,0.08822656437,0.9109157469,1,0.0890842531,0.06421376301,0.01426972511,0.2222222222,140.1568695,7,0,7,0.5
2eda01cc-b97e-49db-9c1c-22709f93d045,us_montana_helena_219926,no_match,brad,2026-01-24T15:38:27.516014+00:00,88b664ed,review,0.4986845255,0,0.374157338,0,0.9067679663,True,1769266887741056251_6600581,1769267886023900907_2466247,2026-01-25,153.5209547,75.79146174,152.9127796,0,0.006962362462,1.670601801,1,150.5368929,0,0.5,0.5,0.5,0.5,0.5,0,0,0,0.5,0,0,6,88.71632194,64.75789705,147.0213465,1,4,4,4,0.7692307692,0.3333333333,1,0,0,1,1,1,0.374157338,0.9067679663,0.374157338,0.4126274327,0.87,0.85,1.023522158,1,0.0235221583,0.9787675798,1,0.02123242019,0.02304183901,0.01536122601,0.6666666667,130.1979412,1,0,1,0.5
fb74fe2c-595b-4438-9497-c89e5bc26dbc,us_montana_helena_219941,no_match,brad,2026-01-24T15:38:31.064281+00:00,88b664ed,review,0.4986845255,0,0.3741525978,0,0.916754039,True,1769266887741056251_6600581,1769267886023900907_2466247,2026-01-25,153.2775743,74.81528322,152.6558996,0,0.009918671293,1.46847143,1,150.2146029,0,0.5,0.5,0.5,0.5,0.5,0,0,0,0.5,0,0,6,87.68703597,65.53224886,146.6921684,1,4,4,4,0.7692307692,0.3333333333,1,0,0,1,1,1,0.3741525978,0.916754039,0.3741525978,0.4081275696,0.8683333333,0.85,1.023891919,1,0.02389191852,0.9783004372,1,0.02169956278,0.02273159724,0.01515439816,0.6666666667,131.974888,1,0,1,0.5
fb74fe2c-595b-4438-9497-c89e5bc26dbc,us_montana_helena_219972,no_match,brad,2026-01-24T15:38:35.050613+00:00,88b664ed,review,0.4986845255,0.6244484803,1,0,0.9235025496,True,1769266887741056251_6600581,1769267886023900907_2466247,2026-01-25,152.7966501,73.96785991,152.1791734,0,0.01231053407,1.479622588,1,149.7551843,0,0.5,0.5,0.5,0.5,0.5,0,0,0,0.5,0,0,6,86.92552056,65.82085002,146.1851676,4,1,4,4,0.7692307692,0.3333333333,1,0,0,1,1,1,0.3755515197,0.9235025496,0.3755515197,0.4066599706,0.8683333333,0.85,1.02349347,1,0.02349346984,0.9786570541,1,0.02134294586,0.0226469225,0.01509794833,0.6666666667,132.4683299,1,0,1,0.5
2eda01cc-b97e-49db-9c1c-22709f93d045,us_montana_helena_220064,no_match,brad,2026-01-24T15:38:40.622418+00:00,88b664ed,review,0.4986845255,0.6278870825,1,0,0.9020284157,True,1769266887741056251_6600581,1769267886023900907_2466247,2026-01-25,153.2875965,76.22818789,152.6942397,0,0.00540770421,1.461343813,1,150.3656075,0,0.5,0.5,0.5,0.5,0.5,0,0,0,0.5,0,0,6,88.93033459,64.29594849,146.8269154,4,1,4,4,0.7692307692,0.3333333333,1,0,0,1,1,1,0.3721129175,0.9020284157,0.3721129175,0.4125290412,0.8683333333,0.85,1.023039774,1,0.02303977443,0.9794200466,1,0.02057995338,0.02316843287,0.01544562191,0.6666666667,129.486531,1,0,1,0.5
e301d54a-0f6d-4a6f-bfd5-68204b0585c1,us_montana_helena_220247,no_match,brad,2026-01-24T15:38:47.173188+00:00,88b664ed,review,0.4985347092,0.251491659,0.8034973871,0,1,True,1769266887741056251_6600581,1769267886023900907_2466247,2026-01-25,168.2590187,114.55985,166.3988282,0,0,6.249901492,1,161.3390135,0,0.5,0.5,0.5,0.5,0.5,0,0,0,0.5,0,0,5,105.817087,58.96841936,161.2410342,1,1,4,3,0.4444444444,0,1,0,0,0,1,0,0.5520057281,1,0.5520057281,0.5520057281,0.7683333333,0.75,1.105086078,1,0.1050860781,0.9215523027,0.9999999999,0.0784476973,0.0264830792,0.0132415396,0.5,151.0398383,2,0,2,0.5
010759a0-5f7b-4f1e-9d08-90c5f77af148,us_montana_helena_218790,no_match,brad,2026-01-24T15:38:51.682664+00:00,88b664ed,review,0.4983019233,0.03422788094,0.4716714365,0,1,True,1769266887741056251_6600581,1769267886023900907_2466247,2026-01-25,189.5663289,158.1245103,188.5186897,0,0,2.175532692,1,189.1014028,0,0.5,0.5,0.5,0.5,0.5,1,0,0,0.5,0,0,4,158.3807474,23.8075002,183.1807623,4,3,3,3,0.9230769231,0.3333333333,0,0,1,1,1,1,0.4374435555,1,0.4374435555,0.4374435555,0.9016666667,0.95,1.008925677,1.000000014,0.008925662667,0.97823539,0.9999533252,0.02171793522,0.04286647959,0.03429318367,0.8,116.6412556,2,0,2,0.5
a90f3012-44d2-4171-9425-65882a1d9df9,us_montana_helena_217130,no_match,brad,2026-01-24T15:38:57.012230+00:00,88b664ed,review,0.4982079268,0.9746664984,1,0,0.09062353537,True,1769266887741056251_6600581,1769267886023900907_2466247,2026-01-25,7.437447397,3.820161822,7.090903286,0.4114448279,0.7006947604,88.91397633,1,3.870087596,1,0.5,0.5,0.5,0.5,0.5,1,0,0,0.5,0,0,4,3.752536406,3.617285574,7.055431214,3,3,3,3,1,1,0,0,1,1,1,1,0.02533350159,0.09062353537,0.02533350159,0.2795466043,1,1,1,1,0,1,1,0,0.2617219929,0.2617219929,1,7.641696358,0,0,0,0.5
38435310-a1e1-499d-ac9c-bd2101f2d8f6,us_montana_helena_223187,no_match,brad,2026-01-24T15:39:04.094075+00:00,88b664ed,review,0.4982023835,0,0.02182077407,0.7863336744,1,True,1769266887741056251_6600581,1769267886023900907_2466247,2026-01-25,165.7161279,84.09242701,165.7161048,0.01887453818,0.06244431362,0.06707105305,1,165.716368,0,0.5,0.5,0.5,0.5,0.5,1,0,0,0.5,0,0,2,83.54867229,82.17070003,157.4987524,4,3,2,2,0.7272727273,0,0,0,1,1,0,0,0.02182077407,0.2136663256,0.02182077407,0.1021254707,0.9238888889,0.85,1.000003197,1,3.196567886e-06,0.9997699381,1,0.0002300618615,0.01825415248,0.01216943498,0.6666666667,164.3461675,0,0,0,0.5
16c73424-a19a-4613-bf69-b8ac49153deb,us_montana_helena_219129,no_match,brad,2026-01-24T15:39:12.123176+00:00,88b664ed,review,0.4980494976,0.4846297996,0.897851075,0,1,True,1769266887741056251_6600581,1769267886023900907_2466247,2026-01-25,173.0441965,99.27432463,171.78236,0,0,2.702771603,1,170.3089706,0,0.5,0.5,0.5,0.5,0.5,0,0,0,0.5,0,0,4,109.2064773,63.82266412,166.6564764,1,1,3,3,0.5,0,1,0,0,0,1,0,0.4132212754,1,0.4132212754,0.4132212754,0.8666666667,0.8,1.032205886,1,0.03220588582,0.9638354254,1,0.03616457455,0.03911715967,0.01564686387,0.4,127.8211415,3,0,3,0.5
d9563f8e-d466-458d-ad8c-8fd88aa9fb03,us_montana_helena_222775,no_match,brad,2026-01-24T15:39:15.874478+00:00,88b664ed,review,0.4980311096,0,0,0.6754127354,0.6754127354,True,1769266887741056251_6600581,1769267886023900907_2466247,2026-01-25,10000,10000,10000,0,0,180,0,10000,1,0,0,0,0.5,0.5,0,0,0,0,10000,10000,0,10000,10000,10000,0,0,0,0,0.5,0.5,0.5,0.5,0.5,0.5,0.5,0.5,0,0,0,0,0.5,0.5,1,1,0,1,1,0,0,0,0,0,0,0,0,0
66ce6e22-0c6d-4903-b8e4-45a9bbbf130e,us_montana_helena_223527,no_match,brad,2026-01-24T15:39:20.826075+00:00,88b664ed,review,0.4980311096,0,0,0.9101944589,0.9101944589,True,1769266887741056251_6600581,1769267886023900907_2466247,2026-01-25,10000,10000,10000,0,0,180,0,10000,1,0,0,0,0.5,0.5,0,0,0,0,10000,10000,0,10000,10000,10000,0,0,0,0,0.5,0.5,0.5,0.5,0.5,0.5,0.5,0.5,0,0,0,0,0.5,0.5,1,1,0,1,1,0,0,0,0,0,0,0,0,0
886b3c7a-ef80-4e69-a531-aa6a06a5d4f1,us_montana_helena_164555,no_match,brad,2026-01-24T15:39:27.462123+00:00,88b664ed,review,0.498020649,0.9507070732,1,0,0.03308935794,True,1769266887741056251_6600581,1769267886023900907_2466247,2026-01-25,8.195207644,4.225996985,8.189613613,0.343806226,0.5984154739,2.13025425,1,8.169140406,1,0.5,0.5,0.5,0.5,0.5,1,0,0,0.6,0,inf,3,4.12797749,3.664550428,7.688369576,3,4,4,4,0.9333333333,0.3333333333,0,0,1,1,1,1,0.04929292677,0.03308935794,0.03308935794,0.6712800417,0.9016666667,0.95,1.001171088,1,0.00117108849,1,1,0,0.3089781466,0.2059854311,0.6666666667,9.709424543,0,0,0,0.5
9d35782e-cc47-4e8d-a678-4b91e31a201d,us_montana_helena_223949,no_match,brad,2026-01-24T15:39:33.181748+00:00,88b664ed,review,0.4979609251,0.8554759439,0.9710951888,0.4460897281,0.5147189171,True,1769266887741056251_6600581,1769267886023900907_2466247,2026-01-25,217.0536237,145.420612,207.2350718,0,0,40.92386412,1,155.8109694,1,0.5,0.5,0.5,0.5,0.5,1,0,0,0.5,0,0,4,128.6189302,77.39502894,204.9257603,3,3,3,3,1,1,0,0,1,1,1,1,0.1156192449,0.06862918895,0.06862918895,0.5935792869,0.8266666667,1,1.618680689,1.00560601,0.6130746788,0.6531386251,0.9929612977,0.3398226726,0.1401826179,0.02087826224,0.1489361702,335.2769459,39,1,38,0.5
e720aba9-61d0-410a-b5f2-29eba4ae3048,us_montana_helena_223490,no_match,brad,2026-01-24T15:39:37.498677+00:00,88b664ed,review,0.4977728128,0,0.05771299354,0.03618568201,0.2227303887,True,1769266887741056251_6600581,1769267886023900907_2466247,2026-01-25,110.2880326,52.00074915,107.884616,0.0296648274,0.09185109498,27.65097768,1,62.03109116,1,0.5,0.5,0.5,0.5,0.5,0,0,0,0.5,0,inf,2,60.6427495,61.24404317,105.5042894,2,2,3,3,0.8,0,0,0,1,0,1,0,0.05771299354,0.1865447067,0.05771299354,0.309378886,0.8133333333,0.9,1.006167921,1.007457171,0.001289249803,0.9932746081,0.9661667112,0.02710789689,0.01288249408,0.1202366114,0.1071428571,232.8741609,1,4,3,0.5
55546e5a-b524-4ba8-9f86-99fcac1947cf,us_montana_helena_222894,match,brad,2026-01-24T15:39:45.062386+00:00,88b664ed,review,0.4976653755,0.9464574353,1,0,0.03141556633,True,1769266887741056251_6600581,1769267886023900907_2466247,2026-01-25,2.277379678,1.781956634,2.238375933,0.6833571514,0.8689309242,2.63892521,1,1.91957086,1,0.5,0.5,0.5,0.5,0.5,1,0,0,0.5,0,0,4,1.737538534,0.2153821277,1.976486285,3,3,3,3,1,1,0,0,1,1,1,1,0.05354256468,0.03141556633,0.03141556633,0.586740036,0.9572222222,1,1,1,0,1,1,0,0.112658239,0.112658239,1,17.75280724,0,0,0,0.5
c89b8b99-f4c5-43d4-9969-f50e713c45cf,us_montana_helena_215380,no_match,brad,2026-01-24T15:39:48.175090+00:00,88b664ed,review,0.4974695444,0.006470430203,0.06679447569,0,1,True,1769266887741056251_6600581,1769267886023900907_2466247,2026-01-25,8.739174013,4.372081211,8.602874342,0.3536487161,0.6456896562,89.92385625,1,5.567058248,1,0.5,0.5,0.5,0.5,0.5,1,0,0,0.5,0,0,4,4.067530252,3.458428333,7.393301423,3,3,3,3,1,1,0,0,1,1,1,1,0.06032404549,1,0.06032404549,0.06032404549,0.995,1,1,1,0,1,1,0,0.2287238202,0.2287238202,1,8.744170144,0,0,0,0.5
773dd755-c047-45f8-a419-fdc908292cc7,us_montana_helena_215976,match,brad,2026-01-24T15:40:31.158246+00:00,88b664ed,match,0.7999632359,0.01375411153,0.4218202794,0,1,True,1769266887741056251_6600581,1769267886023900907_2466247,2026-01-25,1.743264193,1.683382113,1.743263353,0.7057349769,0.8859511945,0.1652246999,1,1.661279883,1,0.5,0.5,0.5,0.5,0.5,1,0,0,0.5,0,0,3,1.662852675,0.05566079068,1.730025625,3,3,3,2,0.9090909091,0.3333333333,0,0,1,1,1,1,0.4080661679,1,0.4080661679,0.4080661679,0.9161111111,0.95,1.000000841,1.000000002,8.387218098e-07,0.9993955511,0.9999660113,0.0005704602092,0.06161417517,0.08215223357,0.75,48.69009431,0,0,0,0.5
c4a04a9d-6c1d-435b-b3c3-5dde051e0551,us_montana_helena_164019,match,brad,2026-01-24T15:43:34.898155+00:00,88b664ed,match,0.7998390794,0.9739902379,1,0.917087999,1,True,1769266887741056251_6600581,1769267886023900907_2466247,2026-01-25,4.775313043,3.042171687,4.703179535,0.5091845803,0.7421159795,7.524110107,1,4.486620241,1,0.5,0.5,0.5,0.5,0.5,1,0,0,0.6,0,0,4,2.513894189,1.510567546,4.062377855,3,3,3,3,1,1,0,0,1,1,1,1,0.02600976205,0.08291200104,0.02600976205,0.3137032242,0.9966666667,1,1,1,0,1,1,0,0.1868794198,0.1868794198,1,10.70208802,0,0,0,0.5
6e1e0da2-9a5e-4803-b722-dc4351d73bf1,us_montana_helena_216226,no_match,brad,2026-01-24T15:43:46.505816+00:00,88b664ed,match,0.7993627191,0.5645524684,0.6741072413,0.1612903226,1,True,1769266887741056251_6600581,1769267886023900907_2466247,2026-01-25,10.42494752,3.650557139,9.800612823,0.5991427623,0.751379972,9.93254814,1,1.618512549,1,0.5,0.5,0.5,0.5,0.5,0,0,0,0.5,0,0,5,2.169582507,2.976183471,7.339990969,3,3,3,4,0.9230769231,0.3333333333,0,0,1,1,1,1,0.1095547728,0.8387096774,0.1095547728,0.1306229984,0.9216666667,0.95,1.153611806,1,0.1536118061,0.6771177847,1,0.3228822153,0.235375003,0.04279545509,0.1818181818,46.73393462,6,0,6,0.5
5501a0ab-cdd1-4e83-b4a1-593fff1822d7,us_montana_helena_164352,match,brad,2026-01-24T15:43:53.312955+00:00,88b664ed,match,0.7992102504,0,0.03546906101,0.9551860853,1,True,1769266887741056251_6600581,1769267886023900907_2466247,2026-01-25,6.815476544,4.267161294,6.799623467,0.3714990337,0.6405314188,2.394519353,1,6.759832031,1,0.5,0.5,0.5,0.5,0.5,1,0,0,0.6,0,0,4,3.64327661,2.436392701,6.27711408,3,3,3,3,1,1,0,0,1,1,1,1,0.03546906101,0.04481391474,0.03546906101,0.7914742825,1,1,1,1,0,1,1,0,0.2072232421,0.2072232422,1,9.651427027,0,0,0,0.5
3d3b8cf8-2cfd-48ad-b60f-17c7ecbf5859,us_montana_helena_217009,match,brad,2026-01-24T15:43:58.448795+00:00,88b664ed,match,0.7991662025,0.00380167626,1,0,0.9952972828,False,1769266887741056251_6600581,1769267886023900907_2466247,2026-01-25,1.270090554,1.178690104,1.253034047,0.7798431583,0.9186042691,0.04126157332,1,1.214266563,1,0.5,0.5,0.5,0.5,0.5,1,0,0,0.5,0,0,4,1.210473914,0.05102174409,1.260451727,3,3,3,3,1,1,0,0,1,1,1,1,0.9961983237,0.9952972828,0.9952972828,0.9990955206,1,1,1,1.000004254,4.25381039e-06,1,0.9993785273,0.0006214726951,0.02486005707,0.0372900856,0.6666666667,80.45033824,0,0,0,0.5
c86f0966-fcb9-418e-891c-e9b069c7bea3,us_montana_helena_217360,no_match,brad,2026-01-24T16:32:15.633139+00:00,cc2c9bde,review,0.497418344,0.3989059847,0.5732457322,0,1,True,1769266887741056251_6600581,1769267886023900907_2466247,2026-01-25,236.8352941,225.436236,236.6063384,0,0,0.5494363821,1,237.1280096,0,0.5,0.5,0.5,0.5,0.5,1,0,0,0.5,0,0,4,223.9564657,9.659645091,234.4521258,3,3,3,3,1,1,0,0,1,1,1,1,0.1743397474,1,0.1743397474,0.1743397474,0.9133333333,1,1.003846079,1,0.003846078873,0.9772670983,1,0.02273290166,0.06663942685,0.02221314228,0.3333333333,90.03678879,2,0,2,0.5
db51e7ca-ca68-4655-99a7-0c4f19895624,us_montana_helena_223368,no_match,brad,2026-01-24T16:32:19.149480+00:00,cc2c9bde,review,0.4974168539,0,0.2258064516,0.5161089833,0.5973063734,True,1769266887741056251_6600581,1769267886023900907_2466247,2026-01-25,26.97040347,16.78307432,26.17235377,0,0.2635436162,12.06767965,1,16.64944195,1,0.5,0.5,0.5,0.5,0.5,0,0,0,0.5,0,0,3,16.11938956,3.465428765,24.01899653,3,3,2,2,0.8,0,0,0,1,1,0,0,0.2258064516,0.08119739013,0.08119739013,0.359588442,0.6333333333,0.9,1.024269826,1.012116074,0.0121537527,0.8731445199,0.9430745415,0.06993002162,0.0761381574,0.2157247793,0.3529411765,78.80411353,4,0,4,0.5
bfb8756d-7384-4abc-9df0-ae91010458a9,us_montana_helena_223870,no_match,brad,2026-01-24T16:32:26.835704+00:00,cc2c9bde,review,0.4973290265,0.9269038835,1,0.5944262955,0.6860074546,True,1769266887741056251_6600581,1769267886023900907_2466247,2026-01-25,225.0267253,170.3944767,221.9854744,0,0,25.57988405,1,177.1804803,1,0.5,0.5,0.5,0.5,0.5,1,0,0,0.5,0,inf,1,172.8499746,32.85489948,209.7833492,3,3,1,1,0.5,0,0,1,0,1,0,0,0.07309611654,0.09158115908,0.07309611654,0.7981567091,0.7866666667,0.8,1.01668187,1.041172271,0.02449040092,0.9737167356,0.9634828578,0.01023387785,0.01575142586,0.03150285172,0.5,317.4315801,3,4,1,0.5
9c330229-8a1d-4722-ad38-ea9bc0a33352,us_montana_helena_220833,no_match,brad,2026-01-24T16:32:28.700492+00:00,cc2c9bde,review,0.4969983101,0.9686489435,1,0.946269004,1,True,1769266887741056251_6600581,1769267886023900907_2466247,2026-01-25,8.718375884,5.033022643,8.665186273,0.3610279348,0.652460867,87.95921891,1,4.881776139,1,0.5,0.5,0.5,0.5,0.5,1,0,0,0.5,0,0,5,4.465600375,3.330755839,7.860476218,3,3,3,3,1,1,0,0,1,1,1,1,0.03135105645,0.05373099605,0.03135105645,0.5834817657,0.9933333333,1,1,1,0,1,1,0,0.19856174,0.19856174,1,10.07243389,0,0,0,0.5
9def22c9-b8dd-4b3b-9dc8-47bb2b4eda23,us_montana_helena_221650,no_match,brad,2026-01-24T16:32:45.755838+00:00,cc2c9bde,review,0.4969759285,0,0.06193242731,0.9708976218,1,True,1769266887741056251_6600581,1769267886023900907_2466247,2026-01-25,6.035667976,3.582160772,6.015383453,0.4048054907,0.6675871999,4.990072848,1,5.958913929,1,0.5,0.5,0.5,0.5,0.5,1,0,0,0.5,0,0,5,3.182286804,2.460983506,5.671850326,4,4,4,4,1,1,0,0,1,1,1,1,0.06193242731,0.02910237821,0.02910237821,0.4699053384,1,1,1,1,0,1,1,0,0.2583517408,0.2583517408,1,7.741383874,0,0,0,0.5
8403c94d-4719-4bae-ba4b-16b31f3d10c2,us_montana_helena_215387,no_match,brad,2026-01-24T16:32:47.423194+00:00,cc2c9bde,review,0.4967651665,0.9798289727,0.9986288948,0,1,True,1769266887741056251_6600581,1769267886023900907_2466247,2026-01-25,8.819800979,4.484523036,8.815638765,0.3294262163,0.6266701534,89.63554648,1,6.287860991,1,0.5,0.5,0.5,0.5,0.5,1,0,0,0.5,0,0,4,4.467541889,4.314466874,8.357592962,3,3,3,3,1,1,0,0,1,1,1,1,0.01879992206,1,0.01879992206,0.01879992206,0.9966666667,1,1,1,0,1,1,0,0.2301219778,0.2301219778,1,8.691042983,0,0,0,0.5
1b56626a-d115-4070-8a84-312603ae5ddc,us_montana_helena_86939,no_match,brad,2026-01-24T16:32:50.535045+00:00,cc2c9bde,review,0.4966147542,0.9495368169,1,0,0.2876987617,True,1769266887741056251_6600581,1769267886023900907_2466247,2026-01-25,12.58714236,6.625319785,12.14079297,0.3480674312,0.6336730209,40.87912633,1,5.216742866,1,0.5,0.5,0.5,0.5,0.5,1,0,0,0.5,inf,inf,0,5.513799308,5.698672361,11.64324003,3,3,5,5,0.75,0,0,0,1,1,1,1,0.05046318311,0.2876987617,0.05046318311,0.1754028513,0.7566666667,0.8,1,1.060737405,0.06073740457,1,0.6791262691,0.3208737308,0.09485151452,0.189703029,0.5,21.08558846,0,2,2,0.5
acdd9241-04d3-41f9-91b4-b017bf89e985,us_montana_helena_218210,match,brad,2026-01-24T16:33:03.163367+00:00,cc2c9bde,review,0.4964869618,0,0.9794955901,0,0.9814230855,True,1769266887741056251_6600581,1769267886023900907_2466247,2026-01-25,4.459841988,2.081077825,3.970602658,0.6043324045,0.8566679473,0.6423368333,1,2.44145505,1,0.5,0.5,0.5,0.5,0.5,0,0,0,0.5,inf,inf,0,2.483069751,2.009866497,4.125017186,3,2,3,3,0.9090909091,0.3333333333,0,0,1,1,1,1,0.9794955901,0.9814230855,0.9794955901,0.9980360199,0.9866666667,0.95,1.009237136,1,0.009237136319,0.9511818378,0.9999999999,0.04881816211,0.07587280513,0.01896820128,0.25,105.4396234,3,0,3,0.5
8aa93561-fed2-432f-a775-454d1393ed77,us_montana_helena_220374,no_match,brad,2026-01-24T16:33:04.888237+00:00,cc2c9bde,review,0.4963719249,0.8536798724,1,0,0.3214005167,True,1769266887741056251_6600581,1769267886023900907_2466247,2026-01-25,163.2426494,130.6448168,163.091872,0,0,1.5277038,1,162.6660489,0,0.5,0.5,0.5,0.5,0.5,0,0,0,0.5,0,0,5,138.4949919,24.74302662,160.7669045,3,3,3,4,0.9230769231,0.3333333333,0,0,1,1,1,1,0.1463201276,0.3214005167,0.1463201276,0.4552579103,0.9044444444,0.95,1.011223435,1,0.01122343475,0.9889025739,0.9999929527,0.01109037874,0.06048652413,0.06048652413,1,49.59782436,1,0,1,0.5
fa961f68-9fb2-45aa-876e-0f980921bda0,us_montana_helena_221503,match,brad,2026-01-24T16:33:09.851744+00:00,cc2c9bde,review,0.4958943427,0,1,0.01010730295,0.8058719788,True,1769266887741056251_6600581,1769267886023900907_2466247,2026-01-25,1.385580962,1.325499537,1.377432213,0.767320976,0.9143987737,0.02795549498,1,1.302913407,1,0.5,0.5,0.5,0.5,0.5,0,0,0,0.5,0,0,2,1.302784407,0.04542539189,1.34354157,1,2,2,1,1,1,1,1,1,0,0,1,1,0.7957646758,0.7957646758,0.7957646758,1,1,1,1.000005477,5.47748902e-06,1,0.9999831691,1.683089673e-05,0.01019140567,0.02038281133,0.5,196.2437828,0,0,0,0.5
94a40101-7a63-4dc9-9a6f-9da450f64220,us_montana_helena_216086,no_match,brad,2026-01-24T16:33:15.318407+00:00,cc2c9bde,review,0.495797962,0,0.02220895323,0.8175581119,1,True,1769266887741056251_6600581,1769267886023900907_2466247,2026-01-25,8.575033578,4.362686107,8.570695674,0.3371575835,0.5877118538,9.02748067,1,8.52777515,1,0.5,0.5,0.5,0.5,0.5,1,0,0,0.5,0,0,4,4.191912042,4.152921529,8.070437873,4,4,4,4,1,1,0,0,1,1,1,1,0.02220895323,0.1824418881,0.02220895323,0.1217316564,0.9966666667,1,1,1,0,1,1,0,0.2102010745,0.2102010745,1,9.514699224,0,0,0,0.5
f7c11d33-4a93-4725-b538-faceaecdfb10,us_montana_helena_221997,no_match,brad,2026-01-24T16:33:18.586959+00:00,cc2c9bde,review,0.4956541955,0,0.05376214316,0.9686595379,1,True,1769266887741056251_6600581,1769267886023900907_2466247,2026-01-25,6.83130939,3.819414516,6.831164757,0.419108036,0.6557864426,31.85665517,1,6.300703724,1,0.5,0.5,0.5,0.5,0.5,1,0,0,0.5,0,0,4,3.257849137,3.01225394,6.361722102,3,3,2,2,0.8,0,0,0,1,1,0,0,0.05376214316,0.03134046211,0.03134046211,0.5829466659,0.9077777778,0.9,1,1,0,1,1,0,0.208028456,0.208028456,1,9.614069336,0,0,0,0.5
005ebca6-c52a-41cb-a6a3-4b4411aa5c54,us_montana_helena_164742,no_match,brad,2026-01-24T16:33:25.470902+00:00,cc2c9bde,review,0.495575577,0,0.05980670977,0,0.02959669949,True,1769266887741056251_6600581,1769267886023900907_2466247,2026-01-25,9.508191326,5.233644832,9.076742341,0.3487234426,0.6341766255,74.86306143,1,4.998021019,1,0.5,0.5,0.5,0.5,0.5,1,0,0,0.4,0,0,4,3.95100343,2.635571365,6.354720633,3,3,3,3,1,1,0,0,1,1,1,1,0.05980670977,0.02959669949,0.02959669949,0.4948725588,0.83,1,1,1,0,1,1,0,0.1848836576,0.1848836576,1,10.81761377,0,0,0,0.5
7287aefc-9511-4586-acc5-3313b20d29ca,us_montana_helena_216457,match,brad,2026-01-24T16:33:34.723574+00:00,cc2c9bde,review,0.4955156446,0.03193250602,1,0,0.9601882958,True,1769266887741056251_6600581,1769267886023900907_2466247,2026-01-25,2.071210227,1.934834249,2.071209765,0.6673941873,0.870056892,0.2625170423,1,1.934837021,1,0.5,0.5,0.5,0.5,0.5,0,0,0,0.5,0,0,4,1.934833668,0.1363768595,2.057572541,3,3,3,3,1,1,0,0,1,1,1,1,0.968067494,0.9601882958,0.9601882958,0.9918609,1,1,1,1,0,1,1,2.968736368e-13,0.03359639398,0.03359639398,1,59.53019842,0,0,0,0.5
5958a4f3-740b-4f1e-bb7c-2c40cc407cff,us_montana_helena_223288,no_match,brad,2026-01-24T16:33:36.851210+00:00,cc2c9bde,review,0.4951633513,0,0,0.9972914664,0.9972914664,True,1769266887741056251_6600581,1769267886023900907_2466247,2026-01-25,10000,10000,10000,0,0,180,0,10000,1,0,0,0,0.5,0.5,0,0,0,0,10000,10000,0,10000,10000,10000,0,0,0,0,0.5,0.5,0.5,0.5,0.5,0.5,0.5,0.5,0,0,0,0,0.5,0.5,1,1,0,1,1,0,0,0,0,0,0,0,0,0
938f05c0-7483-4c14-9678-86747d0ee146,us_montana_helena_222487,match,brad,2026-01-24T16:33:38.650781+00:00,cc2c9bde,review,0.4951497316,0,1,0.03829310829,0.9932617119,True,1769266887741056251_6600581,1769267886023900907_2466247,2026-01-25,4.087853046,2.477748017,3.604723061,0.6175000735,0.8526684898,0.462388487,1,2.345042295,1,0.5,0.5,0.5,0.5,0.5,1,0,0,0.5,0,0,5,2.350550273,0.4917357503,3.260691163,3,4,3,4,1,1,0,0,1,1,1,1,1,0.9549686036,0.9549686036,0.9549686036,0.825,1,1.039085564,1.048216545,0.00913098117,0.9757059057,0.9757862862,8.038053925e-05,0.03609775662,0.03867616781,0.9333333333,387.8357358,0,0,0,0.5
e2793a5f-b28f-4277-a1f6-fb3ea4b94dd4,us_montana_helena_223037,no_match,brad,2026-01-24T16:33:41.450400+00:00,cc2c9bde,review,0.4951140285,0,1,0.3657806472,0.6515555612,True,1769266887741056251_6600581,1769267886023900907_2466247,2026-01-25,143.4803294,99.69424544,136.7971291,0,0,12.3935409,1,124.7564882,1,0.5,0.5,0.5,0.5,0.5,0,0,0,0.5,0,inf,2,89.44692703,22.82058386,118.7444154,3,1,3,1,1,1,1,1,1,1,1,1,1,0.285774914,0.285774914,0.285774914,0.9966666667,1,1.390438701,1.289600591,0.1008381101,0.8430986374,0.8777187702,0.0346201328,0.0855216344,0.106902043,0.8,187.0871635,10,7,3,0.5
25f4dc21-e6c3-494f-90e5-9d6600804933,us_montana_helena_222941,no_match,brad,2026-01-24T16:33:43.135240+00:00,cc2c9bde,review,0.4946609139,0,0,0.6724480393,0.6724480393,True,1769266887741056251_6600581,1769267886023900907_2466247,2026-01-25,10000,10000,10000,0,0,180,0,10000,1,0,0,0,0.5,0.5,0,0,0,0,10000,10000,0,10000,10000,10000,0,0,0,0,0.5,0.5,0.5,0.5,0.5,0.5,0.5,0.5,0,0,0,0,0.5,0.5,1,1,0,1,1,0,0,0,0,0,0,0,0,0
0d11603e-f293-4137-955f-0f0aa778c0ad,us_montana_helena_223364,no_match,brad,2026-01-24T16:33:44.511244+00:00,cc2c9bde,review,0.4946299791,0,0,0.3294194864,0.3294194864,True,1769266887741056251_6600581,1769267886023900907_2466247,2026-01-25,10000,10000,10000,0,0,180,0,10000,1,0,0,0,0.5,0.5,0,0,0,0,10000,10000,0,10000,10000,10000,0,0,0,0,0.5,0.5,0.5,0.5,0.5,0.5,0.5,0.5,0,0,0,0,0.5,0.5,1,1,0,1,1,0,0,0,0,0,0,0,0,0
07532c42-9a4e-498c-a702-6340817ee09e,us_montana_helena_218853,no_match,brad,2026-01-24T16:33:46.204856+00:00,cc2c9bde,review,0.4945581257,0.9721909816,1,0,0.06873548827,True,1769266887741056251_6600581,1769267886023900907_2466247,2026-01-25,6.892060925,3.497803105,6.891679275,0.3941751921,0.6414988353,1.186921949,1,6.890281385,1,0.5,0.5,0.5,0.5,0.5,1,0,0,0.5,0,2.474570291,3,3.286648836,3.386216895,6.485899645,3,3,3,3,1,1,0,0,1,1,1,1,0.02780901835,0.06873548827,0.02780901835,0.4045802111,0.9966666667,1,1,1,0,1,1,0,0.2477056749,0.2477056749,1,8.074098426,0,0,0,0.5
113606eb-d31a-4389-a3ed-3dfbdf535526,us_montana_helena_218367,no_match,brad,2026-01-24T16:33:47.517632+00:00,cc2c9bde,review,0.4942654371,0.9737139768,1,0.9197757056,1,True,1769266887741056251_6600581,1769267886023900907_2466247,2026-01-25,7.703063039,4.218958508,7.561463052,0.3866719731,0.6620469325,72.60751161,1,5.062234597,1,0.5,0.5,0.5,0.5,0.5,1,0,0,0.5,0,0,4,3.960549202,3.513342638,7.282977416,3,3,3,3,1,1,0,0,1,1,1,1,0.02628602321,0.08022429442,0.02628602321,0.3276566457,0.9966666667,1,1,1,0,1,1,0,0.2283738691,0.2283738691,1,8.757569365,0,0,0,0.5
8d597f63-3ae4-4026-af29-39804a86442a,us_montana_helena_222991,match,brad,2026-01-24T16:33:52.636140+00:00,cc2c9bde,review,0.4941714704,0,0.1246454369,0.9764624617,1,True,1769266887741056251_6600581,1769267886023900907_2466247,2026-01-25,2.828441521,1.955375529,2.754095882,0.7162526243,0.8563703617,12.00180249,1,2.077023584,1,0.5,0.5,0.5,0.5,0.5,0,0,0,0.5,0,inf,1,1.457130386,1.102833512,2.637614883,3,3,1,1,0.5,0,0,1,0,1,0,0,0.1246454369,0.02353753828,0.02353753828,0.1888359402,0.79,0.8,1,1,0,1,1,0,0.1347694426,0.1347694426,1,14.84015933,0,0,0,0.5
f5defb3b-6b3a-4d67-b91d-32eef525a113,us_montana_helena_216890,no_match,brad,2026-01-24T16:33:55.036861+00:00,cc2c9bde,review,0.4941541255,0.975383886,1,0,0.1011706768,True,1769266887741056251_6600581,1769267886023900907_2466247,2026-01-25,7.491654828,3.977319444,7.416091874,0.3984825956,0.6864522207,89.58868001,1,4.611219834,1,0.5,0.5,0.5,0.5,0.5,1,0,0,0.5,0,0,4,3.655073748,3.010582357,6.590169857,4,4,3,3,0.8571428571,0,0,0,1,1,1,1,0.02461611404,0.1011706768,0.02461611404,0.2433127347,0.81,0.9,1,1,0,1,1,0,0.2514191394,0.2514191394,1,7.954843869,0,0,0,0.5
3331b327-7016-47a6-adcc-9d5568dcfca5,us_montana_helena_220120,no_match,brad,2026-01-24T16:33:57.200823+00:00,cc2c9bde,review,0.4941188395,0,0.3133533014,0,0.7675663506,True,1769266887741056251_6600581,1769267886023900907_2466247,2026-01-25,160.8576865,95.04618251,160.5857555,0,0,1.39957876,1,159.7570699,0,0.5,0.5,0.5,0.5,0.5,0,0,0,0.5,0,0,2,109.1990021,50.75261387,155.4902887,2,3,4,4,0.7692307692,0,0,0,1,1,1,1,0.3133533014,0.7675663506,0.3133533014,0.4082426245,0.8172222222,0.85,1.017224792,1,0.01722479233,0.9810659153,1,0.01893408464,0.0357888319,0.01789441595,0.5,111.7667101,2,0,2,0.5
7d194af6-974e-470a-9694-1567bec14281,us_montana_helena_222651,match,brad,2026-01-24T16:34:01.844836+00:00,cc2c9bde,review,0.4940799475,0,0.04593171402,0.9652012126,1,True,1769266887741056251_6600581,1769267886023900907_2466247,2026-01-25,5.12566174,2.859204154,5.12149673,0.5983470044,0.7578803408,0.854293207,1,5.110458428,1,0.5,0.5,0.5,0.5,0.5,1,0,0,0.5,0,0,4,2.11749273,2.264547194,4.656683762,3,3,3,3,1,1,0,0,1,1,1,1,0.04593171402,0.03479878744,0.03479878744,0.7576200493,1,1,1,1,0,1,1,0,0.1274528,0.1274528,1,15.69208366,0,0,0,0.5
426ba418-f335-4b7b-9838-4b9b541e57ca,us_montana_helena_222842,match,brad,2026-01-24T16:34:06.833295+00:00,cc2c9bde,review,0.4940082431,0.2128432122,1,0,0.7811447231,True,1769266887741056251_6600581,1769267886023900907_2466247,2026-01-25,3.502324839,1.822938667,3.450739469,0.7079686353,0.8889968174,0.2877447633,1,1.682902791,1,0.5,0.5,0.5,0.5,0.5,0,0,0,0.5,0,inf,2,1.694168297,0.4989428555,2.705289893,1,3,1,3,1,1,1,1,1,1,1,1,0.7871567878,0.7811447231,0.7811447231,0.9923623034,1,1,1.008640967,1.008922657,0.0002816903648,0.994652606,0.9886937954,0.005958810595,0.009729224476,0.01945844895,0.5,411.1324608,1,1,0,0.5
68531717-568a-49ef-aee1-9caed1ada2d6,us_montana_helena_223854,no_match,brad,2026-01-24T16:34:08.621355+00:00,cc2c9bde,review,0.4938959777,0,0,0.0208380543,0.0208380543,True,1769266887741056251_6600581,1769267886023900907_2466247,2026-01-25,2.208432376,2.208432376,2.208432376,0.5636026837,0.8286101172,0,0,2.208432376,1,0.5,0.5,0.5,0.5,0.5,0,0,0,0.5,0,inf,2,2.208432376,0,2.208432376,3,3,4,4,0.8571428571,0,0,0,1,1,1,1,0,2.428612866e-17,0,0,0.8133333333,0.9,1,1,0,1,1,0,0,0,0,0,0,0,0,0.5
d27089d7-b99b-4d4b-b869-723a596e4598,us_montana_helena_216226,match,brad,2026-01-24T16:34:19.821236+00:00,cc2c9bde,review,0.4938865602,0.0219946864,0.9546316295,0,1,True,1769266887741056251_6600581,1769267886023900907_2466247,2026-01-25,5.411936709,2.715597679,5.062055763,0.4984255752,0.7988070031,4.96507217,1,2.923062461,1,0.5,0.5,0.5,0.5,0.5,1,0,0,0.5,0,0,5,3.343169787,2.208321023,5.001612347,4,5,3,4,0.875,0.3333333333,0,0,1,1,1,1,0.9326369431,1,0.9326369431,0.9326369431,0.915,0.9,1.058532756,1,0.05853275604,0.8172806955,1,0.1827193045,0.1435718493,0.03589296233,0.25,55.72122974,3,0,3,0.5
e1eb2baf-732b-4adc-ad8e-85399274e5d4,us_montana_helena_221373,no_match,brad,2026-01-24T16:34:21.338052+00:00,cc2c9bde,review,0.4938807487,0,0.04919664,0,0.03313288849,True,1769266887741056251_6600581,1769267886023900907_2466247,2026-01-25,8.117469835,4.194129753,7.533905503,0.3585937597,0.6612783558,72.82177092,0.9999999999,4.736230963,1,0.5,0.5,0.5,0.5,0.5,0,0,0,0.5,0,inf,2,2.908432284,1.635768583,4.158612068,3,3,1,1,0.5,0,0,1,0,1,0,0,0.04919664,0.03313288849,0.03313288849,0.6734786867,0.8,0.8,1,1,0,1,1,0,0.2643504165,0.2643504165,0.9999999999,7.565715335,0,0,0,0.5
e0dd32a1-184a-4038-8c81-91d7e628b3ff,us_montana_helena_216209,match,brad,2026-01-24T16:34:27.819913+00:00,cc2c9bde,review,0.4936472476,0.01074312199,0.4701368718,0,0.935483871,True,1769266887741056251_6600581,1769267886023900907_2466247,2026-01-25,4.291960759,3.691224088,4.289428434,0.4225068544,0.7523565821,1.315225343,1,3.98168024,1,0.5,0.5,0.5,0.5,0.5,1,0,0,0.5,0,0,5,3.920506855,0.3077842638,4.257109066,4,4,4,3,0.9333333333,0.3333333333,0,0,1,1,1,1,0.4593937498,0.935483871,0.4593937498,0.4910760774,0.9866666667,0.95,1.010982016,1,0.01098201571,0.9902782281,1,0.009721771891,0.05786704691,0.03857803127,0.6666666667,51.84297731,1,0,1,0.5
71e6eddb-5852-4e37-8ad3-06f65668fb16,us_montana_helena_216362,no_match,brad,2026-01-24T16:34:29.250838+00:00,cc2c9bde,review,0.4934411347,0.9778783143,1,0,0.188552188,True,1769266887741056251_6600581,1769267886023900907_2466247,2026-01-25,8.707502714,5.456188112,8.694327996,0.3494711317,0.6379528873,83.03006727,1,4.839400113,1,0.5,0.5,0.5,0.5,0.5,1,0,0,0.5,0,0,4,4.691953125,3.16348315,8.074052451,3,3,3,3,1,1,0,0,1,1,1,1,0.0221216857,0.188552188,0.0221216857,0.1173239406,0.9966666667,1,1,1,0,1,1,0,0.1819237072,0.1819237072,1,10.99361942,0,0,0,0.5
3fcab841-e8c1-40ae-aef2-37eae818f52a,us_montana_helena_216852,no_match,brad,2026-01-24T16:34:30.751236+00:00,cc2c9bde,review,0.4934411347,0.9765493199,1,0,0.1271391703,True,1769266887741056251_6600581,1769267886023900907_2466247,2026-01-25,8.52788077,4.847616133,8.448607976,0.3690562011,0.6611315321,87.04108624,1,4.726528534,1,0.5,0.5,0.5,0.5,0.5,1,0,0,0.5,0,0,5,4.458498967,3.680264637,8.043119156,3,3,3,3,1,1,0,0,1,1,1,1,0.0234506801,0.1271391703,0.0234506801,0.1844489,1,1,1,1,0,1,1,0,0.2060119408,0.2060119408,1,9.70817513,0,0,0,0.5
cdd7321e-db6f-48ee-9245-d7a96ea9a2fa,us_montana_helena_86976,no_match,brad,2026-01-24T16:34:32.018895+00:00,cc2c9bde,review,0.4933977723,0,0.08124854623,0,0.02617789355,True,1769266887741056251_6600581,1769267886023900907_2466247,2026-01-25,9.567369672,4.591917032,9.231261401,0.363227071,0.6539493909,76.7905562,0.9999999999,4.456441032,1,0.5,0.5,0.5,0.5,0.5,0,0,0,0.5,inf,inf,0,3.871175772,2.333669523,6.347817703,3,3,1,1,0.5,0,0,1,0,1,0,0,0.08124854623,0.02617789355,0.02617789355,0.322195224,0.9566666667,0.8,1.072392489,1.000034151,0.07235833865,1,1,0,0.3616298916,0.2712224187,0.75,11.06103254,2,0,2,0.5
14188a48-d66a-4a51-bc0d-b0f15db0b140,us_montana_helena_217322,no_match,brad,2026-01-24T16:34:34.645854+00:00,cc2c9bde,review,0.4931420088,0,0.4439923838,0.6708777649,1,True,1769266887741056251_6600581,1769267886023900907_2466247,2026-01-25,6.320804898,4.03415723,6.304551619,0.4456640133,0.7585669055,14.6892061,1,3.592104017,1,0.5,0.5,0.5,0.5,0.5,0,0,0,0.5,0,inf,2,3.768168876,4.205786174,6.203009216,3,3,1,1,0.5,0,0,1,0,1,0,0,0.4439923838,0.3291222351,0.3291222351,0.7412790109,0.7211111111,0.8,1.008223812,1.000085732,0.008138080814,0.87340217,0.9837634762,0.1103613063,0.1026090952,0.1026090952,1,29.23717428,1,0,1,0.5
e9030f4e-1376-44d7-9e30-2949fac05723,us_montana_helena_219895,no_match,brad,2026-01-24T16:34:36.047625+00:00,cc2c9bde,review,0.4931119084,0.7061806424,1,0,0.9086886886,True,1769266887741056251_6600581,1769267886023900907_2466247,2026-01-25,157.6620122,88.40853567,156.8274296,0,0,0.7672288253,1,156.4200511,0,0.5,0.5,0.5,0.5,0.5,0,0,0,0.5,0,inf,1,99.23150639,56.81247305,151.4299355,4,2,4,3,0.9230769231,0.3333333333,0,0,1,1,1,1,0.2938193576,0.9086886886,0.2938193576,0.3233443546,0.9494444444,0.95,1.019234783,1,0.01923478305,0.9722683647,1,0.0277316352,0.06131030024,0.01532757506,0.25,130.4837844,4,0,4,0.5
5d43f125-22ad-469b-8b9f-284762ace821,us_montana_helena_222383,match,brad,2026-01-24T16:34:42.163463+00:00,cc2c9bde,review,0.4930031896,0.004423474413,0.5346197621,0,1,True,1769266887741056251_6600581,1769267886023900907_2466247,2026-01-25,7.014707408,2.650581623,7.009698042,0.6208545441,0.8499790483,1.075572579,1,2.295143395,1,0.5,0.5,0.5,0.5,0.5,1,0,0,0.5,0,inf,2,2.318987552,3.185663523,6.059352755,3,3,3,1,0.8,0.3333333333,0,1,0,1,1,1,0.5301962877,1,0.5301962877,0.5301962877,0.8866666667,0.9,1.000814683,1.000915153,0.0001004694627,0.9946046075,0.9951658002,0.0005611927452,0.0255406729,0.02043253832,0.8,391.5323625,0,0,0,0.5
36bf231f-ed8d-4277-be23-9f7ec31646c3,us_montana_helena_222764,no_match,brad,2026-01-24T16:34:44.244519+00:00,cc2c9bde,review,0.4928979874,0.466159769,0.7854903171,0,1,True,1769266887741056251_6600581,1769267886023900907_2466247,2026-01-25,303.4255916,142.4716867,289.5194036,0,0,37.60299233,1,148.8141096,1,0.5,0.5,0.5,0.5,0.5,1,0,0,0.5,0,0,5,127.0641461,108.1235435,269.8203727,3,3,4,3,0.9230769231,0.3333333333,0,0,1,1,1,1,0.3193305481,1,0.3193305481,0.3193305481,0.8638888889,0.95,1.436286271,1.000000006,0.4362862653,0.9283783772,0.9999785208,0.07160014364,0.06737244249,0.02179696669,0.3235294118,504.6573754,14,0,14,0.5
c23656e2-dbe1-452a-bac7-e241fd5a1736,us_montana_helena_223528,no_match,brad,2026-01-24T16:34:47.323995+00:00,cc2c9bde,review,0.4927702248,0,1,0.08544054121,0.4968173999,True,1769266887741056251_6600581,1769267886023900907_2466247,2026-01-25,284.8991374,110.9434426,279.246511,0.009027401662,0.02684234578,42.89714712,1,202.3188643,1,0.5,0.5,0.5,0.5,0.5,0,0,0,0.5,0,0,3,174.7098492,205.9203637,279.9612142,1,1,3,3,0.5,0,1,0,0,0,1,0,1,0.4113768587,0.4113768587,0.4113768587,0.795,0.8,1.243000716,1.019509436,0.22349128,0.9669639718,0.9943938996,0.02742992781,0.0616768017,0.01269816505,0.2058823529,551.2607506,4,1,3,0.5
e6e52394-eacf-4583-8c6e-df87803c9f69,us_montana_helena_218877,no_match,brad,2026-01-24T16:34:48.874667+00:00,cc2c9bde,review,0.4926565588,0,1,0.8177277416,0.9355892925,True,1769266887741056251_6600581,1769267886023900907_2466247,2026-01-25,6.723973172,4.114967677,6.700813946,0.3760460522,0.6802571998,55.32946224,1,1.160273799,1,0.5,0.5,0.5,0.5,0.5,0,0,0,0.5,0,0,6,4.208702715,2.722090414,6.448964283,1,4,4,4,0.7692307692,0.3333333333,1,0,0,1,1,1,1,0.1178615508,0.1178615508,0.1178615508,0.8783333333,0.85,1.000100792,1.001860482,0.001759690447,1,1,0,0.2151680893,0.2151680893,1,13.94258791,0,0,0,0.5
4358ce60-7829-4ab0-abff-20e284c63f45,us_montana_helena_217313,match,brad,2026-01-24T16:34:59.293683+00:00,cc2c9bde,match,0.7991662025,0,0.9969756043,0,0.9969201448,False,1769266887741056251_6600581,1769267886023900907_2466247,2026-01-25,1.191927542,1.166077618,1.191926536,0.7889812717,0.9216240293,0.02677424817,1,1.152073648,1,0.5,0.5,0.5,0.5,0.5,1,0,0,0.5,0,0,5,1.153272101,0.00292706778,1.180237756,4,3,3,4,1,1,0,0,1,1,1,1,0.9969756043,0.9969201448,0.9969201448,0.9999443722,1,1,1,1.000000591,5.914061143e-07,1,0.9997112641,0.0002887358955,0.02263145675,0.03394718513,0.6666666667,88.37257018,0,0,0,0.5
515f29f9-94d4-485e-9409-764a8999fe45,us_montana_helena_218362,match,brad,2026-01-24T16:35:01.781247+00:00,cc2c9bde,match,0.7991120219,0.0008019748875,1,0,0.9935704961,False,1769266887741056251_6600581,1769267886023900907_2466247,2026-01-25,2.171884269,1.707593547,2.171870305,0.7073020783,0.8879938274,0.4242015699,1,1.675906882,1,0.5,0.5,0.5,0.5,0.5,1,0,0,0.5,0,0,6,1.680490069,0.3998392617,2.112670992,4,4,4,4,1,1,0,0,1,1,1,1,0.9991980251,0.9935704961,0.9935704961,0.9943679542,1,1,1.000000284,1.000009335,9.050913252e-06,0.9998800028,0.9993123075,0.0005676953389,0.02778429296,0.02778429296,1,107.9746749,0,0,0,0.5
2fc87eff-ba05-464b-a7e4-26c84dfe9b53,us_montana_helena_220818,match,brad,2026-01-24T16:35:04.234389+00:00,cc2c9bde,match,0.7982102036,0.7866719513,0.9684804308,0,1,True,1769266887741056251_6600581,1769267886023900907_2466247,2026-01-25,2.820406168,1.258304366,2.569231981,0.7160068854,0.8988455151,0.2192200712,1,1.692403854,1,0.5,0.5,0.5,0.5,0.5,1,0,0,0.5,0,0,4,1.661894725,1.224555981,2.649754543,3,3,3,3,1,1,0,0,1,1,1,1,0.1818084795,1,0.1818084795,0.1818084795,0.9983333333,1,1.001436079,1.002691049,0.001254969736,0.9943644898,0.9881552396,0.006209250174,0.02134349689,0.03201524534,0.6666666667,187.4107144,0,0,0,0.5
35536055-3bdd-4b75-a7d0-0c6f580b87a1,us_montana_helena_219341,match,brad,2026-01-24T16:35:06.948027+00:00,cc2c9bde,match,0.7980906367,0.007577295197,1,0,0.9931285292,False,1769266887741056251_6600581,1769267886023900907_2466247,2026-01-25,2.935309633,1.842573312,2.93530662,0.6850554491,0.8798280068,0.9373533772,1,1.842622321,1,0.5,0.5,0.5,0.5,0.5,0,0,0,0.5,inf,inf,0,1.842551611,1.092739322,2.82601561,3,4,3,3,0.9230769231,0.3333333333,0,0,1,1,1,1,0.9924227048,0.9931285292,0.9924227048,0.999289292,0.9,0.95,1,1,0,1,1,2.905153895e-11,0.01497079184,0.01497079184,1,133.593468,0,0,0,0.5
536436e5-578f-4b76-afcd-2434e9fc0228,us_montana_helena_223020,match,brad,2026-01-24T16:35:08.477255+00:00,cc2c9bde,match,0.7980226278,0,1,0.0002238026514,0.6967384913,True,1769266887741056251_6600581,1769267886023900907_2466247,2026-01-25,1.264659709,1.193408055,1.263538328,0.7855527215,0.9222777001,0.0101340888,1,1.215174043,1,0.5,0.5,0.5,0.5,0.5,1,0,0,0.5,0,0,4,1.194867751,0.05535517964,1.255996355,3,3,3,3,1,1,0,0,1,1,1,1,1,0.6965146887,0.6965146887,0.6965146887,0.9966666667,1,1.01678234,1.016761475,2.086451835e-05,0.9794628001,0.9796374323,0.0001746322216,0.02871916368,0.03092833012,0.9285714286,452.6594208,4,4,0,0.5
b0b974b7-5a0a-4cf4-8826-c9332c0c0a0f,us_montana_helena_45301,match,brad,2026-01-24T16:35:10.638747+00:00,cc2c9bde,match,0.7979863286,0,1,0.009633212618,0.9972283986,False,1769266887741056251_6600581,1769267886023900907_2466247,2026-01-25,13.52763636,3.400980765,7.572149492,0.4865127338,0.7836249166,0.116224468,1,1.732522954,1,0.5,0.5,0.5,0.5,0.5,1,0,0,0.8,0,inf,1,3.627048448,2.763950099,11.98418987,1,3,2,1,0.8571428571,0.3333333333,1,1,1,1,0,0,1,0.9875951859,0.9875951859,0.9875951859,0.99,0.95,1.160672536,1.16601997,0.005347433642,0.9808300889,0.9727615742,0.008068514703,0.008858149353,0.01882356738,0.4705882353,1806.246357,10,21,11,0.5
a32dfee8-cbc2-4e3c-8a34-6eee62cdb72e,us_montana_helena_223114,match,brad,2026-01-24T16:35:12.642987+00:00,cc2c9bde,match,0.7971520424,0,1,0.0222585848,0.9977720559,True,1769266887741056251_6600581,1769267886023900907_2466247,2026-01-25,5.814579934,1.864537713,4.15534098,0.6589254652,0.8675685778,0.5420343168,1,0.9695635354,1,0.5,0.5,0.5,0.5,0.5,0,0,0,0.5,0,0,6,2.038659563,1.870843082,3.887292635,3,3,5,3,0.8571428571,0.3333333333,0,0,1,1,1,1,1,0.9755134711,0.9755134711,0.9755134711,0.9505555556,0.9,1.211743996,1.203064221,0.00867977502,0.9414884318,0.9413802407,0.0001081911749,0.02882176691,0.0504380921,0.5714285714,693.9199828,13,16,3,0.5
24dec2ee-1314-4529-8f8b-6d328ef5b7cd,us_montana_helena_220715,match,brad,2026-01-24T16:35:18.977285+00:00,cc2c9bde,match,0.7968386412,0,0.5172055174,0,0.9840504367,True,1769266887741056251_6600581,1769267886023900907_2466247,2026-01-25,15.1666777,3.848877689,12.27261222,0.4944940089,0.7490657851,10.10128688,1,3.135543227,1,0.5,0.5,0.5,0.5,0.5,0,0,0,0.5,4.695890416,inf,1,3.498080773,2.166861343,7.961786418,2,2,3,3,0.8,0,0,0,1,0,1,0,0.5172055174,0.9840504367,0.5172055174,0.5255884232,0.8894444444,0.9,3.098566898,4.348286962,1.249720064,0.8271275454,0.7910589437,0.0360686017,0.05720384626,0.1144076925,0.5,174.81342,6,15,9,0.5
c57d4a8c-3865-419e-92c5-3290265a1149,us_montana_helena_216633,match,brad,2026-01-24T16:35:23.829772+00:00,cc2c9bde,match,0.7967498899,0.001273472498,0.09636848641,0,1,True,1769266887741056251_6600581,1769267886023900907_2466247,2026-01-25,10.8963807,2.788672726,10.77495779,0.5277183883,0.7151354724,17.75005003,1,0.3434786359,1,0.5,0.5,0.5,0.5,0.5,1,0,0,0.5,0,0,4,2.94964076,5.124434275,9.133022569,3,3,3,3,1,1,0,0,1,1,1,1,0.09509501391,1,0.09509501391,0.09509501391,0.995,1,1.018706937,1.098943235,0.08023629788,0.9280740725,0.720561563,0.2075125096,0.131983882,0.1026541305,0.7777777778,68.1901446,3,4,1,0.5
f86b4881-2a90-4892-9af5-ac7ad5cb10c3,us_montana_helena_164424,match,brad,2026-01-24T16:35:26.149827+00:00,cc2c9bde,match,0.7966154814,0,0.1837410602,0.790567026,1,True,1769266887741056251_6600581,1769267886023900907_2466247,2026-01-25,3.861350679,2.510769456,3.85680768,0.5519682551,0.8223688313,4.429056548,1,2.916471472,1,0.5,0.5,0.5,0.5,0.5,1,0,0,0.6,0,0,4,2.853322985,1.22807666,3.847658372,3,3,3,3,1,1,0,0,1,1,1,1,0.1837410602,0.209432974,0.1837410602,0.8773263192,1,1,1.004446078,1.036268488,0.0318224104,0.9672569153,0.8587565226,0.1085003927,0.07857036476,0.1571407295,0.5,50.9097802,1,4,3,0.5
08138b34-ce8b-4879-a140-41fa1bb31437,us_montana_helena_220078,match,brad,2026-01-24T16:35:30.068306+00:00,cc2c9bde,match,0.7964158058,0,0.9934420947,0.006576525298,1,False,1769266887741056251_6600581,1769267886023900907_2466247,2026-01-25,2.130621879,1.815925749,2.130620027,0.6986894738,0.8857673033,0.3049149184,1,1.7493983,1,0.5,0.5,0.5,0.5,0.5,1,0,0,0.5,0,0,6,1.749440111,0.3784567661,2.090741147,4,4,4,4,1,1,0,0,1,1,1,1,0.9934420947,0.9934234747,0.9934234747,0.999981257,0.9833333333,1,1.000000003,1,2.787286846e-09,0.9999861522,0.9999999999,1.384770911e-05,0.02101296441,0.01400864294,0.6666666667,142.769004,0,0,0,0.5
745384fc-676f-4b12-bcc2-4c0448411e01,us_montana_helena_216748,match,brad,2026-01-24T16:35:34.150791+00:00,cc2c9bde,match,0.7962940335,0,0.9977426333,0.01293439739,1,True,1769266887741056251_6600581,1769267886023900907_2466247,2026-01-25,3.220928132,1.664951644,3.220902437,0.7085453348,0.8882338822,2.45117283,1,1.665291393,1,0.5,0.5,0.5,0.5,0.5,1,0,0,0.5,0,0,4,1.664833113,1.555936868,3.065163142,3,3,3,3,1,1,0,0,1,1,1,1,0.9977426333,0.9870656026,0.9870656026,0.9892988128,1,1,1,1,0,1,1,8.805178808e-13,0.02748696862,0.02748696862,1,72.76175223,0,0,0,0.5
390d21f1-9117-452b-8e6e-71bd54ba202a,us_montana_helena_221880,match,brad,2026-01-24T16:35:35.572110+00:00,cc2c9bde,match,0.7961719036,0,1,0.2260079184,0.9586774631,True,1769266887741056251_6600581,1769267886023900907_2466247,2026-01-25,2.501619939,1.193795191,2.501577746,0.7575783776,0.9091984053,0.4580186868,1,1.353812093,1,0.5,0.5,0.5,0.5,0.5,1,0,0,0.5,0,inf,2,1.360836647,1.03109321,2.370465648,2,2,3,1,0.75,0,0,1,0,0,1,0,1,0.7326695447,0.7326695447,0.7326695447,0.975,0.9,1.000022867,1.000000722,2.214465407e-05,0.9995223068,0.9999177762,0.0003954694565,0.02796064306,0.01864042871,0.6666666667,214.5873393,0,0,0,0.5
0fdba30e-5906-4fc8-b54e-14bc873ad073,us_montana_helena_219617,match,brad,2026-01-24T16:35:40.817161+00:00,cc2c9bde,match,0.7960124612,0.3998665734,0.4996298015,0,1,True,1769266887741056251_6600581,1769267886023900907_2466247,2026-01-25,1.968514779,1.028389398,1.968489517,0.7856221929,0.9211944161,0.642105539,1,1.183726681,1,0.5,0.5,0.5,0.5,0.5,0,0,0,0.5,0,0,2,1.183827167,0.7847991669,1.890034853,4,4,4,4,1,1,0,0,1,1,1,1,0.09976322814,1,0.09976322814,0.09976322814,1,1,1.000000201,1,2.014565035e-07,0.9999839497,1,1.605026741e-05,0.02146357489,0.01430904993,0.6666666667,139.7716836,0,0,0,0.5
8883d642-b48f-4617-babe-5dbd154981db,us_montana_helena_219905,match,brad,2026-01-24T16:35:45.121737+00:00,cc2c9bde,match,0.7960124612,0.1981708677,0.2845674866,0,1,True,1769266887741056251_6600581,1769267886023900907_2466247,2026-01-25,1.971823724,1.114702231,1.97181565,0.7740942373,0.9166698331,0.5709464999,1,1.255985,1,0.5,0.5,0.5,0.5,0.5,0,0,0,0.5,0,0,2,1.255943102,0.7158405499,1.900199297,4,4,4,4,1,1,0,0,1,1,1,1,0.08639661891,1,0.08639661891,0.08639661891,1,1,1,1,4.097611139e-12,0.9999998383,1,1.616922266e-07,0.02087999253,0.01391999502,0.6666666667,143.6782123,0,0,0,0.5
55b650b0-a0da-4fdd-b60c-fa129509ea48,us_montana_helena_217984,match,brad,2026-01-24T16:35:51.188947+00:00,cc2c9bde,match,0.7960000038,0,0.9810144847,0.02516505637,1,True,1769266887741056251_6600581,1769267886023900907_2466247,2026-01-25,1.92647177,1.847192518,1.926442133,0.6810919043,0.877965676,0.1123084134,1,1.865935685,1,0.5,0.5,0.5,0.5,0.5,1,0,0,0.5,0,0,6,1.862753435,0.09987209859,1.922295443,4,4,4,4,1,1,0,0,1,1,1,1,0.9810144847,0.9748349436,0.9748349436,0.9937008666,1,1,1,1.000002813,2.812579271e-06,0.9999965578,0.9995684786,0.0004280791512,0.03023369415,0.03023369415,1,99.22704069,0,0,0,0.5
e3edbfb2-4732-4990-9464-bd1005d11246,us_montana_helena_166326,match,brad,2026-01-24T16:36:20.851551+00:00,cc2c9bde,match,0.7958033681,0.1059795099,0.9711606294,0.1326792514,1,True,1769266887741056251_6600581,1769267886023900907_2466247,2026-01-25,416.9376092,41.16991454,305.8024653,0.4385373413,0.5779350551,9.885652831,1,66.42585833,1,0.5,0.5,0.5,0.5,0.5,0,0,0,0.8,0,inf,2,49.27477749,5.516489293,316.540952,3,3,3,1,0.8,0.3333333333,0,1,0,1,1,1,0.8651811195,0.8673207486,0.8651811195,0.9975330591,0.9733333333,0.9,1.852171003,1.768442729,0.08372827326,0.9456758511,0.933514327,0.01216152409,0.02364140607,0.04019039033,0.5882352941,4229.866857,55,89,34,0.5
7d194af6-974e-470a-9694-1567bec14281,us_montana_helena_221219,match,brad,2026-01-24T16:36:25.112842+00:00,cc2c9bde,match,0.7953423858,0.03087819259,0.6631069103,0,1,True,1769266887741056251_6600581,1769267886023900907_2466247,2026-01-25,6.817677254,3.324735016,6.331695136,0.5903322643,0.8333322457,1.634873243,1,1.95864264,1,0.5,0.5,0.5,0.5,0.5,1,0,0,0.5,0,inf,2,2.531407464,3.61687398,5.515696103,3,1,3,1,1,1,1,1,1,1,1,1,0.6322287177,1,0.6322287177,0.6322287177,1,1,1.015167149,1.020153437,0.00498628826,0.951454314,0.9446947986,0.0067595154,0.04629752965,0.02777851779,0.6,215.9942458,4,3,1,0.5
67c5fff8-b18b-4188-a841-1c7b9c6df41c,us_montana_helena_223058,match,brad,2026-01-24T16:36:26.351571+00:00,cc2c9bde,match,0.7950632572,0,0.4962774041,0.04947506095,1,True,1769266887741056251_6600581,1769267886023900907_2466247,2026-01-25,2.34898399,1.149316863,2.003639785,0.7958544308,0.9273714848,0.08976447723,1,1.123682509,1,0.5,0.5,0.5,0.5,0.5,1,0,0,0.5,0,0,4,1.136867847,0.08450892645,2.153681263,3,3,3,3,1,1,0,0,1,1,1,1,0.4962774041,0.950524939,0.4962774041,0.5221087672,1,1,1.006164275,1.006332636,0.0001683613408,0.9929079822,0.9929761785,6.819625725e-05,0.02066114388,0.01748250636,0.8461538462,629.2004004,0,0,0,0.5
01d69442-9b2c-45c9-9ad8-febb088bc690,us_montana_helena_221234,match,brad,2026-01-24T16:36:27.432806+00:00,cc2c9bde,match,0.7940763831,0,0.5323749201,0.01322850486,1,True,1769266887741056251_6600581,1769267886023900907_2466247,2026-01-25,3.912167268,1.794760508,3.912126545,0.7081779961,0.8872419737,0.86182931,1,1.66506067,1,0.5,0.5,0.5,0.5,0.5,1,0,0,0.5,0,0,5,1.680485104,1.825476844,3.64138092,4,3,4,3,1,1,0,0,1,1,1,1,0.5323749201,0.9867714951,0.5323749201,0.5395118553,0.9966666667,1,1.000000044,1.000073619,7.357453513e-05,0.9999797856,0.9991747522,0.000805033333,0.01412704647,0.01412704647,1,212.3586133,0,0,0,0.5
db77b9a8-5560-4eb9-9773-9f396ce975f9,us_montana_helena_216565,match,brad,2026-01-24T16:36:30.048130+00:00,cc2c9bde,match,0.793563962,0,0.2685971637,0.02492118311,1,True,1769266887741056251_6600581,1769267886023900907_2466247,2026-01-25,3.074371745,1.910448858,3.073038497,0.6677962363,0.8665428046,1.556782923,1,1.899608319,1,0.5,0.5,0.5,0.5,0.5,0,0,0,0.5,0,inf,2,1.923004165,0.9137340712,2.922171953,3,3,3,3,1,1,0,0,1,1,1,1,0.2685971637,0.9750788169,0.2685971637,0.2754620027,0.99,1,1.003824082,1.002705596,0.00111848547,0.975123886,0.9736735917,0.001450294253,0.06293245919,0.06293245919,1,63.56020488,1,0,1,0.5
a2c8ec48-26cd-4511-83fe-75c77724094d,us_montana_helena_217593,match,brad,2026-01-24T16:36:31.801795+00:00,cc2c9bde,match,0.7931227088,0.007813391284,1,0,0.9925070873,False,1769266887741056251_6600581,1769267886023900907_2466247,2026-01-25,2.127665999,1.877585725,2.127665483,0.680963002,0.8768944492,0.2620045235,1,1.856242026,1,0.5,0.5,0.5,0.5,0.5,1,0,0,0.5,0,0,6,1.858996237,0.2149654016,2.094831809,4,4,4,4,1,1,0,0,1,1,1,1,0.9921866087,0.9925070873,0.9921866087,0.999677102,1,1,1.000000066,1.00000144,1.373302692e-06,0.9999335826,0.9996905937,0.0002429889066,0.03095410455,0.03095410455,1,96.91768001,0,0,0,0.5
4ba682a6-e8d5-4b97-8a4b-da61bf2a63b6,us_montana_helena_165874,match,brad,2026-01-24T16:36:33.308322+00:00,cc2c9bde,match,0.7931156158,0.001649114101,0.49313355,0,1,True,1769266887741056251_6600581,1769267886023900907_2466247,2026-01-25,13.60423743,4.20015203,9.588824839,0.4262777491,0.759527874,0.1357219851,1,2.37108746,1,0.5,0.5,0.5,0.5,0.5,1,0,0,0.6,0,0,3,4.10446976,4.421664604,10.43131185,3,3,2,3,0.9090909091,0.3333333333,0,0,1,1,1,1,0.4914844359,1,0.4914844359,0.4914844359,0.985,0.95,1.025725512,1.02944352,0.003718008313,0.9866615514,0.9703185921,0.01634295931,0.01410112059,0.02761469448,0.5106382979,1701.992395,12,18,6,0.5
9e3ed145-cc74-480a-bfa6-0a2cdd132be4,us_montana_helena_166325,match,brad,2026-01-24T16:36:35.034768+00:00,cc2c9bde,match,0.7930859327,0,0.8875991099,0.2546826276,1,True,1769266887741056251_6600581,1769267886023900907_2466247,2026-01-25,59.56823884,8.573442611,31.20288199,0.3566286677,0.5749732082,0.02133597383,1,6.77771999,1,0.5,0.5,0.5,0.5,0.5,0,0,0,0.8,0,0,3,8.844514378,12.30778141,31.69657803,2,3,3,2,1,1,0,0,1,1,1,1,0.8875991099,0.7453173724,0.7453173724,0.8397004505,0.8788888889,1,1.251125021,1.256155013,0.0050299924,0.9622515479,0.9580790619,0.004172486045,0.02347895885,0.03437125935,0.6830985915,4131.358661,53,55,2,0.5
f2312fdb-2ef1-40fb-a5e4-99f4abb26982,us_montana_helena_223567,match,brad,2026-01-24T16:36:36.935981+00:00,cc2c9bde,match,0.7928842306,0.6887117992,1,0.8615464065,1,True,1769266887741056251_6600581,1769267886023900907_2466247,2026-01-25,3.674431122,1.917979469,3.525959835,0.7413691003,0.9015830229,0.8820280432,1,1.115417951,1,0.5,0.5,0.5,0.5,0.5,0,0,0,0.5,0,inf,2,1.459544181,1.813916299,3.30990835,3,3,1,1,0.5,0,0,1,0,1,0,0,0.3112882008,0.1384535935,0.1384535935,0.4447762336,0.8,0.8,1.001313589,1.002904924,0.001591335407,0.9942210602,0.9880685483,0.006152511824,0.02549850409,0.01529910246,0.6,196.0899346,0,1,1,0.5
b7052d9a-8dfb-4b6f-bfd4-105e5f2a13d1,us_montana_helena_223251,match,brad,2026-01-24T16:36:38.734881+00:00,cc2c9bde,match,0.7926270962,0,1,0.00224002887,0.9982619428,False,1769266887741056251_6600581,1769267886023900907_2466247,2026-01-25,4.215937087,1.486053144,4.127951166,0.7288807251,0.9009779605,0.02968950536,1,1.574153286,1,0.5,0.5,0.5,0.5,0.5,1,0,0,0.5,0,0,4,1.567831775,2.378212882,4.1256174,3,3,3,3,1,1,0,0,1,1,1,1,1,0.9960219139,0.9960219139,0.9960219139,1,1,1.003662037,1.003748251,8.621456127e-05,0.998628614,0.9985071486,0.0001214654486,0.003618057294,0.007236114589,0.5,829.1742656,0,0,0,0.5
e72e3288-9896-4f80-8ff3-b6f658d64baf,us_montana_helena_223024,match,brad,2026-01-24T16:36:39.850611+00:00,cc2c9bde,match,0.792576313,0,0.9991457912,0,0.9988080839,False,1769266887741056251_6600581,1769267886023900907_2466247,2026-01-25,3.829825093,1.376177289,3.140291857,0.7075062221,0.8927293513,0.01189349221,1,1.72186055,1,0.5,0.5,0.5,0.5,0.5,1,0,0,0.5,0,0,4,1.713702127,1.495128285,3.542465505,3,3,3,3,1,1,0,0,1,1,1,1,0.9991457912,0.9988080839,0.9988080839,0.9996620039,0.9133333333,1,1.000433395,1.000879622,0.000446226367,0.9976266869,0.9972726311,0.0003540557768,0.006194385347,0.007742981684,0.8,645.746071,1,0,1,0.5
20748e6b-0b0a-4d32-baec-354c5b6f4598,us_montana_helena_223795,match,brad,2026-01-24T16:36:41.417128+00:00,cc2c9bde,match,0.7925706506,0,1,0.7645080841,0.8983064468,True,1769266887741056251_6600581,1769267886023900907_2466247,2026-01-25,1.239110481,1.211555504,1.239104134,0.7828312383,0.9210623601,0.009815239324,1,1.210599206,1,0.5,0.5,0.5,0.5,0.5,1,0,0,0.5,0,inf,2,1.210447453,0.02571138153,1.230108586,3,2,4,1,0.8,0,0,1,0,1,1,1,1,0.1337983626,0.1337983626,0.1337983626,0.8694444444,0.9,1.000063966,1.000064796,8.301163652e-07,0.9988157526,0.9988379302,2.217767738e-05,0.02140236944,0.01222992539,0.5714285714,327.0665905,0,0,0,0.5
695d1df3-3841-464a-a2d6-c90fd583e1e0,us_montana_helena_222592,no_match,brad,2026-01-24T16:36:58.878428+00:00,cc2c9bde,review,0.4925965667,0.9212740889,1,0,0.02645097839,True,1769266887741056251_6600581,1769267886023900907_2466247,2026-01-25,8.648229598,5.714655194,8.414779146,0.3466799711,0.6554823568,89.7258051,1,3.234843639,1,0.5,0.5,0.5,0.5,0.5,1,0,0,0.5,0,0,4,4.268849483,2.857327597,6.816445644,3,3,3,3,1,1,0,0,1,1,1,1,0.07872591109,0.02645097839,0.02645097839,0.3359882156,1,1,1,1,0,1,1,0,0.1749866816,0.1749866816,1,11.42944127,0,0,0,0.5
c25fc1b9-ebd2-46de-9ebb-991cab2b7e0a,us_montana_helena_216584,match,brad,2026-01-24T16:37:03.742808+00:00,cc2c9bde,review,0.4925222695,0.9708400803,1,0.9383265625,1,True,1769266887741056251_6600581,1769267886023900907_2466247,2026-01-25,0.4276007418,0.3292570082,0.4257297937,0.9245397354,0.9728392832,2.668870065,1,0.33529537,1,0.5,0.5,0.5,0.5,0.5,1,0,0,0.5,0,0,6,0.3269797751,0.09926274513,0.4172670008,4,4,4,4,1,1,0,0,1,1,1,1,0.02915991973,0.06167343748,0.02915991973,0.4728116499,0.9933333333,1,1,1,0,1,1,0,0.489176027,0.489176027,1,4.088507796,0,0,0,0.5
541c4a0b-71d9-4c69-bdf4-bb162cf92961,us_montana_helena_222510,no_match,brad,2026-01-24T16:37:05.910906+00:00,cc2c9bde,review,0.4925041795,0.9454565292,1,0,0.1288020448,True,1769266887741056251_6600581,1769267886023900907_2466247,2026-01-25,424.6509442,398.8945363,423.9409444,0,0,5.477650741,1,423.4319027,0,0.5,0.5,0.5,0.5,0.5,0,0,0,0.5,0,0,5,398.2690544,26.38946269,422.0134544,3,3,4,4,0.8571428571,0,0,0,1,1,1,1,0.05454347076,0.1288020448,0.05454347076,0.4234674291,0.8977777778,0.9,1.016152909,1.000023062,0.01612984707,0.9112144837,0.9969659205,0.08575143675,0.1511115161,0.05666681853,0.375,52.94103459,2,0,2,0.5
0320aeff-7600-4b61-b082-735b60af7dcb,us_montana_helena_221826,no_match,brad,2026-01-24T16:37:07.459915+00:00,cc2c9bde,review,0.4924921393,0,0.08148630745,0.959683355,1,True,1769266887741056251_6600581,1769267886023900907_2466247,2026-01-25,6.078009246,3.13449915,6.037485265,0.5064942089,0.773892865,35.78989341,1,2.720142518,1,0.5,0.5,0.5,0.5,0.5,0,0,0,0.5,0,inf,2,3.075659477,2.604803336,5.584797836,3,3,1,1,0.5,0,0,1,0,1,0,0,0.08148630745,0.04031664501,0.04031664501,0.4947658849,0.8,0.8,1.002506745,1,0.002506744976,1,1,0,0.2565492592,0.2565492592,1,11.69366074,1,0,1,0.5
96dd389d-6459-4944-8673-fdd7b316e91b,us_montana_helena_222415,no_match,brad,2026-01-24T16:37:11.610639+00:00,cc2c9bde,review,0.4919277728,0,0.283546336,0,0.2337238863,True,1769266887741056251_6600581,1769267886023900907_2466247,2026-01-25,459.0935491,417.1325298,458.5655153,0,0,0.6578172685,1,459.0989876,0,0.5,0.5,0.5,0.5,0.5,1,0,0,0.5,0,inf,2,424.7004506,31.8960023,454.1589015,3,2,1,1,0.5714285714,0,0,1,0,1,0,0,0.283546336,0.2337238863,0.2337238863,0.8242881554,0.9666666667,0.85,1.000060994,1.011673824,0.0116128303,0.9972082177,0.9647750519,0.03243316572,0.0427464555,0.0427464555,1,93.57500998,0,1,1,0.5
39bc55bf-e21e-4541-986c-625c29a6fead,us_montana_helena_223627,no_match,brad,2026-01-24T16:37:13.982392+00:00,cc2c9bde,review,0.4914820194,0.7419354839,1,0.5995557532,0.6902921721,True,1769266887741056251_6600581,1769267886023900907_2466247,2026-01-25,46.11284706,25.18619335,43.32368263,0.01679904432,0.1278558634,17.54729412,1,27.11814022,1,0.5,0.5,0.5,0.5,0.5,0,0,0,0.5,0,0,4,25.44479092,8.124945732,39.68975636,3,3,3,3,1,1,0,0,1,1,1,1,0.2580645161,0.0907364189,0.0907364189,0.3516036232,0.99,1,1.062885593,1.02308006,0.0398055331,0.8993524311,0.9583370371,0.05898460603,0.06304140323,0.1050690054,0.6,142.7633196,7,3,4,0.5
7dd935af-2b3f-484f-aa5a-ea3736a2e5dd,us_montana_helena_216687,no_match,brad,2026-01-24T16:37:15.409121+00:00,cc2c9bde,review,0.4914590418,0.9763056757,1,0.8795744146,1,True,1769266887741056251_6600581,1769267886023900907_2466247,2026-01-25,7.831259531,4.268616037,7.800883768,0.3843470774,0.6724877511,89.83037075,1,4.89001904,1,0.5,0.5,0.5,0.5,0.5,1,0,0,0.5,0,0,4,4.033291856,3.562643494,7.404397927,3,3,3,3,1,1,0,0,1,1,1,1,0.02369432432,0.1204255854,0.02369432432,0.1967549026,1,1,1,1,0,1,1,0,0.2342669401,0.2342669401,1,8.537269488,0,0,0,0.5
d52aeda9-9482-4dd6-aef8-a130dd754f19,us_montana_helena_217361,no_match,brad,2026-01-24T16:37:17.711736+00:00,cc2c9bde,review,0.4914590418,0.97460139,1,0,0.08980006214,True,1769266887741056251_6600581,1769267886023900907_2466247,2026-01-25,7.40425362,4.098578062,7.376839815,0.3986088445,0.6857306646,89.81638702,1,4.554830294,1,0.5,0.5,0.5,0.5,0.5,1,0,0,0.5,0,0,4,3.77335766,3.122916857,6.811637113,3,3,3,3,1,1,0,0,1,1,1,1,0.02539860999,0.08980006214,0.02539860999,0.2828351048,1,1,1,1,0,1,1,0,0.2439858043,0.2439858043,1,8.197198216,0,0,0,0.5
935b4e6e-a4e3-4305-8141-102f724e7405,us_montana_helena_218184,no_match,brad,2026-01-24T16:37:19.598691+00:00,cc2c9bde,review,0.4914590418,0.973485469,1,0,0.07816826839,True,1769266887741056251_6600581,1769267886023900907_2466247,2026-01-25,7.661054125,4.199148779,7.609610891,0.3915300523,0.6786714232,89.0943309,1,4.696752937,1,0.5,0.5,0.5,0.5,0.5,1,0,0,0.5,0,0,5,3.83908267,3.118950451,6.898184352,3,3,3,3,1,1,0,0,1,1,1,1,0.02651453102,0.07816826839,0.02651453102,0.3391981371,1,1,1,1,0,1,1,0,0.2381137526,0.2381137526,1,8.399346859,0,0,0,0.5
5e44dba1-edb2-446f-a659-6d2575e2a47d,us_montana_helena_218314,no_match,brad,2026-01-24T16:37:21.297824+00:00,cc2c9bde,review,0.4914590418,0.9735238438,1,0.921496281,1,True,1769266887741056251_6600581,1769267886023900907_2466247,2026-01-25,7.760895832,4.267629895,7.748355672,0.381586933,0.6665005507,86.07934378,1,5.057381553,1,0.5,0.5,0.5,0.5,0.5,1,0,0,0.5,0,0,5,4.009508575,3.493265937,7.334132842,3,3,3,3,1,1,0,0,1,1,1,1,0.02647615617,0.07850371897,0.02647615617,0.3372598969,0.9966666667,1,1,1,0,1,1,0,0.2337737146,0.2337737146,1,8.555281774,0,0,0,0.5
e6aa8930-6f92-4188-b89c-9c443a117e99,us_montana_helena_166158,no_match,brad,2026-01-24T16:37:23.632057+00:00,cc2c9bde,review,0.4914014935,0.391959354,0.391959354,0,0,True,1769266887741056251_6600581,1769267886023900907_2466247,2026-01-25,10000,10000,10000,0,0,180,0,10000,1,0,0,0,0.5,0.5,0,0,0,0,10000,10000,0,10000,10000,10000,0,0,0,0,0.5,0.5,0.5,0.5,0.5,0.5,0.5,0.5,0,0,0,0,0.5,0.5,1,1,0,1,1,0,0,0,0,0,0,0,0,0
1a1e688e-85a1-4b49-bc77-e2f7d51e3708,us_montana_helena_217674,no_match,brad,2026-01-24T16:37:25.825816+00:00,cc2c9bde,review,0.4913668036,0.974761614,1,0.9081380336,1,True,1769266887741056251_6600581,1769267886023900907_2466247,2026-01-25,6.846245226,4.332898028,6.836792647,0.3576403317,0.6340732445,1.454853312,0.9999999999,6.813822296,1,0.5,0.5,0.5,0.5,0.5,1,0,0,0.5,0,0,5,3.781867069,2.449719726,6.372763687,4,4,3,3,0.8571428571,0,0,0,1,1,1,1,0.02523838596,0.09186196639,0.02523838596,0.2747424962,0.9733333333,0.9,1,1,0,1,1,0,0.2189082417,0.2189082417,0.9999999999,9.136248068,0,0,0,0.5
780c75ac-33ea-4ed7-839c-62c7e997d126,us_montana_helena_221775,no_match,brad,2026-01-24T16:37:27.824412+00:00,cc2c9bde,review,0.4913341999,0,0.06572103812,0.9716651716,1,True,1769266887741056251_6600581,1769267886023900907_2466247,2026-01-25,5.745831847,2.874363285,5.745830821,0.4687486722,0.6920327346,0.1444140252,1,5.745819482,1,0.5,0.5,0.5,0.5,0.5,1,0,0,0.5,0,0,5,2.489962704,2.872435616,5.343558227,4,4,4,4,1,1,0,0,1,1,1,1,0.06572103812,0.02833482844,0.02833482844,0.4311378708,1,1,1,1,0,1,1,0,0.2485867257,0.2485867257,1,8.045481892,0,0,0,0.5
c444e93f-dcd0-4971-a00a-aa2cfe4b64f1,us_montana_helena_222346,no_match,brad,2026-01-24T16:37:29.211788+00:00,cc2c9bde,review,0.4912169278,0.8888978518,1,0.9359753666,1,True,1769266887741056251_6600581,1769267886023900907_2466247,2026-01-25,230.9520095,224.1939297,229.8118779,0,0,18.72156927,1,227.1485406,1,0.5,0.5,0.5,0.5,0.5,1,0,0,0.5,0,0,4,222.1452786,1.058129053,223.2009314,1,1,3,3,0.5,0,1,0,0,0,1,0,0.1111021482,0.06402463345,0.06402463345,0.5762681866,0.7866666667,0.8,1,1,0,1,1,0,0.08178655216,0.08178655216,1,24.45389795,0,0,0,0.5
e7af234e-8c65-492c-a589-3a57d83f6976,us_montana_helena_163975,no_match,brad,2026-01-24T16:37:30.621354+00:00,cc2c9bde,review,0.4909821749,0,0.02888346018,0,0.06294774541,True,1769266887741056251_6600581,1769267886023900907_2466247,2026-01-25,6.65916711,3.210188673,6.655355728,0.3833743209,0.6436637297,1.109742987,1,6.64605632,1,0.5,0.5,0.5,0.5,0.5,1,0,0,1,0,0,4,3.429340366,2.904315534,6.271082194,3,3,3,3,1,1,0,0,1,1,1,1,0.02888346018,0.06294774541,0.02888346018,0.458848208,0.9966666667,1,1,1.000105538,0.0001055377229,1,1,0,0.2529035421,0.3793553131,0.6666666667,7.908153375,0,0,0,0.5
ebcb9c9e-ca07-41fa-a252-e4a04a12ce6d,us_montana_helena_223869,no_match,brad,2026-01-24T16:37:32.274450+00:00,cc2c9bde,review,0.4907028377,0,1,0.2534051119,0.6582765257,True,1769266887741056251_6600581,1769267886023900907_2466247,2026-01-25,791.2670834,497.3268296,780.3389573,0.002438079986,0.008655054546,44.36524629,1,502.9508116,1,0.5,0.5,0.5,0.5,0.5,0,0,0,0.5,0,inf,2,380.1552315,421.1018942,730.6370989,3,3,1,3,0.8,0.3333333333,0,1,0,1,1,1,1,0.4048714138,0.4048714138,0.4048714138,0.9422222222,0.9,1.26597027,1.042173731,0.2237965392,0.9764282801,0.9922949422,0.01586666211,0.02320003319,0.01406062618,0.6060606061,1422.411758,7,2,5,0.5
748d5aab-7609-43c1-9155-51d2ca8ab775,us_montana_helena_220497,no_match,brad,2026-01-24T16:37:35.003904+00:00,cc2c9bde,review,0.4906220138,0,0.3436815112,0,0.9314295573,True,1769266887741056251_6600581,1769267886023900907_2466247,2026-01-25,202.6212213,100.2168891,200.7948107,0,0,2.403927821,1,198.5705716,0,0.5,0.5,0.5,0.5,0.5,0,0,0,0.5,0,0,6,127.6352478,74.43912027,194.9919113,3,3,4,4,0.8571428571,0,0,0,1,1,1,1,0.3436815112,0.9314295573,0.3436815112,0.368982827,0.8194444444,0.9,1.020285814,1.000003451,0.02028236354,0.9629807396,0.9996835607,0.03670282103,0.03876734423,0.02584489615,0.6666666667,154.769436,3,0,3,0.5
e92447e3-c027-492e-9c4d-86900216b836,us_montana_helena_218287,no_match,brad,2026-01-24T16:37:36.301811+00:00,cc2c9bde,review,0.4905443192,0.3370100134,0.7098254658,0,1,True,1769266887741056251_6600581,1769267886023900907_2466247,2026-01-25,150.3232223,118.8508674,150.2031718,0,0,6.182044665,1,149.6616802,0,0.5,0.5,0.5,0.5,0.5,0,0,0,0.5,0,0,6,116.7949437,28.77107659,145.7019601,1,1,4,4,0.4,0,1,0,0,0,1,0,0.3728154523,1,0.3728154523,0.3728154523,0.9133333333,0.7,1.085328863,1.000000002,0.08532886097,0.9015832801,0.9999904895,0.09840720941,0.02767388151,0.02767388151,1,108.4054653,1,0,1,0.5
f59ee0b6-f1f1-4247-8410-06f981f7229c,us_montana_helena_164403,no_match,brad,2026-01-24T16:37:38.568724+00:00,cc2c9bde,review,0.490357697,0.9427064004,1,0,0.0302534087,True,1769266887741056251_6600581,1769267886023900907_2466247,2026-01-25,7.274634732,3.647284007,6.784187081,0.412764849,0.7054912285,83.91946466,0.9999999999,3.721526468,1,0.5,0.5,0.5,0.5,0.5,1,0,0,0.6,0,inf,2,3.721080787,3.553553945,6.919279338,3,3,3,3,1,1,0,0,1,1,1,1,0.05729359962,0.0302534087,0.0302534087,0.5280416818,0.9933333333,1,1,1,0,1,1,0,0.2798252123,0.2798252123,0.9999999999,7.147318798,0,0,0,0.5
1314b6f1-63d7-4a38-bf20-4ad3dfdf3d29,us_montana_helena_219464,no_match,brad,2026-01-24T16:37:40.048981+00:00,cc2c9bde,review,0.4901342094,0,0.02753907106,0.9295578089,1,True,1769266887741056251_6600581,1769267886023900907_2466247,2026-01-25,8.071764797,4.238455887,8.07158071,0.3641668654,0.6075143775,0.142212105,1,8.071141968,1,0.5,0.5,0.5,0.5,0.5,1,0,0,0.5,0,0,4,3.881842941,3.834103058,7.581608852,3,3,3,3,1,1,0,0,1,1,1,1,0.02753907106,0.07044219113,0.02753907106,0.3909456906,0.9966666667,1,1,1,0,1,1,0,0.2033511263,0.2033511263,1,9.835204932,0,0,0,0.5
8e543537-6d5e-4fb8-b3e9-18b2bbc05d3d,us_montana_helena_87028,match,brad,2026-01-24T16:37:41.681944+00:00,cc2c9bde,review,0.49006024,0.05345652666,1,0,0.9895513523,True,1769266887741056251_6600581,1769267886023900907_2466247,2026-01-25,10.24056678,4.325928894,8.810746669,0.4260080124,0.7599822557,0.9047257592,1,4.144066765,1,0.5,0.5,0.5,0.5,0.5,1,0,0,0.5,8.060803807,inf,0,4.007020453,4.933572145,8.44525814,4,3,1,1,0.4444444444,0,0,1,0,1,0,0,0.9465434733,0.9895513523,0.9465434733,0.9565380019,0.8411111111,0.75,1.069551679,1.069578065,2.638596007e-05,0.9646743868,0.9470820584,0.01759232839,0.01919248959,0.05483568455,0.35,729.4520043,9,14,5,0.5
88d4b873-64bf-4ffe-8340-32076b4288df,us_montana_helena_165139,no_match,brad,2026-01-24T16:37:46.419612+00:00,cc2c9bde,review,0.4900029302,0.8283659189,1,0,0.0532102667,True,1769266887741056251_6600581,1769267886023900907_2466247,2026-01-25,147.7543712,144.98186,147.4579955,0,0,7.345136842,1,145.6577575,1,0.5,0.5,0.5,0.5,0.5,1,0,0,0.6,0,0,4,143.9775952,2.129614121,146.0095474,1,1,3,3,0.5,0,1,0,0,0,1,0,0.1716340811,0.0532102667,0.0532102667,0.3100215665,0.7866666667,0.8,1.018830319,1,0.01883031859,0.8432025876,1,0.1567974124,0.09651377293,0.06434251529,0.6666666667,31.0836465,1,0,1,0.5
ca26fd9e-a7db-4787-be79-9f2f94d7c434,us_montana_helena_219897,match,brad,2026-01-24T16:37:53.639131+00:00,cc2c9bde,review,0.489950031,0,0.9846587608,0.553258323,1,True,1769266887741056251_6600581,1769267886023900907_2466247,2026-01-25,2.229087623,2.044999258,2.229085833,0.6535649611,0.8642141243,0.347294062,1,2.036529279,1,0.5,0.5,0.5,0.5,0.5,0,0,0,0.5,inf,inf,0,2.036296774,0.1954444501,2.208833913,3,3,3,3,1,1,0,0,1,1,1,1,0.9846587608,0.446741677,0.446741677,0.4537020283,0.9933333333,1,1.000000063,1,6.270321373e-08,0.999888949,1,0.0001110509153,0.09352830944,0.03117610315,0.3333333333,64.15169948,0,0,0,0.5
f7c65e2a-d478-4be1-b1dd-d17ad604203f,us_montana_helena_222980,no_match,brad,2026-01-24T16:37:55.289185+00:00,cc2c9bde,review,0.4898949265,0,0.3548387097,0.2920606235,0.4624579787,True,1769266887741056251_6600581,1769267886023900907_2466247,2026-01-25,24.04131291,19.9039517,24.02292985,0,0.188720105,0.2952793775,1,19.22530938,1,0.5,0.5,0.5,0.5,0.5,0,0,0,0.5,0,0,4,19.15311606,4.434115991,23.3832193,3,2,3,3,0.9090909091,0.3333333333,0,0,1,1,1,1,0.3548387097,0.1703973552,0.1703973552,0.4802107282,0.9833333333,0.95,1.02133697,1.000000189,0.02133678152,0.9526031083,0.9998523061,0.04724919773,0.07775405869,0.02915777201,0.375,102.8885197,1,0,1,0.5
69ebd62c-856a-4815-83ed-c477603a0130,us_montana_helena_220517,no_match,brad,2026-01-24T16:37:57.136619+00:00,cc2c9bde,review,0.4898198545,0,0.03194606879,0.9479311132,1,True,1769266887741056251_6600581,1769267886023900907_2466247,2026-01-25,7.826651319,4.36630733,7.821171632,0.3326628704,0.6007994163,2.079571603,1,7.806882517,0.8812365536,0.5,0.5,0.5,0.5,0.5,1,0,0,0.5,0,0,4,4.126371119,3.458008465,7.408168952,3,3,3,3,1,1,0,0,1,1,1,1,0.03194606879,0.05206888684,0.03194606879,0.6135346985,0.9966666667,1,1,1,0,1,1,0,0.2352245909,0.2352245909,1,8.502512396,0,0,0,0.5
e4f26e06-a256-413c-a7e3-0c2882886ca6,us_montana_helena_215411,match,brad,2026-01-24T16:38:01.028813+00:00,cc2c9bde,review,0.4898194671,0.8205996685,0.9581302741,0,1,True,1769266887741056251_6600581,1769267886023900907_2466247,2026-01-25,3.013832744,2.646462549,3.012993678,0.5469843598,0.8107048219,3.758505565,1,2.647855445,1,0.5,0.5,0.5,0.5,0.5,1,0,0,0.5,0,0,2,2.647854994,0.3659777495,2.977234968,2,2,1,2,0.8571428571,0.3333333333,0,1,0,0,0,1,0.1375306056,1,0.1375306056,0.1375306056,0.905,0.95,1,1,0,1,1,0,0.1791126944,0.1791126944,1,11.1661544,0,0,0,0.5
ca7a3f01-d47e-48a5-b2d1-e989857859fb,us_montana_helena_217200,match,brad,2026-01-24T16:38:05.367487+00:00,cc2c9bde,review,0.4896568954,0,0.4979169808,0,0.8026029912,True,1769266887741056251_6600581,1769267886023900907_2466247,2026-01-25,7.551077581,3.788018261,7.366932786,0.56081165,0.7994721261,7.479576022,1,1.749352356,1,0.5,0.5,0.5,0.5,0.5,0,0,0,0.5,0,inf,2,2.689704825,1.220889412,5.131667339,3,3,1,3,0.8,0.3333333333,0,1,0,1,1,1,0.4979169808,0.8026029912,0.4979169808,0.620377679,0.895,0.9,1.000000068,1.072499207,0.07249913978,0.9999269132,0.8692080294,0.1307188838,0.05826942608,0.0728367826,0.8,68.64663459,0,2,2,0.5
a5338473-511d-4bc0-b491-bbdd76dc6403,us_montana_helena_218128,no_match,brad,2026-01-24T16:38:07.139733+00:00,cc2c9bde,review,0.4895937443,0,0.227353629,0,0.3778832228,True,1769266887741056251_6600581,1769267886023900907_2466247,2026-01-25,177.1955664,162.0372562,175.6000699,0,0,9.179381323,1,173.536609,0,0.5,0.5,0.5,0.5,0.5,0,0,0,0.5,0,0,6,162.5367821,8.272353234,170.7477958,1,1,4,4,0.4,0,1,0,0,0,1,0,0.227353629,0.3778832228,0.227353629,0.6016504975,0.9166666667,0.7,1.001394586,1.006311823,0.004917236995,0.9982446405,0.869589905,0.1286547355,0.07607251566,0.1014300209,0.75,39.43605616,1,1,0,0.5
58dbd813-ce29-41ef-b50b-92c3fcc4d688,us_montana_helena_164788,no_match,brad,2026-01-24T16:38:09.971543+00:00,cc2c9bde,review,0.4895555079,0.01873002536,0.01873002536,0,0,True,1769266887741056251_6600581,1769267886023900907_2466247,2026-01-25,10000,10000,10000,0,0,180,0,10000,1,0,0,0,0.5,0.5,0,0,0,0,10000,10000,0,10000,10000,10000,0,0,0,0,0.5,0.5,0.5,0.5,0.5,0.5,0.5,0.5,0,0,0,0,0.5,0.5,1,1,0,1,1,0,0,0,0,0,0,0,0,0
707b6659-8f44-4aec-8e61-dc04873b59a0,us_montana_helena_217257,no_match,brad,2026-01-24T16:38:11.491457+00:00,cc2c9bde,review,0.4894759357,0,0.2069620418,0.07442122795,1,True,1769266887741056251_6600581,1769267886023900907_2466247,2026-01-25,141.6855274,121.8387489,141.5192189,0,0,0.2229493185,1,141.4637342,0,0.5,0.5,0.5,0.5,0.5,0,0,0,0.5,0,0,5,120.7383857,18.16109815,139.0425994,2,4,3,4,0.9230769231,0.3333333333,0,0,1,1,1,1,0.2069620418,0.9255787721,0.2069620418,0.2236028397,0.8727777778,0.95,1.014896403,1,0.01489640322,0.9879272075,0.9999969643,0.01206975685,0.04960921135,0.03720690851,0.75,80.63018724,1,0,1,0.5
d3f5dd97-44ce-44ca-97c0-940f99d52d8b,us_montana_helena_219497,no_match,brad,2026-01-24T16:38:17.512034+00:00,cc2c9bde,review,0.4891899228,0.5038300175,1,0,0.9818299912,True,1769266887741056251_6600581,1769267886023900907_2466247,2026-01-25,131.5826544,84.12693958,127.121767,0,0,10.75491184,1,125.2737659,0,0.5,0.5,0.5,0.5,0.5,1,0,0,0.5,0,0,4,88.28574625,43.31124039,127.1590852,3,3,3,3,1,1,0,0,1,1,1,1,0.4961699825,0.9818299912,0.4961699825,0.5053522371,0.9211111111,1,1.335202683,1.295436901,0.0397657814,0.9107972633,0.8841140013,0.02668326208,0.05870914188,0.05137049915,0.875,136.2649792,2,3,1,0.5
d5be6f9d-1af8-4f83-91f4-23de5decbe27,us_montana_helena_163359,match,brad,2026-01-24T16:38:19.692792+00:00,cc2c9bde,review,0.4887409508,0,1,0.08400616001,0.8595294394,True,1769266887741056251_6600581,1769267886023900907_2466247,2026-01-25,0.1877970424,0.08761055211,0.1877968394,0.9784107184,0.9923838484,0.4842164699,1,0.1048885399,1,0.5,0.5,0.5,0.5,0.5,1,0,0,0.2,0,0,4,0.1009554042,0.08684163785,0.1797922701,3,3,3,3,1,1,0,0,1,1,1,1,1,0.7755232794,0.7755232794,0.7755232794,1,1,1.00000282,1,2.819844332e-06,0.9984384529,1,0.00156154709,0.1353819049,0.09025460327,0.6666666667,22.15953456,0,0,0,0.5
2ab946d0-8271-4ed5-99e0-6187e41270ad,us_montana_helena_219743,no_match,brad,2026-01-24T16:38:21.124977+00:00,cc2c9bde,review,0.4886144996,0,0.3213887914,0.2561002007,1,True,1769266887741056251_6600581,1769267886023900907_2466247,2026-01-25,155.7460805,100.8734612,154.6286569,0,0,0.1351977271,1,155.0222398,0,0.5,0.5,0.5,0.5,0.5,0,0,0,0.5,0,0,2,105.5968281,49.54644949,150.5935935,2,4,4,4,0.8571428571,0.3333333333,0,0,1,1,1,1,0.3213887914,0.7438997993,0.3213887914,0.4320323674,0.7627777778,0.9,1.027255729,1,0.02725572892,0.9492317118,1,0.0507682882,0.0659803689,0.01885153397,0.2857142857,106.0921622,4,0,4,0.5
eb36546a-b992-46f2-9170-d63e7e0ebf38,us_montana_helena_223166,no_match,brad,2026-01-24T16:38:22.691841+00:00,cc2c9bde,review,0.488442421,0.9532842243,1,0.6193885216,0.7421664179,True,1769266887741056251_6600581,1769267886023900907_2466247,2026-01-25,66.14552543,40.74362079,63.30087882,0,0.02029536474,28.23135203,1,42.64442272,1,0.5,0.5,0.5,0.5,0.5,1,0,0,0.5,0,0,4,40.34331613,17.95858193,56.87675259,3,3,3,3,1,1,0,0,1,1,1,1,0.04671577566,0.1227778963,0.04671577566,0.3804901133,0.7938888889,1,1.024702881,1.00806978,0.01663310143,0.936727387,0.9707582205,0.03403083344,0.09844697385,0.05469276325,0.5555555556,91.41977298,2,1,1,0.5
e6aa8930-6f92-4188-b89c-9c443a117e99,us_montana_helena_163504,no_match,brad,2026-01-24T16:38:24.374093+00:00,cc2c9bde,review,0.4883181155,0.9800295876,0.9886968397,0,1,True,1769266887741056251_6600581,1769267886023900907_2466247,2026-01-25,137.8844505,105.592083,134.7465199,0,0,55.03027147,1,129.8984923,1,0.5,0.5,0.5,0.5,0.5,1,0,0,1,0,0,4,101.1351579,25.29045727,124.5624185,3,3,3,3,1,1,0,0,1,1,1,1,0.008667252142,1,0.008667252142,0.008667252142,0.9933333333,1,1.004536936,1.000649641,0.00388729591,0.9633735046,0.9883043513,0.02493084667,0.06505877121,0.0487940784,0.75,61.48287042,0,0,0,0.5
227ffd3a-ac27-4ed2-9260-63d37d24f0c0,us_montana_helena_219686,no_match,brad,2026-01-24T16:38:25.660878+00:00,cc2c9bde,review,0.4881602228,0.2632926428,0.7155084592,0,1,True,1769266887741056251_6600581,1769267886023900907_2466247,2026-01-25,194.5854323,164.2123133,194.4485617,0,0,6.138632182,1,194.8695075,0,0.5,0.5,0.5,0.5,0.5,0,0,0,0.5,0,0,4,154.1552171,32.18868498,187.6341078,1,1,2,4,0.5,0,1,0,0,0,1,0,0.4522158164,1,0.4522158164,0.4522158164,0.865,0.8,1.086559568,1,0.08655956779,0.9089608799,1,0.09103912008,0.06419777061,0.01426617125,0.2222222222,140.1917841,7,0,7,0.5
4929503e-3050-4fe9-b56e-78f0ad0c9812,us_montana_helena_96475,no_match,brad,2026-01-24T16:38:27.357312+00:00,cc2c9bde,review,0.4881586432,0,0,0.6014976748,0.6014976748,True,1769266887741056251_6600581,1769267886023900907_2466247,2026-01-25,10000,10000,10000,0,0,180,0,10000,1,0,0,0,0.5,0.5,0,0,0,0,10000,10000,0,10000,10000,10000,0,0,0,0,0.5,0.5,0.5,0.5,0.5,0.5,0.5,0.5,0,0,0,0,0.5,0.5,1,1,0,1,1,0,0,0,0,0,0,0,0,0
2eda01cc-b97e-49db-9c1c-22709f93d045,us_montana_helena_219946,no_match,brad,2026-01-24T16:38:28.629268+00:00,cc2c9bde,review,0.4880909324,0,0.3738229438,0.09394756222,1,True,1769266887741056251_6600581,1769267886023900907_2466247,2026-01-25,159.1308739,93.39855099,158.7262246,0,0,1.202962689,1,157.1621463,0,0.5,0.5,0.5,0.5,0.5,0,0,0,0.5,0,0,2,100.1667083,57.54096808,152.8893731,1,4,4,4,0.7692307692,0.3333333333,1,0,0,1,1,1,0.3738229438,0.9060524378,0.3738229438,0.4125842261,0.8666666667,0.85,1.022622303,1,0.02262230291,0.9797768919,1,0.02022310807,0.02306245052,0.01537496702,0.6666666667,130.0815799,1,0,1,0.5
aad83900-751c-4ee0-a738-0a84b438001c,us_montana_helena_215689,match,brad,2026-01-24T16:38:31.633741+00:00,cc2c9bde,review,0.4880466461,0.1009228679,1,0,0.8546326762,True,1769266887741056251_6600581,1769267886023900907_2466247,2026-01-25,2.607233067,1.793542486,2.607159775,0.6818380878,0.8744286696,3.128601942,1,1.794030348,1,0.5,0.5,0.5,0.5,0.5,1,0,0,0.5,0,0,4,1.7936161,0.8136493279,2.525868135,3,3,3,3,1,1,0,0,1,1,1,1,0.8990771321,0.8546326762,0.8546326762,0.9505665818,0.9916666667,1,1,1,0,1,1,1.673106098e-13,0.0670771448,0.0670771448,1,29.8164152,0,0,0,0.5
73e91f0a-36d7-491a-ab9f-fd922a06438b,us_montana_helena_222286,match,brad,2026-01-24T16:38:33.395109+00:00,cc2c9bde,review,0.4879920185,0,1,0.45206712,0.997052401,True,1769266887741056251_6600581,1769267886023900907_2466247,2026-01-25,3.1880599,1.834553495,3.033415044,0.6203343534,0.8562328273,0.2465187817,1,2.33183084,1,0.5,0.5,0.5,0.5,0.5,0,0,0,0.5,0,0,5,2.318335352,1.298084683,3.142621238,3,3,4,3,0.9230769231,0.3333333333,0,0,1,1,1,1,1,0.5449852811,0.5449852811,0.5449852811,0.8794444444,0.95,1.008044433,1.015120385,0.007075952028,0.9801897353,0.9745567079,0.005633027311,0.02555182463,0.02044145971,0.8,195.6807419,1,1,0,0.5
bf517b97-2dac-45f6-a2cd-ce538080f3a0,us_montana_helena_216026,no_match,brad,2026-01-24T16:38:34.792800+00:00,cc2c9bde,review,0.4879445434,0.1847228473,0.3723676438,0,1,True,1769266887741056251_6600581,1769267886023900907_2466247,2026-01-25,176.3920715,170.9765621,176.3305716,0,0,0.2461336571,1,176.3492753,0,0.5,0.5,0.5,0.5,0.5,1,0,0,0.5,0,0,5,170.8878903,4.511698734,175.641417,3,3,3,4,0.9230769231,0.3333333333,0,0,1,1,1,1,0.1876447965,1,0.1876447965,0.1876447965,0.9472222222,0.95,1.000000001,1.000012611,1.26097516e-05,0.99997071,0.9978444934,0.002126216578,0.07947653876,0.05960740407,0.75,50.32931809,0,0,0,0.5
ec6d1c0b-28fe-4221-a207-73123dcb93f1,us_montana_helena_218834,no_match,brad,2026-01-24T16:38:36.033341+00:00,cc2c9bde,review,0.4879272878,0.2091803566,0.31795972,0,1,True,1769266887741056251_6600581,1769267886023900907_2466247,2026-01-25,134.7428538,77.08008533,133.1142909,0,0,2.423192137,1,131.7763909,0,0.5,0.5,0.5,0.5,0.5,0,0,0,0.5,0,0,5,85.12820093,47.40920512,129.2712158,3,3,4,3,0.9230769231,0.3333333333,0,0,1,1,1,1,0.1087793634,1,0.1087793634,0.1087793634,0.9522222222,0.95,1.015324519,1,0.01532451861,0.9738739147,1,0.02612608528,0.07661542571,0.01702565016,0.2222222222,117.4698165,4,0,4,0.5
693ad195-b9f1-4d9e-9094-cee6a2a3278c,us_montana_helena_217581,no_match,brad,2026-01-24T16:38:41.176302+00:00,cc2c9bde,review,0.4876704216,0.5344122313,0.8784280276,0,0.935483871,True,1769266887741056251_6600581,1769267886023900907_2466247,2026-01-25,12.21749553,5.470169375,10.61119251,0.3742117914,0.6875545637,5.158231863,1,4.412716304,1,0.5,0.5,0.5,0.5,0.5,0,0,0,0.5,0,0,6,4.350111337,1.023457229,5.802250866,4,2,4,4,0.8571428571,0.3333333333,0,0,1,1,1,1,0.3440157963,0.935483871,0.3440157963,0.3677410236,0.9477777778,0.9,1.102960023,1.000000002,0.1029600214,0.8911123544,0.999988496,0.1088761415,0.07687608316,0.03294689278,0.4285714286,91.05562761,2,0,2,0.5
855ff72c-d4cc-4d1a-98a8-027770e95406,us_montana_helena_220658,no_match,brad,2026-01-24T16:38:43.869506+00:00,cc2c9bde,review,0.4875582755,0.4728087572,0.5991245576,0,1,True,1769266887741056251_6600581,1769267886023900907_2466247,2026-01-25,594.8322632,565.7190687,593.6609934,0,0,1.24614353,1,594.077354,0,0.5,0.5,0.5,0.5,0.5,1,0,0,0.5,0,0,5,567.3083517,20.20900157,588.3147867,3,3,4,2,0.8333333333,0,0,0,1,1,1,1,0.1263158004,1,0.1263158004,0.1263158004,0.8983333333,0.9,1.002495932,1.000000155,0.002495776483,0.9907749116,0.9999510192,0.009176107627,0.02863803837,0.01718282302,0.6,174.5929639,1,0,1,0.5
122a0325-8c2d-4bd9-b0f4-3e885fe819cd,us_montana_helena_221785,match,brad,2026-01-24T16:38:45.473826+00:00,cc2c9bde,review,0.4875241816,0,1,0.2166645923,0.6229500611,True,1769266887741056251_6600581,1769267886023900907_2466247,2026-01-25,3.059967976,2.129259433,2.874843876,0.6586202506,0.8635590256,0.4355317716,1,2.355039057,1,0.5,0.5,0.5,0.5,0.5,1,0,0,0.5,0,0,5,1.99163771,0.3693793484,2.409408545,3,3,4,3,0.9230769231,0.3333333333,0,0,1,1,1,1,1,0.4062854688,0.4062854688,0.4062854688,0.9094444444,0.95,1.125607838,1.134295538,0.008687700559,0.9311732766,0.929611133,0.001562143614,0.08655749564,0.03462299825,0.4,115.5301447,3,2,1,0.5
85079157-443f-4241-a633-43eb3aa707ba,us_montana_helena_220614,no_match,brad,2026-01-24T16:38:50.669803+00:00,cc2c9bde,review,0.4874243438,0,0.4739269722,0.8119150584,1,True,1769266887741056251_6600581,1769267886023900907_2466247,2026-01-25,9.485713406,6.519516226,9.48228083,0.3226056454,0.6300769677,29.59215784,1,0.7300005219,1,0.5,0.5,0.5,0.5,0.5,0,0,0,0.5,0,0,4,4.933659214,3.170898749,8.634125804,4,4,3,3,0.8571428571,0,0,0,1,1,1,1,0.4739269722,0.1880849416,0.1880849416,0.3968648181,0.9494444444,0.9,1.060709889,1,0.06070988873,0.8982813708,1,0.1017186292,0.1251033854,0.06255169269,0.5,31.97355521,1,0,1,0.5
2d3414ca-3d37-452c-a405-6e7e5d42e12c,us_montana_helena_220515,no_match,brad,2026-01-24T16:38:52.643317+00:00,cc2c9bde,review,0.487406671,0.9654535072,1,0,0.04637878033,True,1769266887741056251_6600581,1769267886023900907_2466247,2026-01-25,7.162006113,3.61266322,7.161937183,0.3681958511,0.6265800416,0.3859732014,1,7.161729539,0.6843292687,0.5,0.5,0.5,0.5,0.5,1,0,0,0.5,0,0,4,3.514979439,3.548112257,6.777198886,3,3,3,3,1,1,0,0,1,1,1,1,0.03454649279,0.04637878033,0.03454649279,0.74487713,1,1,1,1,0,1,1,0,0.2601601923,0.2601601923,1,7.687571193,0,0,0,0.5
4e8ea107-76b8-45d4-a649-c1f45776964d,us_montana_helena_217598,no_match,brad,2026-01-24T16:38:54.118922+00:00,cc2c9bde,review,0.4872745574,0,0.2962728778,0.5854519651,1,True,1769266887741056251_6600581,1769267886023900907_2466247,2026-01-25,153.5553707,139.4267387,153.5354029,0,0,0.2147206397,1,153.8917175,0,0.5,0.5,0.5,0.5,0.5,0,0,0,0.5,0,0,5,139.8687837,13.54039748,152.1503602,2,2,3,3,0.8,0,0,0,1,0,1,0,0.2962728778,0.4145480349,0.2962728778,0.7146888968,0.9766666667,0.9,1.006429429,1.000268068,0.006161360691,0.9756626857,0.9878769692,0.01221428353,0.0744064247,0.0744064247,1,40.31909895,1,0,1,0.5
7827b886-8e9d-409c-9535-97eee60f6309,us_montana_helena_222741,no_match,brad,2026-01-24T16:38:56.047229+00:00,cc2c9bde,review,0.4872563779,0.0689430167,0.1573259524,0,1,True,1769266887741056251_6600581,1769267886023900907_2466247,2026-01-25,268.0785776,163.7218912,263.6948358,0.005836561478,0.02271549576,32.54464691,1,220.2366321,1,0.5,0.5,0.5,0.5,0.5,1,0,0,0.5,0,inf,2,179.0945757,131.9160902,266.7761286,3,4,3,1,0.7272727273,0.3333333333,0,1,0,1,1,1,0.08838293572,1,0.08838293572,0.08838293572,0.8783333333,0.85,1.06319455,1.197670338,0.1344757886,0.9858291013,0.9471780084,0.03865109294,0.02882006528,0.03911294574,0.7368421053,485.7726679,1,10,9,0.5
12593a42-3b17-453c-9f2e-d9e4c23b49c2,us_montana_helena_218462,no_match,brad,2026-01-24T16:38:59.588432+00:00,cc2c9bde,review,0.4868464768,0.2946069974,0.5672102858,0.06451612903,1,True,1769266887741056251_6600581,1769267886023900907_2466247,2026-01-25,10.9479837,4.090014409,9.724293133,0.5030537046,0.753959114,4.520368213,1,3.101296615,1,0.5,0.5,0.5,0.5,0.5,0,0,0,0.5,0,0,6,3.110529185,0.2606140828,4.032425959,4,4,3,4,0.9333333333,0.3333333333,0,0,1,1,1,1,0.2726032885,0.935483871,0.2726032885,0.2914035153,0.7705555556,0.95,1.096095277,1.000002298,0.09609297948,0.894627361,0.9993036434,0.1046762824,0.04834671353,0.05801605623,0.8333333333,103.419646,2,0,2,0.5
a0fe7b9c-e623-4537-a41b-3baf1c692850,us_montana_helena_218587,no_match,brad,2026-01-24T16:39:04.973569+00:00,cc2c9bde,review,0.4868260026,0.4159935281,0.5440387516,0,1,True,1769266887741056251_6600581,1769267886023900907_2466247,2026-01-25,155.4645469,124.1682903,154.7161849,0,0,7.440104492,1,154.7614453,0,0.5,0.5,0.5,0.5,0.5,0,0,0,0.5,0,0,4,119.7872802,31.39643094,151.0650379,4,4,3,3,0.8571428571,0,0,0,1,1,1,1,0.1280452235,1,0.1280452235,0.1280452235,0.8944444444,0.9,1.168288471,1.000179246,0.168109225,0.8618351659,0.9966308145,0.1347956486,0.04447269006,0.03557815205,0.8,112.4285487,2,0,2,0.5
16b51f46-aea0-4d34-8588-1f42b83403c0,us_montana_helena_217914,no_match,brad,2026-01-24T16:39:06.494781+00:00,cc2c9bde,review,0.4865612686,0.9734967347,1,0,0.07826634866,True,1769266887741056251_6600581,1769267886023900907_2466247,2026-01-25,7.376403402,4.247069279,7.362884188,0.3384562845,0.6130333948,4.062239729,0.9999999999,7.325977218,0.9660657878,0.5,0.5,0.5,0.5,0.5,1,0,0,0.5,0,inf,3,3.998472231,3.120509011,6.987125853,4,4,4,4,1,1,0,0,1,1,1,1,0.02650326529,0.07826634866,0.02650326529,0.3386291265,1,1,1,1,0,1,1,0,0.2496411253,0.2496411254,0.9999999999,8.011500498,0,0,0,0.5
18207046-65d1-4cbb-9635-ef98e836d0c7,us_montana_helena_221703,no_match,brad,2026-01-24T16:39:09.457424+00:00,cc2c9bde,review,0.4863477647,0,1,0.3178416805,0.6164768897,True,1769266887741056251_6600581,1769267886023900907_2466247,2026-01-25,133.6474193,115.0820766,132.9159065,0,0,2.025687382,1,134.2121352,0,0.5,0.5,0.5,0.5,0.5,1,0,0,0.5,0,0,5,115.3796683,15.17170739,131.2247965,3,4,3,3,0.9230769231,0.3333333333,0,0,1,1,1,1,1,0.2986352092,0.2986352092,0.2986352092,0.7494444444,0.95,1.002094868,1.009025584,0.006930715472,0.9809264763,0.9778864827,0.003039993514,0.04990191702,0.06237739628,0.8,80.15724122,0,1,1,0.5
a0cb9330-82b8-4cb7-b54c-0c233c6d44cd,us_montana_helena_223920,no_match,brad,2026-01-24T16:39:13.758838+00:00,cc2c9bde,review,0.486082226,0.953039292,1,0,0.03423053238,True,1769266887741056251_6600581,1769267886023900907_2466247,2026-01-25,172.5116584,101.0298969,172.5088477,0,0.0001401747541,0.9287454739,1,172.4983978,0,0.5,0.5,0.5,0.5,0.5,1,0,0,0.5,0,inf,2,101.0297798,71.48108214,165.3631829,4,4,3,3,0.8571428571,0,0,0,1,1,1,1,0.04696070801,0.03423053238,0.03423053238,0.7289185753,0.9766666667,0.9,1,1,0,1,1,2.615463401e-12,0.01398866735,0.01398866736,1,142.9728758,0,0,0,0.5
3d8ec64d-a560-4097-b73c-ecdd56956923,us_montana_helena_218329,no_match,brad,2026-01-24T16:39:15.224141+00:00,cc2c9bde,review,0.4860566556,0.9747981245,1,0.9076510768,1,True,1769266887741056251_6600581,1769267886023900907_2466247,2026-01-25,9.263871024,5.023036095,9.235328348,0.3435598785,0.6308502754,89.36354961,1,5.832171028,1,0.5,0.5,0.5,0.5,0.5,1,0,0,0.5,0,0,4,4.762302373,4.240834929,8.761567414,3,3,3,3,1,1,0,0,1,1,1,1,0.0252018755,0.09234892318,0.0252018755,0.2728984229,0.8266666667,1,1,1,0,1,1,0,0.1990704996,0.1990704996,1,10.04669202,0,0,0,0.5
a055e7be-74d7-4be8-b400-ddac85d652fe,us_montana_helena_164150,no_match,brad,2026-01-24T16:39:16.645602+00:00,cc2c9bde,review,0.4859405458,0,0.04087008345,0,0.03840200312,True,1769266887741056251_6600581,1769267886023900907_2466247,2026-01-25,2.830441863,2.343207912,2.816392896,0.6319648644,0.8461037259,50.63295607,1,0.4993511518,1,0.5,0.5,0.5,0.5,0.5,1,0,0,0.6,0,inf,2,1.693329997,1.171603956,2.658067245,3,3,3,3,1,1,0,0,1,1,1,1,0.04087008345,0.03840200312,0.03840200312,0.9396115661,1,1,1,1,0,1,1,0,0.3299316862,0.3299316862,1,6.061860935,0,0,0,0.5
f6858db1-c93b-4607-aa06-4e4bd86b0e1d,us_montana_helena_164390,match,brad,2026-01-24T16:39:22.241714+00:00,cc2c9bde,review,0.4859197736,0.08565629329,1,0,0.5274431997,True,1769266887741056251_6600581,1769267886023900907_2466247,2026-01-25,3.707493836,2.399278788,3.49405571,0.5555932085,0.8306861043,1.508900203,1,2.913609457,1,0.5,0.5,0.5,0.5,0.5,1,0,0,0.6,0,0,4,2.855811028,0.6687763425,3.618589394,3,4,3,3,0.9230769231,0.3333333333,0,0,1,1,1,1,0.9143437067,0.5274431997,0.5274431997,0.5768544103,0.9661111111,0.95,1.001798295,1.000016442,0.001781852469,0.9842900548,0.9989395049,0.0146494501,0.04854123443,0.02427061722,0.5,123.6062509,0,0,0,0.5
dc0ebece-6d67-4906-895f-d6affe470096,us_montana_helena_221657,no_match,brad,2026-01-24T16:39:23.894031+00:00,cc2c9bde,review,0.4858350754,0.9755844304,1,0,0.1927579508,True,1769266887741056251_6600581,1769267886023900907_2466247,2026-01-25,179.4566684,177.2517494,178.6754067,0,0,2.976350331,1,179.1420191,1,0.5,0.5,0.5,0.5,0.5,1,0,0,0.5,0,inf,2,177.5685612,0.8060682662,179.0816373,4,3,3,3,0.9230769231,0.3333333333,0,0,1,1,1,1,0.02441556962,0.1927579508,0.02441556962,0.1266643971,0.7277777778,0.95,1.002229883,1.000872421,0.001357462245,0.9680588266,0.9940581617,0.0259993351,0.1190543927,0.05952719634,0.5,50.39713248,0,1,1,0.5
67b579b1-4055-4224-a7ef-f59029ae522f,us_montana_helena_217520,no_match,brad,2026-01-24T16:39:25.186560+00:00,cc2c9bde,review,0.4852032959,0.9735966348,1,0,0.079150725,True,1769266887741056251_6600581,1769267886023900907_2466247,2026-01-25,7.125377927,3.78400794,7.056391338,0.4102167878,0.6965321583,89.65347732,1,4.425464618,1,0.5,0.5,0.5,0.5,0.5,1,0,0,0.5,0,0,5,3.636461956,3.341369987,6.746977133,4,4,4,4,1,1,0,0,1,1,1,1,0.02640336521,0.079150725,0.02640336521,0.3335833653,0.9966666667,1,1,1,0,1,1,0,0.2642652253,0.2642652254,1,7.568154294,0,0,0,0.5
020801b4-561b-4397-8bc2-7e733506855c,us_montana_helena_218070,no_match,brad,2026-01-24T16:39:28.657602+00:00,cc2c9bde,review,0.4849389493,0.7062752534,1,0,0.4872393955,True,1769266887741056251_6600581,1769267886023900907_2466247,2026-01-25,141.7560062,112.3318704,141.6251779,0,0,0.913158041,1,141.1189709,0,0.5,0.5,0.5,0.5,0.5,0,0,0,0.5,0,inf,2,117.2520313,24.45663107,139.2954265,1,1,3,3,0.5,0,1,0,0,0,1,0,0.2937247466,0.4872393955,0.2937247466,0.6028345599,0.79,0.8,1.012966272,1,0.01296627224,0.9873042886,1,0.01269571139,0.06009171737,0.04006114491,0.6666666667,49.92368552,1,0,1,0.5
9f24915e-0d74-4827-96fe-37abc52c861b,us_montana_helena_221491,match,brad,2026-01-24T16:39:30.231691+00:00,cc2c9bde,review,0.4848763347,0.3169611875,0.940795612,0,1,True,1769266887741056251_6600581,1769267886023900907_2466247,2026-01-25,2.314070509,2.047009188,2.314067661,0.6575019759,0.8696778947,0.1679237144,1,2.053548496,1,0.5,0.5,0.5,0.5,0.5,1,0,0,0.5,0,0,3,2.051432007,0.3668905769,2.298798937,3,4,3,2,0.8333333333,0.3333333333,0,0,1,1,1,1,0.6238344245,1,0.6238344245,0.6238344245,0.975,0.9,1.00000135,1,1.349683973e-06,0.9999044703,1,9.552965071e-05,0.01619240491,0.008096202454,0.5,247.0293958,0,0,0,0.5
e9030f4e-1376-44d7-9e30-2949fac05723,us_montana_helena_219924,no_match,brad,2026-01-24T16:39:31.665052+00:00,cc2c9bde,review,0.4847949743,0.7058100774,1,0.09006881902,1,True,1769266887741056251_6600581,1769267886023900907_2466247,2026-01-25,150.9195307,67.44683714,149.6961539,0,0.01255845838,1.295783708,1,148.3516977,0,0.5,0.5,0.5,0.5,0.5,0,0,0,0.5,0,0,6,85.97707971,64.88869867,144.3997302,4,2,4,4,0.8571428571,0.3333333333,0,0,1,1,1,1,0.2941899226,0.909931181,0.2941899226,0.3233100796,0.9427777778,0.9,1.020486967,1,0.02048696721,0.9709544507,1,0.0290455493,0.06123307308,0.01530826827,0.25,130.6483506,4,0,4,0.5
6380cc06-d83a-4ee6-9749-52e8fbc49d37,us_montana_helena_223511,no_match,brad,2026-01-24T16:39:33.517996+00:00,cc2c9bde,review,0.4847566485,0,1,0.305790574,0.635797376,True,1769266887741056251_6600581,1769267886023900907_2466247,2026-01-25,588.5150083,450.7535629,578.7633838,0,0,2.286558021,1,587.1701319,0,0.5,0.5,0.5,0.5,0.5,1,0,0,0.5,0,0,4,471.3297784,97.46895255,573.3686948,3,3,3,3,1,1,0,0,1,1,1,1,1,0.330006802,0.330006802,0.330006802,0.9983333333,1,1.000455073,1.015343255,0.01488818172,0.9918505976,0.9837303918,0.008120205779,0.04262170208,0.01183936169,0.2777777778,422.3200652,0,1,1,0.5
20b37e92-fca2-47b9-acca-7e373ba552f8,us_montana_helena_216824,no_match,brad,2026-01-24T16:39:35.930064+00:00,cc2c9bde,review,0.4846757054,0,0.02489875123,0.9033389281,1,True,1769266887741056251_6600581,1769267886023900907_2466247,2026-01-25,5.492298482,3.348847359,5.484516411,0.4247395641,0.6866052981,1.801555642,1,5.465206968,1,0.5,0.5,0.5,0.5,0.5,1,0,0,0.5,0,0,4,2.912915458,2.088829985,5.099933241,3,3,3,3,1,1,0,0,1,1,1,1,0.02489875123,0.09666107186,0.02489875123,0.2575881971,1,1,1,1,0,1,1,0,0.2730646952,0.2730646952,1,7.324271628,0,0,0,0.5
fb78f47d-d746-4110-81f9-476b1f8685cc,us_montana_helena_165536,match,brad,2026-01-24T16:39:37.655352+00:00,cc2c9bde,review,0.484605372,0,1,0.004022513745,0.1903105417,True,1769266887741056251_6600581,1769267886023900907_2466247,2026-01-25,8.68103492,4.167089564,8.083284315,0.4865203316,0.779092776,2.026577238,1,3.371225203,1,0.5,0.5,0.5,0.5,0.5,1,0,0,0.6,0,inf,2,3.418001903,1.11635467,4.668869584,3,3,3,3,1,1,0,0,1,1,1,1,1,0.1862880279,0.1862880279,0.1862880279,0.9966666667,1,1.00050373,1.007827932,0.007324202306,0.9975645528,0.9812333851,0.01633116777,0.0156709218,0.03656548419,0.4285714286,191.4373665,0,1,1,0.5
f86fb5b7-24b6-44dc-a114-0a97c2356da8,us_montana_helena_219986,no_match,brad,2026-01-24T16:39:38.898453+00:00,cc2c9bde,review,0.4844976664,0,0.3086507042,0.207244543,1,True,1769266887741056251_6600581,1769267886023900907_2466247,2026-01-25,161.2334606,104.9038425,160.7489626,0,0,1.555650201,1,159.6795204,0,0.5,0.5,0.5,0.5,0.5,0,0,0,0.5,0,inf,1,108.3872123,51.89827745,155.7352941,2,4,3,4,0.9230769231,0.3333333333,0,0,1,1,1,1,0.3086507042,0.792755457,0.3086507042,0.3893391101,0.975,0.95,1.020490469,1,0.0204904691,0.9795594049,1,0.02044059507,0.05243425836,0.01747808612,0.3333333333,114.4290048,1,0,1,0.5
1b02a195-d0fb-4f94-b835-702dbddcad6b,us_montana_helena_216810,no_match,brad,2026-01-24T16:39:40.171782+00:00,cc2c9bde,review,0.4844536781,0.2289558372,0.5210143068,0,1,True,1769266887741056251_6600581,1769267886023900907_2466247,2026-01-25,149.0499058,135.2158725,148.4757428,0,0,3.107400493,1,148.9283994,0,0.5,0.5,0.5,0.5,0.5,1,0,0,0.5,0,inf,3,132.7880735,10.59707085,144.2908128,4,3,1,4,0.8333333333,0.3333333333,0,1,0,1,1,1,0.2920584696,1,0.2920584696,0.2920584696,0.8794444444,0.9,1.015224843,1,0.01522484286,0.9560381415,1,0.04396185847,0.03957933201,0.02638622134,0.6666666667,75.79713571,1,0,1,0.5
7cbfde21-0845-4a35-acb6-126cda105b30,us_montana_helena_165162,match,brad,2026-01-24T16:39:41.516073+00:00,cc2c9bde,review,0.4844338596,0,1,0.005307026652,0.9643599016,True,1769266887741056251_6600581,1769267886023900907_2466247,2026-01-25,9.616417102,5.048556027,9.012379007,0.3178441445,0.7028929997,0.9199326281,1,4.87907529,1,0.5,0.5,0.5,0.5,0.5,1,0,0,1,0,0,4,5.167754375,3.537348522,8.412184252,3,3,3,3,1,1,0,0,1,1,1,1,1,0.9590528749,0.9590528749,0.9590528749,0.915,1,1.043964538,1.032772611,0.01119192699,0.9849987889,0.9891164643,0.004117675473,0.0175384026,0.0175384026,1,570.1773547,2,2,0,0.5
a0042877-01ed-4d5c-b434-30a0144c9809,us_montana_helena_165167,no_match,brad,2026-01-24T16:39:42.947805+00:00,cc2c9bde,review,0.4844265878,0.9305206327,0.9305206327,0.03746991704,0.03746991704,True,1769266887741056251_6600581,1769267886023900907_2466247,2026-01-25,10000,10000,10000,0,0,180,0,10000,1,0,0,0,0.5,0.5,0,0,0,0,10000,10000,0,10000,10000,10000,0,0,0,0,0.5,0.5,0.5,0.5,0.5,0.5,0.5,0.5,0,0,0,0,0.5,0.5,1,1,0,1,1,0,0,0,0,0,0,0,0,0
566b7e28-824d-41ba-b350-40587723ae94,us_montana_helena_223457,match,brad,2026-01-24T16:39:44.403537+00:00,cc2c9bde,review,0.4844207764,0,0.9997886652,0.3953886647,1,True,1769266887741056251_6600581,1769267886023900907_2466247,2026-01-25,4.290772599,2.287380751,3.725632146,0.6472794064,0.8658718592,0.3606478118,1,1.297403644,1,0.5,0.5,0.5,0.5,0.5,0,0,0,0.5,0,0,4,2.134380064,2.008923358,4.040623094,3,3,3,3,1,1,0,0,1,1,1,1,0.9997886652,0.6046113353,0.6046113353,0.6047391377,1,1,1.000054381,1,5.438145239e-05,0.9996376023,1,0.000362397692,0.007035258304,0.002814103321,0.4,710.7059591,0,0,0,0.5
bb9114ff-2134-4e01-98d5-f2a0dd6717c5,us_montana_helena_223005,no_match,brad,2026-01-24T16:39:46.022972+00:00,cc2c9bde,review,0.4843929112,0.9787679047,1,0,0.2932916315,True,1769266887741056251_6600581,1769267886023900907_2466247,2026-01-25,186.3411604,113.1586317,186.3032773,0.01665480946,0.05672358702,5.720152002,1,186.1172732,0,0.5,0.5,0.5,0.5,0.5,0,0,0,0.5,0,inf,2,93.48325573,92.95857197,177.0877692,3,3,1,1,0.5,0,0,1,0,1,0,0,0.0212320953,0.2932916315,0.0212320953,0.07239243478,0.95,0.8,1,1.000492858,0.0004928584431,1,0.994126923,0.005873077006,0.01075184627,0.02687961567,0.4,186.0145644,0,0,0,0.5
fde5e704-5410-44cb-95ca-19e9be8e2049,us_montana_helena_221034,no_match,brad,2026-01-24T16:39:48.768112+00:00,cc2c9bde,review,0.4842714369,0,0.2033567427,0,0.3257786808,True,1769266887741056251_6600581,1769267886023900907_2466247,2026-01-25,286.4202138,284.1574036,286.3009725,0,0,3.184401506,1,287.466459,1,0.5,0.5,0.5,0.5,0.5,1,0,0,0.5,0,0,4,282.7068742,1.669891415,285.1986085,3,3,3,3,1,1,0,0,1,1,1,1,0.2033567427,0.3257786808,0.2033567427,0.6242174664,0.9166666667,1,1.023575788,1,0.02357578846,0.9162858145,1,0.0837141855,0.09154045462,0.03051348487,0.3333333333,65.54479137,0,0,0,0.5
330e0a02-d7ab-43ad-b377-9709b0462614,us_montana_helena_220334,no_match,brad,2026-01-24T16:39:50.122053+00:00,cc2c9bde,review,0.4842086136,0.7209628544,1,0,0.3195034699,True,1769266887741056251_6600581,1769267886023900907_2466247,2026-01-25,175.2824919,153.098831,175.2230297,0,0,1.189201623,1,175.0836512,0,0.5,0.5,0.5,0.5,0.5,0,0,0,0.5,0,inf,2,152.7567544,21.93118202,172.6319077,1,1,1,1,1,1,1,1,1,0,0,1,0.2790371456,0.3195034699,0.2790371456,0.8733462132,0.9933333333,1,1,1,0,1,1,2.930333753e-11,0.04062772726,0.04062772726,1,49.22746447,0,0,0,0.5
6b1708c2-5c7a-4757-bd9f-c34154050938,us_montana_helena_221423,no_match,brad,2026-01-24T16:39:55.933246+00:00,cc2c9bde,review,0.4840660989,0.9490298597,1,0.967625757,1,True,1769266887741056251_6600581,1769267886023900907_2466247,2026-01-25,7.636131142,3.832392692,7.433162021,0.3833905118,0.6726414069,83.51958543,1,4.870574921,1,0.5,0.5,0.5,0.5,0.5,1,0,0,0.5,0,0,4,3.887369882,3.74876126,7.261255016,3,3,3,3,1,1,0,0,1,1,1,1,0.05097014027,0.03237424295,0.03237424295,0.6351609547,1,1,1,1,0,1,1,0,0.2650503527,0.2650503527,1,7.545736046,0,0,0,0.5
e99acdd3-12d9-4085-aa96-bfc024443f7a,us_montana_helena_220295,no_match,brad,2026-01-24T16:39:57.203535+00:00,cc2c9bde,review,0.4840286672,0,0.03106779085,0.9454160589,1,True,1769266887741056251_6600581,1769267886023900907_2466247,2026-01-25,7.094394467,4.089840416,7.093368139,0.3611710331,0.6266102857,0.3043334344,1,7.090939191,1,0.5,0.5,0.5,0.5,0.5,1,0,0,0.5,0,0,5,3.732919945,3.004680124,6.686888135,4,4,4,4,1,1,0,0,1,1,1,1,0.03106779085,0.05458394111,0.03106779085,0.5691745634,0.8333333333,1,1,1,0,1,1,0,0.2383793226,0.2383793226,1,8.389989442,0,0,0,0.5
796ccbb3-5df2-4d98-b331-036ac4ed8434,us_montana_helena_165092,no_match,brad,2026-01-24T16:39:58.546525+00:00,cc2c9bde,review,0.4838445187,0,0.09677419355,0.7844890474,0.8319540023,True,1769266887741056251_6600581,1769267886023900907_2466247,2026-01-25,24.55807932,16.1144648,23.90915084,0.02071475329,0.2869336291,40.16729,1,16.17784316,1,0.5,0.5,0.5,0.5,0.5,0,0,0,0.8,0,0,4,14.03168228,8.43484605,21.11433788,3,3,3,3,1,1,0,0,1,1,1,1,0.09677419355,0.04746495493,0.04746495493,0.4904712009,1,1,1.000001711,1.000000511,1.199914488e-06,0.9989012038,0.9987331309,0.0001680728212,0.1141099293,0.1141099293,1,26.29043782,0,0,0,0.5
587ee3d1-2673-4f60-b166-66394494eb07,us_montana_helena_223128,no_match,brad,2026-01-24T16:40:01.066227+00:00,cc2c9bde,review,0.483761698,0.3760908443,0.6423941734,0,1,True,1769266887741056251_6600581,1769267886023900907_2466247,2026-01-25,323.3489401,157.5553807,257.4896796,0.006674046769,0.018850943,27.98869426,1,190.5021106,1,0.5,0.5,0.5,0.5,0.5,1,0,0,0.5,0,0,4,171.9872824,64.05181924,230.4500119,3,4,3,3,0.9230769231,0.3333333333,0,0,1,1,1,1,0.2663033291,1,0.2663033291,0.2663033291,0.985,0.95,1.082453015,1.070757171,0.01169584468,0.9659250889,0.9846784737,0.01875338487,0.04279252073,0.03312969347,0.7741935484,724.4256582,8,1,7,0.5
b5c434c2-ac21-4ddb-9e3c-893487212208,us_montana_helena_218423,no_match,brad,2026-01-24T16:40:02.331625+00:00,cc2c9bde,review,0.4837540686,0.0525896612,0.238844253,0,1,True,1769266887741056251_6600581,1769267886023900907_2466247,2026-01-25,172.0590889,147.8023873,171.9854587,0,0,4.622204676,1,173.0438579,0,0.5,0.5,0.5,0.5,0.5,0,0,0,0.5,0,0,5,143.6163656,24.03671697,168.3593249,1,4,3,4,0.8333333333,0.3333333333,1,0,0,1,1,1,0.1862545918,1,0.1862545918,0.1862545918,0.9444444444,0.9,1.119109796,1,0.1191097953,0.8766282267,0.9999953358,0.1233671091,0.04548760113,0.02729256068,0.6,109.9200634,2,0,2,0.5
f505ead4-5332-45ff-bde0-52b62dd44d97,us_montana_helena_217341,no_match,brad,2026-01-24T16:40:04.230097+00:00,cc2c9bde,review,0.4835578501,0.4941657736,0.7444590072,0,1,True,1769266887741056251_6600581,1769267886023900907_2466247,2026-01-25,138.8697499,122.6576056,138.806097,0,0,13.2152424,1,142.4432274,0,0.5,0.5,0.5,0.5,0.5,0,0,0,0.5,0,inf,2,110.0038382,16.949485,129.2940399,1,1,3,1,0.6666666667,0.3333333333,1,1,1,0,1,0,0.2502932335,1,0.2502932335,0.2502932335,0.8555555556,0.9,1.151592721,1.002522256,0.1490704647,0.834066518,0.9774366702,0.1433701523,0.1346553135,0.0448851045,0.3333333333,89.11642391,6,1,5,0.5
cd41cb0f-60d1-4c54-a833-3c454d40a6b1,us_montana_helena_218085,no_match,brad,2026-01-24T16:40:06.466851+00:00,cc2c9bde,review,0.4829749167,0.975241989,1,0,0.09884239374,True,1769266887741056251_6600581,1769267886023900907_2466247,2026-01-25,9.278839075,5.145008541,9.19888966,0.3477091909,0.6359002316,89.54467945,1,5.460757075,1,0.5,0.5,0.5,0.5,0.5,1,0,0,0.5,0,0,6,4.807949205,4.133830534,8.764338221,3,3,4,4,0.8571428571,0,0,0,1,1,1,1,0.02475801101,0.09884239374,0.02475801101,0.2504796785,0.7377777778,0.9,1,1,0,1,1,0,0.1943569998,0.1943569998,1,10.29034201,0,0,0,0.5
c07cd28f-c668-4f2e-9150-4d2e0a369258,us_montana_helena_218196,no_match,brad,2026-01-24T16:40:07.838773+00:00,cc2c9bde,review,0.4829332232,0.0340148975,0.3173105454,0,1,True,1769266887741056251_6600581,1769267886023900907_2466247,2026-01-25,131.635903,86.19258164,125.4285002,0,0,9.384030453,1,120.3677065,0,0.5,0.5,0.5,0.5,0.5,0,0,0,0.5,0,0,4,84.11978949,44.40042005,126.3715245,3,4,3,3,0.9230769231,0.3333333333,0,0,1,1,1,1,0.2832956479,1,0.2832956479,0.2832956479,0.9033333333,0.95,1.300612958,1.042816482,0.2577964762,0.8757929687,0.9364429182,0.06064994946,0.03725621591,0.05588432386,0.6666666667,107.3646344,2,3,1,0.5
3db51261-cd2a-4c42-94b0-290356f43fcb,us_montana_helena_222582,no_match,brad,2026-01-24T16:40:10.183629+00:00,cc2c9bde,review,0.4828798473,0.6931108195,0.7372305713,0,0.2903225806,True,1769266887741056251_6600581,1769267886023900907_2466247,2026-01-25,30.17214111,20.87213,29.65436673,0,0.2191048272,1.514687537,1,17.84358515,1,0.5,0.5,0.5,0.5,0.5,0,0,0,0.5,0,0,4,17.44196246,2.508454817,23.22506377,3,3,3,3,1,1,0,0,1,1,1,1,0.04411975179,0.2903225806,0.04411975179,0.151968034,0.905,1,1.073091215,1,0.07309121546,0.9031613297,1,0.09683867027,0.1189079626,0.01585439501,0.1333333333,126.147986,6,0,6,0.5
3306c73c-83b8-458c-8d85-933463b67f87,us_montana_helena_218435,no_match,brad,2026-01-24T16:40:12.185898+00:00,cc2c9bde,review,0.4828515053,0.9725265032,1,0,0.07087489968,True,1769266887741056251_6600581,1769267886023900907_2466247,2026-01-25,7.465175938,3.907159491,7.271174778,0.4061142341,0.6941949716,89.60957717,1,4.230706742,1,0.5,0.5,0.5,0.5,0.5,1,0,0,0.5,0,0,4,3.359664787,2.26467538,5.781118921,3,3,3,3,1,1,0,0,1,1,1,1,0.0274734968,0.07087489968,0.0274734968,0.3876336605,0.9866666667,1,1,1,0,1,1,0,0.2559344675,0.2559344675,1,7.814500405,0,0,0,0.5
e05655c7-f6e3-44b4-a19a-4a18cdad8eec,us_montana_helena_220010,no_match,brad,2026-01-24T16:40:14.441735+00:00,cc2c9bde,review,0.4828372598,0.5658789982,0.7952233345,0,1,True,1769266887741056251_6600581,1769267886023900907_2466247,2026-01-25,153.5976247,68.57369139,152.6148618,0,0.03644682418,3.026185402,1,148.8377518,0,0.5,0.5,0.5,0.5,0.5,0,0,0,0.5,0,0,6,81.93726942,71.66665338,146.3959173,4,3,4,4,0.9333333333,0.3333333333,0,0,1,1,1,1,0.2293443363,1,0.2293443363,0.2293443363,0.9594444444,0.95,1.033734507,1,0.03373450694,0.9656198773,1,0.03438012267,0.02079652845,0.0138643523,0.6666666667,144.2548456,1,0,1,0.5
2261018d-7194-499e-9291-839c4994fb62,us_montana_helena_223358,no_match,brad,2026-01-24T16:40:17.967717+00:00,cc2c9bde,review,0.4824030399,0,0,0.5828523514,0.5828523514,True,1769266887741056251_6600581,1769267886023900907_2466247,2026-01-25,10000,10000,10000,0,0,180,0,10000,1,0,0,0,0.5,0.5,0,0,0,0,10000,10000,0,10000,10000,10000,0,0,0,0,0.5,0.5,0.5,0.5,0.5,0.5,0.5,0.5,0,0,0,0,0.5,0.5,1,1,0,1,1,0,0,0,0,0,0,0,0,0
08b5583b-cbf0-4036-8768-9d258908eaf1,us_montana_helena_216324,match,brad,2026-01-24T16:40:21.522266+00:00,cc2c9bde,review,0.4823636711,0.9307118806,1,0.9330676799,1,True,1769266887741056251_6600581,1769267886023900907_2466247,2026-01-25,0.5002520318,0.4754109248,0.5002511241,0.8935308368,0.9615912349,0.7283427985,1,0.4754160896,1,0.5,0.5,0.5,0.5,0.5,1,0,0,0.5,0,0,3,0.4754113826,0.02483959438,0.4977677558,3,3,3,3,1,1,0,0,1,1,1,1,0.0692881194,0.06693232006,0.06693232006,0.9659999527,0.9966666667,1,1,1,0,1,1,0,0.5116838253,0.5116838253,1,3.908663712,0,0,0,0.5
2554bc2d-e099-48fe-a32c-1f553379fca6,us_montana_helena_223869,no_match,brad,2026-01-24T16:40:23.512835+00:00,cc2c9bde,review,0.4821853936,0.8709677419,1,0.9028515388,0.9999947519,True,1769266887741056251_6600581,1769267886023900907_2466247,2026-01-25,202.8015943,77.92299963,187.7217648,0.009675873055,0.03532103886,39.67075579,1,99.43032269,1,0.5,0.5,0.5,0.5,0.5,1,0,0,0.5,0,inf,2,92.36140782,75.16044806,178.3589927,2,3,3,3,0.9090909091,0.3333333333,0,0,1,1,1,1,0.1290322581,0.09714321311,0.09714321311,0.7528599016,0.7511111111,0.95,1.054878257,1.004619928,0.05025832915,0.9475667169,0.9877643401,0.04019762321,0.07911213056,0.02344063128,0.2962962963,341.2877369,6,0,6,0.5
3106c8d8-b401-4a97-ad9a-9cdb2c6bbfd4,us_montana_helena_215875,no_match,brad,2026-01-24T16:40:30.671253+00:00,cc2c9bde,review,0.4821647108,0.9584869441,1,0.7852592182,1,True,1769266887741056251_6600581,1769267886023900907_2466247,2026-01-25,4.963606129,3.323994497,4.961220745,0.531585609,0.7858954568,44.52626812,1,1.763217308,1,0.5,0.5,0.5,0.5,0.5,1,0,0,0.5,0,0,4,2.757232688,1.661997249,4.622961753,3,3,3,3,1,1,0,0,1,1,1,1,0.04151305594,0.2147407818,0.04151305594,0.1933170569,0.9933333333,1,1,1,0,1,1,0,0.2109618989,0.2109618989,1,9.480384897,0,0,0,0.5
b6de86e3-cbf6-4a51-9620-033a036194f0,us_montana_helena_216589,match,brad,2026-01-24T16:40:36.048052+00:00,cc2c9bde,review,0.4820727706,0,0.7892184096,0.374473753,1,True,1769266887741056251_6600581,1769267886023900907_2466247,2026-01-25,4.563047821,2.350608273,4.521174853,0.6332737656,0.8449154167,5.378896169,1,2.066310542,1,0.5,0.5,0.5,0.5,0.5,1,0,0,0.5,0,0,5,2.132501279,1.268709075,4.030408126,3,3,4,3,0.9230769231,0.3333333333,0,0,1,1,1,1,0.7892184096,0.625526247,0.625526247,0.7925895283,0.9594444444,0.95,1.004904662,1.002284844,0.00261981841,0.9322489549,0.9531868272,0.02093787231,0.1449913723,0.09666091487,0.6666666667,41.38177262,0,0,0,0.5
d9c6e782-dd42-4ae8-9dab-b1f6dcfd323f,us_montana_helena_219161,no_match,brad,2026-01-24T16:40:37.648361+00:00,cc2c9bde,review,0.4819835126,0.3628830738,0.7653210467,0,1,True,1769266887741056251_6600581,1769267886023900907_2466247,2026-01-25,138.3388288,62.41891312,137.7024007,0,0.04109778746,1.813526136,1,135.2270401,0,0.5,0.5,0.5,0.5,0.5,0,0,0,0.5,0,0,6,73.87217958,64.47251221,131.8439822,3,3,4,4,0.8571428571,0,0,0,1,1,1,1,0.4024379729,1,0.4024379729,0.4024379729,0.8016666667,0.9,1.024264957,1,0.02426495676,0.9777340096,1,0.02226599038,0.02304223058,0.01536148705,0.6666666667,130.1957287,1,0,1,0.5
41babb06-9727-4af6-bd1d-3cf1ee08424b,us_montana_helena_216905,match,brad,2026-01-24T16:40:41.662653+00:00,cc2c9bde,review,0.4819102585,0.3205447203,0.5904406282,0,1,True,1769266887741056251_6600581,1769267886023900907_2466247,2026-01-25,2.959204631,2.580680014,2.959045504,0.5873488694,0.8358135553,0.7377275736,1,2.55030772,1,0.5,0.5,0.5,0.5,0.5,1,0,0,0.5,0,0,3,2.544249839,0.6075644968,2.931161305,3,3,3,2,0.9090909091,0.3333333333,0,0,1,1,1,1,0.2698959079,1,0.2698959079,0.2698959079,0.8983333333,0.95,1.000018827,1.000005385,1.344224062e-05,0.9991439443,0.998906848,0.0002370963344,0.0511218681,0.05112186811,1,78.24440202,0,0,0,0.5
b8ecfe6d-c068-4e1a-b480-da420b849691,us_montana_helena_222157,no_match,brad,2026-01-24T16:40:43.064047+00:00,cc2c9bde,review,0.4818161428,0,0.07376854441,0.9729379896,1,True,1769266887741056251_6600581,1769267886023900907_2466247,2026-01-25,7.227446872,4.227689122,7.064818231,0.366340247,0.6397662061,25.48407395,1,6.403088813,1,0.5,0.5,0.5,0.5,0.5,0,0,0,0.5,0,inf,2,3.901292667,3.025463156,6.834693242,3,3,1,1,0.5,0,0,1,0,1,0,0,0.07376854441,0.02706201035,0.02706201035,0.3668502689,0.8,0.8,1,1,0,1,1,0,0.2208866963,0.2208866963,1,9.054415831,0,0,0,0.5
5958a4f3-740b-4f1e-bb7c-2c40cc407cff,us_montana_helena_221223,no_match,brad,2026-01-24T16:40:44.410133+00:00,cc2c9bde,review,0.4817596972,0.5192940737,0.762907152,0,1,True,1769266887741056251_6600581,1769267886023900907_2466247,2026-01-25,314.6442508,246.5616825,307.0859029,0,0,7.897812173,1,312.4742485,0,0.5,0.5,0.5,0.5,0.5,0,0,0,0.5,0,0,5,242.0464604,47.46947492,291.9471909,3,4,4,3,1,1,0,0,1,1,1,1,0.2436130783,1,0.2436130783,0.2436130783,0.77,1,1.031637462,1,0.03163746234,0.9715777023,1,0.02842229762,0.0417721443,0.009282698734,0.2222222222,215.4545846,4,0,4,0.5
a0fe7b9c-e623-4537-a41b-3baf1c692850,us_montana_helena_218542,no_match,brad,2026-01-24T16:40:45.747784+00:00,cc2c9bde,review,0.4817472994,0.4008129057,0.5283063211,0,1,True,1769266887741056251_6600581,1769267886023900907_2466247,2026-01-25,153.2424765,122.962598,152.8597638,0,0,9.34707203,1,152.3143982,0,0.5,0.5,0.5,0.5,0.5,0,0,0,0.5,0,0,5,119.2677355,29.45564862,148.9711051,4,4,4,3,0.9333333333,0.3333333333,0,0,1,1,1,1,0.1274934154,1,0.1274934154,0.1274934154,0.8927777778,0.95,1.161091515,1,0.1610915152,0.8875169501,0.9999972741,0.112480324,0.03573213893,0.0267991042,0.75,111.9440403,1,0,1,0.5
ccdd3e42-911b-478a-a43a-6b5313b37d12,us_montana_helena_164211,match,brad,2026-01-24T16:40:47.393621+00:00,cc2c9bde,review,0.4817421138,0.0104770508,0.994216984,0,1,True,1769266887741056251_6600581,1769267886023900907_2466247,2026-01-25,1.889942132,0.9308233014,1.889941711,0.8285532731,0.9379626218,0.6283292922,1,0.9246764335,1,0.5,0.5,0.5,0.5,0.5,1,0,0,0,0,0,6,0.9265296407,0.9614371949,1.792717599,5,4,4,4,0.9411764706,0.3333333333,0,0,1,1,1,1,0.9837399332,1,0.9837399332,0.9837399332,0.9027777778,0.95,1.000000007,1,7.208887265e-09,0.9999850679,0.9999995179,1.445002454e-05,0.02284732415,0.02284732415,1,175.0752067,0,0,0,0.5
9f4bc7cf-ad14-4ce8-8ff4-d5e76c4b4a57,us_montana_helena_220157,no_match,brad,2026-01-24T16:40:48.704963+00:00,cc2c9bde,review,0.4816846848,0.7791962025,1,0.2669077767,1,True,1769266887741056251_6600581,1769267886023900907_2466247,2026-01-25,154.2607781,82.92873948,153.7128496,0,0,2.951589906,1,152.5153074,0,0.5,0.5,0.5,0.5,0.5,0,0,0,0.5,0,0,5,101.2776145,52.94718374,148.9535998,4,4,3,4,0.9333333333,0.3333333333,0,0,1,1,1,1,0.2208037975,0.7330922233,0.2208037975,0.3011951163,0.9016666667,0.95,1.013999682,1,0.01399968248,0.9795467836,1,0.02045321635,0.04702768828,0.01881107531,0.4,106.3203441,2,0,2,0.5
78bea12f-d34d-45dc-b476-bbef8f6f1482,us_montana_helena_221528,no_match,brad,2026-01-24T16:40:50.328028+00:00,cc2c9bde,review,0.4816197455,0,0.05491488812,0,0.03096158779,True,1769266887741056251_6600581,1769267886023900907_2466247,2026-01-25,8.482599027,4.279042755,7.903005296,0.3579734768,0.6628675192,84.00093173,1,4.56953283,1,0.5,0.5,0.5,0.5,0.5,1,0,0,0.5,0,0,4,4.564161986,3.91843704,8.090755322,3,3,3,3,1,1,0,0,1,1,1,1,0.05491488812,0.03096158779,0.03096158779,0.5638104501,1,1,1,1,0,1,1,0,0.2538061949,0.2538061949,1,7.880028306,0,0,0,0.5
b40914bc-5866-427c-b74c-995c3d520f5e,us_montana_helena_220497,no_match,brad,2026-01-24T16:40:51.815700+00:00,cc2c9bde,review,0.4814721346,0.3968929724,0.6680144299,0,1,True,1769266887741056251_6600581,1769267886023900907_2466247,2026-01-25,181.1527965,75.6797023,174.5552398,0,0.005975009969,5.795009436,1,167.1419848,0,0.5,0.5,0.5,0.5,0.5,0,0,0,0.5,0,0,6,100.1290384,80.5944628,172.9047771,3,4,4,4,0.9333333333,0.3333333333,0,0,1,1,1,1,0.2711214575,1,0.2711214575,0.2711214575,0.9016666667,0.95,1.087603196,1.000003957,0.08759923861,0.9292472435,0.9997061635,0.07045891995,0.03610905027,0.02407270018,0.6666666667,166.163329,3,0,3,0.5
652e65d3-7e97-4aff-8073-13343b5cbfff,us_montana_helena_86939,match,brad,2026-01-24T16:40:56.970942+00:00,cc2c9bde,review,0.4810369015,0,0.1389948528,0.1062691982,1,True,1769266887741056251_6600581,1769267886023900907_2466247,2026-01-25,12.61460728,4.09094944,11.88946229,0.6474747249,0.779753989,10.95444543,1,1.891674152,1,0.5,0.5,0.5,0.5,0.5,1,0,0,0.5,inf,inf,0,2.223084931,0.8250040832,9.412916301,3,3,5,3,0.8571428571,0.3333333333,0,0,1,1,1,1,0.1389948528,0.8937308018,0.1389948528,0.1555220572,0.8422222222,0.9,1.000294391,1.105025433,0.1047310428,0.9922447771,0.8284547042,0.1637900729,0.04580013895,0.0916002779,0.5,65.50198468,0,3,3,0.5
3ec6b3ee-20dd-48ce-ba4b-ae3dce5eae33,us_montana_helena_165717,no_match,brad,2026-01-24T16:40:58.555533+00:00,cc2c9bde,review,0.4810218811,0.7961949819,1,0,0.4325695768,True,1769266887741056251_6600581,1769267886023900907_2466247,2026-01-25,504.3959161,264.961257,485.4610381,0.004711875884,0.0210067821,83.0903112,1,364.9032305,1,0.5,0.5,0.5,0.5,0.5,1,0,0,0.6,0,0,4,255.9920657,245.497209,469.2516594,3,3,6,6,0.6666666667,0,0,0,1,1,1,1,0.2038050181,0.4325695768,0.2038050181,0.471149681,0.8322222222,0.7,1.040777927,1.176155453,0.1353775262,0.9559717956,0.9355673474,0.02040444822,0.04546245324,0.04546245324,1,571.9005057,11,15,4,0.5
8063c46d-8f45-4094-9f19-29a5549d5d2e,us_montana_helena_221976,no_match,brad,2026-01-24T16:40:59.888938+00:00,cc2c9bde,review,0.4809548259,0,0.2171973027,0.5259540123,1,True,1769266887741056251_6600581,1769267886023900907_2466247,2026-01-25,614.6534385,577.9131863,608.0938813,0,0,6.470542045,1,605.6797856,0,0.5,0.5,0.5,0.5,0.5,1,0,0,0.5,0,0,4,571.5034953,21.5787681,596.0209094,3,3,3,3,1,1,0,0,1,1,1,1,0.2171973027,0.4740459877,0.2171973027,0.458177705,0.91,1,1.000028315,1.002501207,0.002472891654,0.9989788245,0.9794455953,0.01953322915,0.02023868356,0.04722359497,0.4285714286,148.230985,0,0,0,0.5
48a9d612-8285-4f22-b5a3-8f9199b16de4,us_montana_helena_218220,no_match,brad,2026-01-24T16:41:01.819527+00:00,cc2c9bde,review,0.4808731377,0,0.02568363998,0.9135904283,1,True,1769266887741056251_6600581,1769267886023900907_2466247,2026-01-25,6.809354875,3.758755482,6.79049447,0.4075503843,0.6506193053,6.843729727,0.9999999999,6.72439651,1,0.5,0.5,0.5,0.5,0.5,1,0,0,0.5,0,0,6,3.250249339,2.881580911,6.229924176,4,4,4,4,1,1,0,0,1,1,1,1,0.02568363998,0.08640957169,0.02568363998,0.2972314232,0.9866666667,1,1,1,0,1,1,0,0.2173939876,0.2173939876,0.9999999999,9.199886445,0,0,0,0.5
7466ab06-be1b-47f7-8d64-05448a7d8bad,us_montana_helena_219008,no_match,brad,2026-01-24T16:41:03.078779+00:00,cc2c9bde,review,0.480825901,0.6453785329,0.9015703875,0,1,True,1769266887741056251_6600581,1769267886023900907_2466247,2026-01-25,135.340819,87.18305403,134.764412,0,0,12.66168016,1,133.299335,0,0.5,0.5,0.5,0.5,0.5,1,0,0,0.5,0,0,4,84.13132174,48.44545742,129.5712089,3,3,3,3,1,1,0,0,1,1,1,1,0.2561918546,1,0.2561918546,0.2561918546,0.9605555556,1,1.099961,1,0.0999609999,0.923511546,1,0.07648845401,0.05657754933,0.01616501409,0.2857142857,123.7239874,2,0,2,0.5
42c45dd7-cbae-43ee-9e9a-a9ce01c347b0,us_montana_helena_218790,no_match,brad,2026-01-24T16:41:04.383194+00:00,cc2c9bde,review,0.4808249176,0,0,0.8285904537,0.8285904537,True,1769266887741056251_6600581,1769267886023900907_2466247,2026-01-25,10000,10000,10000,0,0,180,0,10000,1,0,0,0,0.5,0.5,0,0,0,0,10000,10000,0,10000,10000,10000,0,0,0,0,0.5,0.5,0.5,0.5,0.5,0.5,0.5,0.5,0,0,0,0,0.5,0.5,1,1,0,1,1,0,0,0,0,0,0,0,0,0
f2b42583-5ba4-4d94-954d-d2caa31e40da,us_montana_helena_220839,match,brad,2026-01-24T16:42:52.070169+00:00,cc2c9bde,review,0.4807612598,0.00141894402,0.6233351244,0,0.9032258065,True,1769266887741056251_6600581,1769267886023900907_2466247,2026-01-25,13.66228013,2.365462598,9.901549762,0.6878966138,0.8358095966,4.380625601,1,1.804884023,1,0.5,0.5,0.5,0.5,0.5,0,0,0,0.5,0,inf,2,1.843724757,0.2578697194,6.986825974,3,3,3,1,0.8,0.3333333333,0,1,0,1,1,1,0.6219161804,0.9032258065,0.6219161804,0.6885500568,0.8883333333,0.9,1.147923893,1.093631295,0.05429259813,0.8901008698,0.8891961815,0.0009046883084,0.1054389976,0.1112967197,0.9473684211,170.7148247,7,7,0,0.5
2e07a514-f78e-41f0-9d05-a7d79782df94,us_montana_helena_223003,no_match,brad,2026-01-24T16:42:54.763353+00:00,cc2c9bde,review,0.4807320535,0,0.06181801604,0.9708722897,1,True,1769266887741056251_6600581,1769267886023900907_2466247,2026-01-25,10.23108729,4.79185123,9.75991566,0.3838566088,0.6087440452,34.49707536,1,7.705605885,1,0.5,0.5,0.5,0.5,0.5,0,0,0,0.5,0,inf,2,4.242540298,3.846554194,7.884553467,3,3,1,1,0.5,0,0,1,0,1,0,0,0.06181801604,0.02912771027,0.02912771027,0.471184812,0.8,0.8,1.007426673,1.000026524,0.007400148967,1,1,0,0.1641271368,0.1641271368,1,18.27851298,1,0,1,0.5
6fb1b344-03af-4a47-9dae-0128afb3b2f2,us_montana_helena_218327,no_match,brad,2026-01-24T16:42:55.997086+00:00,cc2c9bde,review,0.4806886911,0.3216997678,0.7281314508,0,1,True,1769266887741056251_6600581,1769267886023900907_2466247,2026-01-25,143.0261306,102.3630608,142.4696477,0,0,7.77364636,1,140.6473279,0,0.5,0.5,0.5,0.5,0.5,0,0,0,0.5,0,0,7,105.1368883,34.2024216,138.4970864,3,3,4,4,0.8571428571,0,0,0,1,1,1,1,0.4064316829,1,0.4064316829,0.4064316829,0.965,0.9,1.120541269,1.000001733,0.120539536,0.8749997285,0.9995586748,0.1245589463,0.02754677405,0.02754677405,1,108.9056742,1,0,1,0.5
ff772a27-e707-49aa-bbfa-47c4a9c6981d,us_montana_helena_218296,no_match,brad,2026-01-24T16:42:59.058334+00:00,cc2c9bde,review,0.4804139137,0.6761223776,1,0.2102160627,1,True,1769266887741056251_6600581,1769267886023900907_2466247,2026-01-25,134.7155109,84.81862496,134.296885,0,0,1.48796604,1,133.1112171,0,0.5,0.5,0.5,0.5,0.5,0,0,0,0.5,0,0,6,93.22452108,41.25093003,130.5110377,3,4,4,4,0.9333333333,0.3333333333,0,0,1,1,1,1,0.3238776224,0.7897839373,0.3238776224,0.4100838307,0.9216666667,0.95,1.018833741,1.000000001,0.01883374003,0.9841763872,0.9999899642,0.01581357697,0.03509693393,0.03509693393,1,85.47755215,1,0,1,0.5
40a27a18-20c4-4f17-8889-5d97e7b6f8bd,us_montana_helena_217850,match,brad,2026-01-24T16:43:00.705053+00:00,cc2c9bde,review,0.4803581238,0.2638450868,0.993044158,0,1,True,1769266887741056251_6600581,1769267886023900907_2466247,2026-01-25,2.49240641,1.954640555,2.492390976,0.6678415905,0.8717932104,0.60521817,1,1.954665917,1,0.5,0.5,0.5,0.5,0.5,1,0,0,0.5,0,0,4,1.95466583,0.5377405806,2.438632352,4,4,4,2,0.8571428571,0.3333333333,0,0,1,1,1,1,0.7291990712,1,0.7291990712,0.7291990712,0.9733333333,0.9,1,1,0,1,1,3.4438008e-11,0.0196430281,0.0196430281,1,101.8172957,0,0,0,0.5
434d380d-d892-46bd-b95e-875c9cb93656,us_montana_helena_164338,no_match,brad,2026-01-24T16:43:02.990772+00:00,cc2c9bde,review,0.4797079563,0.1359466614,0.1617259058,0,0.09677419355,True,1769266887741056251_6600581,1769267886023900907_2466247,2026-01-25,10.7895181,4.711679136,10.55059641,0.3935359264,0.6641805443,33.46911903,1,4.320845306,1,0.5,0.5,0.5,0.5,0.5,0,0,0,0.6,0,inf,2,4.545937544,5.693386306,10.01869321,3,3,3,3,1,1,0,0,1,1,1,1,0.02577924442,0.09677419355,0.02577924442,0.2663855257,0.9933333333,1,1.032346831,1.003060784,0.02928604704,0.75936783,0.9189755499,0.1596077199,0.1952636628,0.1464477471,0.75,20.48512223,2,0,2,0.5
bd45d5cf-0fcc-4655-8507-2f089ff90d95,us_montana_helena_220400,match,brad,2026-01-24T16:43:15.531938+00:00,cc2c9bde,review,0.4796773493,0,0.9986647578,0.1739173883,1,True,1769266887741056251_6600581,1769267886023900907_2466247,2026-01-25,5.410351249,3.629386175,5.193885113,0.4941223399,0.7859545542,0.8291211289,1,3.081742521,1,0.5,0.5,0.5,0.5,0.5,1,0,0,0.5,0,inf,2,3.308586588,2.93252452,5.058421306,1,3,1,3,1,1,1,1,1,1,1,1,0.9986647578,0.8260826117,0.8260826117,0.8271871069,1,1,1.115550625,1.143360211,0.02780958539,0.9355030818,0.9347833948,0.0007196869987,0.03799876968,0.04559852361,0.8333333333,131.5832076,3,2,1,0.5
b6b4795c-07f8-473c-a369-da93031c8510,us_montana_helena_164732,match,brad,2026-01-24T16:43:17.381501+00:00,cc2c9bde,review,0.4796671867,0,1,0.005055197579,0.98572973,True,1769266887741056251_6600581,1769267886023900907_2466247,2026-01-25,2.553982829,0.9861461497,2.517350496,0.810421899,0.9333918624,0.1756660791,1,0.4167519811,1,0.5,0.5,0.5,0.5,0.5,1,0,0,0.2,0,0,4,1.047570579,0.7708586559,2.357489902,3,3,3,3,1,1,0,0,1,1,1,1,1,0.9806745324,0.9806745324,0.9806745324,0.995,1,1.000033523,1.000089334,5.58107324e-05,0.9996563529,0.9987088806,0.0009474723368,0.01105906652,0.01382383315,0.8,361.6941803,0,0,0,0.5
dd6a7077-ffc1-41d4-afd9-07d0f5aca463,us_montana_helena_222892,no_match,brad,2026-01-24T16:43:18.700355+00:00,cc2c9bde,review,0.4796578586,0.6734940584,1,0.4111237657,1,True,1769266887741056251_6600581,1769267886023900907_2466247,2026-01-25,298.2606279,113.8625454,281.2274591,0.01853609571,0.04386634873,51.87992348,1,212.6349676,1,0.5,0.5,0.5,0.5,0.5,0,0,0,0.5,0,inf,2,84.01131841,81.89968711,180.8605183,3,3,3,1,0.8,0.3333333333,0,1,0,1,1,1,0.3265059416,0.5888762343,0.3265059416,0.5544559664,0.8883333333,0.9,1.091726128,1.360851333,0.2691252046,0.9522715684,0.9685095035,0.01623793503,0.03329492617,0.009080434409,0.2727272727,330.3806696,6,1,5,0.5
