gers_id,target_id,ref_geometry_wkt,target_geometry_wkt,ref_attributes,target_attributes
1fe424ca-72bf-43ce-be61-dec8adb749be,boston_sidewalk_72814,"LINESTRING (-71.0684571000000034 42.3579784000000004, -71.0684617999999944 42.3579453999999984, -71.0682383000000044 42.3574241999999970)","LINESTRING (-71.0684441450002709 42.3577331932427867, -71.0684441692972229 42.3577335462478359, -71.0684445692005653 42.3577350683389398, -71.0684447696856694 42.3577355732538905, -71.0685367045193317 42.3579478627619892, -71.0685375602096059 42.3579494774920136, -71.0685386823754186 42.3579509986912512, -71.0685400541764807 42.3579524037892980, -71.0685416551433917 42.3579536684014428, -71.0685434574867259 42.3579547735174131, -71.0685454334109892 42.3579557010270378, -71.0685475526684911 42.3579564364122518, -71.0685497789237957 42.3579569678329406, -71.0685520782508036 42.3579572861588645, -71.0685544130511886 42.3579573867475503, -71.0685567457020539 42.3579572685576125, -71.0685572510459451 42.3579572137351121)","{""class"": ""footway"", ""subclass"": ""sidewalk"", ""names_lr"": [{""between"": [0.0, 1.0], ""value"": null}], ""subclass_lr"": [{""between"": [0.0, 1.0], ""value"": ""sidewalk""}], ""level_lr"": [{""between"": [0.0, 1.0], ""value"": 0}], ""road_flags_lr"": [{""start"": 0.0, ""end"": 1.0, ""value"": []}]}","{""class"": ""footway"", ""subclass"": ""sidewalk""}"
410eb133-8acf-4c16-ac77-e06c025f017b,boston_sidewalk_102253,"LINESTRING (-71.0664363000000066 42.3610642000000013, -71.0664316000000014 42.3608600999999965, -71.0664311999999967 42.3608406000000031, -71.0664309000000003 42.3608236999999974, -71.0664179000000047 42.3603790000000018, -71.0664208999999971 42.3603627000000031)","LINESTRING (-71.0663050368116842 42.3595403864452322, -71.0663051170701436 42.3596257099458882, -71.0663053459003748 42.3598669561487142, -71.0663144285374955 42.3602444343015421, -71.0663149284961975 42.3602883721398200, -71.0663161096774303 42.3603923042701354, -71.0663183238014824 42.3605870876518509, -71.0663208096334955 42.3609368389480707, -71.0663229661397224 42.3610401643443595, -71.0663228584390367 42.3610420626495383, -71.0663224558968949 42.3610439400365664, -71.0663217635539581 42.3610457695157621, -71.0663207924957590 42.3610475277213538, -71.0663207251018321 42.3610476192967766)","{""class"": ""footway"", ""names_lr"": [{""between"": [0.0, 1.0], ""value"": null}], ""subclass_lr"": [{""between"": [0.0, 0.290809015], ""value"": ""sidewalk""}, {""between"": [0.290809015, 0.342762103], ""value"": ""crosswalk""}, {""between"": [0.342762103, 1.0], ""value"": ""sidewalk""}], ""level_lr"": [{""between"": [0.0, 1.0], ""value"": 0}], ""road_flags_lr"": [{""start"": 0.0, ""end"": 1.0, ""value"": []}]}","{""class"": ""footway"", ""subclass"": ""sidewalk""}"
2f298f0d-e95a-4c05-89a3-f0ba2c7cc9f7,boston_sidewalk_102723,"LINESTRING (-71.0686848999999938 42.3610247000000015, -71.0685768999999965 42.3610273999999976)","LINESTRING (-71.0685075327249507 42.3610295343748291, -71.0685668163202990 42.3610282667972911, -71.0686450727528580 42.3610265931959091, -71.0686504573179576 42.3610264774471688, -71.0686534071287639 42.3610263048513218, -71.0686563195804553 42.3610259142451469, -71.0686591642947150 42.3610253100161884, -71.0686619133090147 42.3610244983616582, -71.0686645398622261 42.3610234872837310, -71.0686670171811272 42.3610222865851966, -71.0686693196878139 42.3610209087742291, -71.0686714254401295 42.3610193672728883, -71.0686733136974595 42.3610176773083111, -71.0686749649207599 42.3610158559127754, -71.0686763619865189 42.3610139219280839, -71.0686766643252952 42.3610133774863442)","{""class"": ""footway"", ""subclass"": ""sidewalk"", ""names_lr"": [{""between"": [0.0, 1.0], ""value"": null}], ""subclass_lr"": [{""between"": [0.0, 1.0], ""value"": ""sidewalk""}], ""level_lr"": [{""between"": [0.0, 1.0], ""value"": 0}], ""road_flags_lr"": [{""start"": 0.0, ""end"": 1.0, ""value"": []}]}","{""class"": ""footway"", ""subclass"": ""sidewalk""}"
707ea39b-0db1-48ae-8e9d-af82e3ee1c61,boston_sidewalk_12897,"LINESTRING (-71.0610855000000043 42.3612828999999991, -71.0610491999999994 42.3613076000000035, -71.0610092000000009 42.3613348000000016, -71.0609560999999985 42.3613683000000023, -71.0609312999999929 42.3613840000000010, -71.0605194999999981 42.3615811000000022)","LINESTRING (-71.0609731557928654 42.3613429272448698, -71.0609692999330207 42.3613452586820003, -71.0609295591762020 42.3613685397238200, -71.0608893360155065 42.3613913597621945, -71.0608735005305618 42.3614000573235856, -71.0608486389860587 42.3614137134274316, -71.0608074790570896 42.3614355944589249, -71.0605521221504972 42.3615624989521109)","{""class"": ""footway"", ""names_lr"": [{""between"": [0.0, 1.0], ""value"": null}], ""subclass_lr"": [{""between"": [0.0, 0.148777545], ""value"": ""crosswalk""}, {""between"": [0.148777545, 1.0], ""value"": ""sidewalk""}], ""level_lr"": [{""between"": [0.0, 1.0], ""value"": 0}], ""road_flags_lr"": [{""start"": 0.0, ""end"": 1.0, ""value"": []}]}","{""class"": ""footway"", ""subclass"": ""sidewalk""}"
0f13a367-aadd-4e71-a5ca-a47769c3f6fb,boston_sidewalk_1295,"LINESTRING (-71.0610123999999956 42.3654206000000002, -71.0610582000000051 42.3653928000000022, -71.0611021999999934 42.3653662999999980, -71.0611437999999964 42.3653434000000004)","LINESTRING (-71.0611148570293665 42.3653110725565512, -71.0610559632198857 42.3653467126399192, -71.0609970071622854 42.3653823911680121, -71.0609630103903243 42.3654029644563508)","{""class"": ""footway"", ""names_lr"": [{""between"": [0.0, 1.0], ""value"": null}], ""subclass_lr"": [{""between"": [0.0, 0.690682151], ""value"": ""crosswalk""}, {""between"": [0.690682151, 1.0], ""value"": ""sidewalk""}], ""level_lr"": [{""between"": [0.0, 1.0], ""value"": 0}], ""road_flags_lr"": [{""start"": 0.0, ""end"": 1.0, ""value"": []}]}","{""class"": ""footway"", ""subclass"": ""crosswalk""}"
a9bdfa12-1d91-4e6c-9bbb-4e18847329df,boston_sidewalk_12330,"LINESTRING (-71.0554434000000015 42.3579825999999997, -71.0555051000000049 42.3579682000000020, -71.0563786000000022 42.3577585000000028, -71.0564530999999988 42.3577421999999970)","LINESTRING (-71.0563752392534980 42.3577347563165603, -71.0561617133914041 42.3577855362373654, -71.0558000260000000 42.3578734828938366, -71.0555101486321519 42.3579486985746740, -71.0554928004531092 42.3579529511199837)","{""name"": ""Hawes Street"", ""class"": ""service"", ""subclass"": ""alley"", ""names_lr"": [{""between"": [0.0, 1.0], ""value"": ""Hawes Street""}], ""subclass_lr"": [{""between"": [0.0, 1.0], ""value"": ""alley""}], ""level_lr"": [{""between"": [0.0, 1.0], ""value"": 0}], ""road_flags_lr"": [{""start"": 0.0, ""end"": 1.0, ""value"": []}]}","{""class"": ""footway"", ""subclass"": ""sidewalk""}"
6191ec57-07d1-4636-81d5-792adbe02967,boston_sidewalk_103004,"LINESTRING (-71.0567219999999935 42.3653643000000031, -71.0567250999999942 42.3653995000000023, -71.0566204999999940 42.3654816000000025)","LINESTRING (-71.0565460837395904 42.3655305028251092, -71.0565676130687081 42.3655133641915498, -71.0567038988687329 42.3654048743794291, -71.0567101391937967 42.3653994624822303, -71.0567135724161147 42.3653958259403893, -71.0567162322700199 42.3653918488093737, -71.0567180562117500 42.3653876208770512, -71.0567190059392715 42.3653832374266131, -71.0567190564727866 42.3653787982938326, -71.0567182183287684 42.3653731493482155, -71.0567171058664968 42.3653631626508158)","{""class"": ""footway"", ""subclass"": ""sidewalk"", ""names_lr"": [{""between"": [0.0, 1.0], ""value"": null}], ""subclass_lr"": [{""between"": [0.0, 1.0], ""value"": ""sidewalk""}], ""level_lr"": [{""between"": [0.0, 1.0], ""value"": 0}], ""road_flags_lr"": [{""start"": 0.0, ""end"": 1.0, ""value"": []}]}","{""class"": ""footway"", ""subclass"": ""sidewalk""}"
9e6722e8-5308-47fa-aa55-0076f328a3f0,boston_sidewalk_102307,"LINESTRING (-71.0663878999999952 42.3647652000000008, -71.0664557000000059 42.3647786000000011, -71.0664218999999946 42.3648819000000003, -71.0664816000000030 42.3648935000000009, -71.0664603999999969 42.3649574000000015)","LINESTRING (-71.0664790175949435 42.3648926951180655, -71.0664158663921484 42.3648792282264495, -71.0664472719270890 42.3647760735510914, -71.0663800776021475 42.3647625202757752)","{""class"": ""footway"", ""names_lr"": [{""between"": [0.0, 1.0], ""value"": null}], ""subclass_lr"": [{""between"": [0.0, 1.0], ""value"": null}], ""level_lr"": [{""between"": [0.0, 1.0], ""value"": 0}], ""road_flags_lr"": [{""start"": 0.0, ""end"": 1.0, ""value"": []}]}","{""class"": ""footway"", ""subclass"": ""sidewalk""}"
c69d1947-708d-40cb-894c-6618712ca926,boston_sidewalk_1884,"LINESTRING (-71.0647651999999965 42.3511931999999973, -71.0647718999999967 42.3511701999999985, -71.0647964999999999 42.3510854000000023, -71.0648079000000052 42.3510258000000022, -71.0648115999999987 42.3510056000000006, -71.0648158999999993 42.3509823999999995)","LINESTRING (-71.0648818199106671 42.3509376277866210, -71.0648597947458995 42.3509846738269289, -71.0647722468273315 42.3511716806517811, -71.0647673785962013 42.3511820786036708)","{""class"": ""footway"", ""subclass"": ""crosswalk"", ""names_lr"": [{""between"": [0.0, 1.0], ""value"": null}], ""subclass_lr"": [{""between"": [0.0, 1.0], ""value"": ""crosswalk""}], ""level_lr"": [{""between"": [0.0, 1.0], ""value"": 0}], ""road_flags_lr"": [{""start"": 0.0, ""end"": 1.0, ""value"": []}]}","{""class"": ""footway"", ""subclass"": ""crosswalk""}"
fc6d3475-ca3e-4160-a377-f209a43686ce,boston_sidewalk_12701,"LINESTRING (-71.0636667999999929 42.3574740000000034, -71.0636379000000034 42.3574247000000028)","LINESTRING (-71.0636149572918328 42.3573843682671765, -71.0636336628054437 42.3574199251033363, -71.0636663935996467 42.3574820117992630)","{""class"": ""steps"", ""names_lr"": [{""between"": [0.0, 1.0], ""value"": null}], ""subclass_lr"": [{""between"": [0.0, 1.0], ""value"": null}], ""level_lr"": [{""between"": [0.0, 1.0], ""value"": 0}], ""road_flags_lr"": [{""start"": 0.0, ""end"": 1.0, ""value"": []}]}","{""class"": ""footway"", ""subclass"": ""sidewalk""}"
7d978f23-01d2-413b-8025-2663a76ca5e8,boston_sidewalk_5555,"LINESTRING (-71.0702790999999934 42.3569687999999971, -71.0702600999999987 42.3569707999999991, -71.0700006999999943 42.3570392000000027)","LINESTRING (-71.0703713652769977 42.3569795483847997, -71.0702881297197990 42.3570001808611778)","{""class"": ""footway"", ""subclass"": ""sidewalk"", ""names_lr"": [{""between"": [0.0, 1.0], ""value"": null}], ""subclass_lr"": [{""between"": [0.0, 1.0], ""value"": ""sidewalk""}], ""level_lr"": [{""between"": [0.0, 1.0], ""value"": 0}], ""road_flags_lr"": [{""start"": 0.0, ""end"": 1.0, ""value"": []}]}","{""class"": ""footway"", ""subclass"": ""crosswalk""}"
d65fedc4-fc2a-4cf9-8774-df43cb94b519,boston_sidewalk_59225,"LINESTRING (-71.0734949999999941 42.3528216999999998, -71.0735250000000036 42.3528846999999971)","LINESTRING (-71.0733558091609723 42.3528502552638386, -71.0733903861445384 42.3529160975907644)","{""class"": ""footway"", ""names_lr"": [{""between"": [0.0, 1.0], ""value"": null}], ""subclass_lr"": [{""between"": [0.0, 1.0], ""value"": null}], ""level_lr"": [{""between"": [0.0, 1.0], ""value"": 0}], ""road_flags_lr"": [{""start"": 0.0, ""end"": 1.0, ""value"": []}]}","{""class"": ""footway"", ""subclass"": ""sidewalk""}"
2640d786-cf4d-4e82-84f4-edaea28ca331,boston_sidewalk_2134,"LINESTRING (-71.0567207999999937 42.3644200000000026, -71.0566848999999934 42.3644214999999988, -71.0566373000000056 42.3644227999999998)","LINESTRING (-71.0566459719096031 42.3645309236680561, -71.0566534550506645 42.3645303952335439, -71.0567198255495640 42.3645257102568422, -71.0567278200333590 42.3645251459760672)","{""class"": ""footway"", ""subclass"": ""crosswalk"", ""names_lr"": [{""between"": [0.0, 1.0], ""value"": null}], ""subclass_lr"": [{""between"": [0.0, 1.0], ""value"": ""crosswalk""}], ""level_lr"": [{""between"": [0.0, 1.0], ""value"": 0}], ""road_flags_lr"": [{""start"": 0.0, ""end"": 1.0, ""value"": []}]}","{""class"": ""footway"", ""subclass"": ""crosswalk""}"
7f74f8b6-5faf-42d7-8f1a-2f603660c77c,boston_sidewalk_103633,"LINESTRING (-71.0588740000000030 42.3569436000000010, -71.0588268000000056 42.3569244999999981, -71.0587677999999983 42.3568927999999971, -71.0587536000000028 42.3569034000000002, -71.0586890000000011 42.3569484000000003, -71.0586502999999965 42.3569753000000020, -71.0586291999999986 42.3569900000000032)","LINESTRING (-71.0588668958777561 42.3569408508432730, -71.0587469362014730 42.3570634829330430)","{""class"": ""footway"", ""subclass"": ""crosswalk"", ""names_lr"": [{""between"": [0.0, 1.0], ""value"": null}], ""subclass_lr"": [{""between"": [0.0, 1.0], ""value"": ""crosswalk""}], ""level_lr"": [{""between"": [0.0, 1.0], ""value"": 0}], ""road_flags_lr"": [{""start"": 0.0, ""end"": 1.0, ""value"": []}]}","{""class"": ""footway"", ""subclass"": ""sidewalk""}"
2b8fab81-345b-4508-9e07-98f9df710f06,boston_sidewalk_103803,"LINESTRING (-71.0615525000000048 42.3583631999999994, -71.0614975000000015 42.3583594999999988, -71.0614180999999974 42.3583540999999997, -71.0613270999999997 42.3583149000000034, -71.0605362999999954 42.3581131999999982, -71.0604601000000002 42.3581665999999970, -71.0601972999999987 42.3585090999999991, -71.0601833000000056 42.3585273999999998)","LINESTRING (-71.0614061684911320 42.3583637764949472, -71.0613896315403792 42.3583491107129646, -71.0613663205977844 42.3583362763922935, -71.0613026493674198 42.3583154006705129, -71.0612939874103517 42.3583125605222861, -71.0611619468427733 42.3582834860345585, -71.0605664204549470 42.3581523516765870, -71.0605608855737785 42.3581512474780624, -71.0605552824493714 42.3581503563873696, -71.0605496232012683 42.3581496811517439, -71.0605439248107587 42.3581492236366373, -71.0605382030514221 42.3581489848026322, -71.0605324712693118 42.3581489656009325, -71.0605267464642765 42.3581491651963020, -71.0605210431962178 42.3581495845446199, -71.0605196194222373 42.3581497447573270)","{""class"": ""footway"", ""names_lr"": [{""between"": [0.0, 1.0], ""value"": null}], ""subclass_lr"": [{""between"": [0.0, 0.077528653], ""value"": ""crosswalk""}, {""between"": [0.077528653, 1.0], ""value"": ""sidewalk""}], ""level_lr"": [{""between"": [0.0, 1.0], ""value"": 0}], ""road_flags_lr"": [{""start"": 0.0, ""end"": 1.0, ""value"": []}]}","{""class"": ""footway"", ""subclass"": ""sidewalk""}"
667fdd7c-8500-4169-890d-8dde6bcca7a5,boston_sidewalk_103957,"LINESTRING (-71.0594715999999949 42.3563830000000010, -71.0594032999999996 42.3564366000000021, -71.0591620000000006 42.3566259999999986, -71.0588403000000000 42.3569119000000001, -71.0588268000000056 42.3569244999999981, -71.0588108000000034 42.3569394000000017, -71.0587402000000026 42.3570027999999965)","LINESTRING (-71.0593638786863977 42.3563560976132081, -71.0593639421484653 42.3563569198222112, -71.0593638997963239 42.3563602120247396, -71.0593635625452436 42.3563634949946959, -71.0593629317156541 42.3563667534322974, -71.0593620086153805 42.3563699738380208, -71.0593607981998474 42.3563731418263316, -71.0593593066384557 42.3563762430161006, -71.0593575388867293 42.3563792630216938, -71.0593555047428254 42.3563821892765731, -71.0593532115837405 42.3563850083045850, -71.0593506704151565 42.3563877084441245, -71.0593478934691944 42.3563902762376898, -71.0593454311333801 42.3563922888567106, -71.0591042506892876 42.3565788203964999, -71.0591026983128700 42.3565800208351462, -71.0590597286957149 42.3566140860595013, -71.0590429504656100 42.3566273874498478, -71.0590314847403732 42.3566421523749099, -71.0590192675472281 42.3566565822097871, -71.0590142461233398 42.3566629883327366)","{""name"": ""Washington Street"", ""class"": ""pedestrian"", ""names_lr"": [{""between"": [0.0, 1.0], ""value"": ""Washington Street""}], ""subclass_lr"": [{""between"": [0.0, 1.0], ""value"": null}], ""level_lr"": [{""between"": [0.0, 1.0], ""value"": 0}], ""road_flags_lr"": [{""start"": 0.0, ""end"": 1.0, ""value"": []}]}","{""class"": ""footway"", ""subclass"": ""sidewalk""}"
560d7684-bc1d-4294-9f3f-844d21865f45,boston_sidewalk_73059,"LINESTRING (-71.0632841000000042 42.3576025999999999, -71.0633717000000047 42.3575713999999977, -71.0633689999999945 42.3575666999999996)","LINESTRING (-71.0632237117736878 42.3575138167989707, -71.0633138281378223 42.3574866704406006)","{""class"": ""footway"", ""names_lr"": [{""between"": [0.0, 1.0], ""value"": null}], ""subclass_lr"": [{""between"": [0.0, 1.0], ""value"": null}], ""level_lr"": [{""between"": [0.0, 1.0], ""value"": 0}], ""road_flags_lr"": [{""start"": 0.0, ""end"": 1.0, ""value"": []}]}","{""class"": ""footway"", ""subclass"": ""sidewalk""}"
4c826e33-fde9-45de-967a-2338799e936a,boston_sidewalk_103622,"LINESTRING (-71.0574713999999972 42.3652591000000029, -71.0574117999999970 42.3652642999999998, -71.0573332000000022 42.3652754000000016)","LINESTRING (-71.0573232877362102 42.3652707652193996, -71.0573170624078472 42.3652724824194564, -71.0573073279639971 42.3652735946228773, -71.0568345244560078 42.3652943081357307)","{""class"": ""footway"", ""subclass"": ""crosswalk"", ""names_lr"": [{""between"": [0.0, 1.0], ""value"": null}], ""subclass_lr"": [{""between"": [0.0, 1.0], ""value"": ""crosswalk""}], ""level_lr"": [{""between"": [0.0, 1.0], ""value"": 0}], ""road_flags_lr"": [{""start"": 0.0, ""end"": 1.0, ""value"": []}]}","{""class"": ""footway"", ""subclass"": ""sidewalk""}"
6723ebf7-f30a-45f9-8aac-9dc6ec013f52,boston_sidewalk_22328,"LINESTRING (-71.0549189999999982 42.3620603000000031, -71.0548595000000063 42.3621443999999983, -71.0548285999999933 42.3621872000000010, -71.0547987000000063 42.3622269000000031, -71.0547772999999978 42.3622516000000005, -71.0547501000000068 42.3622804999999971, -71.0547245000000061 42.3623054999999979, -71.0546953999999999 42.3623307000000011, -71.0546623000000039 42.3623550000000009, -71.0546044999999964 42.3623941999999971, -71.0545754999999986 42.3624155999999985, -71.0545491000000027 42.3624383000000009, -71.0545244999999994 42.3624616000000032, -71.0545022000000017 42.3624869000000004, -71.0544809000000015 42.3625141999999997, -71.0544605000000047 42.3625444999999985, -71.0543741999999980 42.3626951999999974, -71.0543026999999938 42.3628165000000010)","LINESTRING (-71.0541840776354974 42.3631050317591118, -71.0541840155873388 42.3631047065138588, -71.0541839524970271 42.3631028066572171, -71.0541841843489550 42.3631009142458410, -71.0541847085375764 42.3630990544777433, -71.0541855188218818 42.3630972516366029, -71.0541866041050838 42.3630955299872056, -71.0542663608948146 42.3629859343932864, -71.0543377716975755 42.3628771571774934, -71.0543699606547108 42.3628281251584085, -71.0543876829012788 42.3628011302010208, -71.0543975318652485 42.3627861272121109, -71.0544305115437140 42.3627294376699481, -71.0544556585802667 42.3626881019342036, -71.0545499176000703 42.3625331633825297, -71.0545820572717872 42.3625000473411220, -71.0546603058707120 42.3624277302428283)","{""name"": ""North Street"", ""class"": ""secondary"", ""names_lr"": [{""between"": [0.0, 1.0], ""value"": ""North Street""}], ""subclass_lr"": [{""between"": [0.0, 1.0], ""value"": null}], ""level_lr"": [{""between"": [0.0, 1.0], ""value"": 0}], ""road_flags_lr"": [{""start"": 0.0, ""end"": 1.0, ""value"": []}]}","{""class"": ""footway"", ""subclass"": ""sidewalk""}"
e6337a88-1019-4b85-b4da-6014b324de15,boston_sidewalk_2258,"LINESTRING (-71.0677069999999986 42.3592909999999989, -71.0677093000000042 42.3593268999999992, -71.0677251999999982 42.3595473999999967)","LINESTRING (-71.0676463388594897 42.3593361372191950, -71.0676450080025859 42.3593262533324832, -71.0676421746828311 42.3592777782626868, -71.0676417279618420 42.3592701421228952)","{""name"": ""Anderson Street"", ""class"": ""residential"", ""names_lr"": [{""between"": [0.0, 1.0], ""value"": ""Anderson Street""}], ""subclass_lr"": [{""between"": [0.0, 1.0], ""value"": null}], ""level_lr"": [{""between"": [0.0, 1.0], ""value"": 0}], ""road_flags_lr"": [{""start"": 0.0, ""end"": 1.0, ""value"": []}]}","{""class"": ""footway"", ""subclass"": ""crosswalk""}"
5d73e738-6f42-4521-b2f3-e65a8eb59685,boston_sidewalk_74134,"LINESTRING (-71.0510507999999987 42.3614783000000017, -71.0510955000000024 42.3614637000000016, -71.0512104000000022 42.3613422999999969)","LINESTRING (-71.0512632497557490 42.3613011470755723, -71.0512263519349148 42.3613431042969211)","{""class"": ""footway"", ""names_lr"": [{""between"": [0.0, 1.0], ""value"": null}], ""subclass_lr"": [{""between"": [0.0, 1.0], ""value"": null}], ""level_lr"": [{""between"": [0.0, 1.0], ""value"": 0}], ""road_flags_lr"": [{""start"": 0.0, ""end"": 1.0, ""value"": []}]}","{""class"": ""footway"", ""subclass"": ""sidewalk""}"
10297911-dcd0-4af2-9887-14cf1949d60c,boston_sidewalk_74135,"LINESTRING (-71.0514163999999937 42.3547614000000010, -71.0515118999999942 42.3548955999999990, -71.0516771000000062 42.3550212000000030, -71.0517514000000006 42.3550810999999996, -71.0517758000000015 42.3551038000000020, -71.0518732999999969 42.3551524000000015)","LINESTRING (-71.0516744374278773 42.3551383801668919, -71.0514517008589763 42.3549676742568337)","{""name"": ""Seaport Boulevard"", ""class"": ""primary"", ""names_lr"": [{""between"": [0.0, 1.0], ""value"": ""Seaport Boulevard""}], ""subclass_lr"": [{""between"": [0.0, 1.0], ""value"": null}], ""level_lr"": [{""between"": [0.0, 1.0], ""value"": 0}], ""road_flags_lr"": [{""start"": 0.0, ""end"": 1.0, ""value"": []}]}","{""class"": ""footway"", ""subclass"": ""sidewalk""}"
3f4afbac-5224-42be-a24f-514a91d6c0d4,boston_sidewalk_22809,"LINESTRING (-71.0521904000000006 42.3552457999999987, -71.0521787999999930 42.3552314000000010, -71.0521353999999974 42.3551805999999971, -71.0520668000000057 42.3551323000000011, -71.0520178000000016 42.3551006000000001)","LINESTRING (-71.0519549447044625 42.3550274698716720, -71.0520229067520006 42.3550820771505698)","{""class"": ""footway"", ""subclass"": ""crosswalk"", ""names_lr"": [{""between"": [0.0, 1.0], ""value"": null}], ""subclass_lr"": [{""between"": [0.0, 1.0], ""value"": ""crosswalk""}], ""level_lr"": [{""between"": [0.0, 1.0], ""value"": 0}], ""road_flags_lr"": [{""start"": 0.0, ""end"": 1.0, ""value"": []}]}","{""class"": ""footway"", ""subclass"": ""sidewalk""}"
eb5ea701-7859-42a3-9fd3-2847543ea2bf,boston_sidewalk_103206,"LINESTRING (-71.0565100000000029 42.3622311000000025, -71.0564243000000033 42.3621972999999983, -71.0563008000000025 42.3621344000000022)","LINESTRING (-71.0566316109765950 42.3622963892946984, -71.0565495398858786 42.3622514356016353, -71.0565477733426576 42.3622506041246965, -71.0565458670492518 42.3622499665715608, -71.0565438585615254 42.3622495338904912, -71.0565417878757017 42.3622493152386284, -71.0565416943974952 42.3622493157784987)","{""class"": ""footway"", ""subclass"": ""crosswalk"", ""names_lr"": [{""between"": [0.0, 1.0], ""value"": null}], ""subclass_lr"": [{""between"": [0.0, 1.0], ""value"": ""crosswalk""}], ""level_lr"": [{""between"": [0.0, 1.0], ""value"": 0}], ""road_flags_lr"": [{""start"": 0.0, ""end"": 1.0, ""value"": []}]}","{""class"": ""footway"", ""subclass"": ""sidewalk""}"
16c27c80-7650-4534-b22b-c924be7b420e,boston_sidewalk_1672,"LINESTRING (-71.0529382999999939 42.3622322000000011, -71.0531112999999976 42.3623475999999997, -71.0531619000000063 42.3623813000000027)","LINESTRING (-71.0530767416742179 42.3623847189865117, -71.0530843344311194 42.3623944176083072, -71.0531509597443147 42.3624795207367697, -71.0531565698073848 42.3624866872364194)","{""name"": ""Richmond Street"", ""class"": ""residential"", ""names_lr"": [{""between"": [0.0, 1.0], ""value"": ""Richmond Street""}], ""subclass_lr"": [{""between"": [0.0, 1.0], ""value"": null}], ""level_lr"": [{""between"": [0.0, 1.0], ""value"": 0}], ""road_flags_lr"": [{""start"": 0.0, ""end"": 1.0, ""value"": []}]}","{""class"": ""footway"", ""subclass"": ""crosswalk""}"
2b708efa-c340-4546-868f-9bf2fcd1d8ea,boston_sidewalk_103393,"LINESTRING (-71.0536189000000036 42.3538021999999970, -71.0539373999999953 42.3540853000000013, -71.0539232999999939 42.3541349999999994, -71.0538741999999957 42.3541759000000013, -71.0533970999999980 42.3544144999999972)","LINESTRING (-71.0539333165620519 42.3541305663755949, -71.0539321537773674 42.3541315945000889, -71.0539304352357419 42.3541327717178575, -71.0539295967823250 42.3541332483211619, -71.0538868698634047 42.3541561444558710, -71.0537418995928363 42.3542346483168686, -71.0536655313005809 42.3542750289283632, -71.0535825813979613 42.3543188896765486, -71.0534187378252540 42.3544055233234076, -71.0534123530070190 42.3544086486499651, -71.0534055495392778 42.3544112420784558, -71.0533984065396709 42.3544132724058429, -71.0533912388705460 42.3544146706320319)","{""class"": ""footway"", ""subclass"": ""sidewalk"", ""names_lr"": [{""between"": [0.0, 1.0], ""value"": null}], ""subclass_lr"": [{""between"": [0.0, 1.0], ""value"": ""sidewalk""}], ""level_lr"": [{""between"": [0.0, 1.0], ""value"": 0}], ""road_flags_lr"": [{""start"": 0.0, ""end"": 1.0, ""value"": []}]}","{""class"": ""footway"", ""subclass"": ""sidewalk""}"
0db83c7f-eb53-4270-8ee5-784300f51c84,boston_sidewalk_22340,"LINESTRING (-71.0699723999999975 42.3587751000000026, -71.0702978999999999 42.3587709999999973, -71.0706136000000015 42.3587601999999990)","LINESTRING (-71.0706090377868804 42.3588492306279747, -71.0706072855332991 42.3588477115984503, -71.0706051472551650 42.3588461938284411, -71.0706028148373719 42.3588448427875335, -71.0706003136852900 42.3588436711745686, -71.0705976667827457 42.3588426907791415, -71.0705949007735569 42.3588419107036387, -71.0705920435151768 42.3588413400549513, -71.0705891241096452 42.3588409834432014, -71.0705861704450115 42.3588408454739138, -71.0705848593885179 42.3588408540830130, -71.0703437557154700 42.3588464248777186, -71.0703373599520205 42.3588465729389085)","{""class"": ""footway"", ""subclass"": ""sidewalk"", ""names_lr"": [{""between"": [0.0, 1.0], ""value"": null}], ""subclass_lr"": [{""between"": [0.0, 1.0], ""value"": ""sidewalk""}], ""level_lr"": [{""between"": [0.0, 1.0], ""value"": 0}], ""road_flags_lr"": [{""start"": 0.0, ""end"": 1.0, ""value"": []}]}","{""class"": ""footway"", ""subclass"": ""sidewalk""}"
c1368530-f520-47d9-925f-a8eb6687d0f8,boston_sidewalk_12598,"LINESTRING (-71.0711225999999954 42.3547803000000016, -71.0711799999999982 42.3547674000000001, -71.0712381999999963 42.3547543999999974, -71.0712843999999961 42.3547450000000012, -71.0713226999999961 42.3547379000000035, -71.0713511000000011 42.3547332999999995, -71.0713752999999997 42.3547281000000027, -71.0713953000000060 42.3547227999999976)","LINESTRING (-71.0711252642943805 42.3547821834599816, -71.0710814500721568 42.3547905025929055, -71.0710720735511927 42.3547920908449314, -71.0710625504825799 42.3547930942607920, -71.0710605592568356 42.3547931795636714)","{""class"": ""footway"", ""names_lr"": [{""between"": [0.0, 1.0], ""value"": null}], ""subclass_lr"": [{""between"": [0.0, 1.0], ""value"": null}], ""level_lr"": [{""between"": [0.0, 1.0], ""value"": 0}], ""road_flags_lr"": [{""start"": 0.0, ""end"": 1.0, ""value"": []}]}","{""class"": ""footway"", ""subclass"": ""sidewalk""}"
4701008e-1f1f-4c26-9f78-c9e1e7ae52e5,boston_sidewalk_101981,"LINESTRING (-71.0575039000000004 42.3507332000000005, -71.0575385000000068 42.3507267999999968, -71.0580815999999942 42.3508615000000006, -71.0583943000000033 42.3509383999999969, -71.0584178999999949 42.3509444000000030, -71.0584254000000044 42.3509466000000003, -71.0584312999999952 42.3509493999999975, -71.0584343000000018 42.3509531999999993, -71.0584352000000052 42.3509578000000033)","LINESTRING (-71.0584244046988545 42.3509517942191351, -71.0584240761788379 42.3509513887263722, -71.0584226292030223 42.3509500264294090, -71.0584209627362924 42.3509488100372025, -71.0584191021282550 42.3509477594535824, -71.0584170763947611 42.3509468909950755, -71.0584149206325861 42.3509462192012762, -71.0584147037565685 42.3509461643509297, -71.0582448095654229 42.3509041271726971, -71.0582085027020582 42.3508951441187094, -71.0581330889116174 42.3508764838948863, -71.0581308283931321 42.3508760403674458, -71.0581285105416214 42.3508758117895070, -71.0581261717429840 42.3508758019021059, -71.0581238496220493 42.3508760108497100, -71.0581215830360549 42.3508764360808669, -71.0581199484558539 42.3508769114560550, -71.0581184188955888 42.3508774691614320)","{""class"": ""footway"", ""subclass"": ""sidewalk"", ""names_lr"": [{""between"": [0.0, 1.0], ""value"": null}], ""subclass_lr"": [{""between"": [0.0, 1.0], ""value"": ""sidewalk""}], ""level_lr"": [{""between"": [0.0, 1.0], ""value"": 1}], ""road_flags_lr"": [{""start"": 0.0, ""end"": 1.0, ""value"": []}]}","{""class"": ""footway"", ""subclass"": ""sidewalk""}"
4142b598-52c2-4399-b543-72103ae5ccd2,boston_sidewalk_108490,"LINESTRING (-71.0518667000000050 42.3642767999999990, -71.0518679000000049 42.3642230000000026, -71.0518687000000000 42.3641816000000020, -71.0518485000000055 42.3641748000000007, -71.0517961000000042 42.3641570999999999, -71.0517212999999970 42.3641318000000027, -71.0517166000000060 42.3641752999999994, -71.0517104999999987 42.3642311999999990, -71.0517887999999971 42.3642540000000025)","LINESTRING (-71.0517071504616808 42.3641303326270702, -71.0517058069228540 42.3641301122211473, -71.0517046254144589 42.3641298114205895, -71.0515350237030248 42.3640806723280576, -71.0512543446252351 42.3640017781128151, -71.0512515138611320 42.3640008865846269)","{""class"": ""footway"", ""subclass"": ""crosswalk"", ""names_lr"": [{""between"": [0.0, 1.0], ""value"": null}], ""subclass_lr"": [{""between"": [0.0, 1.0], ""value"": ""crosswalk""}], ""level_lr"": [{""between"": [0.0, 1.0], ""value"": 0}], ""road_flags_lr"": [{""start"": 0.0, ""end"": 1.0, ""value"": []}]}","{""class"": ""footway"", ""subclass"": ""sidewalk""}"
462778a9-8f6f-4e8c-9d21-aa920a3e8eab,boston_sidewalk_1986,"LINESTRING (-71.0539663999999931 42.3630804000000012, -71.0539732999999956 42.3630947999999989, -71.0540335999999968 42.3631316000000027, -71.0540962000000036 42.3631698000000014)","LINESTRING (-71.0541840776354974 42.3631050317591118, -71.0541688214704834 42.3630928313104320, -71.0540636835254276 42.3630087480522519, -71.0540480169665614 42.3629962200909134)","{""class"": ""footway"", ""subclass"": ""crosswalk"", ""names_lr"": [{""between"": [0.0, 1.0], ""value"": null}], ""subclass_lr"": [{""between"": [0.0, 1.0], ""value"": ""crosswalk""}], ""level_lr"": [{""between"": [0.0, 1.0], ""value"": 0}], ""road_flags_lr"": [{""start"": 0.0, ""end"": 1.0, ""value"": []}]}","{""class"": ""footway"", ""subclass"": ""crosswalk""}"
59cbc6cf-55d1-4199-aee9-01be503c00f5,boston_sidewalk_102668,"LINESTRING (-71.0685455999999931 42.3620760000000018, -71.0685158999999942 42.3620378999999971, -71.0685112000000032 42.3619641000000016, -71.0685246000000035 42.3616843000000003, -71.0685306999999966 42.3615895000000009, -71.0686117999999993 42.3615195000000000, -71.0686292000000037 42.3613391000000021, -71.0686292000000037 42.3612754999999979)","LINESTRING (-71.0686263691022617 42.3612766208248530, -71.0686281846134449 42.3612783012727832, -71.0686297950901746 42.3612801421035385, -71.0686311486783779 42.3612820927063822, -71.0686322345755741 42.3612841350350777, -71.0686330383685458 42.3612862465282447, -71.0686335541227692 42.3612884073572999, -71.0686337771298327 42.3612905958976498, -71.0686337039016109 42.3612927896289335, -71.0686056798063106 42.3615705418125117, -71.0686013083986694 42.3616143326084327)","{""class"": ""footway"", ""subclass"": ""sidewalk"", ""names_lr"": [{""between"": [0.0, 1.0], ""value"": null}], ""subclass_lr"": [{""between"": [0.0, 1.0], ""value"": ""sidewalk""}], ""level_lr"": [{""between"": [0.0, 1.0], ""value"": 0}], ""road_flags_lr"": [{""start"": 0.0, ""end"": 1.0, ""value"": []}]}","{""class"": ""footway"", ""subclass"": ""sidewalk""}"
094873a4-5a25-47eb-ae1c-155b7a9afe07,boston_sidewalk_102220,"LINESTRING (-71.0676023000000043 42.3588816999999977, -71.0661886999999979 42.3588811999999990, -71.0658118000000059 42.3588751999999999, -71.0651220000000023 42.3588595000000012)","LINESTRING (-71.0661853175367355 42.3588855436660197, -71.0661437111150036 42.3588857792426339, -71.0660581671896097 42.3588847182639583, -71.0659311954464528 42.3588840464447358, -71.0658422131321998 42.3588820207210048, -71.0657948691807491 42.3588809425951567, -71.0657493664105431 42.3588799065132307, -71.0657196053113154 42.3588792287531888, -71.0655723836911619 42.3588758773306964, -71.0653311982600115 42.3588725829547457, -71.0651307906053376 42.3588686383115416, -71.0651282105865789 42.3588690651966218, -71.0651280865009056 42.3588691043401866)","{""class"": ""footway"", ""subclass"": ""sidewalk"", ""names_lr"": [{""between"": [0.0, 1.0], ""value"": null}], ""subclass_lr"": [{""between"": [0.0, 1.0], ""value"": ""sidewalk""}], ""level_lr"": [{""between"": [0.0, 1.0], ""value"": 0}], ""road_flags_lr"": [{""start"": 0.0, ""end"": 1.0, ""value"": []}]}","{""class"": ""footway"", ""subclass"": ""sidewalk""}"
bca16fe2-c568-42b5-aecd-250280181439,boston_sidewalk_1264,"LINESTRING (-71.0723425000000049 42.3573549999999983, -71.0720979000000028 42.3574061999999998, -71.0720546999999954 42.3574150000000031, -71.0719940999999977 42.3574272999999977)","LINESTRING (-71.0720421477711852 42.3573592489722444, -71.0720317110969688 42.3573617489530818, -71.0719214475127927 42.3573881645231367, -71.0719046544669339 42.3573921875307207)","{""name"": ""Mount Vernon Street"", ""class"": ""residential"", ""names_lr"": [{""between"": [0.0, 1.0], ""value"": ""Mount Vernon Street""}], ""subclass_lr"": [{""between"": [0.0, 1.0], ""value"": null}], ""level_lr"": [{""between"": [0.0, 1.0], ""value"": 0}], ""road_flags_lr"": [{""start"": 0.0, ""end"": 1.0, ""value"": []}]}","{""class"": ""footway"", ""subclass"": ""crosswalk""}"
83413653-0c09-4b07-a901-0bf14d5ee98f,boston_sidewalk_877,"LINESTRING (-71.0578562000000034 42.3532514999999989, -71.0578186999999986 42.3533019999999993, -71.0577822000000054 42.3533417000000014, -71.0577408999999989 42.3533690000000007, -71.0576903000000044 42.3533888999999988, -71.0575886999999966 42.3534110000000013)","LINESTRING (-71.0577653879322639 42.3533970793486461, -71.0577311517829173 42.3534358231863663, -71.0576827148482408 42.3535536561478949, -71.0576743627473917 42.3535739733186603)","{""name"": ""Lincoln Street"", ""class"": ""secondary"", ""subclass"": ""link"", ""names_lr"": [{""between"": [0.0, 1.0], ""value"": ""Lincoln Street""}], ""subclass_lr"": [{""between"": [0.0, 1.0], ""value"": ""link""}], ""level_lr"": [{""between"": [0.0, 1.0], ""value"": 0}], ""road_flags_lr"": [{""start"": 0.0, ""end"": 1.0, ""value"": []}]}","{""class"": ""footway"", ""subclass"": ""crosswalk""}"
df28ce59-981b-4780-a983-ace3c1849972,boston_sidewalk_108355,"LINESTRING (-71.0504757000000069 42.3549355000000034, -71.0506151999999958 42.3549914999999970, -71.0506663999999972 42.3550128999999984, -71.0509468999999996 42.3551355000000029, -71.0509677000000011 42.3551433000000017, -71.0509901000000070 42.3551502999999983, -71.0510124999999988 42.3551564999999997, -71.0510347999999965 42.3551623000000035, -71.0510565000000014 42.3551667999999992)","LINESTRING (-71.0509070020450935 42.3552208702854998, -71.0507634508462758 42.3551656717929959, -71.0506697321181235 42.3551282217283571, -71.0505375897587044 42.3550749356332474, -71.0503687954002316 42.3550042087780980)","{""class"": ""service"", ""subclass"": ""parking_aisle"", ""names_lr"": [{""between"": [0.0, 1.0], ""value"": null}], ""subclass_lr"": [{""between"": [0.0, 1.0], ""value"": ""parking_aisle""}], ""level_lr"": [{""between"": [0.0, 1.0], ""value"": 0}], ""road_flags_lr"": [{""start"": 0.0, ""end"": 1.0, ""value"": []}]}","{""class"": ""footway"", ""subclass"": ""sidewalk""}"
705279fe-a95d-457b-8658-f2d99899eeec,boston_sidewalk_62389,"LINESTRING (-71.0600311999999974 42.3615934999999979, -71.0598044999999985 42.3613518000000013)","LINESTRING (-71.0598247849957545 42.3613889316409313, -71.0597776078894299 42.3613336182058688)","{""class"": ""footway"", ""names_lr"": [{""between"": [0.0, 1.0], ""value"": null}], ""subclass_lr"": [{""between"": [0.0, 1.0], ""value"": null}], ""level_lr"": [{""between"": [0.0, 1.0], ""value"": 0}], ""road_flags_lr"": [{""start"": 0.0, ""end"": 1.0, ""value"": []}]}","{""class"": ""footway"", ""subclass"": ""sidewalk""}"
c1df4096-1b78-4616-9e1d-9b04af02931c,boston_sidewalk_102960,"LINESTRING (-71.0635558000000032 42.3594283999999988, -71.0635603000000060 42.3594925000000018, -71.0636037000000016 42.3600679999999983, -71.0636314999999996 42.3603369000000001)","LINESTRING (-71.0637555842631485 42.3610890276105394, -71.0637548326385797 42.3610881766864438, -71.0637539452338416 42.3610867715689423, -71.0637533339306202 42.3610852882732161, -71.0637530106690463 42.3610837556538016, -71.0637104126445394 42.3607109658285950, -71.0637079020170290 42.3606877666331201, -71.0637038004803685 42.3606498803721578, -71.0636739261489510 42.3603647261895802, -71.0636689581503305 42.3603173025646882, -71.0636680743542968 42.3603088643933461, -71.0636522019952963 42.3599940852366856, -71.0636010933909716 42.3594993546761884, -71.0636010736343167 42.3594990512033860, -71.0636011510977426 42.3594975002971452, -71.0636015233697407 42.3594959739170704, -71.0636021805343887 42.3594945017351705, -71.0636030280493429 42.3594932391428571)","{""name"": ""Temple Street"", ""class"": ""residential"", ""names_lr"": [{""between"": [0.0, 1.0], ""value"": ""Temple Street""}], ""subclass_lr"": [{""between"": [0.0, 1.0], ""value"": null}], ""level_lr"": [{""between"": [0.0, 1.0], ""value"": 0}], ""road_flags_lr"": [{""start"": 0.0, ""end"": 1.0, ""value"": []}]}","{""class"": ""footway"", ""subclass"": ""sidewalk""}"
37946574-0e58-4691-a0f3-7897de8e1e2d,boston_sidewalk_12248,"LINESTRING (-71.0617852999999968 42.3575216999999995, -71.0618276000000009 42.3574637999999979, -71.0618702000000013 42.3574109999999990, -71.0617890999999986 42.3573658999999978)","LINESTRING (-71.0617840599505968 42.3575221001669178, -71.0617423265626655 42.3574912016079708, -71.0617355863207507 42.3574865979433142, -71.0617295804913027 42.3574814650052076, -71.0617243838888442 42.3574758669994367, -71.0617200627936825 42.3574698735011594, -71.0617166700901493 42.3574635603364129, -71.0617131086795837 42.3574561931883409, -71.0617104092841743 42.3574486258596110, -71.0617085921458198 42.3574409151457658, -71.0617076714371478 42.3574331178192054, -71.0617073627235811 42.3574310720822140, -71.0617072602741189 42.3574195785790479)","{""class"": ""path"", ""names_lr"": [{""between"": [0.0, 1.0], ""value"": null}], ""subclass_lr"": [{""between"": [0.0, 1.0], ""value"": null}], ""level_lr"": [{""between"": [0.0, 1.0], ""value"": 0}], ""road_flags_lr"": [{""start"": 0.0, ""end"": 1.0, ""value"": []}]}","{""class"": ""footway"", ""subclass"": ""sidewalk""}"
02624f14-c0f4-48c4-878a-a7ecf8ef8240,boston_sidewalk_1144,"LINESTRING (-71.0593264000000033 42.3525619999999989, -71.0593243999999942 42.3525151999999991, -71.0593211999999994 42.3524457999999981)","LINESTRING (-71.0594701485822640 42.3524708680123609, -71.0594699539044825 42.3524772116238424, -71.0594669092566136 42.3525764715499236, -71.0594666094808645 42.3525862295659081)","{""class"": ""footway"", ""subclass"": ""crosswalk"", ""names_lr"": [{""between"": [0.0, 1.0], ""value"": null}], ""subclass_lr"": [{""between"": [0.0, 1.0], ""value"": ""crosswalk""}], ""level_lr"": [{""between"": [0.0, 1.0], ""value"": 0}], ""road_flags_lr"": [{""start"": 0.0, ""end"": 1.0, ""value"": []}]}","{""class"": ""footway"", ""subclass"": ""crosswalk""}"
9571b0bd-062f-43e5-bef8-ec1645f81345,boston_sidewalk_21261,"LINESTRING (-71.0814670000000035 42.3535771999999966, -71.0793644999999970 42.3541366999999980)","LINESTRING (-71.0793675260276103 42.3541256021934203, -71.0793683590625420 42.3541260940981985, -71.0793699399259253 42.3541267489900335, -71.0793716434948379 42.3541272044661525, -71.0793734249376001 42.3541274486588364, -71.0793752357455446 42.3541274750885250, -71.0793770273799481 42.3541272817772239, -71.0793784435547309 42.3541269655533767, -71.0794442864026905 42.3541086333694992, -71.0797810270433388 42.3540149260192962, -71.0798790768457565 42.3539844709207500, -71.0799491929888347 42.3539626915423639, -71.0799572972037907 42.3539601742221876, -71.0802675474030252 42.3538776754365927)","{""class"": ""footway"", ""subclass"": ""sidewalk"", ""names_lr"": [{""between"": [0.0, 1.0], ""value"": null}], ""subclass_lr"": [{""between"": [0.0, 1.0], ""value"": ""sidewalk""}], ""level_lr"": [{""between"": [0.0, 1.0], ""value"": 0}], ""road_flags_lr"": [{""start"": 0.0, ""end"": 1.0, ""value"": []}]}","{""class"": ""footway"", ""subclass"": ""sidewalk""}"
a3e85b54-0209-42f8-9b39-03682b17f432,boston_sidewalk_74839,"LINESTRING (-71.0531103999999942 42.3584716000000014, -71.0522811000000019 42.3586024000000023)","LINESTRING (-71.0523077179963707 42.3587084663691797, -71.0523079166849811 42.3587074921273654, -71.0523085863826651 42.3587056572402361, -71.0523095384173047 42.3587038927745496, -71.0523107568495362 42.3587022211755766, -71.0523122281676649 42.3587006648979951, -71.0523139303695217 42.3586992454630575, -71.0523158426984907 42.3586979798955880, -71.0523179383161079 42.3586968869971443, -71.0523201892081033 42.3586959801630698, -71.0523225673731673 42.3586952709880933, -71.0523250387406051 42.3586947710434458, -71.0532418455240560 42.3585506920237691, -71.0532495511456403 42.3585495038632374, -71.0532535855444536 42.3585488938328254)","{""class"": ""footway"", ""subclass"": ""sidewalk"", ""names_lr"": [{""between"": [0.0, 1.0], ""value"": null}], ""subclass_lr"": [{""between"": [0.0, 1.0], ""value"": ""sidewalk""}], ""level_lr"": [{""between"": [0.0, 1.0], ""value"": 0}], ""road_flags_lr"": [{""start"": 0.0, ""end"": 1.0, ""value"": []}]}","{""class"": ""footway"", ""subclass"": ""sidewalk""}"
d339a45d-61a5-468a-b782-cceef546e839,boston_sidewalk_1873,"LINESTRING (-71.0673316000000028 42.3524535000000029, -71.0673263999999989 42.3525271999999973, -71.0673194000000024 42.3525752999999980, -71.0673144999999948 42.3525947999999985)","LINESTRING (-71.0673145736538743 42.3525963126878509, -71.0672533505068458 42.3526343915148473, -71.0672391399438794 42.3526432293160369)","{""class"": ""footway"", ""subclass"": ""crosswalk"", ""names_lr"": [{""between"": [0.0, 1.0], ""value"": null}], ""subclass_lr"": [{""between"": [0.0, 1.0], ""value"": ""crosswalk""}], ""level_lr"": [{""between"": [0.0, 1.0], ""value"": 0}], ""road_flags_lr"": [{""start"": 0.0, ""end"": 1.0, ""value"": []}]}","{""class"": ""footway"", ""subclass"": ""crosswalk""}"
866b3959-47b6-42ac-b1a0-c31f8109f3d1,boston_sidewalk_5669,"LINESTRING (-71.0557297999999946 42.3638784999999984, -71.0557213000000019 42.3638922000000022, -71.0557086000000027 42.3639128000000014, -71.0556998999999934 42.3639270999999979, -71.0556289000000021 42.3640497999999965, -71.0556064000000021 42.3641124999999974, -71.0556026000000003 42.3641294000000030, -71.0555942999999957 42.3641661999999997)","LINESTRING (-71.0557367866587697 42.3638697132599589, -71.0557011938274314 42.3639265785252235)","{""class"": ""footway"", ""names_lr"": [{""between"": [0.0, 1.0], ""value"": null}], ""subclass_lr"": [{""between"": [0.0, 0.12316202], ""value"": ""crosswalk""}, {""between"": [0.12316202, 0.822157921], ""value"": ""sidewalk""}, {""between"": [0.822157921, 1.0], ""value"": ""crosswalk""}], ""level_lr"": [{""between"": [0.0, 1.0], ""value"": 0}], ""road_flags_lr"": [{""start"": 0.0, ""end"": 1.0, ""value"": []}]}","{""class"": ""footway"", ""subclass"": ""crosswalk""}"
1a7b2abb-13e3-4326-aed5-f703d9a92835,boston_sidewalk_103926,"LINESTRING (-71.0579405999999949 42.3547068000000024, -71.0578136000000029 42.3548220999999998, -71.0576970000000046 42.3549415000000025, -71.0576515000000057 42.3549865999999966, -71.0576168999999993 42.3550036999999975, -71.0575853999999936 42.3550060999999971, -71.0575563000000017 42.3549964999999986, -71.0575395999999984 42.3549788999999990, -71.0575271000000015 42.3546772999999988, -71.0575263000000064 42.3546596999999991, -71.0575213999999988 42.3545915999999991)","LINESTRING (-71.0577527249444216 42.3548856224634420, -71.0577389979194010 42.3548988219650084, -71.0577322585022557 42.3549030364198202, -71.0577250319898610 42.3549067808492978, -71.0577173768639199 42.3549100239681096, -71.0577093576438159 42.3549127390155178, -71.0577010400311764 42.3549149037369261, -71.0576924921236639 42.3549165003882422, -71.0576837844152323 42.3549175157362967, -71.0576749873619775 42.3549179419493882, -71.0576661750362604 42.3549177748108718, -71.0576574202524256 42.3549170164015010, -71.0576487933722802 42.3549156723936306, -71.0576403659335085 42.3549137538660005, -71.0576322082222731 42.3549112772942493, -71.0576243868644326 42.3549082618408832, -71.0576169648004452 42.3549047329561645, -71.0576100061529701 42.3549007205965893, -71.0576035653218838 42.3548962564816094, -71.0575976966691059 42.3548913777324429, -71.0575924484688528 42.3548861241477113, -71.0575878641086405 42.3548805400086650, -71.0575839809007306 42.3548746704735848, -71.0575808300632019 42.3548685642783056, -71.0575784391666474 42.3548622710450786, -71.0575763608178903 42.3548539830677981)","{""class"": ""footway"", ""subclass"": ""sidewalk"", ""names_lr"": [{""between"": [0.0, 1.0], ""value"": null}], ""subclass_lr"": [{""between"": [0.0, 1.0], ""value"": ""sidewalk""}], ""level_lr"": [{""between"": [0.0, 1.0], ""value"": 0}], ""road_flags_lr"": [{""start"": 0.0, ""end"": 1.0, ""value"": []}]}","{""class"": ""footway"", ""subclass"": ""sidewalk""}"
5865f458-4e5b-423c-ae27-2a389090fead,boston_sidewalk_92102,"LINESTRING (-71.0568638999999962 42.3533773999999994, -71.0567635000000024 42.3533260000000027, -71.0566646000000048 42.3532812999999990)","LINESTRING (-71.0566442722132763 42.3532324835213458, -71.0566408843749855 42.3532295643175303, -71.0566353899133816 42.3532257078902532, -71.0564737474074661 42.3531558953324065)","{""class"": ""footway"", ""subclass"": ""crosswalk"", ""names_lr"": [{""between"": [0.0, 1.0], ""value"": null}], ""subclass_lr"": [{""between"": [0.0, 1.0], ""value"": ""crosswalk""}], ""level_lr"": [{""between"": [0.0, 1.0], ""value"": 0}], ""road_flags_lr"": [{""start"": 0.0, ""end"": 1.0, ""value"": []}]}","{""class"": ""footway"", ""subclass"": ""sidewalk""}"
f5d80991-b6e0-4bab-b7d7-63c69d75be26,boston_sidewalk_72540,"LINESTRING (-71.0757150000000024 42.3515167999999989, -71.0756820000000005 42.3514531000000005, -71.0756480999999951 42.3513878999999989, -71.0755666999999960 42.3514108999999976, -71.0754842000000053 42.3514341999999999, -71.0755182999999988 42.3515001000000026, -71.0755510000000044 42.3515632000000011, -71.0756305000000026 42.3515407000000010)","LINESTRING (-71.0757996752791144 42.3513485248797679, -71.0757267243656230 42.3513684501806438, -71.0756556610630099 42.3513879709678207, -71.0756539169142201 42.3513883327507088, -71.0756521171580005 42.3513884800590574, -71.0756503091653542 42.3513884076659934, -71.0756485402531411 42.3513881184467920, -71.0756468589214876 42.3513876197829333, -71.0756453087796132 42.3513869244394314, -71.0756439321746569 42.3513860523788921, -71.0756427653732032 42.3513850253421396, -71.0756418385307569 42.3513838713495545, -71.0756413575016097 42.3513830242009064)","{""class"": ""footway"", ""subclass"": ""crosswalk"", ""names_lr"": [{""between"": [0.0, 1.0], ""value"": null}], ""subclass_lr"": [{""between"": [0.0, 1.0], ""value"": ""crosswalk""}], ""level_lr"": [{""between"": [0.0, 1.0], ""value"": 0}], ""road_flags_lr"": [{""start"": 0.0, ""end"": 1.0, ""value"": []}]}","{""class"": ""footway"", ""subclass"": ""sidewalk""}"
41ff8be1-350d-4fc7-bf0b-577ded8abb69,boston_sidewalk_103770,"LINESTRING (-71.0605374000000012 42.3656914000000029, -71.0605793999999946 42.3656676000000019, -71.0606300999999974 42.3656389000000004)","LINESTRING (-71.0609779001905366 42.3654547501109064, -71.0606625288031779 42.3656266697433637)","{""class"": ""footway"", ""subclass"": ""crosswalk"", ""names_lr"": [{""between"": [0.0, 1.0], ""value"": null}], ""subclass_lr"": [{""between"": [0.0, 1.0], ""value"": ""crosswalk""}], ""level_lr"": [{""between"": [0.0, 1.0], ""value"": 0}], ""road_flags_lr"": [{""start"": 0.0, ""end"": 1.0, ""value"": []}]}","{""class"": ""footway"", ""subclass"": ""sidewalk""}"
cde9962c-9250-40c8-9966-a0da8cf62a71,boston_sidewalk_22780,"LINESTRING (-71.0609938000000056 42.3637256000000022, -71.0610530000000011 42.3636885000000021, -71.0611049999999977 42.3636557999999965, -71.0611169000000018 42.3636484000000024)","LINESTRING (-71.0611599509741723 42.3634972414972282, -71.0611601193800198 42.3634995648870287, -71.0611597508730597 42.3635024615133347, -71.0611588122990128 42.3635052857419296, -71.0611573234993870 42.3635079773291352, -71.0611553164489180 42.3635104769778366, -71.0611530086975733 42.3635125739500111, -71.0610408653098631 42.3635812954529314, -71.0610386198952284 42.3635822808029729, -71.0610376151886385 42.3635825632605858)","{""class"": ""footway"", ""subclass"": ""crosswalk"", ""names_lr"": [{""between"": [0.0, 1.0], ""value"": null}], ""subclass_lr"": [{""between"": [0.0, 1.0], ""value"": ""crosswalk""}], ""level_lr"": [{""between"": [0.0, 1.0], ""value"": 0}], ""road_flags_lr"": [{""start"": 0.0, ""end"": 1.0, ""value"": []}]}","{""class"": ""footway"", ""subclass"": ""sidewalk""}"
a09c706b-15b3-4481-9343-93838c20ab45,boston_sidewalk_103326,"LINESTRING (-71.0650880999999970 42.3610545000000016, -71.0650366999999932 42.3600664000000009, -71.0650217000000026 42.3598578000000003, -71.0650078999999977 42.3596071999999992, -71.0649944000000033 42.3593899999999977)","LINESTRING (-71.0651820023957015 42.3610320085618710, -71.0651817783558641 42.3610306941918608, -71.0651817556930041 42.3610304591305251, -71.0651673695207364 42.3608602022275207, -71.0651573662100589 42.3607080586162041, -71.0651454024998088 42.3605144114188477, -71.0651428932831237 42.3604738024524394, -71.0651301627415251 42.3602677544490618, -71.0651220049997079 42.3602137548140476, -71.0651205968248547 42.3602001632117222, -71.0651182815166322 42.3601009803005581, -71.0651182544092705 42.3600998026185849, -71.0651184507329248 42.3600979082503102, -71.0651189394098566 42.3600960428964299, -71.0651197154111571 42.3600942317461246, -71.0651207664370332 42.3600924981604408, -71.0651220801754988 42.3600908673008831, -71.0651221131730608 42.3600908350151997, -71.0651236394959653 42.3600893589091001, -71.0651254211924339 42.3600879936039689, -71.0651274044989805 42.3600867902130176, -71.0651292386484528 42.3600859175648878)","{""class"": ""footway"", ""subclass"": ""sidewalk"", ""names_lr"": [{""between"": [0.0, 1.0], ""value"": null}], ""subclass_lr"": [{""between"": [0.0, 1.0], ""value"": ""sidewalk""}], ""level_lr"": [{""between"": [0.0, 1.0], ""value"": 1}], ""road_flags_lr"": [{""start"": 0.0, ""end"": 1.0, ""value"": []}]}","{""class"": ""footway"", ""subclass"": ""sidewalk""}"
97fcb960-9c60-4c6d-a903-e66da83f5f07,boston_sidewalk_74821,"LINESTRING (-71.0534078000000022 42.3536355000000029, -71.0534358000000026 42.3536197000000030, -71.0535205999999988 42.3535778999999977, -71.0535976000000034 42.3535384999999991, -71.0536230000000018 42.3535255000000035)","LINESTRING (-71.0534172386282137 42.3536326168515060, -71.0534191025936934 42.3536349108318149, -71.0534218006314120 42.3536394119660713, -71.0534237300573608 42.3536441252852427, -71.0534248598157347 42.3536489795456887, -71.0534251746549756 42.3536538999640086, -71.0534246678199111 42.3536588117896997, -71.0534233483402886 42.3536636394333073, -71.0534212361508821 42.3536683100486187, -71.0534183621100937 42.3536727508316417, -71.0534147715970335 42.3536768953370526, -71.0534105196818331 42.3536806798578951, -71.0534056711130688 42.3536840452262027, -71.0533720275102638 42.3537055071697424, -71.0533682977745826 42.3537073643912265)","{""class"": ""footway"", ""subclass"": ""crosswalk"", ""names_lr"": [{""between"": [0.0, 1.0], ""value"": null}], ""subclass_lr"": [{""between"": [0.0, 1.0], ""value"": ""crosswalk""}], ""level_lr"": [{""between"": [0.0, 1.0], ""value"": 0}], ""road_flags_lr"": [{""start"": 0.0, ""end"": 1.0, ""value"": []}]}","{""class"": ""footway"", ""subclass"": ""sidewalk""}"
f97b9f8d-41da-4999-a47d-d13894f7c9bb,boston_sidewalk_103906,"LINESTRING (-71.0577466000000015 42.3588966000000013, -71.0578447000000040 42.3588864000000029, -71.0585822999999976 42.3590433000000033, -71.0586117000000002 42.3590498000000011, -71.0588525999999945 42.3591450999999992, -71.0592546999999968 42.3592951999999983, -71.0594124999999934 42.3593370999999976, -71.0595146999999940 42.3593797999999992, -71.0595986000000011 42.3594261000000003, -71.0596357000000012 42.3594785000000016, -71.0596594000000010 42.3595382000000029, -71.0596922000000006 42.3596612999999991)","LINESTRING (-71.0594735019044066 42.3594000003484439, -71.0594683659726059 42.3593968521660074, -71.0594609653013123 42.3593926014551556, -71.0594533886054620 42.3593885265265371, -71.0594456407091855 42.3593846318999994, -71.0594377313045271 42.3593809203134697, -71.0594296676433430 42.3593773962962672, -71.0594214569898810 42.3593740625769328, -71.0589557722806262 42.3591920286803187, -71.0588430090250398 42.3591479500973875, -71.0586710988469150 42.3590807500564281, -71.0586177384249851 42.3590598917106576, -71.0585739431233208 42.3590451767252034)","{""class"": ""footway"", ""subclass"": ""sidewalk"", ""names_lr"": [{""between"": [0.0, 1.0], ""value"": null}], ""subclass_lr"": [{""between"": [0.0, 1.0], ""value"": ""sidewalk""}], ""level_lr"": [{""between"": [0.0, 1.0], ""value"": 0}], ""road_flags_lr"": [{""start"": 0.0, ""end"": 1.0, ""value"": []}]}","{""class"": ""footway"", ""subclass"": ""sidewalk""}"
eecbc2ea-2ca2-4808-a276-da55e09f028f,boston_sidewalk_5748,"LINESTRING (-71.0604948999999948 42.3639214999999965, -71.0604385000000036 42.3639500000000027, -71.0603863999999987 42.3639757999999986)","LINESTRING (-71.0604781278943989 42.3640504029739375, -71.0605672930331167 42.3639979542947387)","{""class"": ""footway"", ""subclass"": ""crosswalk"", ""names_lr"": [{""between"": [0.0, 1.0], ""value"": null}], ""subclass_lr"": [{""between"": [0.0, 1.0], ""value"": ""crosswalk""}], ""level_lr"": [{""between"": [0.0, 1.0], ""value"": 0}], ""road_flags_lr"": [{""start"": 0.0, ""end"": 1.0, ""value"": []}]}","{""class"": ""footway"", ""subclass"": ""crosswalk""}"
4cac7b56-897d-4ab4-bfa4-43885af2ac33,boston_sidewalk_108494,"LINESTRING (-71.0521243000000027 42.3637523000000016, -71.0520927999999969 42.3637817999999982, -71.0520262999999943 42.3638582999999969, -71.0519730999999979 42.3639208999999965, -71.0519247999999948 42.3639974000000024, -71.0518890999999968 42.3640682999999996, -71.0518653000000029 42.3641251999999966, -71.0518485000000055 42.3641748000000007)","LINESTRING (-71.0519796448790402 42.3636915747879215, -71.0519787996130532 42.3636933360639532, -71.0519776670302718 42.3636950413030675, -71.0519762778556299 42.3636966375079282, -71.0519760418866611 42.3636968733650150, -71.0519639640425993 42.3637086912404399, -71.0519436348102573 42.3637295852056397, -71.0519239707941352 42.3637508265697420, -71.0519049854245281 42.3637724045821074, -71.0518866885026199 42.3637943066770859, -71.0518690886031550 42.3638165220849032, -71.0518521967541687 42.3638390364443183, -71.0518397711372955 42.3638601808568893, -71.0518281510423293 42.3638815750863529, -71.0518173438683647 42.3639032029565286, -71.0518073594553954 42.3639250465001709, -71.0517982052026724 42.3639470895411421, -71.0517241385609708 42.3641228625114650, -71.0517233744414511 42.3641243062994093, -71.0517223439086223 42.3641256563190822, -71.0517222656795155 42.3641257316385520)","{""class"": ""footway"", ""subclass"": ""sidewalk"", ""names_lr"": [{""between"": [0.0, 1.0], ""value"": null}], ""subclass_lr"": [{""between"": [0.0, 1.0], ""value"": ""sidewalk""}], ""level_lr"": [{""between"": [0.0, 1.0], ""value"": 0}], ""road_flags_lr"": [{""start"": 0.0, ""end"": 1.0, ""value"": []}]}","{""class"": ""footway"", ""subclass"": ""sidewalk""}"
9f1d520b-52c3-4d50-94c2-e9ca3d934b79,boston_sidewalk_22912,"LINESTRING (-71.0647292999999962 42.3517219000000011, -71.0646117999999944 42.3517069999999975, -71.0644908999999956 42.3516923000000034, -71.0643508999999938 42.3516750000000002, -71.0642706999999945 42.3516659000000004)","LINESTRING (-71.0634505885817305 42.3515364099064016, -71.0634597538104629 42.3515374332204928, -71.0635221553349652 42.3515431897831292, -71.0638585582638314 42.3515842950804782, -71.0642397802844812 42.3516307216094461, -71.0643156112165286 42.3516399560408203, -71.0646301456662997 42.3516782600390727, -71.0646308297574478 42.3516783274501023, -71.0646326404952902 42.3516783532116960, -71.0646326830064368 42.3516783488711965)","{""name"": ""LaGrange Street"", ""class"": ""residential"", ""names_lr"": [{""between"": [0.0, 1.0], ""value"": ""LaGrange Street""}], ""subclass_lr"": [{""between"": [0.0, 1.0], ""value"": null}], ""level_lr"": [{""between"": [0.0, 1.0], ""value"": 0}], ""road_flags_lr"": [{""start"": 0.0, ""end"": 1.0, ""value"": []}]}","{""class"": ""footway"", ""subclass"": ""sidewalk""}"
1d0822ee-e00f-4374-be27-3189af1dd018,boston_sidewalk_13125,"LINESTRING (-71.0644963999999959 42.3522808000000026, -71.0646286000000060 42.3517614000000009, -71.0646064999999965 42.3517337999999981, -71.0642648999999977 42.3516943999999995, -71.0639340999999973 42.3516548999999998, -71.0637662000000034 42.3516349000000005, -71.0636559000000005 42.3516217000000026, -71.0635352999999981 42.3516077000000024, -71.0633488999999940 42.3516029999999972, -71.0633392999999955 42.3516021000000009, -71.0628899000000018 42.3515615999999966)","LINESTRING (-71.0628932028642311 42.3515399391837093, -71.0628939674474651 42.3515395990787482, -71.0628961096708309 42.3515389022930577, -71.0628983524281779 42.3515384111559854, -71.0629006604657718 42.3515381336362040, -71.0629029985486227 42.3515380750015140, -71.0629053266178232 42.3515382359999677, -71.0629718556035499 42.3515459900924753, -71.0634831479096647 42.3516096876253840, -71.0635866009505861 42.3516214230652324, -71.0639182063857504 42.3516607670134420, -71.0639571676560706 42.3516643034553226, -71.0639837209808007 42.3516671041147177, -71.0640079557011290 42.3516696024819552, -71.0640848823978359 42.3516783469596305, -71.0641529192876220 42.3516860808754600, -71.0642278824256977 42.3516981371910362)","{""class"": ""footway"", ""subclass"": ""sidewalk"", ""names_lr"": [{""between"": [0.0, 1.0], ""value"": null}], ""subclass_lr"": [{""between"": [0.0, 1.0], ""value"": ""sidewalk""}], ""level_lr"": [{""between"": [0.0, 1.0], ""value"": 1}], ""road_flags_lr"": [{""start"": 0.0, ""end"": 1.0, ""value"": []}]}","{""class"": ""footway"", ""subclass"": ""sidewalk""}"
26a1cd40-4881-438c-81b2-6fa6d2bf6469,boston_sidewalk_2050,"LINESTRING (-71.0720558999999952 42.3574786000000003, -71.0720546999999954 42.3574150000000031, -71.0720538000000062 42.3573629999999994)","LINESTRING (-71.0719089626179255 42.3575110923000722, -71.0719088542506796 42.3575080921294997, -71.0719050635969722 42.3574034795941685, -71.0719046544669339 42.3573921875307207)","{""class"": ""footway"", ""subclass"": ""crosswalk"", ""names_lr"": [{""between"": [0.0, 1.0], ""value"": null}], ""subclass_lr"": [{""between"": [0.0, 1.0], ""value"": ""crosswalk""}], ""level_lr"": [{""between"": [0.0, 1.0], ""value"": 0}], ""road_flags_lr"": [{""start"": 0.0, ""end"": 1.0, ""value"": []}]}","{""class"": ""footway"", ""subclass"": ""crosswalk""}"
2c76bbcc-e631-4e23-9da0-308b13bab668,boston_sidewalk_103969,"LINESTRING (-71.0571982999999960 42.3637978000000004, -71.0572035000000000 42.3638396999999998, -71.0572080999999969 42.3638797999999994)","LINESTRING (-71.0573363371022282 42.3637887766518872, -71.0573518484335693 42.3638777336627257)","{""class"": ""footway"", ""subclass"": ""crosswalk"", ""names_lr"": [{""between"": [0.0, 1.0], ""value"": null}], ""subclass_lr"": [{""between"": [0.0, 1.0], ""value"": ""crosswalk""}], ""level_lr"": [{""between"": [0.0, 1.0], ""value"": 0}], ""road_flags_lr"": [{""start"": 0.0, ""end"": 1.0, ""value"": []}]}","{""class"": ""footway"", ""subclass"": ""crosswalk""}"
cf21e744-3727-4822-a4ca-294884880e51,boston_sidewalk_103500,"LINESTRING (-71.0568042999999960 42.3588803000000027, -71.0569021999999961 42.3588431000000014, -71.0569265000000030 42.3588318999999984, -71.0569481999999937 42.3588195999999968, -71.0569950999999946 42.3587883000000005, -71.0571862000000039 42.3586693000000025, -71.0572008000000039 42.3586596999999969, -71.0572145000000006 42.3586493999999973, -71.0572262000000023 42.3586396999999977, -71.0572353999999962 42.3586304999999967, -71.0572446999999983 42.3586194000000020, -71.0572501000000045 42.3586104999999975, -71.0572540999999944 42.3586004000000003, -71.0572563000000059 42.3585898999999984, -71.0572669000000019 42.3584570000000014, -71.0572805999999986 42.3582819000000015, -71.0573286000000053 42.3576356000000018, -71.0573320000000024 42.3575799999999987)","LINESTRING (-71.0573242859709353 42.3585827529353836, -71.0573222035923777 42.3585802322082614, -71.0573209523023195 42.3585774247864890, -71.0573205990305041 42.3585744803759141, -71.0573242479013487 42.3585548869868447, -71.0573244347597921 42.3585531636491197, -71.0573282831783075 42.3585302066410136, -71.0573319597090887 42.3584749141248835, -71.0573357012449662 42.3584186576466095, -71.0573359726588620 42.3584150854368460, -71.0573600700199393 42.3580976924017563, -71.0573811462819265 42.3577203787486809, -71.0573876819516528 42.3576296104539551, -71.0573877825873552 42.3576289329221609)","{""name"": ""Devonshire Street"", ""class"": ""secondary"", ""names_lr"": [{""between"": [0.0, 1.0], ""value"": ""Devonshire Street""}], ""subclass_lr"": [{""between"": [0.0, 1.0], ""value"": null}], ""level_lr"": [{""between"": [0.0, 1.0], ""value"": 0}], ""road_flags_lr"": [{""start"": 0.0, ""end"": 1.0, ""value"": []}]}","{""class"": ""footway"", ""subclass"": ""sidewalk""}"
5b81cb33-e30f-482e-a14d-491eabd64aca,boston_sidewalk_102467,"LINESTRING (-71.0743479000000065 42.3541146000000026, -71.0745030000000071 42.3544216000000020, -71.0745122000000009 42.3544399000000027, -71.0745215999999971 42.3544594999999973, -71.0746733000000006 42.3547634999999971)","LINESTRING (-71.0745124228376852 42.3544587482202246, -71.0745125285327504 42.3544587342066521, -71.0745143384007889 42.3544587210966128, -71.0745161285909433 42.3544589266843943, -71.0745178493749279 42.3544593453842850, -71.0745194559217452 42.3544599653265550, -71.0745209046387316 42.3544607710450904, -71.0745221568242300 42.3544617416899314, -71.0745226219741113 42.3544622439725771, -71.0745231811080060 42.3544628492360573, -71.0745239473273216 42.3544640665631533, -71.0745943827998872 42.3546047292786199)","{""class"": ""footway"", ""names_lr"": [{""between"": [0.0, 1.0], ""value"": null}], ""subclass_lr"": [{""between"": [0.0, 0.47357343], ""value"": ""sidewalk""}, {""between"": [0.47357343, 0.531827383], ""value"": ""crosswalk""}, {""between"": [0.531827383, 1.0], ""value"": ""sidewalk""}], ""level_lr"": [{""between"": [0.0, 1.0], ""value"": 0}], ""road_flags_lr"": [{""start"": 0.0, ""end"": 1.0, ""value"": []}]}","{""class"": ""footway"", ""subclass"": ""sidewalk""}"
d9e2b05c-035c-4582-80b3-f87802aacd0c,boston_sidewalk_5480,"LINESTRING (-71.0601664000000000 42.3503696000000005, -71.0598533999999944 42.3502823000000035)","LINESTRING (-71.0602643588557896 42.3504057297524525, -71.0601512750221218 42.3503758423919123)","{""class"": ""footway"", ""subclass"": ""sidewalk"", ""names_lr"": [{""between"": [0.0, 1.0], ""value"": null}], ""subclass_lr"": [{""between"": [0.0, 1.0], ""value"": ""sidewalk""}], ""level_lr"": [{""between"": [0.0, 1.0], ""value"": 0}], ""road_flags_lr"": [{""start"": 0.0, ""end"": 1.0, ""value"": []}]}","{""class"": ""footway"", ""subclass"": ""crosswalk""}"
b810e679-9ec8-4431-9cc1-9bb1c33063f6,boston_sidewalk_1258,"LINESTRING (-71.0668304000000006 42.3593157000000033, -71.0668333999999930 42.3593410000000006, -71.0668409000000025 42.3595304999999982, -71.0668430999999998 42.3595670999999996)","LINESTRING (-71.0667802791759300 42.3595316712125012, -71.0667805894406825 42.3595377700463018, -71.0667842789080595 42.3596102068825360, -71.0667846682910493 42.3596178698181305)","{""name"": ""Garden Street"", ""class"": ""residential"", ""names_lr"": [{""between"": [0.0, 1.0], ""value"": ""Garden Street""}], ""subclass_lr"": [{""between"": [0.0, 1.0], ""value"": null}], ""level_lr"": [{""between"": [0.0, 1.0], ""value"": 0}], ""road_flags_lr"": [{""start"": 0.0, ""end"": 1.0, ""value"": []}]}","{""class"": ""footway"", ""subclass"": ""crosswalk""}"
c71b9627-6687-4b3a-8900-157ee1c03412,boston_sidewalk_12464,"LINESTRING (-71.0708091999999994 42.3538867999999979, -71.0708240999999958 42.3539067999999972, -71.0708434999999952 42.3539253000000002, -71.0708719999999943 42.3539422999999999, -71.0709039999999987 42.3539512999999985, -71.0709360999999973 42.3539537999999993, -71.0709678999999994 42.3539529999999971, -71.0709983999999935 42.3539470999999992)","LINESTRING (-71.0705841861216783 42.3539434356887767, -71.0706845720875862 42.3539165433831997, -71.0708044361468581 42.3538851105967353)","{""class"": ""footway"", ""names_lr"": [{""between"": [0.0, 1.0], ""value"": null}], ""subclass_lr"": [{""between"": [0.0, 1.0], ""value"": null}], ""level_lr"": [{""between"": [0.0, 1.0], ""value"": 0}], ""road_flags_lr"": [{""start"": 0.0, ""end"": 1.0, ""value"": []}]}","{""class"": ""footway"", ""subclass"": ""sidewalk""}"
6767101a-68e0-4d65-bf04-465e202e14ce,boston_sidewalk_103712,"LINESTRING (-71.0555446000000046 42.3556128999999970, -71.0555908000000045 42.3556655000000006, -71.0556301000000019 42.3557077999999976)","LINESTRING (-71.0558856082109713 42.3559527080326177, -71.0556316604274372 42.3557208860163357)","{""class"": ""footway"", ""subclass"": ""crosswalk"", ""names_lr"": [{""between"": [0.0, 1.0], ""value"": null}], ""subclass_lr"": [{""between"": [0.0, 1.0], ""value"": ""crosswalk""}], ""level_lr"": [{""between"": [0.0, 1.0], ""value"": 0}], ""road_flags_lr"": [{""start"": 0.0, ""end"": 1.0, ""value"": []}]}","{""class"": ""footway"", ""subclass"": ""sidewalk""}"
f07a1bc4-8a7c-4f6b-9fae-429d6788b98e,boston_sidewalk_103088,"LINESTRING (-71.0540266000000003 42.3552362000000002, -71.0539734999999979 42.3552891000000002, -71.0533271000000042 42.3559084999999982, -71.0533080999999953 42.3559277000000023, -71.0532701000000060 42.3559680999999983, -71.0532450000000040 42.3559972999999985, -71.0532206000000031 42.3560303000000005, -71.0532000000000039 42.3560681000000017)","LINESTRING (-71.0540326973789860 42.3553533022846906, -71.0540317580004768 42.3553531131817280, -71.0540285019239093 42.3553526828193796, -71.0540252054639438 42.3553524710712210, -71.0540218977578917 42.3553524771499212, -71.0540186030687835 42.3553527029501851, -71.0540153493263489 42.3553531467797271, -71.0540121620582426 42.3553538033357597, -71.0540090655655803 42.3553546691114988, -71.0540060866087515 42.3553557361079527, -71.0540032483004893 42.3553569972125032, -71.0540005737916687 42.3553584399108942, -71.0539980825662667 42.3553600552757814, -71.0539957965741280 42.3553618289875615, -71.0539947277944322 42.3553627773510684, -71.0536302018612673 42.3557017921167756, -71.0535536418998106 42.3557805963498240)","{""name"": ""High Street"", ""class"": ""secondary"", ""names_lr"": [{""between"": [0.0, 1.0], ""value"": ""High Street""}], ""subclass_lr"": [{""between"": [0.0, 1.0], ""value"": null}], ""level_lr"": [{""between"": [0.0, 1.0], ""value"": 0}], ""road_flags_lr"": [{""start"": 0.0, ""end"": 1.0, ""value"": []}]}","{""class"": ""footway"", ""subclass"": ""sidewalk""}"
8b27794b-633d-41ab-a862-1024b1599336,boston_sidewalk_62198,"LINESTRING (-71.0794927000000030 42.3545257999999976, -71.0795229999999947 42.3545863000000011, -71.0795654000000070 42.3546708000000010, -71.0795836000000065 42.3547070999999988)","LINESTRING (-71.0795848356010964 42.3547245237324432, -71.0796135872815853 42.3547822132145697)","{""class"": ""cycleway"", ""names_lr"": [{""between"": [0.0, 1.0], ""value"": null}], ""subclass_lr"": [{""between"": [0.0, 1.0], ""value"": null}], ""level_lr"": [{""between"": [0.0, 1.0], ""value"": 0}], ""road_flags_lr"": [{""start"": 0.0, ""end"": 1.0, ""value"": []}]}","{""class"": ""footway"", ""subclass"": ""sidewalk""}"
734fc881-9762-414d-b1aa-307b2234a166,boston_sidewalk_22875,"LINESTRING (-71.0716541000000035 42.3587281000000004, -71.0717132000000049 42.3587283000000028, -71.0717882000000003 42.3587284999999980)","LINESTRING (-71.0722111131966159 42.3587089677886084, -71.0722103442436435 42.3587095897296209, -71.0722073939287213 42.3587116494223039, -71.0722042492911328 42.3587135445393059, -71.0722009261840100 42.3587152643361335, -71.0721974416622970 42.3587167998732639, -71.0721938164223417 42.3587181422247596, -71.0721900687146189 42.3587192851564822, -71.0721862180033810 42.3587202224388264, -71.0721822861746375 42.3587209487514258, -71.0721782926744368 42.3587214605654196, -71.0721742593765100 42.3587217543610848, -71.0721722548162376 42.3587218189272861, -71.0718101811098819 42.3587286073554594, -71.0718081260241803 42.3587286042054885, -71.0718048267183349 42.3587284199660701, -71.0718015628751800 42.3587280179884758, -71.0717983611750697 42.3587274019731055, -71.0717952458646494 42.3587265765117067, -71.0717922423984163 42.3587255471008461, -71.0717910102231514 42.3587250212451139)","{""class"": ""footway"", ""subclass"": ""crosswalk"", ""names_lr"": [{""between"": [0.0, 1.0], ""value"": null}], ""subclass_lr"": [{""between"": [0.0, 1.0], ""value"": ""crosswalk""}], ""level_lr"": [{""between"": [0.0, 1.0], ""value"": 0}], ""road_flags_lr"": [{""start"": 0.0, ""end"": 1.0, ""value"": []}]}","{""class"": ""footway"", ""subclass"": ""sidewalk""}"
b1456da9-6ff0-4255-82cf-f5dc12fa1da4,boston_sidewalk_102645,"LINESTRING (-71.0719698999999991 42.3596349000000032, -71.0713850000000065 42.3596421000000021, -71.0713843000000054 42.3596245000000025)","LINESTRING (-71.0712427425012692 42.3596609555511279, -71.0712427190777305 42.3596610085809431, -71.0712422863012421 42.3596627130168173, -71.0712421458909489 42.3596644446510595, -71.0712421586265037 42.3596648939431617, -71.0712458747049283 42.3597407860267126, -71.0712459159633312 42.3597413254541237, -71.0712462393563982 42.3597430435124878, -71.0712468531704644 42.3597447176390673, -71.0712477466636159 42.3597463207850780, -71.0712489054464243 42.3597478267884853, -71.0712503114632170 42.3597492130747426, -71.0712519430170033 42.3597504570556538, -71.0712537723288023 42.3597515379210421, -71.0712557703756573 42.3597524393574361, -71.0712579057004490 42.3597531459426904, -71.0712601455957156 42.3597536476516439, -71.0712624512784856 42.3597539353368049, -71.0712647887846742 42.3597540052704034, -71.0713949781315932 42.3597517797507805, -71.0717010239510643 42.3597453457526143, -71.0718347588576052 42.3597442285917367, -71.0718740240713487 42.3597440101480061, -71.0718763580262163 42.3597438873939751, -71.0718786509699498 42.3597435466170396, -71.0718808688652928 42.3597429948929474, -71.0718829740272895 42.3597422401838841, -71.0718849348160830 42.3597412940759455, -71.0718867183533831 42.3597401717516391, -71.0718882965922916 42.3597388920127003, -71.0718896451211890 42.3597374745745938, -71.0718907419319663 42.3597359427629456, -71.0718915686581880 42.3597343199169600, -71.0718921129782615 42.3597326329994104, -71.0718923409067429 42.3597312401992170, -71.0718927361497350 42.3597270076074324, -71.0718927736428157 42.3597266692380856, -71.0718931409079033 42.3597249564533342, -71.0718937955441277 42.3597232915533723, -71.0718947288777230 42.3597217006143580, -71.0718959237376993 42.3597202096806811, -71.0718973641791933 42.3597188430008487, -71.0718990257785492 42.3597176220908551, -71.0719008804887977 42.3597165657524144, -71.0719029014827299 42.3597156918914877, -71.0719050546745876 42.3597150147857135, -71.0719073060149213 42.3597145433113980, -71.0719096190205732 42.3597142872357679, -71.0719119572571003 42.3597142491241598, -71.0719496908981370 42.3597154077989657, -71.0719523692766586 42.3597155122980169, -71.0719549031239097 42.3597161663361845, -71.0719570900702990 42.3597173178437316, -71.0719587583550947 42.3597188761524421, -71.0719596289667948 42.3597204548998718)","{""class"": ""footway"", ""subclass"": ""sidewalk"", ""names_lr"": [{""between"": [0.0, 1.0], ""value"": null}], ""subclass_lr"": [{""between"": [0.0, 1.0], ""value"": ""sidewalk""}], ""level_lr"": [{""between"": [0.0, 1.0], ""value"": 0}], ""road_flags_lr"": [{""start"": 0.0, ""end"": 1.0, ""value"": []}]}","{""class"": ""footway"", ""subclass"": ""sidewalk""}"
bc3bb3a8-1465-4ff7-b136-f56aa71a0b61,boston_sidewalk_103682,"LINESTRING (-71.0595952000000040 42.3632721000000032, -71.0596247000000005 42.3632790999999997, -71.0603707000000071 42.3639569999999992, -71.0603863999999987 42.3639757999999986)","LINESTRING (-71.0600747273359161 42.3636939188360557, -71.0600873681593441 42.3637051424808533, -71.0602262883964215 42.3638284903503148, -71.0602339474862674 42.3638352907134887, -71.0602653934421369 42.3638632118865530, -71.0603802692131552 42.3639652099953139, -71.0603811158652832 42.3639660108879497, -71.0603825118072479 42.3639676034340837, -71.0603836508353908 42.3639693057338462, -71.0603840493821792 42.3639701274209841)","{""class"": ""footway"", ""subclass"": ""sidewalk"", ""names_lr"": [{""between"": [0.0, 1.0], ""value"": null}], ""subclass_lr"": [{""between"": [0.0, 1.0], ""value"": ""sidewalk""}], ""level_lr"": [{""between"": [0.0, 1.0], ""value"": 0}], ""road_flags_lr"": [{""start"": 0.0, ""end"": 1.0, ""value"": []}]}","{""class"": ""footway"", ""subclass"": ""sidewalk""}"
d6d288ba-c45d-4496-8425-ec847f308c5b,boston_sidewalk_2082,"LINESTRING (-71.0629576999999983 42.3595206999999974, -71.0629531999999955 42.3594847999999971, -71.0629476000000011 42.3594466999999995, -71.0629421999999948 42.3593976000000012, -71.0628872999999999 42.3594002999999972, -71.0628648999999939 42.3594013000000018, -71.0628391000000050 42.3594026000000028, -71.0628128999999973 42.3594021999999981, -71.0627678000000031 42.3594014000000030, -71.0627111000000014 42.3594003999999984)","LINESTRING (-71.0627073619125724 42.3594001150216783, -71.0627280463973108 42.3594005159720055, -71.0628033198809277 42.3594019725224342)","{""class"": ""footway"", ""subclass"": ""crosswalk"", ""names_lr"": [{""between"": [0.0, 1.0], ""value"": null}], ""subclass_lr"": [{""between"": [0.0, 1.0], ""value"": ""crosswalk""}], ""level_lr"": [{""between"": [0.0, 1.0], ""value"": 0}], ""road_flags_lr"": [{""start"": 0.0, ""end"": 1.0, ""value"": []}]}","{""class"": ""footway"", ""subclass"": ""crosswalk""}"
8633f139-0b60-4f83-b058-bda4ca528c0e,boston_sidewalk_102208,"LINESTRING (-71.0674127000000055 42.3675575999999978, -71.0673814000000021 42.3675280000000001, -71.0673579999999987 42.3675112000000027, -71.0673299000000043 42.3674991999999975, -71.0672938999999957 42.3674936999999971, -71.0672639999999944 42.3674950999999993, -71.0672351000000049 42.3674995000000010, -71.0671959000000015 42.3675136000000023, -71.0671616999999998 42.3675290999999987)","LINESTRING (-71.0674062763281285 42.3675608249777511, -71.0673463510771057 42.3675859571124604, -71.0672911614554295 42.3676086564460164, -71.0672365424714059 42.3676311679392299)","{""class"": ""footway"", ""names_lr"": [{""between"": [0.0, 1.0], ""value"": null}], ""subclass_lr"": [{""between"": [0.0, 1.0], ""value"": null}], ""level_lr"": [{""between"": [0.0, 1.0], ""value"": 0}], ""road_flags_lr"": [{""start"": 0.0, ""end"": 1.0, ""value"": []}]}","{""class"": ""footway"", ""subclass"": ""sidewalk""}"
0add5ac5-3a29-4b0e-8379-1ff3287eb372,boston_sidewalk_74168,"LINESTRING (-71.0512104000000022 42.3613422999999969, -71.0511419000000046 42.3613112999999970, -71.0511314000000027 42.3612712999999985, -71.0510799000000048 42.3612462999999977)","LINESTRING (-71.0514746940602464 42.3614033905042220, -71.0512632497557490 42.3613011470755723)","{""class"": ""footway"", ""names_lr"": [{""between"": [0.0, 1.0], ""value"": null}], ""subclass_lr"": [{""between"": [0.0, 1.0], ""value"": null}], ""level_lr"": [{""between"": [0.0, 1.0], ""value"": 0}], ""road_flags_lr"": [{""start"": 0.0, ""end"": 1.0, ""value"": []}]}","{""class"": ""footway"", ""subclass"": ""sidewalk""}"
c610213f-5f73-4877-9e70-67b8e51fbb1e,boston_sidewalk_103822,"LINESTRING (-71.0547684999999944 42.3573473000000007, -71.0544069999999977 42.3576193000000032)","LINESTRING (-71.0548880706733996 42.3574251815652758, -71.0548866066915110 42.3574250183481595, -71.0548845140709915 42.3574250075479526, -71.0548824417665372 42.3574252146968036, -71.0548804298533696 42.3574256372489870, -71.0548785172372277 42.3574262663521637, -71.0548767428621488 42.3574270877523347, -71.0548751432440895 42.3574280871862854, -71.0545553249025232 42.3576602880866915, -71.0545550381368258 42.3576605021455634, -71.0545536945091527 42.3576616916276976, -71.0545525891125891 42.3576630089736028, -71.0545517464076539 42.3576644281696062, -71.0545511811568815 42.3576659213638678, -71.0545509057015039 42.3576674597948042, -71.0545509263388624 42.3576690110764460, -71.0545512396430041 42.3576705445855168, -71.0545518421879621 42.3576720296989322, -71.0545526548117294 42.3576733310663442)","{""class"": ""footway"", ""subclass"": ""sidewalk"", ""names_lr"": [{""between"": [0.0, 1.0], ""value"": null}], ""subclass_lr"": [{""between"": [0.0, 1.0], ""value"": ""sidewalk""}], ""level_lr"": [{""between"": [0.0, 1.0], ""value"": 0}], ""road_flags_lr"": [{""start"": 0.0, ""end"": 1.0, ""value"": []}]}","{""class"": ""footway"", ""subclass"": ""sidewalk""}"
5d9cbf9a-3ed6-47ca-98a5-3cdb22dd54a3,boston_sidewalk_1317,"LINESTRING (-71.0574799000000041 42.3653469999999999, -71.0574758000000060 42.3653041000000030, -71.0574713999999972 42.3652591000000029)","LINESTRING (-71.0573232877362102 42.3652707652193996, -71.0573240239510540 42.3652776291590598, -71.0573311041287354 42.3653437133483024, -71.0573321035181209 42.3653530441934976)","{""class"": ""footway"", ""subclass"": ""crosswalk"", ""names_lr"": [{""between"": [0.0, 1.0], ""value"": null}], ""subclass_lr"": [{""between"": [0.0, 1.0], ""value"": ""crosswalk""}], ""level_lr"": [{""between"": [0.0, 1.0], ""value"": 0}], ""road_flags_lr"": [{""start"": 0.0, ""end"": 1.0, ""value"": []}]}","{""class"": ""footway"", ""subclass"": ""crosswalk""}"
412b2736-9dc0-4dea-9dd7-a50178a0d4f2,boston_sidewalk_103508,"LINESTRING (-71.0594315999999964 42.3630758999999983, -71.0594516000000027 42.3630812000000034, -71.0594626000000034 42.3630841000000018, -71.0595229999999987 42.3631000999999969, -71.0596634000000051 42.3631371999999971, -71.0597614999999934 42.3631631000000013)","LINESTRING (-71.0600062502323198 42.3631942580930385, -71.0598449009051620 42.3631550597141597, -71.0598297203724201 42.3631513716497565, -71.0598163310599631 42.3631481189766177, -71.0598110759755031 42.3631468699687090, -71.0598056360361738 42.3631461919371404, -71.0598001204086955 42.3631460979036234, -71.0597946431905143 42.3631465901055435, -71.0597893173466133 42.3631476590720411, -71.0597842522942926 42.3631492818143727, -71.0597795526701645 42.3631514245220373, -71.0597542695575726 42.3631686565255876)","{""class"": ""footway"", ""names_lr"": [{""between"": [0.0, 1.0], ""value"": null}], ""subclass_lr"": [{""between"": [0.0, 0.093930551], ""value"": ""sidewalk""}, {""between"": [0.093930551, 1.0], ""value"": ""crosswalk""}], ""level_lr"": [{""between"": [0.0, 1.0], ""value"": 0}], ""road_flags_lr"": [{""start"": 0.0, ""end"": 1.0, ""value"": []}]}","{""class"": ""footway"", ""subclass"": ""sidewalk""}"
11fe7216-9791-45e5-826f-1785732ded0c,boston_sidewalk_102445,"LINESTRING (-71.0707462999999962 42.3576521000000028, -71.0707730000000026 42.3576949999999997, -71.0708159999999936 42.3577615000000023)","LINESTRING (-71.0710360856081707 42.3581068740290974, -71.0710083629380591 42.3580891879544055, -71.0709392253557013 42.3580054650330098, -71.0709156073659045 42.3579744600504213, -71.0708894427886122 42.3579276940829033, -71.0708054627350094 42.3577775372941687, -71.0708047034058694 42.3577760246736474, -71.0708039153892912 42.3577739096517902, -71.0708034153817039 42.3577717470891315, -71.0708032093118049 42.3577695577144269, -71.0708032982405911 42.3577673640389136, -71.0708036832353258 42.3577651876735573, -71.0708043592880330 42.3577630511068932, -71.0708051292591847 42.3577613848422274)","{""class"": ""footway"", ""subclass"": ""crosswalk"", ""names_lr"": [{""between"": [0.0, 1.0], ""value"": null}], ""subclass_lr"": [{""between"": [0.0, 1.0], ""value"": ""crosswalk""}], ""level_lr"": [{""between"": [0.0, 1.0], ""value"": 0}], ""road_flags_lr"": [{""start"": 0.0, ""end"": 1.0, ""value"": []}]}","{""class"": ""footway"", ""subclass"": ""sidewalk""}"
31f3f959-8f17-4c0a-a77f-cea2a8a80842,boston_sidewalk_103025,"LINESTRING (-71.0617859000000038 42.3566828000000015, -71.0618833999999993 42.3566012000000001, -71.0619051000000042 42.3565809999999985, -71.0619820000000004 42.3565109999999976)","LINESTRING (-71.0621171401384686 42.3562678627697480, -71.0621165330878171 42.3562692847187634, -71.0621156275965120 42.3562706830241353, -71.0621144643121880 42.3562719723130243, -71.0620129694349032 42.3563667924903484, -71.0619729073767843 42.3564071827122746, -71.0619656732495457 42.3564141423169289, -71.0618798191324004 42.3564967464807722, -71.0618401714858976 42.3565352890370477)","{""name"": ""Tremont Street"", ""class"": ""primary"", ""names_lr"": [{""between"": [0.0, 1.0], ""value"": ""Tremont Street""}], ""subclass_lr"": [{""between"": [0.0, 1.0], ""value"": null}], ""level_lr"": [{""between"": [0.0, 1.0], ""value"": 0}], ""road_flags_lr"": [{""start"": 0.0, ""end"": 1.0, ""value"": []}]}","{""class"": ""footway"", ""subclass"": ""sidewalk""}"
6f47fb57-de29-422e-af8f-d40a84b05776,boston_sidewalk_108353,"LINESTRING (-71.0525085000000018 42.3570392999999967, -71.0528027999999949 42.3571552000000011, -71.0528584999999993 42.3571771000000012)","LINESTRING (-71.0525178489121316 42.3570706505786490, -71.0525197908460200 42.3570703403318944, -71.0525233851087563 42.3570699914997277, -71.0525270045343689 42.3570698606358746, -71.0525306272615751 42.3570699494558696, -71.0525342278064471 42.3570702569602133, -71.0525377819054000 42.3570707812540022, -71.0525412677350801 42.3570715186510967, -71.0525446598371531 42.3570724645509884, -71.0525470659751477 42.3570732832747225, -71.0527516624248534 42.3571484774105826, -71.0527773991796465 42.3571592126396865, -71.0527791447370305 42.3571600666018924, -71.0527807106215619 42.3571610954222422, -71.0527820666466710 42.3571622764759610, -71.0527827733119324 42.3571631065917771)","{""class"": ""footway"", ""names_lr"": [{""between"": [0.0, 1.0], ""value"": null}], ""subclass_lr"": [{""between"": [0.0, 1.0], ""value"": null}], ""level_lr"": [{""between"": [0.0, 1.0], ""value"": 0}], ""road_flags_lr"": [{""start"": 0.0, ""end"": 1.0, ""value"": []}]}","{""class"": ""footway"", ""subclass"": ""sidewalk""}"
43abd185-a0a2-4805-bff2-bed18a43edef,boston_sidewalk_12346,"LINESTRING (-71.0594315999999964 42.3630758999999983, -71.0592886999999962 42.3630873999999977, -71.0592625999999967 42.3630895000000010, -71.0592230000000029 42.3630915999999971)","LINESTRING (-71.0592939602719014 42.3630865049870522, -71.0592940428509507 42.3630865008020479, -71.0594482114779709 42.3630874623516291)","{""class"": ""footway"", ""names_lr"": [{""between"": [0.0, 1.0], ""value"": null}], ""subclass_lr"": [{""between"": [0.0, 0.685418124], ""value"": ""sidewalk""}, {""between"": [0.685418124, 1.0], ""value"": ""crosswalk""}], ""level_lr"": [{""between"": [0.0, 1.0], ""value"": 0}], ""road_flags_lr"": [{""start"": 0.0, ""end"": 1.0, ""value"": []}]}","{""class"": ""footway"", ""subclass"": ""sidewalk""}"
f77b545b-ec77-4b55-a8c2-e04a1c1123ed,boston_sidewalk_12473,"LINESTRING (-71.0644201000000066 42.3542574000000016, -71.0644290999999981 42.3542612999999974, -71.0644360000000006 42.3542671000000013, -71.0644400000000047 42.3542741999999990, -71.0644407999999999 42.3542818999999966, -71.0644381999999979 42.3542892999999978, -71.0644323000000071 42.3542960999999991, -71.0644235999999978 42.3543009999999995, -71.0644132000000042 42.3543035000000003, -71.0644022999999976 42.3543032999999980, -71.0643921000000063 42.3543003999999996, -71.0643838000000017 42.3542952000000028, -71.0643781999999931 42.3542881999999992, -71.0643761999999981 42.3542802999999992, -71.0643778000000026 42.3542722999999981, -71.0643826000000018 42.3542654999999968, -71.0643900999999971 42.3542600999999976, -71.0643994999999933 42.3542568000000017, -71.0644098000000071 42.3542558999999983)","LINESTRING (-71.0643842923312832 42.3542708025012828, -71.0643832600260907 42.3542728251466372, -71.0643825039331603 42.3542749253630220, -71.0643820376270412 42.3542770707914400, -71.0643818661053928 42.3542792407440700, -71.0643819895232696 42.3542814127142364, -71.0643824068219061 42.3542835641906308, -71.0643831157286883 42.3542856726573262, -71.0643841066700332 42.3542877182717277, -71.0643853700843948 42.3542896793905399, -71.0643868951905944 42.3542915352662774, -71.0643886638998339 42.3542932687248666, -71.0643906593494847 42.3542948607962799, -71.0643928598034051 42.3542962951928885, -71.0643952459404318 42.3542975574369223, -71.0643977899244135 42.3542986357190898, -71.0644004687743376 42.3542995182485527, -71.0644032522141771 42.3543001950073403, -71.0644061147857542 42.3543006613977084, -71.0644090261943262 42.3543009101024737, -71.0644119560957819 42.3543009410067484, -71.0644148753719094 42.3543007521995420, -71.0644155240389352 42.3543006799323436, -71.0644183905177869 42.3543002262395092, -71.0644211795644054 42.3542995597845007, -71.0644238644201636 42.3542986885686972, -71.0644264171124860 42.3542976205887314, -71.0644288108578763 42.3542963674469632, -71.0644310225079749 42.3542949416597949, -71.0644330301095692 42.3542933584489845, -71.0644348117155999 42.3542916321362028, -71.0644363489832926 42.3542897824583378, -71.0644376272295375 42.3542878264652956, -71.0644386341742234 42.3542857848172645, -71.0644386775238672 42.3542856589406824)","{""class"": ""footway"", ""names_lr"": [{""between"": [0.0, 1.0], ""value"": null}], ""subclass_lr"": [{""between"": [0.0, 1.0], ""value"": null}], ""level_lr"": [{""between"": [0.0, 1.0], ""value"": 0}], ""road_flags_lr"": [{""start"": 0.0, ""end"": 1.0, ""value"": []}]}","{""class"": ""footway"", ""subclass"": ""sidewalk""}"
f87f8ce6-0d10-4863-bb2e-560b41b81c5b,boston_sidewalk_102216,"LINESTRING (-71.0677069999999986 42.3592909999999989, -71.0676485000000042 42.3592987999999977, -71.0672717000000063 42.3593072999999976, -71.0668948000000000 42.3593157000000033, -71.0668304000000006 42.3593157000000033)","LINESTRING (-71.0668959113208700 42.3592881118888229, -71.0670210629962185 42.3592836459343047, -71.0672751869454089 42.3592772992208779, -71.0674485361404464 42.3592755187450791, -71.0676253460364649 42.3592758847062996, -71.0676292642627772 42.3592753853712551, -71.0676331345832466 42.3592744357108941, -71.0676367710489387 42.3592730683368970, -71.0676400909016337 42.3592713144483639, -71.0676417279618420 42.3592701421228952)","{""name"": ""Myrtle Street"", ""class"": ""residential"", ""names_lr"": [{""between"": [0.0, 1.0], ""value"": ""Myrtle Street""}], ""subclass_lr"": [{""between"": [0.0, 1.0], ""value"": null}], ""level_lr"": [{""between"": [0.0, 1.0], ""value"": 0}], ""road_flags_lr"": [{""start"": 0.0, ""end"": 1.0, ""value"": []}]}","{""class"": ""footway"", ""subclass"": ""sidewalk""}"
f65f84f2-adf0-4150-9891-ebf43f722625,boston_sidewalk_1638,"LINESTRING (-71.0501502999999985 42.3515560000000022, -71.0501849000000050 42.3515277999999995, -71.0502235999999954 42.3514963000000009, -71.0502685999999954 42.3514595999999983, -71.0502951999999937 42.3514380000000017, -71.0503073000000001 42.3514280999999997)","LINESTRING (-71.0501993867703590 42.3515884063461243, -71.0502109586911104 42.3515764507088122, -71.0503234312927674 42.3514602522705772, -71.0503365144491568 42.3514467360208542)","{""name"": ""Boston HarborWalk"", ""class"": ""footway"", ""subclass"": ""crosswalk"", ""names_lr"": [{""between"": [0.0, 1.0], ""value"": ""Boston HarborWalk""}], ""subclass_lr"": [{""between"": [0.0, 1.0], ""value"": ""crosswalk""}], ""level_lr"": [{""between"": [0.0, 1.0], ""value"": 0}], ""road_flags_lr"": [{""start"": 0.0, ""end"": 1.0, ""value"": []}]}","{""class"": ""footway"", ""subclass"": ""crosswalk""}"
ae26d565-9fd8-4fe1-baf5-e3041e2a535d,boston_sidewalk_2230,"LINESTRING (-71.0532553000000036 42.3611494000000022, -71.0532208999999995 42.3611841000000027, -71.0531856000000062 42.3612365999999980)","LINESTRING (-71.0532192331374404 42.3611250811761124, -71.0532068575789424 42.3611377316985838, -71.0531511265366049 42.3611947016373591, -71.0531395273994661 42.3612065593122722)","{""class"": ""footway"", ""subclass"": ""crosswalk"", ""names_lr"": [{""between"": [0.0, 1.0], ""value"": null}], ""subclass_lr"": [{""between"": [0.0, 1.0], ""value"": ""crosswalk""}], ""level_lr"": [{""between"": [0.0, 1.0], ""value"": 0}], ""road_flags_lr"": [{""start"": 0.0, ""end"": 1.0, ""value"": []}]}","{""class"": ""footway"", ""subclass"": ""crosswalk""}"
e057e983-d51a-4a1b-8243-5e5b256caa01,boston_sidewalk_22996,"LINESTRING (-71.0528019000000057 42.3660739000000035, -71.0527115000000009 42.3660685999999984, -71.0514375000000058 42.3661633999999978, -71.0512959999999936 42.3661749999999984)","LINESTRING (-71.0527109323731452 42.3660498384957194, -71.0527099616353865 42.3660504568208580, -71.0527078368551912 42.3660515199025696, -71.0527055616563104 42.3660523942387854, -71.0527031664713320 42.3660530682440850, -71.0527006817137448 42.3660535330338135, -71.0526981414136287 42.3660537833385789, -71.0522798774930635 42.3660767825127778, -71.0518553951964549 42.3661220309047764, -71.0517952414760430 42.3661276619035263, -71.0514576321797620 42.3661525091471418, -71.0514546764726589 42.3661526164590683, -71.0514517198953115 42.3661525040967533, -71.0514487952128064 42.3661521739887021, -71.0514459279063004 42.3661516280348565, -71.0514431494886622 42.3661508735603363, -71.0514404866230791 42.3661499169712599, -71.0514379647396197 42.3661487673696371, -71.0514376866315871 42.3661486096346849)","{""name"": ""Salutation Street"", ""class"": ""residential"", ""names_lr"": [{""between"": [0.0, 1.0], ""value"": ""Salutation Street""}], ""subclass_lr"": [{""between"": [0.0, 1.0], ""value"": null}], ""level_lr"": [{""between"": [0.0, 1.0], ""value"": 0}], ""road_flags_lr"": [{""start"": 0.0, ""end"": 1.0, ""value"": []}]}","{""class"": ""footway"", ""subclass"": ""sidewalk""}"
055d3041-e14c-4049-adba-e40af40e7ba5,boston_sidewalk_13245,"LINESTRING (-71.0544069999999977 42.3576193000000032, -71.0544780000000031 42.3576429000000019, -71.0545386999999948 42.3576629000000011, -71.0545558999999969 42.3576687999999990, -71.0549824000000001 42.3578436999999965, -71.0550139999999999 42.3578534000000033, -71.0550762000000020 42.3578600000000023)","LINESTRING (-71.0545526548117294 42.3576733310663442, -71.0545527220383804 42.3576734375611039, -71.0545538599756981 42.3576747392882282, -71.0545552343348419 42.3576759086879733, -71.0545568161422239 42.3576769231408505, -71.0545585751978876 42.3576777618231617, -71.0547966870703931 42.3577743631841770, -71.0548773429044473 42.3578070858689060, -71.0549210739369101 42.3578248270021760, -71.0549688566243560 42.3578427782601068, -71.0549927983490903 42.3578509780255530, -71.0550042600477809 42.3578531722707297, -71.0550158957687756 42.3578547865003614, -71.0550276509462009 42.3578558124005582, -71.0550394746238965 42.3578562461731138, -71.0550513085437814 42.3578560866921592, -71.0550631029507969 42.3578553319647710, -71.0550695331555175 42.3578545933951816)","{""class"": ""footway"", ""names_lr"": [{""between"": [0.0, 1.0], ""value"": null}], ""subclass_lr"": [{""between"": [0.0, 0.192895174], ""value"": ""crosswalk""}, {""between"": [0.192895174, 1.0], ""value"": ""sidewalk""}], ""level_lr"": [{""between"": [0.0, 1.0], ""value"": 0}], ""road_flags_lr"": [{""start"": 0.0, ""end"": 1.0, ""value"": []}]}","{""class"": ""footway"", ""subclass"": ""sidewalk""}"
4fd95a7c-1eea-40bb-a47b-75c7b290cc23,boston_sidewalk_103257,"LINESTRING (-71.0547171999999989 42.3664125999999968, -71.0546784000000002 42.3664727000000028, -71.0543203000000005 42.3670242999999971, -71.0542968999999971 42.3670577999999978)","LINESTRING (-71.0546615381320237 42.3664207435605107, -71.0546393440428830 42.3664545868335480, -71.0544816059998539 42.3666986205990739, -71.0542917124988520 42.3669935210279860, -71.0542904757935219 42.3669951862724403, -71.0542889898263326 42.3669967335133890, -71.0542872729344879 42.3669981448160371, -71.0542853483300263 42.3669993995637384, -71.0542832416277008 42.3670004807501925, -71.0542822591543626 42.3670008694692086)","{""name"": ""Salem Street"", ""class"": ""residential"", ""names_lr"": [{""between"": [0.0, 1.0], ""value"": ""Salem Street""}], ""subclass_lr"": [{""between"": [0.0, 1.0], ""value"": null}], ""level_lr"": [{""between"": [0.0, 1.0], ""value"": 0}], ""road_flags_lr"": [{""start"": 0.0, ""end"": 1.0, ""value"": []}]}","{""class"": ""footway"", ""subclass"": ""sidewalk""}"
898c28cf-ee9f-4001-bb85-a7cf5ac7039b,boston_sidewalk_102249,"LINESTRING (-71.0660019999999975 42.3611274000000009, -71.0660005000000012 42.3610393000000016, -71.0659631999999988 42.3595445999999995, -71.0659603999999945 42.3593638999999982, -71.0659612000000038 42.3593249999999983)","LINESTRING (-71.0660411782679091 42.3610365680331213, -71.0660403896562940 42.3609821785463012, -71.0660353739399397 42.3607719248236805, -71.0660300746978493 42.3605707998614704, -71.0660249910310995 42.3603860321720092, -71.0660205636819455 42.3602200848134771, -71.0660140945605292 42.3599837135558630, -71.0660071112225324 42.3597547110199883, -71.0660037357849461 42.3596307904501970, -71.0660002396422499 42.3594694380564292, -71.0659975585178643 42.3593771986100620, -71.0659975558830155 42.3593770518528103, -71.0659976866791823 42.3593755038472608, -71.0659981098255713 42.3593739848539030, -71.0659988178291115 42.3593725254543969, -71.0659997971394688 42.3593711544068512, -71.0660010257218744 42.3593698986367926, -71.0660024815413038 42.3593687850697975, -71.0660041341092068 42.3593678342974940, -71.0660059517290108 42.3593670660066195, -71.0660073286356493 42.3593666615704407)","{""name"": ""South Russell Street"", ""class"": ""residential"", ""names_lr"": [{""between"": [0.0, 1.0], ""value"": ""South Russell Street""}], ""subclass_lr"": [{""between"": [0.0, 1.0], ""value"": null}], ""level_lr"": [{""between"": [0.0, 1.0], ""value"": 0}], ""road_flags_lr"": [{""start"": 0.0, ""end"": 1.0, ""value"": []}]}","{""class"": ""footway"", ""subclass"": ""sidewalk""}"
e236bd35-8c58-4de0-a22a-7db57d026284,boston_sidewalk_5695,"LINESTRING (-71.0566421000000048 42.3645113999999978, -71.0566405000000003 42.3644661000000013, -71.0566373000000056 42.3644227999999998)","LINESTRING (-71.0566317838744510 42.3644680593671765, -71.0566364145925604 42.3645149201899542)","{""class"": ""footway"", ""subclass"": ""crosswalk"", ""names_lr"": [{""between"": [0.0, 1.0], ""value"": null}], ""subclass_lr"": [{""between"": [0.0, 1.0], ""value"": ""crosswalk""}], ""level_lr"": [{""between"": [0.0, 1.0], ""value"": 0}], ""road_flags_lr"": [{""start"": 0.0, ""end"": 1.0, ""value"": []}]}","{""class"": ""footway"", ""subclass"": ""crosswalk""}"
59683d02-ea82-4f04-a9b4-a83b8174ff73,boston_sidewalk_100236,"LINESTRING (-71.0675992000000036 42.3514777999999978, -71.0675770000000000 42.3514204000000021, -71.0675561999999985 42.3513699000000017)","LINESTRING (-71.0676107212143222 42.3514905289014365, -71.0675852563506680 42.3513803157680329, -71.0675763088360526 42.3513358896373333)","{""class"": ""footway"", ""subclass"": ""crosswalk"", ""names_lr"": [{""between"": [0.0, 1.0], ""value"": null}], ""subclass_lr"": [{""between"": [0.0, 1.0], ""value"": ""crosswalk""}], ""level_lr"": [{""between"": [0.0, 1.0], ""value"": 0}], ""road_flags_lr"": [{""start"": 0.0, ""end"": 1.0, ""value"": []}]}","{""class"": ""footway"", ""subclass"": ""sidewalk""}"
ff28f90b-d438-478a-9002-361999a61ff6,boston_sidewalk_103766,"LINESTRING (-71.0595167999999973 42.3646596000000031, -71.0598769000000061 42.3644474000000031)","LINESTRING (-71.0596065197408961 42.3645988086747920, -71.0598559937827048 42.3644531559788149)","{""class"": ""footway"", ""subclass"": ""sidewalk"", ""names_lr"": [{""between"": [0.0, 1.0], ""value"": null}], ""subclass_lr"": [{""between"": [0.0, 1.0], ""value"": ""sidewalk""}], ""level_lr"": [{""between"": [0.0, 1.0], ""value"": 0}], ""road_flags_lr"": [{""start"": 0.0, ""end"": 1.0, ""value"": []}]}","{""class"": ""footway"", ""subclass"": ""sidewalk""}"
741d903b-371c-403b-bde9-d9818643a6a3,boston_sidewalk_12568,"LINESTRING (-71.0706098999999938 42.3529338000000024, -71.0705937999999975 42.3529556000000014, -71.0705741000000017 42.3529781000000014, -71.0705530000000039 42.3529989999999970, -71.0705284000000006 42.3530191999999985)","LINESTRING (-71.0706226904808034 42.3529511534225520, -71.0705583901467435 42.3529891585895228, -71.0705495589692049 42.3529928771235973, -71.0705403743843220 42.3529960883735512, -71.0705308886993663 42.3529987754290005, -71.0705234225151656 42.3530004220869856)","{""class"": ""footway"", ""names_lr"": [{""between"": [0.0, 1.0], ""value"": null}], ""subclass_lr"": [{""between"": [0.0, 1.0], ""value"": null}], ""level_lr"": [{""between"": [0.0, 1.0], ""value"": 0}], ""road_flags_lr"": [{""start"": 0.0, ""end"": 1.0, ""value"": []}]}","{""class"": ""footway"", ""subclass"": ""sidewalk""}"
e8296526-02b6-4dd4-8520-ed22ba459b58,boston_sidewalk_22379,"LINESTRING (-71.0688681999999972 42.3655807999999965, -71.0689579000000009 42.3655098999999993, -71.0690419000000020 42.3654373000000035, -71.0690950000000043 42.3653756000000001, -71.0691671999999954 42.3652828999999969, -71.0692238000000032 42.3651837999999969)","LINESTRING (-71.0692889197789555 42.3650459889554512, -71.0691981476216625 42.3652318602521731, -71.0691855656534841 42.3652534236593254, -71.0691721842344748 42.3652747220864967, -71.0691580132046425 42.3652957366641587, -71.0691430648013096 42.3653164530332589, -71.0691273476321044 42.3653368550205442, -71.0691108775825597 42.3653569273803043, -71.0690936644806612 42.3653766530435760, -71.0690757217716822 42.3653960185560479, -71.0690249273204415 42.3654466432429686, -71.0689730987516270 42.3654966887473208, -71.0689202495039751 42.3655461425140913, -71.0689025630462936 42.3655619168073017)","{""class"": ""footway"", ""subclass"": ""sidewalk"", ""names_lr"": [{""between"": [0.0, 1.0], ""value"": null}], ""subclass_lr"": [{""between"": [0.0, 1.0], ""value"": ""sidewalk""}], ""level_lr"": [{""between"": [0.0, 1.0], ""value"": 0}], ""road_flags_lr"": [{""start"": 0.0, ""end"": 1.0, ""value"": []}]}","{""class"": ""footway"", ""subclass"": ""sidewalk""}"
129f2628-3344-46e1-b616-6444698b7adc,boston_sidewalk_5692,"LINESTRING (-71.0573069999999944 42.3637563999999998, -71.0572348000000034 42.3637554000000023, -71.0571936000000051 42.3637549000000035)","LINESTRING (-71.0573245084371337 42.3637840379154511, -71.0571938907140321 42.3637920788675899)","{""class"": ""footway"", ""subclass"": ""crosswalk"", ""names_lr"": [{""between"": [0.0, 1.0], ""value"": null}], ""subclass_lr"": [{""between"": [0.0, 1.0], ""value"": ""crosswalk""}], ""level_lr"": [{""between"": [0.0, 1.0], ""value"": 0}], ""road_flags_lr"": [{""start"": 0.0, ""end"": 1.0, ""value"": []}]}","{""class"": ""footway"", ""subclass"": ""crosswalk""}"
c35a753d-1bf5-41f7-b09c-d3a71e5dccd6,boston_sidewalk_103329,"LINESTRING (-71.0651158000000009 42.3600836999999970, -71.0656184000000053 42.3600757000000030)","LINESTRING (-71.0656491891289335 42.3600269444821365, -71.0656422745257572 42.3600271461411779, -71.0651297911000910 42.3600421070354685, -71.0651256637464428 42.3600412325523408)","{""class"": ""footway"", ""subclass"": ""sidewalk"", ""names_lr"": [{""between"": [0.0, 1.0], ""value"": null}], ""subclass_lr"": [{""between"": [0.0, 1.0], ""value"": ""sidewalk""}], ""level_lr"": [{""between"": [0.0, 1.0], ""value"": 0}], ""road_flags_lr"": [{""start"": 0.0, ""end"": 1.0, ""value"": []}]}","{""class"": ""footway"", ""subclass"": ""sidewalk""}"
f5a4f3c1-fd45-42a3-8381-f2c10310a74e,boston_sidewalk_12628,"LINESTRING (-71.0694304000000017 42.3546060999999980, -71.0693959000000035 42.3545731999999973, -71.0692233999999985 42.3543127000000013, -71.0691690999999963 42.3542044000000004)","LINESTRING (-71.0694283090759313 42.3546125980188251, -71.0693758285287913 42.3545429359607368, -71.0693565300881005 42.3545178166985821, -71.0693023732845717 42.3544403320011256, -71.0692198358504896 42.3543102107855134)","{""class"": ""footway"", ""names_lr"": [{""between"": [0.0, 1.0], ""value"": null}], ""subclass_lr"": [{""between"": [0.0, 1.0], ""value"": null}], ""level_lr"": [{""between"": [0.0, 1.0], ""value"": 0}], ""road_flags_lr"": [{""start"": 0.0, ""end"": 1.0, ""value"": []}]}","{""class"": ""footway"", ""subclass"": ""sidewalk""}"
1598b045-35ae-40d8-9c58-1d5caef4c7f8,boston_sidewalk_72924,"LINESTRING (-71.0736282999999958 42.3574464000000006, -71.0736155999999966 42.3574835000000007, -71.0735765000000015 42.3575967000000020)","LINESTRING (-71.0735837922479305 42.3575650127389096, -71.0736134661808876 42.3574825499467664)","{""class"": ""footway"", ""names_lr"": [{""between"": [0.0, 1.0], ""value"": null}], ""subclass_lr"": [{""between"": [0.0, 1.0], ""value"": null}], ""level_lr"": [{""between"": [0.0, 1.0], ""value"": 0}], ""road_flags_lr"": [{""start"": 0.0, ""end"": 1.0, ""value"": []}]}","{""class"": ""footway"", ""subclass"": ""sidewalk""}"
1e2ecca7-fb15-457d-a211-6012087d5c07,boston_sidewalk_102387,"LINESTRING (-71.0686057000000062 42.3592812999999992, -71.0685354999999959 42.3592829999999978, -71.0681601999999941 42.3592824999999991, -71.0677849000000066 42.3592820000000003, -71.0677069999999986 42.3592909999999989)","LINESTRING (-71.0677709736241070 42.3592563169226040, -71.0677714441933119 42.3592565563677184, -71.0677756099373710 42.3592578504355686, -71.0677800448004149 42.3592584874025775, -71.0678179201021436 42.3592580508521124, -71.0679659158461448 42.3592548427902642, -71.0681892515443252 42.3592536540956743, -71.0683872258331633 42.3592602185203404, -71.0685239612698894 42.3592593514492677, -71.0685244129256404 42.3592593387391005, -71.0685264875811384 42.3592591448576030, -71.0685285054386213 42.3592587355936487, -71.0685297524064907 42.3592583360415844)","{""name"": ""Myrtle Street"", ""class"": ""residential"", ""names_lr"": [{""between"": [0.0, 1.0], ""value"": ""Myrtle Street""}], ""subclass_lr"": [{""between"": [0.0, 1.0], ""value"": null}], ""level_lr"": [{""between"": [0.0, 1.0], ""value"": 0}], ""road_flags_lr"": [{""start"": 0.0, ""end"": 1.0, ""value"": []}]}","{""class"": ""footway"", ""subclass"": ""sidewalk""}"
68eca339-2396-4352-bdd2-59baccd51e8c,boston_sidewalk_103845,"LINESTRING (-71.0564425000000028 42.3555750000000018, -71.0566531000000055 42.3566715999999985, -71.0566520999999938 42.3567217000000014)","LINESTRING (-71.0564837003248329 42.3557615138602870, -71.0564997291596967 42.3558511726800688, -71.0565432466389097 42.3560833248835067, -71.0565700167076102 42.3562292906136548, -71.0565840239835467 42.3563154205772108, -71.0566246219633939 42.3565405905113295, -71.0566541439550861 42.3567035661145468, -71.0566542663448786 42.3567068868604792, -71.0566537540838965 42.3567100070957210, -71.0566526258170938 42.3567130376279479, -71.0566509062939389 42.3567159110307117, -71.0566486335840892 42.3567185644303521, -71.0566470155320928 42.3567199491425086)","{""class"": ""footway"", ""subclass"": ""sidewalk"", ""names_lr"": [{""between"": [0.0, 1.0], ""value"": null}], ""subclass_lr"": [{""between"": [0.0, 1.0], ""value"": ""sidewalk""}], ""level_lr"": [{""between"": [0.0, 1.0], ""value"": 0}], ""road_flags_lr"": [{""start"": 0.0, ""end"": 1.0, ""value"": []}]}","{""class"": ""footway"", ""subclass"": ""sidewalk""}"
59759ce3-2149-4af6-a365-2ee73de6c128,boston_sidewalk_102860,"LINESTRING (-71.0686163000000022 42.3595275999999998, -71.0685571000000067 42.3595289000000008, -71.0678336999999942 42.3595449999999971, -71.0677251999999982 42.3595473999999967)","LINESTRING (-71.0677993871454419 42.3595180498097790, -71.0678015223965360 42.3595180497314487, -71.0682872158723313 42.3595093567441694, -71.0684011679258987 42.3595065667995385, -71.0684408387335651 42.3595055957072049, -71.0684975506892442 42.3595042068844592, -71.0685421556021311 42.3595025817528210, -71.0685436619435222 42.3595022416925531, -71.0685460111556893 42.3595014834585299, -71.0685474684731986 42.3595008560217536)","{""name"": ""Revere Street"", ""class"": ""residential"", ""names_lr"": [{""between"": [0.0, 1.0], ""value"": ""Revere Street""}], ""subclass_lr"": [{""between"": [0.0, 1.0], ""value"": null}], ""level_lr"": [{""between"": [0.0, 1.0], ""value"": 0}], ""road_flags_lr"": [{""start"": 0.0, ""end"": 1.0, ""value"": []}]}","{""class"": ""footway"", ""subclass"": ""sidewalk""}"
5eaa2f80-fea7-42bd-9512-dd5fd29f1a41,boston_sidewalk_12229,"LINESTRING (-71.0564370000000025 42.3611349999999973, -71.0561929999999933 42.3611789999999999, -71.0561074999999960 42.3611951999999974, -71.0559726000000040 42.3612207999999981, -71.0558745999999957 42.3612514000000004, -71.0558240999999953 42.3612783000000022)","LINESTRING (-71.0563961188501594 42.3611271574769219, -71.0562909452004305 42.3611439158043694, -71.0562018146971042 42.3611570591574349, -71.0561189212249786 42.3611712573457027, -71.0560274402900518 42.3611887506984246, -71.0559687977404764 42.3612051607741904, -71.0559549502252565 42.3612107197216261, -71.0559415827692220 42.3612168909177171, -71.0559287440799352 42.3612236529438206, -71.0559164816889108 42.3612309789749375, -71.0559048419013095 42.3612388439818588, -71.0559024729710416 42.3612406507203048)","{""name"": ""Creek Square"", ""class"": ""service"", ""subclass"": ""alley"", ""names_lr"": [{""between"": [0.0, 1.0], ""value"": ""Creek Square""}], ""subclass_lr"": [{""between"": [0.0, 1.0], ""value"": ""alley""}], ""level_lr"": [{""between"": [0.0, 1.0], ""value"": 0}], ""road_flags_lr"": [{""start"": 0.0, ""end"": 1.0, ""value"": []}]}","{""class"": ""footway"", ""subclass"": ""sidewalk""}"
d2c93da2-d6fc-4bfb-9e91-9b00485f4df4,boston_sidewalk_74136,"LINESTRING (-71.0510591000000034 42.3619598000000011, -71.0510512999999975 42.3619667999999976, -71.0510405999999932 42.3619714000000016, -71.0510275000000036 42.3619731000000002, -71.0510153999999972 42.3619713000000004, -71.0510060999999951 42.3619673999999975, -71.0509978999999987 42.3619605000000021, -71.0509930999999995 42.3619512000000000, -71.0509931999999935 42.3619421000000003, -71.0509962000000002 42.3619352999999990, -71.0510033999999990 42.3619278999999977, -71.0510108000000002 42.3619237999999996, -71.0510225000000020 42.3619208000000000, -71.0510347999999965 42.3619209000000012, -71.0510428000000047 42.3619228000000021, -71.0510529999999960 42.3619278999999977, -71.0510601999999949 42.3619352999999990, -71.0510634999999979 42.3619431999999989, -71.0510629999999992 42.3619522999999987)","LINESTRING (-71.0508905713977441 42.3620565720831692, -71.0508900691990561 42.3618797206559563)","{""class"": ""footway"", ""names_lr"": [{""between"": [0.0, 1.0], ""value"": null}], ""subclass_lr"": [{""between"": [0.0, 1.0], ""value"": null}], ""level_lr"": [{""between"": [0.0, 1.0], ""value"": 0}], ""road_flags_lr"": [{""start"": 0.0, ""end"": 1.0, ""value"": []}]}","{""class"": ""footway"", ""subclass"": ""sidewalk""}"
8e78a763-9e24-4f57-bcb4-e9112f6868a3,boston_sidewalk_12140,"LINESTRING (-71.0625495000000029 42.3614601000000022, -71.0625868999999994 42.3614305999999985, -71.0626450000000034 42.3613828000000012)","LINESTRING (-71.0625043682964161 42.3614900022555858, -71.0625018340231946 42.3614880092765773, -71.0624948971073565 42.3614838649624303, -71.0624872619149528 42.3614804607307676, -71.0624790724648250 42.3614778601496766, -71.0624701771056664 42.3614760500380072, -71.0624614242199755 42.3614754045425812, -71.0624529675817911 42.3614756298537003, -71.0624446277256538 42.3614766973795369, -71.0624365577467216 42.3614785869960500, -71.0624289035563663 42.3614812641469740, -71.0624218050897269 42.3614846807492071, -71.0624153890352517 42.3614887733643144, -71.0624097748600576 42.3614934695234169, -71.0624050614885050 42.3614986831751636, -71.0624013381960538 42.3615043192286507, -71.0623987415575442 42.3615101135183352)","{""class"": ""footway"", ""names_lr"": [{""between"": [0.0, 1.0], ""value"": null}], ""subclass_lr"": [{""between"": [0.0, 1.0], ""value"": null}], ""level_lr"": [{""between"": [0.0, 1.0], ""value"": 0}], ""road_flags_lr"": [{""start"": 0.0, ""end"": 1.0, ""value"": []}]}","{""class"": ""footway"", ""subclass"": ""sidewalk""}"
73770bf0-3876-4766-b717-f13011e86180,boston_sidewalk_2041,"LINESTRING (-71.0657898999999986 42.3568780000000018, -71.0657700999999946 42.3568076999999974)","LINESTRING (-71.0658923737649104 42.3570491709098036, -71.0658872468803366 42.3570415017871582, -71.0658852535618877 42.3570385197024208, -71.0658565504968180 42.3569955818219412, -71.0658183497862979 42.3569391001151843, -71.0658129408011092 42.3569260218777117, -71.0658115389910705 42.3569226341930900)","{""class"": ""footway"", ""names_lr"": [{""between"": [0.0, 1.0], ""value"": null}], ""subclass_lr"": [{""between"": [0.0, 1.0], ""value"": null}], ""level_lr"": [{""between"": [0.0, 1.0], ""value"": 0}], ""road_flags_lr"": [{""start"": 0.0, ""end"": 1.0, ""value"": []}]}","{""class"": ""footway"", ""subclass"": ""crosswalk""}"
674dad7a-d7ab-466c-8da3-1b2babdfd423,boston_sidewalk_1768,"LINESTRING (-71.0591016000000053 42.3545787999999988, -71.0590164000000044 42.3545277999999996, -71.0589429000000052 42.3544837999999970, -71.0589748999999955 42.3544558999999978, -71.0589496000000054 42.3544320999999968, -71.0586521999999974 42.3542150000000035)","LINESTRING (-71.0589447792328173 42.3544824188554472, -71.0589594664484707 42.3544919687589996, -71.0590686074852442 42.3545629395297141, -71.0590842638114850 42.3545731206359264)","{""class"": ""footway"", ""names_lr"": [{""between"": [0.0, 1.0], ""value"": null}], ""subclass_lr"": [{""between"": [0.0, 0.286605716], ""value"": ""crosswalk""}, {""between"": [0.286605716, 1.0], ""value"": ""sidewalk""}], ""level_lr"": [{""between"": [0.0, 1.0], ""value"": 0}], ""road_flags_lr"": [{""start"": 0.0, ""end"": 1.0, ""value"": []}]}","{""class"": ""footway"", ""subclass"": ""crosswalk""}"
6981a33c-2c60-4e67-9f46-6d1e2f7d5322,boston_sidewalk_12247,"LINESTRING (-71.0619927999999987 42.3576661000000030, -71.0618924999999990 42.3575981999999982, -71.0618185000000011 42.3575481999999965, -71.0617852999999968 42.3575216999999995, -71.0617352999999952 42.3574818000000022, -71.0617062999999973 42.3574351999999976, -71.0617004000000065 42.3574103999999991, -71.0616530000000068 42.3573845000000020)","LINESTRING (-71.0618231392316630 42.3574742284576615, -71.0617384285396412 42.3574320232419197, -71.0617265880679980 42.3574243823656147)","{""class"": ""footway"", ""names_lr"": [{""between"": [0.0, 1.0], ""value"": null}], ""subclass_lr"": [{""between"": [0.0, 1.0], ""value"": null}], ""level_lr"": [{""between"": [0.0, 1.0], ""value"": 0}], ""road_flags_lr"": [{""start"": 0.0, ""end"": 1.0, ""value"": []}]}","{""class"": ""footway"", ""subclass"": ""sidewalk""}"
eb5ea701-7859-42a3-9fd3-2847543ea2bf,boston_sidewalk_73167,"LINESTRING (-71.0565100000000029 42.3622311000000025, -71.0564243000000033 42.3621972999999983, -71.0563008000000025 42.3621344000000022)","LINESTRING (-71.0560323060223880 42.3620874374483947, -71.0562397641589882 42.3621851975341244)","{""class"": ""footway"", ""subclass"": ""crosswalk"", ""names_lr"": [{""between"": [0.0, 1.0], ""value"": null}], ""subclass_lr"": [{""between"": [0.0, 1.0], ""value"": ""crosswalk""}], ""level_lr"": [{""between"": [0.0, 1.0], ""value"": 0}], ""road_flags_lr"": [{""start"": 0.0, ""end"": 1.0, ""value"": []}]}","{""class"": ""footway"", ""subclass"": ""sidewalk""}"
881e7606-9c86-4be6-a66e-56417ec1f28f,boston_sidewalk_103261,"LINESTRING (-71.0564399999999949 42.3670205999999965, -71.0564380000000000 42.3670667000000023, -71.0564355000000063 42.3671080000000018)","LINESTRING (-71.0564399200502663 42.3670180385519188, -71.0564421621844104 42.3670173755825417, -71.0564444181378292 42.3670164731894729, -71.0564465187841847 42.3670153847378828, -71.0564484361063506 42.3670141236241022, -71.0564501444839465 42.3670127077550802, -71.0564516219383933 42.3670111550519053, -71.0564528476863302 42.3670094861410504, -71.0564538057877257 42.3670077234682978, -71.0564544839321286 42.3670058912939851, -71.0564548722433074 42.3670040129876142, -71.0564710243647681 42.3668893298132971, -71.0564928968700968 42.3666577904414936, -71.0564929181568061 42.3666564860044375, -71.0564929284056461 42.3666558900524635, -71.0564926636417908 42.3666540002247203, -71.0564921084782810 42.3666521452888034, -71.0564912676006202 42.3666503495706124, -71.0564910357847026 42.3666499939627599)","{""class"": ""footway"", ""subclass"": ""crosswalk"", ""names_lr"": [{""between"": [0.0, 1.0], ""value"": null}], ""subclass_lr"": [{""between"": [0.0, 1.0], ""value"": ""crosswalk""}], ""level_lr"": [{""between"": [0.0, 1.0], ""value"": 0}], ""road_flags_lr"": [{""start"": 0.0, ""end"": 1.0, ""value"": []}]}","{""class"": ""footway"", ""subclass"": ""sidewalk""}"
7d978f23-01d2-413b-8025-2663a76ca5e8,boston_sidewalk_2188,"LINESTRING (-71.0702790999999934 42.3569687999999971, -71.0702600999999987 42.3569707999999991, -71.0700006999999943 42.3570392000000027)","LINESTRING (-71.0699869614598612 42.3570440363609819, -71.0699803836321422 42.3570456376900566, -71.0698090439358339 42.3570873393530007, -71.0697971795150920 42.3570902272174976)","{""class"": ""footway"", ""subclass"": ""sidewalk"", ""names_lr"": [{""between"": [0.0, 1.0], ""value"": null}], ""subclass_lr"": [{""between"": [0.0, 1.0], ""value"": ""sidewalk""}], ""level_lr"": [{""between"": [0.0, 1.0], ""value"": 0}], ""road_flags_lr"": [{""start"": 0.0, ""end"": 1.0, ""value"": []}]}","{""class"": ""footway"", ""subclass"": ""crosswalk""}"
c765792c-ffd7-49bf-97ad-5405a3b4b88d,boston_sidewalk_102890,"LINESTRING (-71.0748880999999955 42.3548813000000024, -71.0750831999999946 42.3552808999999968, -71.0750757999999934 42.3552831000000012, -71.0750361999999996 42.3552991999999975, -71.0750057000000055 42.3553116000000003, -71.0749995999999982 42.3553132999999988)","LINESTRING (-71.0747882494959953 42.3549088352185450, -71.0747891700963521 42.3549089367541569, -71.0747908933642947 42.3549093491569764, -71.0747925048227387 42.3549099628114689, -71.0747939584448716 42.3549107631428328, -71.0747952179625315 42.3549117284099381, -71.0747962495591565 42.3549128332796485, -71.0747970243098450 42.3549140470351375, -71.0748319478808241 42.3549827116810178, -71.0749028689574232 42.3551249956047755)","{""class"": ""footway"", ""names_lr"": [{""between"": [0.0, 1.0], ""value"": null}], ""subclass_lr"": [{""between"": [0.0, 0.858546131], ""value"": ""sidewalk""}, {""between"": [0.858546131, 1.0], ""value"": ""crosswalk""}], ""level_lr"": [{""between"": [0.0, 1.0], ""value"": 0}], ""road_flags_lr"": [{""start"": 0.0, ""end"": 1.0, ""value"": []}]}","{""class"": ""footway"", ""subclass"": ""sidewalk""}"
9e5349fe-172a-4183-99b8-3c098c8a972f,boston_sidewalk_61737,"LINESTRING (-71.0673160999999993 42.3650459999999995, -71.0673021000000062 42.3650246999999993, -71.0672912999999937 42.3650074000000032, -71.0672710999999993 42.3649675999999999, -71.0672574000000026 42.3649303999999987, -71.0672574000000026 42.3649017999999984, -71.0672627000000006 42.3648754000000025, -71.0672720999999967 42.3648437000000015, -71.0672825999999986 42.3648181000000008, -71.0672983000000045 42.3647893999999994, -71.0673244999999980 42.3647530000000003, -71.0673539000000005 42.3647143000000028)","LINESTRING (-71.0671969912177559 42.3647449247209522, -71.0671682613633351 42.3648817892852421)","{""class"": ""footway"", ""names_lr"": [{""between"": [0.0, 1.0], ""value"": null}], ""subclass_lr"": [{""between"": [0.0, 1.0], ""value"": null}], ""level_lr"": [{""between"": [0.0, 1.0], ""value"": 0}], ""road_flags_lr"": [{""start"": 0.0, ""end"": 1.0, ""value"": []}]}","{""class"": ""footway"", ""subclass"": ""sidewalk""}"
abcd272f-6c1f-404d-ab04-23a250431b8c,boston_sidewalk_61803,"LINESTRING (-71.0678496999999965 42.3570731000000009, -71.0678584999999998 42.3571037999999973, -71.0678680999999983 42.3571402000000035)","LINESTRING (-71.0679567963296961 42.3570520492389804, -71.0679504835826350 42.3570365126164958)","{""class"": ""footway"", ""subclass"": ""crosswalk"", ""names_lr"": [{""between"": [0.0, 1.0], ""value"": null}], ""subclass_lr"": [{""between"": [0.0, 1.0], ""value"": ""crosswalk""}], ""level_lr"": [{""between"": [0.0, 1.0], ""value"": 0}], ""road_flags_lr"": [{""start"": 0.0, ""end"": 1.0, ""value"": []}]}","{""class"": ""footway"", ""subclass"": ""sidewalk""}"
20153376-71a7-4298-a8b4-b7c00cd5ac12,boston_sidewalk_103007,"LINESTRING (-71.0567281000000008 42.3645045999999965, -71.0567250999999942 42.3644632000000030, -71.0567207999999937 42.3644200000000026)","LINESTRING (-71.0566459719096031 42.3645309236680561, -71.0566457372937919 42.3645283704424571, -71.0566454007313268 42.3645263326898842, -71.0566447737536748 42.3645243334306016, -71.0566438622667960 42.3645223960948627, -71.0566426770574253 42.3645205405307053, -71.0566412313152114 42.3645187901964135, -71.0566395431170577 42.3645171640676921, -71.0566376293323572 42.3645156802155327, -71.0566364145925604 42.3645149201899542)","{""class"": ""footway"", ""subclass"": ""crosswalk"", ""names_lr"": [{""between"": [0.0, 1.0], ""value"": null}], ""subclass_lr"": [{""between"": [0.0, 1.0], ""value"": ""crosswalk""}], ""level_lr"": [{""between"": [0.0, 1.0], ""value"": 0}], ""road_flags_lr"": [{""start"": 0.0, ""end"": 1.0, ""value"": []}]}","{""class"": ""footway"", ""subclass"": ""sidewalk""}"
891f4bb9-8f0b-4008-9b1f-98b687bc3678,boston_sidewalk_72599,"LINESTRING (-71.0687462000000068 42.3505832999999967, -71.0686850000000021 42.3505887000000030, -71.0686201000000040 42.3505948000000032)","LINESTRING (-71.0687707677655709 42.3506665607735329, -71.0688718880808779 42.3506493446360608)","{""class"": ""footway"", ""subclass"": ""crosswalk"", ""names_lr"": [{""between"": [0.0, 1.0], ""value"": null}], ""subclass_lr"": [{""between"": [0.0, 1.0], ""value"": ""crosswalk""}], ""level_lr"": [{""between"": [0.0, 1.0], ""value"": 0}], ""road_flags_lr"": [{""start"": 0.0, ""end"": 1.0, ""value"": []}]}","{""class"": ""footway"", ""subclass"": ""sidewalk""}"
c60677af-d62c-467c-88a5-2be88fa448ef,boston_sidewalk_103459,"LINESTRING (-71.0626826999999963 42.3614247000000006, -71.0627139000000057 42.3614237999999972, -71.0628301999999934 42.3614200000000025, -71.0629377000000062 42.3614166999999995, -71.0629660000000030 42.3614158999999972)","LINESTRING (-71.0630548613196851 42.3613912561938051, -71.0630108480014258 42.3613924313049424, -71.0630066741752131 42.3613926522225412, -71.0630025303992170 42.3613930920246773, -71.0629984397625094 42.3613937471978375, -71.0629944204922452 42.3613946151105267, -71.0629904956774539 42.3613956922491681, -71.0629866823624639 42.3613969714763243, -71.0629830000009264 42.3613984483644259, -71.0629794680774722 42.3614001139847147, -71.0629761036426260 42.3614019602992897, -71.0629729237595598 42.3614039774697630, -71.0629699430510868 42.3614061574492453, -71.0629671785989103 42.3614084876985473, -71.0629646426167625 42.3614109574605635, -71.0629623485508972 42.3614135532821336, -71.0629615240045780 42.3614146485026168)","{""class"": ""footway"", ""names_lr"": [{""between"": [0.0, 1.0], ""value"": null}], ""subclass_lr"": [{""between"": [0.0, 0.11002255], ""value"": ""sidewalk""}, {""between"": [0.11002255, 0.900301255], ""value"": ""crosswalk""}, {""between"": [0.900301255, 1.0], ""value"": ""sidewalk""}], ""level_lr"": [{""between"": [0.0, 1.0], ""value"": 0}], ""road_flags_lr"": [{""start"": 0.0, ""end"": 1.0, ""value"": []}]}","{""class"": ""footway"", ""subclass"": ""sidewalk""}"
e98c556d-a1e6-46af-99d4-3fa9dc95d74e,boston_sidewalk_108446,"LINESTRING (-71.0520705999999933 42.3627140999999980, -71.0520158000000066 42.3626926999999966, -71.0519424999999956 42.3626641000000035, -71.0518670999999955 42.3627457999999990, -71.0518172000000021 42.3627997999999977, -71.0518979000000002 42.3628269000000017, -71.0519632999999970 42.3628489000000030)","LINESTRING (-71.0518125054803136 42.3627937187043386, -71.0517821644378813 42.3628251322342919, -71.0516557302465941 42.3629799305121821)","{""class"": ""footway"", ""subclass"": ""crosswalk"", ""names_lr"": [{""between"": [0.0, 1.0], ""value"": null}], ""subclass_lr"": [{""between"": [0.0, 1.0], ""value"": ""crosswalk""}], ""level_lr"": [{""between"": [0.0, 1.0], ""value"": 0}], ""road_flags_lr"": [{""start"": 0.0, ""end"": 1.0, ""value"": []}]}","{""class"": ""footway"", ""subclass"": ""sidewalk""}"
ae932fee-6e88-4f27-9d31-c49ba0cbe828,boston_sidewalk_2148,"LINESTRING (-71.0608646999999962 42.3634202000000002, -71.0611533999999949 42.3634941999999981)","LINESTRING (-71.0612992962797705 42.3635362532621542, -71.0612868056332871 42.3635327566091959, -71.0611713160063942 42.3635004232694783, -71.0611599509741723 42.3634972414972282)","{""class"": ""footway"", ""subclass"": ""sidewalk"", ""names_lr"": [{""between"": [0.0, 1.0], ""value"": null}], ""subclass_lr"": [{""between"": [0.0, 1.0], ""value"": ""sidewalk""}], ""level_lr"": [{""between"": [0.0, 1.0], ""value"": 0}], ""road_flags_lr"": [{""start"": 0.0, ""end"": 1.0, ""value"": []}]}","{""class"": ""footway"", ""subclass"": ""crosswalk""}"
1997d6e1-00e5-4782-9b42-317c835795cb,boston_sidewalk_103935,"LINESTRING (-71.0573825999999968 42.3643884000000028, -71.0573148000000003 42.3643928999999986, -71.0572576999999939 42.3643965999999992)","LINESTRING (-71.0573924095371439 42.3643800857642390, -71.0573937393407959 42.3643807111811412, -71.0573960474319222 42.3643815375261070, -71.0573984686312627 42.3643821608407976, -71.0574009690045045 42.3643825728920191, -71.0574035182340964 42.3643827690616845, -71.0574060811403427 42.3643827456132485, -71.0577047303402622 42.3643672201844836, -71.0577877382184084 42.3643629046682904, -71.0577887184956438 42.3643628211091183, -71.0577904785963597 42.3643625010710636, -71.0577919775575282 42.3643620260795117, -71.0577921430275978 42.3643619735985837, -71.0577936704203807 42.3643612520369430, -71.0577950193677736 42.3643603551329875, -71.0577961544888126 42.3643593079588783, -71.0577964350725608 42.3643589390185866)","{""class"": ""footway"", ""subclass"": ""crosswalk"", ""names_lr"": [{""between"": [0.0, 1.0], ""value"": null}], ""subclass_lr"": [{""between"": [0.0, 1.0], ""value"": ""crosswalk""}], ""level_lr"": [{""between"": [0.0, 1.0], ""value"": 0}], ""road_flags_lr"": [{""start"": 0.0, ""end"": 1.0, ""value"": []}]}","{""class"": ""footway"", ""subclass"": ""sidewalk""}"
72323d06-4c09-4744-b278-6d639949b8c1,boston_sidewalk_12456,"LINESTRING (-71.0714167999999944 42.3547621000000021, -71.0715383999999943 42.3548085999999984, -71.0714811999999938 42.3548960999999977)","LINESTRING (-71.0713900471282045 42.3547239440931449, -71.0713854257398623 42.3547152273583478, -71.0713811287910318 42.3547053837681631, -71.0713776560041595 42.3546953631914107, -71.0712967011442061 42.3545241159990198)","{""class"": ""footway"", ""names_lr"": [{""between"": [0.0, 1.0], ""value"": null}], ""subclass_lr"": [{""between"": [0.0, 1.0], ""value"": null}], ""level_lr"": [{""between"": [0.0, 1.0], ""value"": 0}], ""road_flags_lr"": [{""start"": 0.0, ""end"": 1.0, ""value"": []}]}","{""class"": ""footway"", ""subclass"": ""sidewalk""}"
3c147e0f-5247-4d93-848c-46e110d5401f,boston_sidewalk_13177,"LINESTRING (-71.0741369999999932 42.3532522000000000, -71.0743092999999959 42.3536015999999975, -71.0743181999999933 42.3536193999999995, -71.0743255999999946 42.3536337000000032, -71.0743291999999940 42.3536406999999997, -71.0744847999999934 42.3539401000000026)","LINESTRING (-71.0742248897768008 42.3534347141214624, -71.0743087136608693 42.3536001297028548, -71.0743092784381503 42.3536009771666926, -71.0743093685612592 42.3536011125439416, -71.0743102742889050 42.3536019783754227, -71.0743113946553535 42.3536026937525349, -71.0743126837316481 42.3536032296959704, -71.0743140906793514 42.3536035653108556, -71.0743155597565703 42.3536036868864372, -71.0743167170112997 42.3536036101440558)","{""class"": ""footway"", ""names_lr"": [{""between"": [0.0, 1.0], ""value"": null}], ""subclass_lr"": [{""between"": [0.0, 0.506424709], ""value"": ""sidewalk""}, {""between"": [0.506424709, 0.563279552], ""value"": ""crosswalk""}, {""between"": [0.563279552, 1.0], ""value"": ""sidewalk""}], ""level_lr"": [{""between"": [0.0, 1.0], ""value"": 0}], ""road_flags_lr"": [{""start"": 0.0, ""end"": 1.0, ""value"": []}]}","{""class"": ""footway"", ""subclass"": ""sidewalk""}"
d4fda55d-4a52-44ff-b9c2-12567dd19f04,boston_sidewalk_102855,"LINESTRING (-71.0679875000000010 42.3622429999999994, -71.0679217999999935 42.3622427999999971, -71.0678048999999987 42.3622422999999984, -71.0677184999999980 42.3622410999999985)","LINESTRING (-71.0680232474576883 42.3622359069370020, -71.0682645347816191 42.3622293675381130, -71.0683014538625599 42.3622287804853741)","{""class"": ""footway"", ""subclass"": ""crosswalk"", ""names_lr"": [{""between"": [0.0, 1.0], ""value"": null}], ""subclass_lr"": [{""between"": [0.0, 1.0], ""value"": ""crosswalk""}], ""level_lr"": [{""between"": [0.0, 1.0], ""value"": 0}], ""road_flags_lr"": [{""start"": 0.0, ""end"": 1.0, ""value"": []}]}","{""class"": ""footway"", ""subclass"": ""sidewalk""}"
efbcdfd7-af04-4ba6-a495-a753e546ee95,boston_sidewalk_103038,"LINESTRING (-71.0595021999999972 42.3564349000000036, -71.0595517000000001 42.3564188000000001, -71.0595835999999963 42.3563955999999990)","LINESTRING (-71.0591847284054978 42.3566459133988289, -71.0591945251403132 42.3566388017383346, -71.0593127715037980 42.3565529539087535, -71.0593138562201148 42.3565521487036136, -71.0593168482923119 42.3565497167789573, -71.0593196155861762 42.3565471417468942, -71.0593221458758251 42.3565444361646470, -71.0593244257214991 42.3565416125848699, -71.0593264489790073 42.3565386817874270, -71.0593282034161149 42.3565356572299407, -71.0593296828697589 42.3565325523930767, -71.0593308799505508 42.3565293825535321, -71.0593317885077909 42.3565261593915352, -71.0593324072150665 42.3565228991072260, -71.0593334442736904 42.3565156917490242, -71.0593340629807670 42.3565124314646724, -71.0593349715313423 42.3565092092028905, -71.0593361686114235 42.3565060393632749, -71.0593376480639876 42.3565029345263042, -71.0593394024995604 42.3564999099686048, -71.0593414245411878 42.3564969791662520, -71.0593437056044337 42.3564941546904308, -71.0593462358846324 42.3564914500078942, -71.0593490031747592 42.3564888749750992, -71.0593519952426220 42.3564864430494694, -71.0593530360406334 42.3564856691858935, -71.0594127744428050 42.3564422204408615, -71.0594153066251266 42.3564404619700881, -71.0594188944779717 42.3564382339904384, -71.0594226644182214 42.3564361786639125, -71.0594266030376502 42.3564343040416844, -71.0594306920789194 42.3564326172561394, -71.0594349181337321 42.3564311263584869, -71.0594392617436057 42.3564298366759502, -71.0594437070976284 42.3564287526494212, -71.0594482359511517 42.3564278796107203, -71.0594528300782144 42.3564272201908878, -71.0594574712529834 42.3564267770209852, -71.0594621400294528 42.3564265536276352, -71.0594668194268166 42.3564265481452864, -71.0594714900054498 42.3564267632002611, -71.0594718842489783 42.3564267998218114)","{""class"": ""footway"", ""subclass"": ""crosswalk"", ""names_lr"": [{""between"": [0.0, 1.0], ""value"": null}], ""subclass_lr"": [{""between"": [0.0, 1.0], ""value"": ""crosswalk""}], ""level_lr"": [{""between"": [0.0, 1.0], ""value"": 0}], ""road_flags_lr"": [{""start"": 0.0, ""end"": 1.0, ""value"": []}]}","{""class"": ""footway"", ""subclass"": ""sidewalk""}"
068744f6-418a-4b66-8e1a-fa48b67e6121,boston_sidewalk_73134,"LINESTRING (-71.0645453000000060 42.3554281999999986, -71.0638591999999960 42.3553423999999978, -71.0637272000000024 42.3553246000000030)","LINESTRING (-71.0640116728713309 42.3553596304799385, -71.0637224075996414 42.3553231439130471)","{""class"": ""footway"", ""names_lr"": [{""between"": [0.0, 1.0], ""value"": null}], ""subclass_lr"": [{""between"": [0.0, 1.0], ""value"": null}], ""level_lr"": [{""between"": [0.0, 1.0], ""value"": 0}], ""road_flags_lr"": [{""start"": 0.0, ""end"": 1.0, ""value"": []}]}","{""class"": ""footway"", ""subclass"": ""sidewalk""}"
61436503-3353-4503-b86d-b38fd0835ddc,boston_sidewalk_74760,"LINESTRING (-71.0527230000000003 42.3619781000000017, -71.0526650999999987 42.3619528999999986, -71.0526071000000030 42.3619253000000029, -71.0525947000000002 42.3619196000000002)","LINESTRING (-71.0527452173007106 42.3619968860911129, -71.0527343516764347 42.3620090148628563, -71.0527337567993129 42.3620097075736837, -71.0527323398460169 42.3620116349868567, -71.0527311905060515 42.3620136570708681, -71.0527303198446845 42.3620157540625044, -71.0527297340779711 42.3620179052791670, -71.0527294418561297 42.3620200891475491, -71.0527294457661043 42.3620222831704183, -71.0527297435201461 42.3620244675325708, -71.0527303352965731 42.3620266170264941, -71.0527312127252912 42.3620287136138600, -71.0527323674743059 42.3620307338547022, -71.0527337899725069 42.3620326579054165, -71.0527354633459112 42.3620344685948140, -71.0527373719601343 42.3620361451554999, -71.0527394965006067 42.3620376722073075, -71.0529078988983969 42.3621471306583217, -71.0529105658378057 42.3621488641813073)","{""class"": ""footway"", ""subclass"": ""crosswalk"", ""names_lr"": [{""between"": [0.0, 1.0], ""value"": null}], ""subclass_lr"": [{""between"": [0.0, 1.0], ""value"": ""crosswalk""}], ""level_lr"": [{""between"": [0.0, 1.0], ""value"": 0}], ""road_flags_lr"": [{""start"": 0.0, ""end"": 1.0, ""value"": []}]}","{""class"": ""footway"", ""subclass"": ""sidewalk""}"
74b7fb7e-31b9-4163-8fbb-114b300fbfe9,boston_sidewalk_12671,"LINESTRING (-71.0640738999999968 42.3541833999999966, -71.0643778000000026 42.3542722999999981)","LINESTRING (-71.0644386775238672 42.3542856589406824, -71.0644393575308726 42.3542836790747828, -71.0644397910943866 42.3542815290207244, -71.0644399310622532 42.3542793580481955, -71.0644397736444517 42.3542771877499291, -71.0644393235473899 42.3542750397506751, -71.0644385830436676 42.3542729365663746, -71.0644375604808971 42.3542708998355977, -71.0644362666466662 42.3542689494056006, -71.0644347147499076 42.3542671060331060, -71.0644329192318907 42.3542653877786606, -71.0644309006027157 42.3542638127257192, -71.0644286769572915 42.3542623971481049, -71.0644262724780731 42.3542611546416836, -71.0644237113536121 42.3542600979022126, -71.0644210202123929 42.3542592378340217, -71.0644182256890673 42.3542585844411619, -71.0644153568831598 42.3542581423354108, -71.0644124416740368 42.3542579170239577, -71.0644095116010277 42.3542579113272240, -71.0644065945870125 42.3542581244507019, -71.0644037222022718 42.3542585547133328, -71.0644009236082894 42.3542591977241116, -71.0643982255574542 42.3542600463821444, -71.0643956572359059 42.3542610926953245, -71.0643932429996994 42.3542623250520620, -71.0643910096260640 42.3542637327504252, -71.0643889790743515 42.3542652996682705, -71.0643871708702477 42.3542670105746382, -71.0643856057718466 42.3542688475423859, -71.0643842923312832 42.3542708025012828)","{""class"": ""footway"", ""names_lr"": [{""between"": [0.0, 1.0], ""value"": null}], ""subclass_lr"": [{""between"": [0.0, 1.0], ""value"": null}], ""level_lr"": [{""between"": [0.0, 1.0], ""value"": 0}], ""road_flags_lr"": [{""start"": 0.0, ""end"": 1.0, ""value"": []}]}","{""class"": ""footway"", ""subclass"": ""sidewalk""}"
81b77088-bc0c-4c2a-ae00-265cb6262d08,boston_sidewalk_108438,"LINESTRING (-71.0518045000000029 42.3588938999999982, -71.0517961000000042 42.3588627000000031, -71.0517823999999933 42.3588154999999986, -71.0518505000000005 42.3588050999999979, -71.0518591000000015 42.3588085000000021, -71.0518948999999935 42.3588116000000028)","LINESTRING (-71.0516981402928991 42.3588214362140221, -71.0516953403109000 42.3588230845360272, -71.0516914315199699 42.3588256639381697, -71.0516877255333839 42.3588284025819632, -71.0516842357547489 42.3588312933173441, -71.0516809707573742 42.3588343253742607, -71.0516779415299737 42.3588374897926698, -71.0516751602875729 42.3588407758167094, -71.0516726319557534 42.3588441735624457, -71.0516703675423145 42.3588476713689417, -71.0516683731930243 42.3588512584567169, -71.0516666562676278 42.3588549240509522, -71.0516652217109339 42.3588586555669053, -71.0516640732474798 42.3588624413152743, -71.0516632146082685 42.3588662687066275, -71.0516628982210534 42.3588684335735977)","{""class"": ""footway"", ""names_lr"": [{""between"": [0.0, 1.0], ""value"": null}], ""subclass_lr"": [{""between"": [0.0, 1.0], ""value"": null}], ""level_lr"": [{""between"": [0.0, 1.0], ""value"": 0}], ""road_flags_lr"": [{""start"": 0.0, ""end"": 1.0, ""value"": []}]}","{""class"": ""footway"", ""subclass"": ""sidewalk""}"
6deafe55-0322-4be1-b8e8-e3ed399adae9,boston_sidewalk_100751,"LINESTRING (-71.0794704999999993 42.3496463000000034, -71.0796138000000042 42.3499371999999994, -71.0796253000000036 42.3499606000000028, -71.0796377000000064 42.3499880000000033, -71.0797660000000064 42.3502750999999975)","LINESTRING (-71.0796059958389606 42.3499294015011714, -71.0796086722937730 42.3499269949039245, -71.0796106253150839 42.3499242318473392, -71.0796117740160156 42.3499212299739298, -71.0796120665665114 42.3499181178359265, -71.0796114923839042 42.3499150268370741, -71.0796100760763920 42.3499120894102390, -71.0795386455063749 42.3497703330505004)","{""class"": ""footway"", ""names_lr"": [{""between"": [0.0, 1.0], ""value"": null}], ""subclass_lr"": [{""between"": [0.0, 0.465006546], ""value"": ""sidewalk""}, {""between"": [0.465006546, 0.545841986], ""value"": ""crosswalk""}, {""between"": [0.545841986, 1.0], ""value"": ""sidewalk""}], ""level_lr"": [{""between"": [0.0, 1.0], ""value"": 0}], ""road_flags_lr"": [{""start"": 0.0, ""end"": 1.0, ""value"": []}]}","{""class"": ""footway"", ""subclass"": ""sidewalk""}"
d06b9b5d-0a02-4811-9c4b-722f91aea14a,boston_sidewalk_102747,"LINESTRING (-71.0688674000000020 42.3612705999999974, -71.0687958999999978 42.3612721000000008, -71.0687726000000026 42.3612725999999995, -71.0687173000000030 42.3612742999999980, -71.0686292000000037 42.3612754999999979)","LINESTRING (-71.0689302918660246 42.3612308633580810, -71.0688703264426351 42.3612348951578852)","{""class"": ""footway"", ""names_lr"": [{""between"": [0.0, 1.0], ""value"": null}], ""subclass_lr"": [{""between"": [0.0, 0.39783357], ""value"": ""sidewalk""}, {""between"": [0.39783357, 1.0], ""value"": ""crosswalk""}], ""level_lr"": [{""between"": [0.0, 1.0], ""value"": 0}], ""road_flags_lr"": [{""start"": 0.0, ""end"": 1.0, ""value"": []}]}","{""class"": ""footway"", ""subclass"": ""sidewalk""}"
412025ad-cdd8-40ea-8c5a-77f4c8db4d57,boston_sidewalk_27851,"LINESTRING (-71.0600311999999974 42.3615934999999979, -71.0596663999999976 42.3614723000000026, -71.0595069999999964 42.3615440000000021, -71.0594672999999943 42.3615628000000015, -71.0594281999999993 42.3615814999999998, -71.0593075000000027 42.3616424000000009, -71.0592859000000061 42.3616651000000033, -71.0592740999999961 42.3616945999999999, -71.0592788999999954 42.3618400000000008, -71.0592800000000011 42.3619304999999997, -71.0592233999999934 42.3619568000000015, -71.0591842000000042 42.3619869999999992, -71.0591203000000036 42.3620362999999998)","LINESTRING (-71.0596561797701582 42.3614695473148402, -71.0593241250364969 42.3616283119753447, -71.0593160743639487 42.3616315959965846, -71.0593084654885558 42.3616354137815350, -71.0593013605391377 42.3616397340582793, -71.0592948204682102 42.3616445201484240, -71.0592889001902108 42.3616497308492725, -71.0592836497827705 42.3616553222385122, -71.0592791132729076 42.3616612476699004, -71.0592753298570585 42.3616674568774911, -71.0592723314546504 42.3616738986670995, -71.0592701427391802 42.3616805164150563, -71.0592687823084219 42.3616872543747149, -71.0592688366090641 42.3616879982224006)","{""class"": ""footway"", ""names_lr"": [{""between"": [0.0, 1.0], ""value"": null}], ""subclass_lr"": [{""between"": [0.0, 0.896575335], ""value"": ""sidewalk""}, {""between"": [0.896575335, 1.0], ""value"": ""crosswalk""}], ""level_lr"": [{""between"": [0.0, 1.0], ""value"": 0}], ""road_flags_lr"": [{""start"": 0.0, ""end"": 1.0, ""value"": []}]}","{""class"": ""footway"", ""subclass"": ""sidewalk""}"
108c64a2-a99e-416c-ab0a-ffac25b3e2c0,boston_sidewalk_103694,"LINESTRING (-71.0627704000000051 42.3579882000000012, -71.0627087999999958 42.3580003000000005, -71.0626948999999968 42.3580027000000001, -71.0626355999999930 42.3580129999999997)","LINESTRING (-71.0627748569979758 42.3579838257309760, -71.0627785622281749 42.3579781337752195, -71.0627833303756802 42.3579723288224699, -71.0627888352055805 42.3579668948889676, -71.0627950241740933 42.3579618821912049, -71.0627953009972657 42.3579616977837219, -71.0628018411149753 42.3579573382309817, -71.0629141090450389 42.3579057641796979, -71.0630959559080253 42.3578339538514257, -71.0631109491710902 42.3578278654257332)","{""class"": ""footway"", ""subclass"": ""crosswalk"", ""names_lr"": [{""between"": [0.0, 1.0], ""value"": null}], ""subclass_lr"": [{""between"": [0.0, 1.0], ""value"": ""crosswalk""}], ""level_lr"": [{""between"": [0.0, 1.0], ""value"": 0}], ""road_flags_lr"": [{""start"": 0.0, ""end"": 1.0, ""value"": []}]}","{""class"": ""footway"", ""subclass"": ""sidewalk""}"
a3a1999b-6341-41c7-bf07-4d4d8dae41f0,boston_sidewalk_72877,"LINESTRING (-71.0707914000000045 42.3544596999999996, -71.0707811999999990 42.3544215000000008, -71.0707567999999981 42.3543720999999991, -71.0707510000000013 42.3543542999999971, -71.0707533000000069 42.3543349999999990, -71.0707612000000069 42.3543104000000028, -71.0707751000000059 42.3542812000000026)","LINESTRING (-71.0707636775638747 42.3542746773430281, -71.0707377903721209 42.3543071289345932)","{""class"": ""footway"", ""names_lr"": [{""between"": [0.0, 1.0], ""value"": null}], ""subclass_lr"": [{""between"": [0.0, 1.0], ""value"": null}], ""level_lr"": [{""between"": [0.0, 1.0], ""value"": 0}], ""road_flags_lr"": [{""start"": 0.0, ""end"": 1.0, ""value"": []}]}","{""class"": ""footway"", ""subclass"": ""sidewalk""}"
5e9903be-2aea-4e83-9514-64554f9df9ad,boston_sidewalk_1228,"LINESTRING (-71.0682060000000035 42.3668467000000035, -71.0681746000000061 42.3668242000000035, -71.0681349999999981 42.3667984000000004, -71.0680954000000042 42.3667710000000000, -71.0680559999999986 42.3667437000000007)","LINESTRING (-71.0682111339898910 42.3668599216998771, -71.0682436682395888 42.3669148245867859, -71.0682491184271328 42.3669240216862946)","{""class"": ""footway"", ""names_lr"": [{""between"": [0.0, 1.0], ""value"": null}], ""subclass_lr"": [{""between"": [0.0, 0.21375119], ""value"": ""sidewalk""}, {""between"": [0.21375119, 0.736254097], ""value"": ""crosswalk""}, {""between"": [0.736254097, 1.0], ""value"": ""sidewalk""}], ""level_lr"": [{""between"": [0.0, 1.0], ""value"": 0}], ""road_flags_lr"": [{""start"": 0.0, ""end"": 1.0, ""value"": []}]}","{""class"": ""footway"", ""subclass"": ""crosswalk""}"
e6470639-103b-4b44-bd72-a17a241142cb,boston_sidewalk_62085,"LINESTRING (-71.0732146000000000 42.3553372000000010, -71.0731607999999966 42.3552689999999998, -71.0731171000000046 42.3552151000000023, -71.0730987999999968 42.3551926000000023)","LINESTRING (-71.0730633165877634 42.3552002316896647, -71.0730393818404309 42.3551503360490003)","{""class"": ""footway"", ""subclass"": ""crosswalk"", ""names_lr"": [{""between"": [0.0, 1.0], ""value"": null}], ""subclass_lr"": [{""between"": [0.0, 1.0], ""value"": ""crosswalk""}], ""level_lr"": [{""between"": [0.0, 1.0], ""value"": 0}], ""road_flags_lr"": [{""start"": 0.0, ""end"": 1.0, ""value"": []}]}","{""class"": ""footway"", ""subclass"": ""sidewalk""}"
6523e078-9662-451e-8a39-d9e976b07c47,boston_sidewalk_103076,"LINESTRING (-71.0580415999999957 42.3643325999999973, -71.0579965000000016 42.3643532999999977, -71.0578529999999944 42.3643593999999979, -71.0578309999999931 42.3643603000000013, -71.0578045999999972 42.3643613999999999, -71.0577820999999972 42.3643623999999974, -71.0573825999999968 42.3643884000000028)","LINESTRING (-71.0574049208915426 42.3644795123827720, -71.0574057685979739 42.3644787702049399, -71.0574096167296290 42.3644763749374320, -71.0574139541397756 42.3644744947175695, -71.0574175266557120 42.3644734929378330, -71.0574198566347377 42.3644729266184044, -71.0574241585735820 42.3644724723204931, -71.0577142686622523 42.3644529941465748, -71.0577153747516235 42.3644531478479749, -71.0577180502362609 42.3644535182520485, -71.0577191646903259 42.3644538646475723)","{""class"": ""footway"", ""names_lr"": [{""between"": [0.0, 1.0], ""value"": null}], ""subclass_lr"": [{""between"": [0.0, 0.294216632], ""value"": ""sidewalk""}, {""between"": [0.294216632, 0.366636395], ""value"": ""crosswalk""}, {""between"": [0.366636395, 1.0], ""value"": ""sidewalk""}], ""level_lr"": [{""between"": [0.0, 1.0], ""value"": 0}], ""road_flags_lr"": [{""start"": 0.0, ""end"": 1.0, ""value"": []}]}","{""class"": ""footway"", ""subclass"": ""sidewalk""}"
faa68d1d-da12-4388-ae97-78601cf7cd1f,boston_sidewalk_1647,"LINESTRING (-71.0539258000000018 42.3566821000000004, -71.0539847999999949 42.3566497999999996, -71.0540546000000006 42.3566117000000020)","LINESTRING (-71.0539472692318697 42.3565307710829728, -71.0539381033858888 42.3565356070085812, -71.0538275404866795 42.3565939401354754, -71.0538150350486575 42.3566005375691290)","{""class"": ""footway"", ""subclass"": ""crosswalk"", ""names_lr"": [{""between"": [0.0, 1.0], ""value"": null}], ""subclass_lr"": [{""between"": [0.0, 1.0], ""value"": ""crosswalk""}], ""level_lr"": [{""between"": [0.0, 1.0], ""value"": 0}], ""road_flags_lr"": [{""start"": 0.0, ""end"": 1.0, ""value"": []}]}","{""class"": ""footway"", ""subclass"": ""crosswalk""}"
29dced94-0730-40b9-884d-498a77d70c02,boston_sidewalk_102743,"LINESTRING (-71.0720450999999969 42.3555701000000013, -71.0722138000000001 42.3555242999999990)","LINESTRING (-71.0724351152858134 42.3555470395080320, -71.0722677502316742 42.3555912939223447)","{""name"": ""Beacon Street"", ""class"": ""primary"", ""names_lr"": [{""between"": [0.0, 1.0], ""value"": ""Beacon Street""}], ""subclass_lr"": [{""between"": [0.0, 1.0], ""value"": null}], ""level_lr"": [{""between"": [0.0, 1.0], ""value"": 0}], ""road_flags_lr"": [{""start"": 0.0, ""end"": 1.0, ""value"": []}]}","{""class"": ""footway"", ""subclass"": ""sidewalk""}"
ad1d9245-cb49-41e4-b00a-fbe1938ecf25,boston_sidewalk_103874,"LINESTRING (-71.0650339999999971 42.3577145000000002, -71.0650377000000049 42.3579577000000000)","LINESTRING (-71.0651293414298806 42.3579798625061628, -71.0651298912672331 42.3579533816388860, -71.0651309412473182 42.3579028811104052)","{""class"": ""footway"", ""subclass"": ""sidewalk"", ""names_lr"": [{""between"": [0.0, 1.0], ""value"": null}], ""subclass_lr"": [{""between"": [0.0, 1.0], ""value"": ""sidewalk""}], ""level_lr"": [{""between"": [0.0, 1.0], ""value"": 0}], ""road_flags_lr"": [{""start"": 0.0, ""end"": 1.0, ""value"": []}]}","{""class"": ""footway"", ""subclass"": ""sidewalk""}"
551c5d46-6bda-4fab-9c1f-f0b248f71fb9,boston_sidewalk_103573,"LINESTRING (-71.0639431000000030 42.3660447000000033, -71.0639246000000071 42.3660445000000010, -71.0638359000000008 42.3659637000000018, -71.0638069000000030 42.3659778000000031, -71.0637372999999997 42.3659018000000032, -71.0637064999999950 42.3658682000000013, -71.0636741000000001 42.3658348000000018, -71.0635900999999990 42.3657480999999976, -71.0635333999999972 42.3657782000000012)","LINESTRING (-71.0638405873044405 42.3659606597475573, -71.0638469464568914 42.3659602940363271, -71.0638533185888548 42.3659605108609654, -71.0638596053795482 42.3659613080480355, -71.0638657122184156 42.3659626735350514, -71.0638715457710077 42.3659645862614980, -71.0638770176145158 42.3659670170829656, -71.0638820454521465 42.3659699287754563, -71.0638865494583030 42.3659732778225901, -71.0639304946204646 42.3660233033418976, -71.0639372026298730 42.3660339701890720, -71.0639428740532253 42.3660449617114523, -71.0639454313882055 42.3660512149106196)","{""class"": ""footway"", ""names_lr"": [{""between"": [0.0, 1.0], ""value"": null}], ""subclass_lr"": [{""between"": [0.0, 0.301826688], ""value"": ""sidewalk""}, {""between"": [0.301826688, 0.580377712], ""value"": ""crosswalk""}, {""between"": [0.580377712, 1.0], ""value"": ""sidewalk""}], ""level_lr"": [{""between"": [0.0, 1.0], ""value"": 0}], ""road_flags_lr"": [{""start"": 0.0, ""end"": 1.0, ""value"": []}]}","{""class"": ""footway"", ""subclass"": ""sidewalk""}"
d3ee3dab-d72f-4b8b-a2eb-66f00be42ad6,boston_sidewalk_22967,"LINESTRING (-71.0644963999999959 42.3522808000000026, -71.0645772999999963 42.3522924000000032, -71.0646660000000026 42.3523050000000012)","LINESTRING (-71.0641807235977581 42.3522786808805662, -71.0641813660134289 42.3522793369270758, -71.0641826545951290 42.3522802808149379, -71.0641841324647174 42.3522810570655750, -71.0641857609315792 42.3522816439254441, -71.0641872079609129 42.3522819636112544, -71.0641874964007343 42.3522820268245326, -71.0641892928186252 42.3522821956851772, -71.0644589384144325 42.3522910201080620, -71.0644622459222148 42.3522910191308242, -71.0644655403774550 42.3522907984327972, -71.0644687962793000 42.3522903597180900, -71.0644719844610648 42.3522897082780077, -71.0644749821190942 42.3522888751575906)","{""class"": ""footway"", ""subclass"": ""crosswalk"", ""names_lr"": [{""between"": [0.0, 1.0], ""value"": null}], ""subclass_lr"": [{""between"": [0.0, 1.0], ""value"": ""crosswalk""}], ""level_lr"": [{""between"": [0.0, 1.0], ""value"": 0}], ""road_flags_lr"": [{""start"": 0.0, ""end"": 1.0, ""value"": []}]}","{""class"": ""footway"", ""subclass"": ""sidewalk""}"
1edd2261-aaaa-497e-b2f9-d3901c3dd382,boston_sidewalk_13270,"LINESTRING (-71.0536873000000071 42.3587290999999979, -71.0537997999999931 42.3588047000000003)","LINESTRING (-71.0533998401224238 42.3584569146507590, -71.0533995234984559 42.3584579181460299, -71.0533993390056935 42.3584594632293658, -71.0533994506726572 42.3584610121636871, -71.0533998550740620 42.3584625343256818, -71.0534005451427930 42.3584639990781326, -71.0534015065224906 42.3584653766556016, -71.0534027199822447 42.3584666399747007, -71.0534041614229750 42.3584677637336782, -71.0534895736862637 42.3585255573552075, -71.0536053758480222 42.3586013891667577, -71.0536337360526744 42.3586204512692248, -71.0537319059232857 42.3586864373538532, -71.0538484196066804 42.3587631863722720, -71.0538497602719303 42.3587639712251658, -71.0538515548358873 42.3587647695426668, -71.0538532081525034 42.3587652855211516, -71.0538534818865912 42.3587653712103958, -71.0538555050845702 42.3587657652837990, -71.0538575832095205 42.3587659444006945, -71.0538596738020516 42.3587659047952556, -71.0538617246536433 42.3587656480654715)","{""name"": ""India Street"", ""class"": ""secondary"", ""names_lr"": [{""between"": [0.0, 1.0], ""value"": ""India Street""}], ""subclass_lr"": [{""between"": [0.0, 1.0], ""value"": null}], ""level_lr"": [{""between"": [0.0, 1.0], ""value"": 0}], ""road_flags_lr"": [{""start"": 0.0, ""end"": 1.0, ""value"": []}]}","{""class"": ""footway"", ""subclass"": ""sidewalk""}"
3a6808b6-e22e-4dd8-a32a-2e3c0bfa1835,boston_sidewalk_103591,"LINESTRING (-71.0651473000000067 42.3631896999999995, -71.0650918000000047 42.3632063000000016, -71.0650238999999999 42.3632265999999973)","LINESTRING (-71.0654658172200442 42.3632808731592050, -71.0651891885069489 42.3632174052354529, -71.0651820997590846 42.3632160460080343, -71.0651752589740511 42.3632141115323009, -71.0651687521870628 42.3632116246408756, -71.0651626568737527 42.3632086171368556, -71.0651570504787600 42.3632051253246971, -71.0651520031136670 42.3632011926833485, -71.0651475763551588 42.3631968680614577, -71.0651438244590423 42.3631922056815213, -71.0651416395542270 42.3631886385763607)","{""class"": ""footway"", ""subclass"": ""crosswalk"", ""names_lr"": [{""between"": [0.0, 1.0], ""value"": null}], ""subclass_lr"": [{""between"": [0.0, 1.0], ""value"": ""crosswalk""}], ""level_lr"": [{""between"": [0.0, 1.0], ""value"": 0}], ""road_flags_lr"": [{""start"": 0.0, ""end"": 1.0, ""value"": []}]}","{""class"": ""footway"", ""subclass"": ""sidewalk""}"
695220d2-d7be-4093-9b6d-a25d30e69fd3,boston_sidewalk_72941,"LINESTRING (-71.0567317999999943 42.3688945999999973, -71.0570481999999970 42.3688002999999966, -71.0572642000000059 42.3687287999999995, -71.0575852999999995 42.3685092999999995, -71.0576369999999997 42.3683359999999993, -71.0578150000000051 42.3682213000000019, -71.0581540999999959 42.3680255000000017, -71.0580982000000034 42.3679612999999975, -71.0582342000000011 42.3678868000000008, -71.0584805999999958 42.3678826000000015)","LINESTRING (-71.0569975055592238 42.3688081225970166, -71.0572543803825454 42.3687328607668690, -71.0575785982976527 42.3685130009385560, -71.0576339650585709 42.3683383471832542, -71.0576644249563429 42.3683197590220288, -71.0577023041116576 42.3682966430199386, -71.0578201712867639 42.3682274597465565)","{""name"": ""Boston HarborWalk North End"", ""class"": ""footway"", ""names_lr"": [{""between"": [0.0, 1.0], ""value"": ""Boston HarborWalk North End""}], ""subclass_lr"": [{""between"": [0.0, 1.0], ""value"": null}], ""level_lr"": [{""between"": [0.0, 1.0], ""value"": 0}], ""road_flags_lr"": [{""start"": 0.0, ""end"": 1.0, ""value"": []}]}","{""class"": ""footway"", ""subclass"": ""sidewalk""}"
bea2f8a9-58f3-4816-ab07-27b9e7704585,boston_sidewalk_103783,"LINESTRING (-71.0589827000000014 42.3648924000000022, -71.0588958000000019 42.3648105999999984, -71.0587241000000063 42.3646498000000022, -71.0586064000000022 42.3645530000000008, -71.0585674000000012 42.3645076000000032, -71.0585429000000062 42.3644760999999974, -71.0585176000000018 42.3644405000000006, -71.0584855000000033 42.3643873999999983, -71.0584585999999945 42.3643244000000010, -71.0584462000000059 42.3642804999999996)","LINESTRING (-71.0589694229915523 42.3647764227154013, -71.0587165132722447 42.3645502515420063, -71.0587026941241788 42.3645374054070629, -71.0586894831932341 42.3645242113914975, -71.0586815099529616 42.3645156433527177)","{""name"": ""Beverly Street"", ""class"": ""residential"", ""names_lr"": [{""between"": [0.0, 1.0], ""value"": ""Beverly Street""}], ""subclass_lr"": [{""between"": [0.0, 1.0], ""value"": null}], ""level_lr"": [{""between"": [0.0, 1.0], ""value"": 0}], ""road_flags_lr"": [{""start"": 0.0, ""end"": 1.0, ""value"": []}]}","{""class"": ""footway"", ""subclass"": ""sidewalk""}"
88ccb51b-9d4e-4644-ad1a-602209073afc,boston_sidewalk_1199,"LINESTRING (-71.0562709999999953 42.3513037000000026, -71.0562975999999935 42.3512602999999999, -71.0563166000000024 42.3512291999999988, -71.0563240000000036 42.3512163999999984, -71.0564846000000045 42.3509376000000017)","LINESTRING (-71.0563627178739949 42.3512297439129952, -71.0563076997159726 42.3512284224819240, -71.0563076837294005 42.3512284521299094, -71.0562676185820692 42.3513034908518406, -71.0562671413861864 42.3513043839010450, -71.0562660913166155 42.3513267341079498)","{""class"": ""footway"", ""names_lr"": [{""between"": [0.0, 1.0], ""value"": null}], ""subclass_lr"": [{""between"": [0.0, 0.205131073], ""value"": ""crosswalk""}, {""between"": [0.205131073, 1.0], ""value"": ""sidewalk""}], ""level_lr"": [{""between"": [0.0, 1.0], ""value"": 0}], ""road_flags_lr"": [{""start"": 0.0, ""end"": 1.0, ""value"": []}]}","{""class"": ""footway"", ""subclass"": ""crosswalk""}"
6ba85dad-0efa-4d50-b32d-d00d989702b2,boston_sidewalk_102783,"LINESTRING (-71.0770576000000034 42.3543029000000004, -71.0769922000000065 42.3543164000000019, -71.0769344999999930 42.3543295999999998)","LINESTRING (-71.0772660428697378 42.3542381076464522, -71.0771482276037716 42.3542703055319549, -71.0771469729301941 42.3542706097181281)","{""class"": ""footway"", ""subclass"": ""crosswalk"", ""names_lr"": [{""between"": [0.0, 1.0], ""value"": null}], ""subclass_lr"": [{""between"": [0.0, 1.0], ""value"": ""crosswalk""}], ""level_lr"": [{""between"": [0.0, 1.0], ""value"": 0}], ""road_flags_lr"": [{""start"": 0.0, ""end"": 1.0, ""value"": []}]}","{""class"": ""footway"", ""subclass"": ""sidewalk""}"
ebad4c09-d5f1-41e8-ba55-f9f8a99277f2,boston_sidewalk_12394,"LINESTRING (-71.0728663000000012 42.3556925000000035, -71.0727512999999931 42.3554627999999980)","LINESTRING (-71.0730548655672436 42.3559046335914289, -71.0730540221739489 42.3559049608669440, -71.0730497730768462 42.3559059624203016, -71.0730453542035576 42.3559064006615529, -71.0730409003771513 42.3559062625870055, -71.0730365462990932 42.3559055531980988, -71.0730324241340838 42.3559042936922623, -71.0730286598621603 42.3559025223494032, -71.0730253684420319 42.3559002918133132, -71.0730077910919675 42.3558824683205444, -71.0729909068768535 42.3558642809804198, -71.0729747278492141 42.3558457424420141, -71.0729592696726655 42.3558268698693610, -71.0729445431736764 42.3558076777075385, -71.0729305603866237 42.3557881813065009, -71.0729173345472276 42.3557683978212083, -71.0729063954342450 42.3557507916267042, -71.0728104245421264 42.3556376656706419)","{""class"": ""cycleway"", ""names_lr"": [{""between"": [0.0, 1.0], ""value"": null}], ""subclass_lr"": [{""between"": [0.0, 1.0], ""value"": null}], ""level_lr"": [{""between"": [0.0, 1.0], ""value"": 0}], ""road_flags_lr"": [{""start"": 0.0, ""end"": 1.0, ""value"": []}]}","{""class"": ""footway"", ""subclass"": ""sidewalk""}"
536ab46b-9baa-4794-8f1e-b2017c2d340a,boston_sidewalk_13038,"LINESTRING (-71.0557902000000041 42.3677624999999978, -71.0557828999999970 42.3677988999999968, -71.0557393999999931 42.3680164000000019, -71.0557352999999949 42.3680383000000020, -71.0557333000000000 42.3680486000000016)","LINESTRING (-71.0557104283506931 42.3678295130104416, -71.0557209887981145 42.3678171631224956, -71.0557356390094981 42.3678000304892208, -71.0557368841591028 42.3677983697636691, -71.0557378628866729 42.3677966134787525, -71.0557385628874840 42.3677947849944800, -71.0557389730582685 42.3677929094759946, -71.0557390895861971 42.3677910112164469, -71.0557389098662924 42.3677891154138564, -71.0557384373635870 42.3677872472896269, -71.0557376779648706 42.3677854329749763, -71.0557366400101529 42.3677836950092939, -71.0557353403316228 42.3677820568650532, -71.0557337945533618 42.3677805411098802, -71.0557320243889308 42.3677791676340192, -71.0557295822544148 42.3677777060351417)","{""name"": ""Copp's Hill Terrace"", ""class"": ""residential"", ""names_lr"": [{""between"": [0.0, 1.0], ""value"": ""Copp's Hill Terrace""}], ""subclass_lr"": [{""between"": [0.0, 1.0], ""value"": null}], ""level_lr"": [{""between"": [0.0, 1.0], ""value"": 0}], ""road_flags_lr"": [{""start"": 0.0, ""end"": 1.0, ""value"": []}]}","{""class"": ""footway"", ""subclass"": ""sidewalk""}"
81ec1dc9-ce3e-4c28-a9b4-4b404986257f,boston_sidewalk_1307,"LINESTRING (-71.0566421000000048 42.3645113999999978, -71.0566927999999933 42.3645074000000008, -71.0567281000000008 42.3645045999999965)","LINESTRING (-71.0566352808485249 42.3644066514833568, -71.0566452051174338 42.3644068445885296, -71.0567122849683841 42.3644081501776171, -71.0567201663602361 42.3644083038927519)","{""class"": ""footway"", ""subclass"": ""crosswalk"", ""names_lr"": [{""between"": [0.0, 1.0], ""value"": null}], ""subclass_lr"": [{""between"": [0.0, 1.0], ""value"": ""crosswalk""}], ""level_lr"": [{""between"": [0.0, 1.0], ""value"": -1}], ""road_flags_lr"": [{""start"": 0.0, ""end"": 1.0, ""value"": []}]}","{""class"": ""footway"", ""subclass"": ""crosswalk""}"
31fea4c7-cdbc-4981-8ddf-02daba256dd8,boston_sidewalk_36894,"LINESTRING (-71.0738439999999940 42.3528676999999973, -71.0738628999999946 42.3529041000000035, -71.0738754999999998 42.3529285999999985, -71.0739317999999969 42.3530441999999994, -71.0739741000000009 42.3531306000000001, -71.0739855000000063 42.3531546999999975, -71.0739975000000044 42.3531795999999972, -71.0740145999999982 42.3532141000000024)","LINESTRING (-71.0739653814607379 42.3529015864767189, -71.0739659991797481 42.3529028617768120, -71.0740211430493360 42.3530047530342983, -71.0740253024149240 42.3530134418456825)","{""name"": ""Berkeley Street"", ""class"": ""primary"", ""names_lr"": [{""between"": [0.0, 1.0], ""value"": ""Berkeley Street""}], ""subclass_lr"": [{""between"": [0.0, 1.0], ""value"": null}], ""level_lr"": [{""between"": [0.0, 1.0], ""value"": 0}], ""road_flags_lr"": [{""start"": 0.0, ""end"": 1.0, ""value"": []}]}","{""class"": ""footway"", ""subclass"": ""sidewalk""}"
863d2f1d-9f7e-4a6c-a95e-6acf8c43c8d7,boston_sidewalk_43221,"LINESTRING (-71.0504621000000043 42.3515338999999997, -71.0503073000000001 42.3514280999999997)","LINESTRING (-71.0502096761218809 42.3513674301497858, -71.0502757379300647 42.3514082278069779)","{""name"": ""Boston HarborWalk"", ""class"": ""footway"", ""subclass"": ""sidewalk"", ""names_lr"": [{""between"": [0.0, 1.0], ""value"": ""Boston HarborWalk""}], ""subclass_lr"": [{""between"": [0.0, 1.0], ""value"": ""sidewalk""}], ""level_lr"": [{""between"": [0.0, 1.0], ""value"": 0}], ""road_flags_lr"": [{""start"": 0.0, ""end"": 1.0, ""value"": []}]}","{""class"": ""footway"", ""subclass"": ""crosswalk""}"
f13cb656-c499-4d8f-b2ae-cede63369e31,boston_sidewalk_1335,"LINESTRING (-71.0668346000000071 42.3602909999999966, -71.0668388999999934 42.3603299000000035, -71.0668442000000056 42.3603613000000010)","LINESTRING (-71.0669743796244830 42.3602913539074635, -71.0669747456283858 42.3602958747411762, -71.0669803182613435 42.3603645707410692, -71.0669808936687417 42.3603716626908877)","{""class"": ""footway"", ""subclass"": ""crosswalk"", ""names_lr"": [{""between"": [0.0, 1.0], ""value"": null}], ""subclass_lr"": [{""between"": [0.0, 1.0], ""value"": ""crosswalk""}], ""level_lr"": [{""between"": [0.0, 1.0], ""value"": 0}], ""road_flags_lr"": [{""start"": 0.0, ""end"": 1.0, ""value"": []}]}","{""class"": ""footway"", ""subclass"": ""crosswalk""}"
6264de55-2efc-447e-80a7-daee8402d8ab,boston_sidewalk_12691,"LINESTRING (-71.0675418000000008 42.3565292999999983, -71.0674937999999941 42.3564295999999985)","LINESTRING (-71.0675601751586044 42.3562134709717313, -71.0675643036090179 42.3563707771910742, -71.0675641036115024 42.3564110455425933)","{""class"": ""steps"", ""names_lr"": [{""between"": [0.0, 1.0], ""value"": null}], ""subclass_lr"": [{""between"": [0.0, 1.0], ""value"": null}], ""level_lr"": [{""between"": [0.0, 1.0], ""value"": 0}], ""road_flags_lr"": [{""start"": 0.0, ""end"": 1.0, ""value"": []}]}","{""class"": ""footway"", ""subclass"": ""sidewalk""}"
4baf9698-3cfb-4cc2-bda9-d0ca11211fc5,boston_sidewalk_12948,"LINESTRING (-71.0521480999999966 42.3611902999999970, -71.0522320000000036 42.3610990000000029, -71.0521353999999974 42.3610504999999975, -71.0520508000000035 42.3610098999999991, -71.0518947000000054 42.3611688000000015, -71.0520829999999961 42.3612620999999976)","LINESTRING (-71.0521450139074773 42.3611889921421678, -71.0522156803458671 42.3611079152374188, -71.0522417631022165 42.3610706691295107, -71.0522601762132950 42.3610373679407317, -71.0522680825047388 42.3610150769141924, -71.0522720889536572 42.3609848229395780)","{""class"": ""footway"", ""names_lr"": [{""between"": [0.0, 1.0], ""value"": null}], ""subclass_lr"": [{""between"": [0.0, 1.0], ""value"": null}], ""level_lr"": [{""between"": [0.0, 1.0], ""value"": 0}], ""road_flags_lr"": [{""start"": 0.0, ""end"": 1.0, ""value"": []}]}","{""class"": ""footway"", ""subclass"": ""sidewalk""}"
c8b87c7b-0aec-4308-8666-54fb9a6304bc,boston_sidewalk_27251,"LINESTRING (-71.0605110000000053 42.3530568999999986, -71.0604464999999976 42.3531283000000016, -71.0602300999999983 42.3533675999999986, -71.0599988000000025 42.3532531000000034)","LINESTRING (-71.0604338374552924 42.3531448184862356, -71.0605161560295073 42.3531870867094540, -71.0605178916772502 42.3531940841079546, -71.0604755314499101 42.3532411596190812, -71.0603995467725866 42.3533249501207081, -71.0603081694379881 42.3534241766389172, -71.0602683946555658 42.3534657818823987, -71.0602130880047156 42.3534354790346299)","{""class"": ""service"", ""names_lr"": [{""between"": [0.0, 1.0], ""value"": null}], ""subclass_lr"": [{""between"": [0.0, 1.0], ""value"": null}], ""level_lr"": [{""between"": [0.0, 1.0], ""value"": 0}], ""road_flags_lr"": [{""start"": 0.0, ""end"": 1.0, ""value"": []}]}","{""class"": ""footway"", ""subclass"": ""sidewalk""}"
716892e5-bd7b-4fd9-9007-81df587bd4b9,boston_sidewalk_861,"LINESTRING (-71.0674891000000031 42.3670380000000009, -71.0675619999999952 42.3670814999999976, -71.0675932999999986 42.3670953999999966, -71.0676301999999964 42.3671067000000008, -71.0676672000000025 42.3671101999999991, -71.0677052000000060 42.3671083999999993)","LINESTRING (-71.0674741700341741 42.3671219258656819, -71.0673997846360521 42.3670821009497445, -71.0672913572290526 42.3670215547240829)","{""class"": ""motorway"", ""subclass"": ""link"", ""names_lr"": [{""between"": [0.0, 1.0], ""value"": null}], ""subclass_lr"": [{""between"": [0.0, 1.0], ""value"": ""link""}], ""level_lr"": [{""between"": [0.0, 1.0], ""value"": 0}], ""road_flags_lr"": [{""start"": 0.0, ""end"": 1.0, ""value"": []}]}","{""class"": ""footway"", ""subclass"": ""crosswalk""}"
4f41640a-8678-4a0d-8817-fad89ebe0fa2,boston_sidewalk_22917,"LINESTRING (-71.0651234999999986 42.3657740000000018, -71.0649509999999935 42.3657115000000033, -71.0648275000000069 42.3656691999999993, -71.0647462000000019 42.3656384000000017, -71.0647223999999937 42.3656278999999998, -71.0646974999999941 42.3656105999999966, -71.0646926999999948 42.3656256000000013, -71.0646875000000051 42.3656392999999980)","LINESTRING (-71.0647821499871242 42.3655355015119568, -71.0647900393410623 42.3655406963221068, -71.0648081103283005 42.3655517608278132, -71.0648267030504286 42.3655623393479814, -71.0648457933265831 42.3655724173862467, -71.0648653593915611 42.3655819822559323, -71.0648853734039534 42.3655910221477399, -71.0649058111642518 42.3655995252661839, -71.0650113927916181 42.3656375143773900)","{""class"": ""footway"", ""subclass"": ""sidewalk"", ""names_lr"": [{""between"": [0.0, 1.0], ""value"": null}], ""subclass_lr"": [{""between"": [0.0, 1.0], ""value"": ""sidewalk""}], ""level_lr"": [{""between"": [0.0, 1.0], ""value"": 0}], ""road_flags_lr"": [{""start"": 0.0, ""end"": 1.0, ""value"": []}]}","{""class"": ""footway"", ""subclass"": ""sidewalk""}"
2682837f-7ddf-4454-9d82-5e5f4759dd3a,boston_sidewalk_108447,"LINESTRING (-71.0519288999999930 42.3627916000000013, -71.0518979000000002 42.3628269000000017, -71.0517052000000007 42.3630465000000029, -71.0515965000000023 42.3631737999999984, -71.0515675999999985 42.3632077999999979)","LINESTRING (-71.0516557302465941 42.3629799305121821, -71.0515841697418296 42.3630675432724146, -71.0515624188253270 42.3630930897318052, -71.0515414834744377 42.3631190075856665, -71.0515249906391517 42.3631405583449236)","{""name"": ""Commercial Street"", ""class"": ""secondary"", ""names_lr"": [{""between"": [0.0, 1.0], ""value"": ""Commercial Street""}], ""subclass_lr"": [{""between"": [0.0, 1.0], ""value"": null}], ""level_lr"": [{""between"": [0.0, 1.0], ""value"": 0}], ""road_flags_lr"": [{""start"": 0.0, ""end"": 1.0, ""value"": []}]}","{""class"": ""footway"", ""subclass"": ""sidewalk""}"
79f85331-54eb-463f-85af-a4c3563f18a8,boston_sidewalk_1879,"LINESTRING (-71.0597671999999960 42.3524910000000006, -71.0594736999999981 42.3524754999999971)","LINESTRING (-71.0594701485822640 42.3524708680123609, -71.0594589470993725 42.3524690731324043, -71.0593188164597791 42.3524466204059493, -71.0593136176359934 42.3524457875194287)","{""class"": ""footway"", ""subclass"": ""sidewalk"", ""names_lr"": [{""between"": [0.0, 1.0], ""value"": null}], ""subclass_lr"": [{""between"": [0.0, 1.0], ""value"": ""sidewalk""}], ""level_lr"": [{""between"": [0.0, 1.0], ""value"": 0}], ""road_flags_lr"": [{""start"": 0.0, ""end"": 1.0, ""value"": []}]}","{""class"": ""footway"", ""subclass"": ""crosswalk""}"
7a9b1a0d-18c0-4992-870b-7d2078bd9bfd,boston_sidewalk_103266,"LINESTRING (-71.0594580000000065 42.3663813000000005, -71.0593898000000053 42.3664164999999997, -71.0587720000000047 42.3667435999999995, -71.0587423000000058 42.3667593999999994, -71.0585449999999952 42.3669043000000016)","LINESTRING (-71.0587474320778512 42.3669012866480159, -71.0587504035181610 42.3668952724124281, -71.0587545211263745 42.3668885459435671, -71.0587593059385227 42.3668820678128668, -71.0587647310014319 42.3668758730282988, -71.0587707657198422 42.3668699965836595, -71.0587773770830182 42.3668644716628009, -71.0587845272368384 42.3668593296306355, -71.0587921771320907 42.3668545991464995, -71.0594599443321187 42.3664923012189121, -71.0595620406552086 42.3664369084966665, -71.0596733789355710 42.3663765004425272)","{""name"": ""Causeway Street"", ""class"": ""secondary"", ""names_lr"": [{""between"": [0.0, 1.0], ""value"": ""Causeway Street""}], ""subclass_lr"": [{""between"": [0.0, 1.0], ""value"": null}], ""level_lr"": [{""between"": [0.0, 1.0], ""value"": 0}], ""road_flags_lr"": [{""start"": 0.0, ""end"": 1.0, ""value"": []}]}","{""class"": ""footway"", ""subclass"": ""sidewalk""}"
cbfab228-fbb6-4976-9ef9-58a350f95dde,boston_sidewalk_22270,"LINESTRING (-71.0545699999999982 42.3655290000000022, -71.0550288000000023 42.3658481000000009, -71.0550599000000034 42.3658678999999978)","LINESTRING (-71.0550419656391909 42.3658246037449402, -71.0550386274099992 42.3658228307648699, -71.0549978055482399 42.3657942371915652, -71.0549304629046361 42.3657482923371944, -71.0548709805990484 42.3657070818754065, -71.0546130577235289 42.3655285580184184, -71.0546027499754302 42.3655214229212049, -71.0545503252404558 42.3654850291597711, -71.0543283513681274 42.3653309309813508, -71.0542841250973680 42.3652998886742367, -71.0541689968542300 42.3652190817209942, -71.0539231696019868 42.3650494881253152, -71.0538690510741873 42.3650128966160082, -71.0538621435390354 42.3650082261285519)","{""name"": ""North Bennet Street"", ""class"": ""residential"", ""names_lr"": [{""between"": [0.0, 1.0], ""value"": ""North Bennet Street""}], ""subclass_lr"": [{""between"": [0.0, 1.0], ""value"": null}], ""level_lr"": [{""between"": [0.0, 1.0], ""value"": 0}], ""road_flags_lr"": [{""start"": 0.0, ""end"": 1.0, ""value"": []}]}","{""class"": ""footway"", ""subclass"": ""sidewalk""}"
06470d1b-53f9-403c-8fd9-11b9c979847d,boston_sidewalk_5669,"LINESTRING (-71.0556820000000045 42.3638797999999994, -71.0556609000000066 42.3639190999999968, -71.0556370999999984 42.3639645000000016, -71.0555581999999930 42.3641233999999969)","LINESTRING (-71.0557367866587697 42.3638697132599589, -71.0557011938274314 42.3639265785252235)","{""name"": ""Salem Street"", ""class"": ""residential"", ""names_lr"": [{""between"": [0.0, 1.0], ""value"": ""Salem Street""}], ""subclass_lr"": [{""between"": [0.0, 1.0], ""value"": null}], ""level_lr"": [{""between"": [0.0, 1.0], ""value"": 0}], ""road_flags_lr"": [{""start"": 0.0, ""end"": 1.0, ""value"": []}]}","{""class"": ""footway"", ""subclass"": ""crosswalk""}"
b46da4f4-c112-42e8-be50-2a1030fc1a5d,boston_sidewalk_103104,"LINESTRING (-71.0529724000000016 42.3609567000000027, -71.0528584000000052 42.3608684000000011, -71.0527948999999950 42.3608193000000028, -71.0527447000000052 42.3607804000000030)","LINESTRING (-71.0529652163176024 42.3609657123026437, -71.0532192331374404 42.3611250811761124)","{""class"": ""footway"", ""subclass"": ""crosswalk"", ""names_lr"": [{""between"": [0.0, 1.0], ""value"": null}], ""subclass_lr"": [{""between"": [0.0, 1.0], ""value"": ""crosswalk""}], ""level_lr"": [{""between"": [0.0, 1.0], ""value"": 0}], ""road_flags_lr"": [{""start"": 0.0, ""end"": 1.0, ""value"": []}]}","{""class"": ""footway"", ""subclass"": ""sidewalk""}"
b3888cbc-fbec-4386-9995-efc7a9ffe5bb,boston_sidewalk_27956,"LINESTRING (-71.0689011000000050 42.3649454999999975, -71.0686457000000047 42.3648941000000008, -71.0684121000000033 42.3648470999999986, -71.0682984999999974 42.3648242000000010, -71.0682728999999966 42.3648190999999983, -71.0678302000000031 42.3647300000000016)","LINESTRING (-71.0685725952720588 42.3648845644471450, -71.0684086541993167 42.3648494620254681, -71.0682703022792879 42.3648198382509804)","{""class"": ""footway"", ""names_lr"": [{""between"": [0.0, 1.0], ""value"": null}], ""subclass_lr"": [{""between"": [0.0, 1.0], ""value"": null}], ""level_lr"": [{""between"": [0.0, 1.0], ""value"": 0}], ""road_flags_lr"": [{""start"": 0.0, ""end"": 1.0, ""value"": []}]}","{""class"": ""footway"", ""subclass"": ""sidewalk""}"
667fdd7c-8500-4169-890d-8dde6bcca7a5,boston_sidewalk_103038,"LINESTRING (-71.0594715999999949 42.3563830000000010, -71.0594032999999996 42.3564366000000021, -71.0591620000000006 42.3566259999999986, -71.0588403000000000 42.3569119000000001, -71.0588268000000056 42.3569244999999981, -71.0588108000000034 42.3569394000000017, -71.0587402000000026 42.3570027999999965)","LINESTRING (-71.0591847284054978 42.3566459133988289, -71.0591945251403132 42.3566388017383346, -71.0593127715037980 42.3565529539087535, -71.0593138562201148 42.3565521487036136, -71.0593168482923119 42.3565497167789573, -71.0593196155861762 42.3565471417468942, -71.0593221458758251 42.3565444361646470, -71.0593244257214991 42.3565416125848699, -71.0593264489790073 42.3565386817874270, -71.0593282034161149 42.3565356572299407, -71.0593296828697589 42.3565325523930767, -71.0593308799505508 42.3565293825535321, -71.0593317885077909 42.3565261593915352, -71.0593324072150665 42.3565228991072260, -71.0593334442736904 42.3565156917490242, -71.0593340629807670 42.3565124314646724, -71.0593349715313423 42.3565092092028905, -71.0593361686114235 42.3565060393632749, -71.0593376480639876 42.3565029345263042, -71.0593394024995604 42.3564999099686048, -71.0593414245411878 42.3564969791662520, -71.0593437056044337 42.3564941546904308, -71.0593462358846324 42.3564914500078942, -71.0593490031747592 42.3564888749750992, -71.0593519952426220 42.3564864430494694, -71.0593530360406334 42.3564856691858935, -71.0594127744428050 42.3564422204408615, -71.0594153066251266 42.3564404619700881, -71.0594188944779717 42.3564382339904384, -71.0594226644182214 42.3564361786639125, -71.0594266030376502 42.3564343040416844, -71.0594306920789194 42.3564326172561394, -71.0594349181337321 42.3564311263584869, -71.0594392617436057 42.3564298366759502, -71.0594437070976284 42.3564287526494212, -71.0594482359511517 42.3564278796107203, -71.0594528300782144 42.3564272201908878, -71.0594574712529834 42.3564267770209852, -71.0594621400294528 42.3564265536276352, -71.0594668194268166 42.3564265481452864, -71.0594714900054498 42.3564267632002611, -71.0594718842489783 42.3564267998218114)","{""name"": ""Washington Street"", ""class"": ""pedestrian"", ""names_lr"": [{""between"": [0.0, 1.0], ""value"": ""Washington Street""}], ""subclass_lr"": [{""between"": [0.0, 1.0], ""value"": null}], ""level_lr"": [{""between"": [0.0, 1.0], ""value"": 0}], ""road_flags_lr"": [{""start"": 0.0, ""end"": 1.0, ""value"": []}]}","{""class"": ""footway"", ""subclass"": ""sidewalk""}"
1841a5b6-c484-4e02-a4d7-c5bacddb2a54,boston_sidewalk_62007,"LINESTRING (-71.0693404999999956 42.3614521000000011, -71.0692619999999948 42.3614466000000007, -71.0691934000000032 42.3614620999999971, -71.0691031000000066 42.3614669999999975, -71.0690153999999978 42.3614670999999987, -71.0688176000000027 42.3614536999999984, -71.0687870999999944 42.3614516000000023, -71.0687029999999993 42.3614458999999997)","LINESTRING (-71.0689808502733200 42.3614436895546120, -71.0688074852274383 42.3614314385869548)","{""class"": ""service"", ""subclass"": ""alley"", ""names_lr"": [{""between"": [0.0, 1.0], ""value"": null}], ""subclass_lr"": [{""between"": [0.0, 1.0], ""value"": ""alley""}], ""level_lr"": [{""between"": [0.0, 1.0], ""value"": 0}], ""road_flags_lr"": [{""start"": 0.0, ""end"": 1.0, ""value"": []}]}","{""class"": ""footway"", ""subclass"": ""sidewalk""}"
7cc14f11-1705-45d8-94d7-c6ab561bae9d,boston_sidewalk_103910,"LINESTRING (-71.0572906000000017 42.3602293000000003, -71.0572626999999954 42.3601311999999979, -71.0572226999999970 42.3599833000000032, -71.0571980999999937 42.3598909999999975, -71.0570689000000044 42.3594399999999993, -71.0569839999999999 42.3591497000000032, -71.0569701999999950 42.3591059999999970, -71.0569571000000053 42.3590656000000010, -71.0569401999999997 42.3590201000000022, -71.0569327999999985 42.3590039999999988, -71.0569234000000023 42.3589886999999976, -71.0569076999999965 42.3589701000000005, -71.0568867000000068 42.3589502999999965, -71.0568619000000012 42.3589277000000024, -71.0568523999999968 42.3589196000000001, -71.0568331000000057 42.3589029999999980, -71.0568042999999960 42.3588803000000027)","LINESTRING (-71.0571189801594016 42.3589783335341963, -71.0571049269659625 42.3589871733883570, -71.0570921287852855 42.3590026226070435, -71.0570743344070621 42.3590277541158642, -71.0570623315260690 42.3590525343065778, -71.0570573282293623 42.3590753662166648, -71.0570565222380424 42.3590894040469763, -71.0570564413879850 42.3591009508646934, -71.0570588174007298 42.3591175334680230, -71.0572418965884793 42.3597507853603332, -71.0572613756001346 42.3598181579710271, -71.0572776853524886 42.3598745726445003)","{""name"": ""Congress Street"", ""class"": ""primary"", ""names_lr"": [{""between"": [0.0, 1.0], ""value"": ""Congress Street""}], ""subclass_lr"": [{""between"": [0.0, 1.0], ""value"": null}], ""level_lr"": [{""between"": [0.0, 1.0], ""value"": 0}], ""road_flags_lr"": [{""start"": 0.0, ""end"": 1.0, ""value"": []}]}","{""class"": ""footway"", ""subclass"": ""sidewalk""}"
421073a3-2d17-4f10-b951-e341a0c8176c,boston_sidewalk_12065,"LINESTRING (-71.0613369000000006 42.3576706999999999, -71.0613227000000052 42.3577026999999973, -71.0614949999999936 42.3577493000000018, -71.0616176999999993 42.3577790000000007, -71.0616299999999939 42.3577555999999973)","LINESTRING (-71.0616328757494671 42.3577599975168084, -71.0616166645243368 42.3577899559183280, -71.0615501321831999 42.3577707277586057)","{""class"": ""footway"", ""names_lr"": [{""between"": [0.0, 1.0], ""value"": null}], ""subclass_lr"": [{""between"": [0.0, 1.0], ""value"": null}], ""level_lr"": [{""between"": [0.0, 1.0], ""value"": 0}], ""road_flags_lr"": [{""start"": 0.0, ""end"": 1.0, ""value"": []}]}","{""class"": ""footway"", ""subclass"": ""sidewalk""}"
af7b1fd4-379f-4460-b0cf-c2e338bed136,boston_sidewalk_2159,"LINESTRING (-71.0555130000000048 42.3651663999999997, -71.0554867999999971 42.3651490999999965, -71.0554501000000016 42.3651248999999979)","LINESTRING (-71.0554290107048985 42.3652417809731432, -71.0554338181924834 42.3652452350600939, -71.0554828582074265 42.3652804710705055, -71.0554896611664049 42.3652853598259966)","{""class"": ""footway"", ""subclass"": ""crosswalk"", ""names_lr"": [{""between"": [0.0, 1.0], ""value"": null}], ""subclass_lr"": [{""between"": [0.0, 1.0], ""value"": ""crosswalk""}], ""level_lr"": [{""between"": [0.0, 1.0], ""value"": 0}], ""road_flags_lr"": [{""start"": 0.0, ""end"": 1.0, ""value"": []}]}","{""class"": ""footway"", ""subclass"": ""crosswalk""}"
910ce10b-7483-4ce3-ae0f-49a95d006668,boston_sidewalk_75188,"LINESTRING (-71.0527579999999972 42.3635441999999998, -71.0527285999999947 42.3635485000000003, -71.0526315999999980 42.3635601000000008, -71.0525178000000039 42.3635759000000007, -71.0524220000000071 42.3636016000000026, -71.0522924999999930 42.3636507000000009, -71.0522088000000025 42.3636923999999979)","LINESTRING (-71.0527274385545553 42.3634404980968142, -71.0527022423415673 42.3634437779992865, -71.0525015376870215 42.3634699051491808, -71.0524750679379054 42.3634742216825302, -71.0524487759836774 42.3634791456972337, -71.0524226873673967 42.3634846700903651, -71.0523968324624633 42.3634907913792773, -71.0523712356043546 42.3634975015560755, -71.0523459247642108 42.3635047935275608, -71.0523209266928575 42.3635126610959034, -71.0522962669525384 42.3635210944578162, -71.0522719698790155 42.3635300856054329, -71.0522480634563181 42.3635396256451173, -71.0521403410465382 42.3635927815989604, -71.0521378007171762 42.3635939069729730, -71.0521351269782286 42.3635948427665028, -71.0521323465876122 42.3635955818814338, -71.0521294851018581 42.3635961154143459, -71.0521265741282804 42.3635964371863238, -71.0521236416003745 42.3635965455055370, -71.0521207154516787 42.3635964386801831, -71.0521178272321379 42.3635961186336800, -71.0521168985668794 42.3635959430619593)","{""class"": ""footway"", ""subclass"": ""sidewalk"", ""names_lr"": [{""between"": [0.0, 1.0], ""value"": null}], ""subclass_lr"": [{""between"": [0.0, 1.0], ""value"": ""sidewalk""}], ""level_lr"": [{""between"": [0.0, 1.0], ""value"": 0}], ""road_flags_lr"": [{""start"": 0.0, ""end"": 1.0, ""value"": []}]}","{""class"": ""footway"", ""subclass"": ""sidewalk""}"
54db0b24-8f19-41f6-bb3b-ea86bfbd9312,boston_sidewalk_1259,"LINESTRING (-71.0667763999999949 42.3595426999999987, -71.0667789999999968 42.3595685000000017, -71.0667827999999986 42.3596081999999967)","LINESTRING (-71.0669111897676515 42.3595322164767154, -71.0669115296768297 42.3595384198553617, -71.0669152527913752 42.3596063184510783, -71.0669155765826446 42.3596122165705893)","{""class"": ""footway"", ""subclass"": ""crosswalk"", ""names_lr"": [{""between"": [0.0, 1.0], ""value"": null}], ""subclass_lr"": [{""between"": [0.0, 1.0], ""value"": ""crosswalk""}], ""level_lr"": [{""between"": [0.0, 1.0], ""value"": 0}], ""road_flags_lr"": [{""start"": 0.0, ""end"": 1.0, ""value"": []}]}","{""class"": ""footway"", ""subclass"": ""crosswalk""}"
d60a5d0d-5f78-4a4e-8f66-801bf854c5d3,boston_sidewalk_2244,"LINESTRING (-71.0573882000000054 42.3576230999999979, -71.0573286000000053 42.3576356000000018, -71.0572616000000039 42.3576497000000032, -71.0572590000000019 42.3575803000000022, -71.0572563000000059 42.3575088999999991, -71.0573310999999990 42.3575067000000018)","LINESTRING (-71.0574096113058573 42.3575109806740642, -71.0574082006418450 42.3575250566974120, -71.0574031871798297 42.3575750548722354, -71.0574016228467400 42.3576025932559332, -71.0574013003053579 42.3576082692497948)","{""class"": ""footway"", ""subclass"": ""crosswalk"", ""names_lr"": [{""between"": [0.0, 1.0], ""value"": null}], ""subclass_lr"": [{""between"": [0.0, 1.0], ""value"": ""crosswalk""}], ""level_lr"": [{""between"": [0.0, 1.0], ""value"": 0}], ""road_flags_lr"": [{""start"": 0.0, ""end"": 1.0, ""value"": []}]}","{""class"": ""footway"", ""subclass"": ""crosswalk""}"
9382d81c-cb71-49c4-a566-76f9419e2879,boston_sidewalk_103469,"LINESTRING (-71.0570004000000068 42.3674176000000031, -71.0569545999999974 42.3674462999999974, -71.0564621000000045 42.3677721000000034, -71.0564274000000040 42.3677898999999982)","LINESTRING (-71.0567935367921990 42.3675278588434026, -71.0567282619151541 42.3675706492269839, -71.0566517773985566 42.3676207382243390)","{""name"": ""North Hudson Street"", ""class"": ""residential"", ""names_lr"": [{""between"": [0.0, 1.0], ""value"": ""North Hudson Street""}], ""subclass_lr"": [{""between"": [0.0, 1.0], ""value"": null}], ""level_lr"": [{""between"": [0.0, 1.0], ""value"": 0}], ""road_flags_lr"": [{""start"": 0.0, ""end"": 1.0, ""value"": []}]}","{""class"": ""footway"", ""subclass"": ""sidewalk""}"
34a7ca14-0391-4d0b-adb5-7c62b4f77af6,boston_sidewalk_1645,"LINESTRING (-71.0539579999999944 42.3565323999999990, -71.0538800000000066 42.3565717000000035, -71.0538252000000057 42.3565988000000004)","LINESTRING (-71.0540550718173733 42.3566187803115852, -71.0540448291932591 42.3566241459430444, -71.0539387246483187 42.3566797316693950, -71.0539276133178248 42.3566855530695605)","{""class"": ""footway"", ""subclass"": ""crosswalk"", ""names_lr"": [{""between"": [0.0, 1.0], ""value"": null}], ""subclass_lr"": [{""between"": [0.0, 1.0], ""value"": ""crosswalk""}], ""level_lr"": [{""between"": [0.0, 1.0], ""value"": 0}], ""road_flags_lr"": [{""start"": 0.0, ""end"": 1.0, ""value"": []}]}","{""class"": ""footway"", ""subclass"": ""crosswalk""}"
199eb8a5-8436-45f9-8a63-686560c91af2,boston_sidewalk_108412,"LINESTRING (-71.0514967000000013 42.3662807999999984, -71.0515046000000012 42.3662964999999971, -71.0515381999999960 42.3663114000000007, -71.0526883999999939 42.3662023999999988)","LINESTRING (-71.0526989502643431 42.3660930535142768, -71.0526988840103115 42.3660929803331570, -71.0526969899063090 42.3660912948274273, -71.0526948786610291 42.3660897570249801, -71.0526925695774310 42.3660883841064049, -71.0526900880665266 42.3660871878742427, -71.0526874583127608 42.3660861819268888, -71.0526847057463016 42.3660853753661755, -71.0526818582252702 42.3660847773032998, -71.0526789448537954 42.3660843923528390, -71.0526759947357647 42.3660842251295335, -71.0526730357740206 42.3660842784426492, -71.0526722414399359 42.3660843293707643, -71.0524778506465111 42.3660983307433980, -71.0522854258946950 42.3661149889928978, -71.0520038479036629 42.3661408679874256, -71.0515372669401728 42.3661801722690328, -71.0514792308898961 42.3661871041753741, -71.0514763157559912 42.3661874817329149, -71.0514734658852234 42.3661880720132515, -71.0514707092250859 42.3661888715241730, -71.0514680749815852 42.3661898704763971, -71.0514655874985408 42.3661910599619702, -71.0514632735731766 42.3661924274814155, -71.0514611539391723 42.3661939596111523, -71.0514594044781376 42.3661955066887117)","{""class"": ""footway"", ""subclass"": ""sidewalk"", ""names_lr"": [{""between"": [0.0, 1.0], ""value"": null}], ""subclass_lr"": [{""between"": [0.0, 1.0], ""value"": ""sidewalk""}], ""level_lr"": [{""between"": [0.0, 1.0], ""value"": 0}], ""road_flags_lr"": [{""start"": 0.0, ""end"": 1.0, ""value"": []}]}","{""class"": ""footway"", ""subclass"": ""sidewalk""}"
99e3e5fd-87c8-43c0-9bac-e22fa664d82a,boston_sidewalk_72951,"LINESTRING (-71.0601939000000016 42.3660039999999967, -71.0602238999999969 42.3659985000000034, -71.0602578000000022 42.3659907999999987, -71.0602918999999957 42.3659808999999967, -71.0603263999999939 42.3659692000000021, -71.0604198999999994 42.3659285999999966, -71.0604608000000013 42.3659104999999983, -71.0605177000000054 42.3658860999999973, -71.0606276999999977 42.3658399999999986, -71.0606539000000055 42.3658287000000016, -71.0606814000000071 42.3658163999999999, -71.0607133999999974 42.3658006000000000)","LINESTRING (-71.0605850591125687 42.3659500817932013, -71.0603695888362523 42.3660615793996840, -71.0602524253483665 42.3661222071339907)","{""name"": ""Causeway Street"", ""class"": ""secondary"", ""names_lr"": [{""between"": [0.0, 1.0], ""value"": ""Causeway Street""}], ""subclass_lr"": [{""between"": [0.0, 1.0], ""value"": null}], ""level_lr"": [{""between"": [0.0, 1.0], ""value"": 0}], ""road_flags_lr"": [{""start"": 0.0, ""end"": 1.0, ""value"": []}]}","{""class"": ""footway"", ""subclass"": ""sidewalk""}"
81f5dc3d-9704-4527-bed6-386138834ec3,boston_sidewalk_2197,"LINESTRING (-71.0663883999999939 42.3613167000000033, -71.0664407000000011 42.3613159000000010, -71.0664421999999973 42.3613055000000003, -71.0667147999999997 42.3613019000000008, -71.0667413999999980 42.3613069999999965, -71.0667585000000059 42.3613180999999983)","LINESTRING (-71.0667462294636891 42.3613182475844141, -71.0667871400297031 42.3613182846515670, -71.0670300954529068 42.3613185045095975, -71.0670477277477630 42.3613185204702134)","{""class"": ""footway"", ""subclass"": ""sidewalk"", ""names_lr"": [{""between"": [0.0, 1.0], ""value"": null}], ""subclass_lr"": [{""between"": [0.0, 1.0], ""value"": ""sidewalk""}], ""level_lr"": [{""between"": [0.0, 1.0], ""value"": 0}], ""road_flags_lr"": [{""start"": 0.0, ""end"": 1.0, ""value"": []}]}","{""class"": ""footway"", ""subclass"": ""crosswalk""}"
0279e36a-bedc-4788-90d6-d2c344e0278d,boston_sidewalk_108445,"LINESTRING (-71.0516228000000041 42.3567667000000014, -71.0515381999999960 42.3567704000000020, -71.0514565999999945 42.3567735999999968, -71.0514335999999957 42.3567764000000011)","LINESTRING (-71.0516291917710419 42.3567689281881883, -71.0516277255643445 42.3567622315052290, -71.0516275624128468 42.3567612738592345, -71.0516274982315963 42.3567595396475696, -71.0516277301701962 42.3567578137927256, -71.0516282531818604 42.3567561232837733, -71.0516290597922762 42.3567544951003683, -71.0516301376783019 42.3567529553028734, -71.0516314684539907 42.3567515290277115, -71.0516330313313773 42.3567502378009237, -71.0516348006608069 42.3567491040297028, -71.0516367484032827 42.3567481447103162, -71.0516388453125103 42.3567473759339634, -71.0516410548973738 42.3567468083618550, -71.0516643909405587 42.3567422106208795)","{""class"": ""footway"", ""names_lr"": [{""between"": [0.0, 1.0], ""value"": null}], ""subclass_lr"": [{""between"": [0.0, 0.876915117], ""value"": ""crosswalk""}, {""between"": [0.876915117, 1.0], ""value"": null}], ""level_lr"": [{""between"": [0.0, 1.0], ""value"": 0}], ""road_flags_lr"": [{""start"": 0.0, ""end"": 1.0, ""value"": []}]}","{""class"": ""footway"", ""subclass"": ""sidewalk""}"
451e846c-1f10-4bfe-a1b0-067c5cab6a97,boston_sidewalk_92097,"LINESTRING (-71.0561174999999992 42.3537419000000028, -71.0558534999999978 42.3538534999999996, -71.0555157000000008 42.3540021999999965, -71.0554273999999992 42.3540484999999975, -71.0553474999999963 42.3541214999999980, -71.0552483999999964 42.3542120999999980, -71.0549711000000030 42.3544558999999978, -71.0547569999999951 42.3546402999999998)","LINESTRING (-71.0546733615746717 42.3545189359187191, -71.0546773870550936 42.3545190370348124, -71.0546839129468140 42.3545186247637275, -71.0546903287424101 42.3545176439818292, -71.0546965421126373 42.3545161060354260, -71.0547024679284931 42.3545140340024560, -71.0547080198093681 42.3545114563578835, -71.0547131222414379 42.3545084097212694, -71.0548149207913440 42.3544172828870202, -71.0551591867836265 42.3541103812908943, -71.0551872188247415 42.3540835367848771, -71.0552163302180730 42.3540568206868997, -71.0552461873457304 42.3540305531100643, -71.0552767743335778 42.3540047474968873, -71.0553083853749143 42.3539791664069583, -71.0553296055292094 42.3539642306937338, -71.0553510869947900 42.3539499351942155, -71.0553730993610060 42.3539360891883945, -71.0553956243329594 42.3539227052093779, -71.0554186436475135 42.3539097912888280, -71.0554421414374531 42.3538973599692170, -71.0554660970057768 42.3538854201731567, -71.0554732747555988 42.3538820538188077, -71.0555902223058808 42.3538340449122401, -71.0556440324860716 42.3538111837706808, -71.0558718950514248 42.3537107433678912, -71.0560333236812767 42.3536397322786229, -71.0560769282423763 42.3536161455113671)","{""class"": ""footway"", ""subclass"": ""sidewalk"", ""names_lr"": [{""between"": [0.0, 1.0], ""value"": null}], ""subclass_lr"": [{""between"": [0.0, 1.0], ""value"": ""sidewalk""}], ""level_lr"": [{""between"": [0.0, 1.0], ""value"": -1}], ""road_flags_lr"": [{""start"": 0.0, ""end"": 1.0, ""value"": []}]}","{""class"": ""footway"", ""subclass"": ""sidewalk""}"
806bf0e4-c97d-475b-9c12-2e0479150e7d,boston_sidewalk_99697,"LINESTRING (-71.0752018000000021 42.3506692999999999, -71.0751668999999993 42.3505868000000021, -71.0749390999999946 42.3501230999999976, -71.0748578999999978 42.3499577999999985, -71.0748444000000035 42.3499303999999981, -71.0748082000000068 42.3498590000000021)","LINESTRING (-71.0751029676244599 42.3502798392619653, -71.0749741332417102 42.3500214998294382, -71.0749174456961441 42.3499004126352432, -71.0749172187492917 42.3498998680201453, -71.0749168877846387 42.3498985469691291, -71.0749168519027421 42.3498972036014294, -71.0749171108555799 42.3498958748279577, -71.0749176571372345 42.3498945939318148, -71.0749184783688719 42.3498933968789188, -71.0749195500711437 42.3498923141886507, -71.0749205075014032 42.3498916200019195)","{""name"": ""Clarendon Street"", ""class"": ""secondary"", ""names_lr"": [{""between"": [0.0, 1.0], ""value"": ""Clarendon Street""}], ""subclass_lr"": [{""between"": [0.0, 1.0], ""value"": null}], ""level_lr"": [{""between"": [0.0, 1.0], ""value"": 0}], ""road_flags_lr"": [{""start"": 0.0, ""end"": 1.0, ""value"": []}]}","{""class"": ""footway"", ""subclass"": ""sidewalk""}"
74136400-e4f8-4029-b738-8c20daba58ed,boston_sidewalk_74871,"LINESTRING (-71.0525894999999963 42.3596193999999997, -71.0525473999999946 42.3596257000000023, -71.0524675000000059 42.3596377000000004, -71.0523924999999963 42.3596555000000023, -71.0523175000000009 42.3596578000000008)","LINESTRING (-71.0519582802041043 42.3597011870842906, -71.0523070680350060 42.3596437023261174)","{""class"": ""footway"", ""names_lr"": [{""between"": [0.0, 1.0], ""value"": null}], ""subclass_lr"": [{""between"": [0.0, 0.730190969], ""value"": ""crosswalk""}, {""between"": [0.730190969, 1.0], ""value"": ""sidewalk""}], ""level_lr"": [{""between"": [0.0, 1.0], ""value"": 0}], ""road_flags_lr"": [{""start"": 0.0, ""end"": 1.0, ""value"": []}]}","{""class"": ""footway"", ""subclass"": ""sidewalk""}"
fd843989-822a-4454-aa88-8403c0a759cd,boston_sidewalk_103025,"LINESTRING (-71.0621881000000002 42.3561872000000008, -71.0621598999999975 42.3562154999999976, -71.0621282000000036 42.3562465999999986)","LINESTRING (-71.0621171401384686 42.3562678627697480, -71.0621165330878171 42.3562692847187634, -71.0621156275965120 42.3562706830241353, -71.0621144643121880 42.3562719723130243, -71.0620129694349032 42.3563667924903484, -71.0619729073767843 42.3564071827122746, -71.0619656732495457 42.3564141423169289, -71.0618798191324004 42.3564967464807722, -71.0618401714858976 42.3565352890370477)","{""class"": ""footway"", ""subclass"": ""crosswalk"", ""names_lr"": [{""between"": [0.0, 1.0], ""value"": null}], ""subclass_lr"": [{""between"": [0.0, 1.0], ""value"": ""crosswalk""}], ""level_lr"": [{""between"": [0.0, 1.0], ""value"": 0}], ""road_flags_lr"": [{""start"": 0.0, ""end"": 1.0, ""value"": []}]}","{""class"": ""footway"", ""subclass"": ""sidewalk""}"
bf9723c9-1159-4e7e-af16-9954842ec21a,boston_sidewalk_22817,"LINESTRING (-71.0605142999999941 42.3554536999999982, -71.0604502000000053 42.3554189999999977, -71.0603430000000031 42.3553611000000032, -71.0598250000000036 42.3549859999999967, -71.0597771000000051 42.3549513000000033)","LINESTRING (-71.0593542954854200 42.3545151046210151, -71.0593420162878289 42.3545242162355038, -71.0593404705466440 42.3545255175357411, -71.0593391581291911 42.3545269538734743, -71.0593381010527452 42.3545285010252570, -71.0593373164730906 42.3545301356491137, -71.0593368155086438 42.3545318298787308, -71.0593366068376895 42.3545335576388382, -71.0593366930822157 42.3545352910305226, -71.0593370744365558 42.3545370021455057, -71.0593377438062674 42.3545386639477286, -71.0593386892355028 42.3545402502829944, -71.0593398987621470 42.3545417358973211, -71.0593404435561382 42.3545422880630511, -71.0593734067068112 42.3545740299060327, -71.0597671638958417 42.3548772328146867, -71.0598716752221407 42.3549577083706339, -71.0601392226780746 42.3551637229671982, -71.0604701655913971 42.3553984653562026, -71.0604707623825931 42.3553988736684914, -71.0604727727835410 42.3554000517308964, -71.0604749531523083 42.3554010503845788, -71.0604772732378507 42.3554018560095784, -71.0604797039843419 42.3554024576913832, -71.0604822114556072 42.3554028480978388, -71.0604847629168432 42.3554030217022017, -71.0604859040542181 42.3554030008553113)","{""name"": ""Summer Street"", ""class"": ""pedestrian"", ""names_lr"": [{""between"": [0.0, 1.0], ""value"": ""Summer Street""}], ""subclass_lr"": [{""between"": [0.0, 1.0], ""value"": null}], ""level_lr"": [{""between"": [0.0, 1.0], ""value"": 0}], ""road_flags_lr"": [{""start"": 0.0, ""end"": 1.0, ""value"": []}]}","{""class"": ""footway"", ""subclass"": ""sidewalk""}"
17980e62-4488-4263-9fb8-843416d9acd8,boston_sidewalk_103336,"LINESTRING (-71.0535500999999954 42.3568063000000024, -71.0535978000000057 42.3568586000000025, -71.0538391000000047 42.3571231000000026, -71.0536168000000004 42.3572277999999969, -71.0535516999999999 42.3572585000000004)","LINESTRING (-71.0538878932032532 42.3571225165601888, -71.0536326355867516 42.3568568395447187, -71.0536315976105044 42.3568556543336783, -71.0536304248099526 42.3568539653364198, -71.0536295221120753 42.3568521873584132, -71.0536289014961824 42.3568503429534005, -71.0536285712747144 42.3568484582621139, -71.0536285373389234 42.3568465585155494, -71.0536287970896296 42.3568446680115471, -71.0536293503489844 42.3568428119575060, -71.0536301872220832 42.3568410164235303)","{""name"": ""Jenton Way"", ""class"": ""service"", ""subclass"": ""alley"", ""names_lr"": [{""between"": [0.0, 1.0], ""value"": ""Jenton Way""}], ""subclass_lr"": [{""between"": [0.0, 1.0], ""value"": ""alley""}], ""level_lr"": [{""between"": [0.0, 1.0], ""value"": 0}], ""road_flags_lr"": [{""start"": 0.0, ""end"": 1.0, ""value"": []}]}","{""class"": ""footway"", ""subclass"": ""sidewalk""}"
36f32335-663a-4b45-9dc3-e9005733df77,boston_sidewalk_102708,"LINESTRING (-71.0695950000000067 42.3567014999999998, -71.0693061999999998 42.3567668000000026, -71.0692887000000013 42.3567707999999996, -71.0692727999999931 42.3567741000000026, -71.0678496999999965 42.3570731000000009)","LINESTRING (-71.0688854972343051 42.3568566125185981, -71.0680271391459968 42.3570367555587168, -71.0679567963296961 42.3570520492389804)","{""class"": ""footway"", ""names_lr"": [{""between"": [0.0, 1.0], ""value"": null}], ""subclass_lr"": [{""between"": [0.0, 0.166242759], ""value"": ""sidewalk""}, {""between"": [0.166242759, 0.185427187], ""value"": ""crosswalk""}, {""between"": [0.185427187, 1.0], ""value"": ""sidewalk""}], ""level_lr"": [{""between"": [0.0, 1.0], ""value"": 0}], ""road_flags_lr"": [{""start"": 0.0, ""end"": 1.0, ""value"": []}]}","{""class"": ""footway"", ""subclass"": ""sidewalk""}"
0d9656f0-24c3-41ee-a964-0d0e8cc29cae,boston_sidewalk_108496,"LINESTRING (-71.0519426999999979 42.3578856999999971, -71.0520218000000057 42.3579439000000022, -71.0520398999999969 42.3579553000000004, -71.0520604999999961 42.3579664000000022, -71.0520891000000034 42.3579806999999988, -71.0522701000000012 42.3580621999999991)","LINESTRING (-71.0520911051235373 42.3579329980127426, -71.0520719140215533 42.3579237123879935, -71.0520663157530663 42.3579192404437421, -71.0520613502716714 42.3579143748357154, -71.0520570670004190 42.3579091643722734, -71.0520535080473650 42.3579036623346283, -71.0520507106525798 42.3578979237856856, -71.0520479291884328 42.3578919926363753, -71.0519936998684329 42.3577052842566317)","{""name"": ""India Street"", ""class"": ""unknown"", ""names_lr"": [{""between"": [0.0, 1.0], ""value"": ""India Street""}], ""subclass_lr"": [{""between"": [0.0, 1.0], ""value"": null}], ""level_lr"": [{""between"": [0.0, 1.0], ""value"": 0}], ""road_flags_lr"": [{""start"": 0.0, ""end"": 1.0, ""value"": []}]}","{""class"": ""footway"", ""subclass"": ""sidewalk""}"
a40b572a-2bff-43cf-a473-19998ee1526a,boston_sidewalk_22823,"LINESTRING (-71.0583620000000025 42.3498305999999971, -71.0583366000000041 42.3499193999999974, -71.0582334000000060 42.3502731999999966, -71.0581004000000007 42.3507602000000034, -71.0580922000000044 42.3508083999999982)","LINESTRING (-71.0581890002763998 42.3503064670344713, -71.0581306838414832 42.3505180556586041, -71.0580664304536498 42.3507354067069173, -71.0580659630599882 42.3507366383111474, -71.0580651423160958 42.3507380657214796, -71.0580640588973580 42.3507393921897943, -71.0580627336126440 42.3507405925879112, -71.0580611933394408 42.3507416418109983, -71.0580594697723171 42.3507425201743146, -71.0580575958069431 42.3507432097984946, -71.0580564930629777 42.3507434801495677)","{""name"": ""Utica Street"", ""class"": ""residential"", ""names_lr"": [{""between"": [0.0, 1.0], ""value"": ""Utica Street""}], ""subclass_lr"": [{""between"": [0.0, 1.0], ""value"": null}], ""level_lr"": [{""between"": [0.0, 1.0], ""value"": 0}], ""road_flags_lr"": [{""start"": 0.0, ""end"": 1.0, ""value"": []}]}","{""class"": ""footway"", ""subclass"": ""sidewalk""}"
1d37f635-0bf7-4225-b960-c469700b2be4,boston_sidewalk_103178,"LINESTRING (-71.0574627999999962 42.3659342999999993, -71.0574409000000031 42.3659123999999991, -71.0574024999999949 42.3658745999999979)","LINESTRING (-71.0577107835967468 42.3662287503679522, -71.0577108179116124 42.3662283570734886, -71.0577106587605556 42.3662268106648057, -71.0577104618638486 42.3662261481950750, -71.0577102080235505 42.3662252955453340, -71.0577094727643441 42.3662238432522855, -71.0577084697837051 42.3662224817592943, -71.0575281550666062 42.3660143588924569, -71.0574809633207707 42.3659598898937020, -71.0574642175373725 42.3659405610747584, -71.0574629490156866 42.3659393272992091, -71.0574614585271860 42.3659382385164847, -71.0574597774908341 42.3659373155541559, -71.0574587351351425 42.3659368983108777)","{""class"": ""footway"", ""subclass"": ""crosswalk"", ""names_lr"": [{""between"": [0.0, 1.0], ""value"": null}], ""subclass_lr"": [{""between"": [0.0, 1.0], ""value"": ""crosswalk""}], ""level_lr"": [{""between"": [0.0, 1.0], ""value"": 0}], ""road_flags_lr"": [{""start"": 0.0, ""end"": 1.0, ""value"": []}]}","{""class"": ""footway"", ""subclass"": ""sidewalk""}"
18da2fd5-f0b7-4699-83ed-33a639d795b4,boston_sidewalk_103211,"LINESTRING (-71.0568075000000050 42.3654031000000018, -71.0568210999999934 42.3656026999999966, -71.0572092999999967 42.3658434000000028, -71.0572860999999989 42.3658836999999977, -71.0574024999999949 42.3658745999999979)","LINESTRING (-71.0567627504609760 42.3656327222709237, -71.0568411161779778 42.3656819891750871, -71.0570183915724272 42.3657919743998477, -71.0571811208637598 42.3658924629113045, -71.0571814484497537 42.3658926649370500, -71.0571850038027861 42.3658948204132457, -71.0572913852770256 42.3659593116180844, -71.0572996857233790 42.3659651864437876, -71.0573000771287440 42.3659654634388048, -71.0573081891224518 42.3659720721746638, -71.0573156632890459 42.3659790943888197, -71.0573224622718413 42.3659864903248078, -71.0573285679238325 42.3659942509100560, -71.0574392845565654 42.3661502478600411, -71.0574736848973174 42.3662025321743627, -71.0575432793407202 42.3663038582802685, -71.0575435697970192 42.3663043356506037, -71.0575439715466075 42.3663053905344853, -71.0575440840874535 42.3663064839185779, -71.0575438992300974 42.3663075716571669, -71.0575434282028624 42.3663086105796438, -71.0575432493532020 42.3663088394653897)","{""class"": ""footway"", ""subclass"": ""sidewalk"", ""names_lr"": [{""between"": [0.0, 1.0], ""value"": null}], ""subclass_lr"": [{""between"": [0.0, 1.0], ""value"": ""sidewalk""}], ""level_lr"": [{""between"": [0.0, 1.0], ""value"": -1}], ""road_flags_lr"": [{""start"": 0.0, ""end"": 1.0, ""value"": []}]}","{""class"": ""footway"", ""subclass"": ""sidewalk""}"
dcab59c3-1aa3-48c0-a7d1-bd57b70b9b75,boston_sidewalk_74180,"LINESTRING (-71.0529382999999939 42.3622322000000011, -71.0529125000000050 42.3622551999999999, -71.0526038999999940 42.3625293999999997, -71.0523170999999962 42.3628270000000029)","LINESTRING (-71.0528880088446044 42.3622495874056213, -71.0526297142664305 42.3624836046898778)","{""name"": ""Archway Street"", ""class"": ""residential"", ""names_lr"": [{""between"": [0.0, 1.0], ""value"": ""Archway Street""}], ""subclass_lr"": [{""between"": [0.0, 1.0], ""value"": null}], ""level_lr"": [{""between"": [0.0, 1.0], ""value"": 0}], ""road_flags_lr"": [{""start"": 0.0, ""end"": 1.0, ""value"": []}]}","{""class"": ""footway"", ""subclass"": ""sidewalk""}"
baf32705-78dc-43cd-87cf-4fed3eed43cf,boston_sidewalk_103229,"LINESTRING (-71.0567367000000019 42.3603767000000033, -71.0567621000000003 42.3603822999999977, -71.0567855999999978 42.3603853999999984, -71.0568149000000062 42.3603869000000017, -71.0568446000000051 42.3603870000000029, -71.0568722000000008 42.3603851000000020, -71.0568963000000053 42.3603823999999989, -71.0569198999999969 42.3603780999999984, -71.0570369999999940 42.3603505999999967, -71.0570776999999936 42.3603407000000018, -71.0571625999999981 42.3603195000000028)","LINESTRING (-71.0569700449980530 42.3604208672627536, -71.0569000467765903 42.3604369909902374, -71.0568960967852661 42.3604380165078211, -71.0568922534045129 42.3604392459015742, -71.0568885373081827 42.3604406738495598, -71.0568861407122085 42.3604417593691451, -71.0568849655473400 42.3604422923148505, -71.0568815575947355 42.3604440941701057, -71.0568783305076863 42.3604460704781545, -71.0568752989285883 42.3604482104919882, -71.0568724787072910 42.3604505043694672, -71.0568698844923716 42.3604529404633112, -71.0568694673724224 42.3604533935028442)","{""name"": ""North Street"", ""class"": ""secondary"", ""names_lr"": [{""between"": [0.0, 1.0], ""value"": ""North Street""}], ""subclass_lr"": [{""between"": [0.0, 1.0], ""value"": null}], ""level_lr"": [{""between"": [0.0, 1.0], ""value"": 0}], ""road_flags_lr"": [{""start"": 0.0, ""end"": 1.0, ""value"": []}]}","{""class"": ""footway"", ""subclass"": ""sidewalk""}"
8337829c-0029-4926-9946-52d64f26ede2,boston_sidewalk_12349,"LINESTRING (-71.0574775000000045 42.3615262000000001, -71.0575108000000029 42.3615788999999978, -71.0575548999999995 42.3616488999999987, -71.0575510999999977 42.3616659999999996)","LINESTRING (-71.0573024964885889 42.3613233137784206, -71.0573630244005301 42.3614437318939139, -71.0574101102302649 42.3615501464484652)","{""class"": ""footway"", ""names_lr"": [{""between"": [0.0, 1.0], ""value"": null}], ""subclass_lr"": [{""between"": [0.0, 0.886734439], ""value"": ""crosswalk""}, {""between"": [0.886734439, 1.0], ""value"": ""sidewalk""}], ""level_lr"": [{""between"": [0.0, 1.0], ""value"": 0}], ""road_flags_lr"": [{""start"": 0.0, ""end"": 1.0, ""value"": []}]}","{""class"": ""footway"", ""subclass"": ""sidewalk""}"
a99ef22e-515f-4fa9-a5b2-db811c2b2392,boston_sidewalk_99787,"LINESTRING (-71.0719136999999961 42.3515599999999992, -71.0729156999999958 42.3512906999999998)","LINESTRING (-71.0730048435495974 42.3513597060776021, -71.0730040473094959 42.3513584508155958, -71.0730029115457427 42.3513571474776711, -71.0730015394225774 42.3513559765052534, -71.0729999586972241 42.3513549614089442, -71.0729982008049177 42.3513541203112425, -71.0729963008155607 42.3513534722485332, -71.0729942962753825 42.3513530290639864, -71.0729922283896798 42.3513527999135846, -71.0729901371807529 42.3513527894473327, -71.0729880639146785 42.3513529978184806, -71.0729860523094885 42.3513534215882288, -71.0725909428157934 42.3514593728895576, -71.0725776391999631 42.3514627499508975, -71.0724482459447700 42.3514978790598136, -71.0723105086991751 42.3515347055499305, -71.0721697982829852 42.3515728685500292, -71.0720179644984000 42.3516139627423129, -71.0718898287775147 42.3516480893785072, -71.0714442722382671 42.3517685326798983, -71.0714382417678792 42.3517700479033152, -71.0713680576687494 42.3517955085449529, -71.0712324669233766 42.3518343872091165, -71.0709656996717030 42.3519112026179840, -71.0709576715977960 42.3519141112167716)","{""class"": ""footway"", ""names_lr"": [{""between"": [0.0, 1.0], ""value"": null}], ""subclass_lr"": [{""between"": [0.0, 1.0], ""value"": null}], ""level_lr"": [{""between"": [0.0, 1.0], ""value"": -1}], ""road_flags_lr"": [{""start"": 0.0, ""end"": 1.0, ""value"": []}]}","{""class"": ""footway"", ""subclass"": ""sidewalk""}"
ec9e16dc-0f0e-41dc-8f05-cea7f4585d3c,boston_sidewalk_103675,"LINESTRING (-71.0610297000000060 42.3610443000000032, -71.0610530000000011 42.3610505999999987, -71.0611681999999973 42.3610814999999974, -71.0612547000000063 42.3611046999999985, -71.0613103999999964 42.3611197000000033)","LINESTRING (-71.0613911998486429 42.3611374168307364, -71.0613379478725307 42.3611224237697215, -71.0613352976879753 42.3611217483472657, -71.0613317929869766 42.3611210597623469, -71.0613282260990644 42.3611205861094149, -71.0613246176478981 42.3611203292677914, -71.0613209931066763 42.3611202920354586, -71.0613173779734097 42.3611204736093754, -71.0613147368397335 42.3611207687337554)","{""class"": ""footway"", ""subclass"": ""crosswalk"", ""names_lr"": [{""between"": [0.0, 1.0], ""value"": null}], ""subclass_lr"": [{""between"": [0.0, 1.0], ""value"": ""crosswalk""}], ""level_lr"": [{""between"": [0.0, 1.0], ""value"": 0}], ""road_flags_lr"": [{""start"": 0.0, ""end"": 1.0, ""value"": []}]}","{""class"": ""footway"", ""subclass"": ""sidewalk""}"
e55fcc35-4f07-4b74-9726-884fa92645fb,boston_sidewalk_6354,"LINESTRING (-71.0530111000000062 42.3634561000000005, -71.0527771999999942 42.3634831000000034)","LINESTRING (-71.0527634180172782 42.3635559345597486, -71.0528263922245742 42.3635471387040852)","{""name"": ""North Street"", ""class"": ""residential"", ""names_lr"": [{""between"": [0.0, 1.0], ""value"": ""North Street""}], ""subclass_lr"": [{""between"": [0.0, 1.0], ""value"": null}], ""level_lr"": [{""between"": [0.0, 1.0], ""value"": 0}], ""road_flags_lr"": [{""start"": 0.0, ""end"": 1.0, ""value"": []}]}","{""class"": ""footway"", ""subclass"": ""crosswalk""}"
36598e9b-0275-45fc-8df4-f514d5beb517,boston_sidewalk_61830,"LINESTRING (-71.0670444000000003 42.3656288999999973, -71.0670135000000016 42.3655911999999972)","LINESTRING (-71.0670238114181245 42.3655547589866828, -71.0670702501965224 42.3654115834875427)","{""class"": ""footway"", ""subclass"": ""sidewalk"", ""names_lr"": [{""between"": [0.0, 1.0], ""value"": null}], ""subclass_lr"": [{""between"": [0.0, 1.0], ""value"": ""sidewalk""}], ""level_lr"": [{""between"": [0.0, 1.0], ""value"": 0}], ""road_flags_lr"": [{""start"": 0.0, ""end"": 1.0, ""value"": []}]}","{""class"": ""footway"", ""subclass"": ""sidewalk""}"
3ad3a9aa-3dfc-4b4d-b0d0-94cf54714c80,boston_sidewalk_62569,"LINESTRING (-71.0643666999999937 42.3583512000000013, -71.0643581000000069 42.3583222000000035, -71.0643550000000062 42.3583126999999990)","LINESTRING (-71.0642288325357327 42.3583661221312511, -71.0642143075313157 42.3583215018130019)","{""class"": ""steps"", ""names_lr"": [{""between"": [0.0, 1.0], ""value"": null}], ""subclass_lr"": [{""between"": [0.0, 1.0], ""value"": null}], ""level_lr"": [{""between"": [0.0, 1.0], ""value"": 0}], ""road_flags_lr"": [{""start"": 0.0, ""end"": 1.0, ""value"": []}]}","{""class"": ""footway"", ""subclass"": ""sidewalk""}"
44460971-d2b2-474d-b5a3-8b2d821a7f48,boston_sidewalk_2126,"LINESTRING (-71.0585250000000030 42.3652865999999975, -71.0585305000000034 42.3655229000000020, -71.0585800000000063 42.3655730999999989)","LINESTRING (-71.0585911621058131 42.3657205123365586, -71.0585889992891140 42.3657033823339191, -71.0585723672128040 42.3655716953015968, -71.0585699800374613 42.3655527935676872)","{""class"": ""footway"", ""subclass"": ""sidewalk"", ""names_lr"": [{""between"": [0.0, 1.0], ""value"": null}], ""subclass_lr"": [{""between"": [0.0, 1.0], ""value"": ""sidewalk""}], ""level_lr"": [{""between"": [0.0, 1.0], ""value"": 0}], ""road_flags_lr"": [{""start"": 0.0, ""end"": 1.0, ""value"": []}]}","{""class"": ""footway"", ""subclass"": ""crosswalk""}"
9cc4620f-5bbf-405b-a65d-b0f26e5734fe,boston_sidewalk_92087,"LINESTRING (-71.0594329000000045 42.3528086000000030, -71.0594002999999930 42.3526078000000012, -71.0593961000000007 42.3525816000000006, -71.0593954999999937 42.3525232000000003)","LINESTRING (-71.0593289919903413 42.3525761925037898, -71.0593580392996671 42.3527698908791237, -71.0593658264077135 42.3528185778925419, -71.0593684788028526 42.3528779623046105, -71.0593705574267034 42.3528925090825510, -71.0593788391333163 42.3529446001917762, -71.0593993661409939 42.3530596803203849, -71.0594124147301187 42.3531582600513019, -71.0594107489768163 42.3531672133733181, -71.0594083180070442 42.3531760692328092, -71.0594051317688269 42.3531847934567978, -71.0594012038701095 42.3531933491854176, -71.0593965503338154 42.3532017013685120, -71.0593911883778873 42.3532098176615861, -71.0593851425091145 42.3532176648475911, -71.0593836720352670 42.3532193175508453)","{""name"": ""Kingston Street"", ""class"": ""tertiary"", ""names_lr"": [{""between"": [0.0, 1.0], ""value"": ""Kingston Street""}], ""subclass_lr"": [{""between"": [0.0, 1.0], ""value"": null}], ""level_lr"": [{""between"": [0.0, 1.0], ""value"": 0}], ""road_flags_lr"": [{""start"": 0.0, ""end"": 1.0, ""value"": []}]}","{""class"": ""footway"", ""subclass"": ""sidewalk""}"
302540ea-53c6-4be0-a4c6-9f8de781540c,boston_sidewalk_2020,"LINESTRING (-71.0572906000000017 42.3602293000000003, -71.0572664999999972 42.3602257000000009, -71.0572384999999969 42.3602233000000012, -71.0572109999999952 42.3602251000000010, -71.0571826000000044 42.3602289999999968, -71.0571395000000052 42.3602380000000025)","LINESTRING (-71.0573492799043862 42.3601222030511551, -71.0573237852474477 42.3601244672861128, -71.0571996960173635 42.3601354854032977)","{""name"": ""North Street"", ""class"": ""secondary"", ""names_lr"": [{""between"": [0.0, 1.0], ""value"": ""North Street""}], ""subclass_lr"": [{""between"": [0.0, 1.0], ""value"": null}], ""level_lr"": [{""between"": [0.0, 1.0], ""value"": 0}], ""road_flags_lr"": [{""start"": 0.0, ""end"": 1.0, ""value"": []}]}","{""class"": ""footway"", ""subclass"": ""crosswalk""}"
fed83efc-9437-4146-a5ef-3600e24f5955,boston_sidewalk_102626,"LINESTRING (-71.0677694999999972 42.3596059999999994, -71.0677321999999947 42.3596059999999994, -71.0676947000000041 42.3596056000000019)","LINESTRING (-71.0672782794260200 42.3596026613022687, -71.0675276468935380 42.3595963807575160, -71.0676377510409480 42.3595944836911187)","{""class"": ""footway"", ""subclass"": ""crosswalk"", ""names_lr"": [{""between"": [0.0, 1.0], ""value"": null}], ""subclass_lr"": [{""between"": [0.0, 1.0], ""value"": ""crosswalk""}], ""level_lr"": [{""between"": [0.0, 1.0], ""value"": 0}], ""road_flags_lr"": [{""start"": 0.0, ""end"": 1.0, ""value"": []}]}","{""class"": ""footway"", ""subclass"": ""sidewalk""}"
9b03216c-161f-4cdd-905b-d9085c23e39a,boston_sidewalk_103876,"LINESTRING (-71.0650339000000031 42.3576654000000019, -71.0650337000000007 42.3576921000000013, -71.0650339999999971 42.3577145000000002)","LINESTRING (-71.0651324994411056 42.3578278927992216, -71.0651340469383541 42.3577534005064464)","{""class"": ""footway"", ""subclass"": ""crosswalk"", ""names_lr"": [{""between"": [0.0, 1.0], ""value"": null}], ""subclass_lr"": [{""between"": [0.0, 1.0], ""value"": ""crosswalk""}], ""level_lr"": [{""between"": [0.0, 1.0], ""value"": 0}], ""road_flags_lr"": [{""start"": 0.0, ""end"": 1.0, ""value"": []}]}","{""class"": ""footway"", ""subclass"": ""sidewalk""}"
d9b579a4-de20-4939-b9fe-c5a2c7183416,boston_sidewalk_102448,"LINESTRING (-71.0719940999999977 42.3574272999999977, -71.0719045000000023 42.3574470000000005, -71.0718695999999994 42.3574546999999981, -71.0713680000000068 42.3575650000000010, -71.0707730000000026 42.3576949999999997, -71.0707113999999933 42.3576946000000021)","LINESTRING (-71.0712413760566477 42.3576556812701668, -71.0718644413591392 42.3575176175234063, -71.0718673156763572 42.3575170952519429, -71.0718702455874478 42.3575167883567616, -71.0718732019361141 42.3575167003304571, -71.0718761555904734 42.3575168310645722, -71.0718790774246401 42.3575171795504417, -71.0718807478965715 42.3575175089731815)","{""name"": ""Mount Vernon Street"", ""class"": ""residential"", ""names_lr"": [{""between"": [0.0, 1.0], ""value"": ""Mount Vernon Street""}], ""subclass_lr"": [{""between"": [0.0, 1.0], ""value"": null}], ""level_lr"": [{""between"": [0.0, 1.0], ""value"": 0}], ""road_flags_lr"": [{""start"": 0.0, ""end"": 1.0, ""value"": []}]}","{""class"": ""footway"", ""subclass"": ""sidewalk""}"
5bfc3d3d-2e43-45e3-90d4-1d96d1c20e12,boston_sidewalk_2058,"LINESTRING (-71.0547489000000070 42.3636533000000028, -71.0546994000000041 42.3635972000000010, -71.0546448000000055 42.3635345000000001)","LINESTRING (-71.0545545115166419 42.3636238420945830, -71.0545640217746239 42.3636359185043290, -71.0546482112877698 42.3637428262513680, -71.0546535704524302 42.3637496315873747)","{""class"": ""footway"", ""subclass"": ""crosswalk"", ""names_lr"": [{""between"": [0.0, 1.0], ""value"": null}], ""subclass_lr"": [{""between"": [0.0, 1.0], ""value"": ""crosswalk""}], ""level_lr"": [{""between"": [0.0, 1.0], ""value"": 0}], ""road_flags_lr"": [{""start"": 0.0, ""end"": 1.0, ""value"": []}]}","{""class"": ""footway"", ""subclass"": ""crosswalk""}"
d4c73b38-d898-43d0-9a79-c8e9ff07ac86,boston_sidewalk_103334,"LINESTRING (-71.0659363999999982 42.3610407999999978, -71.0659682999999944 42.3609987999999973, -71.0659658000000007 42.3605537999999981, -71.0659519000000017 42.3602249999999998, -71.0659511000000066 42.3602064999999968, -71.0659234000000026 42.3593648000000016)","LINESTRING (-71.0659396442771083 42.3602979129126140, -71.0659438595144053 42.3604742209090688, -71.0659496802699664 42.3606640510105876, -71.0659507257068981 42.3606981597397478, -71.0659515718445363 42.3607257541188318, -71.0659532000460956 42.3610261140813762, -71.0659531374152067 42.3610276344346346, -71.0659530193338469 42.3610283902324696)","{""class"": ""footway"", ""subclass"": ""sidewalk"", ""names_lr"": [{""between"": [0.0, 1.0], ""value"": null}], ""subclass_lr"": [{""between"": [0.0, 1.0], ""value"": ""sidewalk""}], ""level_lr"": [{""between"": [0.0, 1.0], ""value"": 0}], ""road_flags_lr"": [{""start"": 0.0, ""end"": 1.0, ""value"": []}]}","{""class"": ""footway"", ""subclass"": ""sidewalk""}"
51011124-ccb6-43f5-9589-52421c14c7af,boston_sidewalk_22963,"LINESTRING (-71.0625327999999996 42.3522984000000022, -71.0625018000000068 42.3523556000000028, -71.0624440999999933 42.3523618999999982, -71.0616997999999995 42.3524193000000011, -71.0614563000000032 42.3524349999999998)","LINESTRING (-71.0614587320382611 42.3524367699793203, -71.0614605034235325 42.3524370477224323, -71.0614605580290402 42.3524370497312859, -71.0614623127184757 42.3524371095400767, -71.0614631432487158 42.3524370640915464, -71.0616759035920325 42.3524194417869708, -71.0617347033804378 42.3524162618944615, -71.0619294063176454 42.3523951464902737)","{""class"": ""footway"", ""subclass"": ""sidewalk"", ""names_lr"": [{""between"": [0.0, 1.0], ""value"": null}], ""subclass_lr"": [{""between"": [0.0, 1.0], ""value"": ""sidewalk""}], ""level_lr"": [{""between"": [0.0, 1.0], ""value"": 0}], ""road_flags_lr"": [{""start"": 0.0, ""end"": 1.0, ""value"": []}]}","{""class"": ""footway"", ""subclass"": ""sidewalk""}"
ab3dddd5-048a-4d6d-bfb9-f5af651200ef,boston_sidewalk_103870,"LINESTRING (-71.0580245000000019 42.3536752999999990, -71.0579567999999995 42.3537832000000023, -71.0576259999999991 42.3543103000000016, -71.0574668000000003 42.3545652999999973, -71.0574672000000049 42.3545967000000019, -71.0574871000000030 42.3549772000000004, -71.0575123999999931 42.3551167000000035)","LINESTRING (-71.0575511550246404 42.3546137459155716, -71.0575227913061127 42.3546056881104462, -71.0575279577284249 42.3545993744374059, -71.0575981773292682 42.3544890257616728, -71.0576580248428513 42.3543963701903010, -71.0577352568466551 42.3542598724202008, -71.0580040644240256 42.3538223134857574, -71.0580090534791395 42.3538193067806148, -71.0580145064787132 42.3538167817139097, -71.0580203369944314 42.3538147739650483, -71.0580264573966360 42.3538133174082603, -71.0580327740877635 42.3538124314902689, -71.0580391898539858 42.3538121320425986, -71.0580456063558756 42.3538124222885273, -71.0580519253106502 42.3538132973488004)","{""name"": ""Devonshire Street"", ""class"": ""secondary"", ""names_lr"": [{""between"": [0.0, 1.0], ""value"": ""Devonshire Street""}], ""subclass_lr"": [{""between"": [0.0, 1.0], ""value"": null}], ""level_lr"": [{""between"": [0.0, 1.0], ""value"": 0}], ""road_flags_lr"": [{""start"": 0.0, ""end"": 1.0, ""value"": []}]}","{""class"": ""footway"", ""subclass"": ""sidewalk""}"
5e5f1f50-69f7-46e4-8502-341ac5697675,boston_sidewalk_103258,"LINESTRING (-71.0553498999999960 42.3675119999999978, -71.0547633000000047 42.3672303999999968, -71.0547040999999950 42.3672050999999996, -71.0546654999999987 42.3671907000000019, -71.0543861000000021 42.3670607999999973, -71.0543710999999973 42.3670538000000008, -71.0543511999999993 42.3670443000000034, -71.0543203000000005 42.3670242999999971, -71.0542904999999934 42.3670103999999981, -71.0542683000000039 42.3670046000000013, -71.0539014000000009 42.3668505999999994, -71.0538032999999984 42.3667899000000006, -71.0537072000000052 42.3666920000000005, -71.0536089000000004 42.3665734000000000)","LINESTRING (-71.0542822591543626 42.3670008694692086, -71.0542809796309882 42.3670013749749828, -71.0542785952007421 42.3670020706616199, -71.0542761187569312 42.3670025580248009, -71.0542735819147282 42.3670028299847701, -71.0542723021242892 42.3670028565354855, -71.0542710211135073 42.3670028839818116, -71.0542684679366232 42.3670027174374439, -71.0542659575587834 42.3670023349894649, -71.0542635239469007 42.3670017403706183, -71.0542611986082022 42.3670009418056708, -71.0542605449324327 42.3670006709862506, -71.0540371746305652 42.3669046751800025, -71.0539990163418622 42.3668882761032677, -71.0539447854838500 42.3668629081227905, -71.0538754810889230 42.3668304882052098, -71.0538542927554886 42.3668187364711244, -71.0538177907591262 42.3667921488811956, -71.0537683781879394 42.3667511767853782, -71.0536983147239027 42.3666759855668289, -71.0536201266518788 42.3665908784960052, -71.0536191791598242 42.3665897512577416, -71.0536180426945378 42.3665880489014413, -71.0536175544903870 42.3665870395829174, -71.0536171775747505 42.3665862593697895, -71.0536165969703291 42.3665844088223409, -71.0536163079999596 42.3665825206942657, -71.0536163141277797 42.3665806202070456, -71.0536163865534576 42.3665801631411298)","{""class"": ""footway"", ""subclass"": ""sidewalk"", ""names_lr"": [{""between"": [0.0, 1.0], ""value"": null}], ""subclass_lr"": [{""between"": [0.0, 1.0], ""value"": ""sidewalk""}], ""level_lr"": [{""between"": [0.0, 1.0], ""value"": 0}], ""road_flags_lr"": [{""start"": 0.0, ""end"": 1.0, ""value"": []}]}","{""class"": ""footway"", ""subclass"": ""sidewalk""}"
ab432b2f-98c7-4c58-94bd-bcfe2ba0ae74,boston_sidewalk_58820,"LINESTRING (-71.0714552999999967 42.3518376000000032, -71.0714688000000052 42.3518655000000024)","LINESTRING (-71.0714429867563666 42.3518868126778329, -71.0714229093065342 42.3518415918386211)","{""class"": ""steps"", ""names_lr"": [{""between"": [0.0, 1.0], ""value"": null}], ""subclass_lr"": [{""between"": [0.0, 1.0], ""value"": null}], ""level_lr"": [{""between"": [0.0, 1.0], ""value"": 0}], ""road_flags_lr"": [{""start"": 0.0, ""end"": 1.0, ""value"": []}]}","{""class"": ""footway"", ""subclass"": ""sidewalk""}"
5aecbc9d-8ca7-4975-b5b8-452f094b072d,boston_sidewalk_103077,"LINESTRING (-71.0578497000000056 42.3652840000000026, -71.0578480000000070 42.3652416999999986, -71.0578373000000028 42.3651351999999974, -71.0578016000000048 42.3647781000000023, -71.0577688999999992 42.3644510000000025, -71.0577640000000059 42.3644019999999983)","LINESTRING (-71.0577191646903259 42.3644538646475723, -71.0577215983113319 42.3644546221463401, -71.0577247505499514 42.3644562574898984, -71.0577273666486491 42.3644583499194383, -71.0577293283000131 42.3644608044496920, -71.0577305476525822 42.3644635109075978, -71.0577431295283617 42.3645994634059520, -71.0577725748273537 42.3649044191714808, -71.0578013828291972 42.3652198266186133, -71.0578015301479411 42.3652230655262514, -71.0578008703917163 42.3652262698208020, -71.0577994261923180 42.3652293279535357, -71.0577972468262544 42.3652321374807386, -71.0577944082399000 42.3652346014631860)","{""name"": ""Lynn Street"", ""class"": ""residential"", ""names_lr"": [{""between"": [0.0, 1.0], ""value"": ""Lynn Street""}], ""subclass_lr"": [{""between"": [0.0, 1.0], ""value"": null}], ""level_lr"": [{""between"": [0.0, 1.0], ""value"": 0}], ""road_flags_lr"": [{""start"": 0.0, ""end"": 1.0, ""value"": []}]}","{""class"": ""footway"", ""subclass"": ""sidewalk""}"
1ee6aef9-d358-4f63-aa9f-48992106faad,boston_sidewalk_103168,"LINESTRING (-71.0548813999999993 42.3661584000000033, -71.0548495999999972 42.3661360999999985, -71.0543832999999978 42.3658500000000018)","LINESTRING (-71.0548602378479757 42.3661172941182329, -71.0548581068986209 42.3661183761217544, -71.0548558389350120 42.3661192613318320, -71.0548534485503609 42.3661199462038951, -71.0548509685858960 42.3661204218620000, -71.0548484306435881 42.3661206830268071, -71.0548458675329186 42.3661207253238317, -71.0548433168878404 42.3661205488986568, -71.0548408090455155 42.3661201556694067, -71.0548383803941590 42.3661195502782206, -71.0548360612266805 42.3661187409450335, -71.0548338830245001 42.3661177394954152, -71.0548320718226591 42.3661166863491161, -71.0547023914855345 42.3660329201969432, -71.0544687359673475 42.3658819884240714, -71.0544146748403591 42.3658481324842526, -71.0543782437130602 42.3658253175527975, -71.0543656195187481 42.3658173307892270, -71.0543044215182533 42.3657786152911910, -71.0543020227257358 42.3657770484950404, -71.0543003811313838 42.3657750146818302, -71.0543003490704734 42.3657749128248895, -71.0542996507743396 42.3657727062101586, -71.0542999029460844 42.3657703430269805, -71.0543010060394096 42.3657683396557729)","{""name"": ""Tileston Street"", ""class"": ""residential"", ""names_lr"": [{""between"": [0.0, 1.0], ""value"": ""Tileston Street""}], ""subclass_lr"": [{""between"": [0.0, 1.0], ""value"": null}], ""level_lr"": [{""between"": [0.0, 1.0], ""value"": 0}], ""road_flags_lr"": [{""start"": 0.0, ""end"": 1.0, ""value"": []}]}","{""class"": ""footway"", ""subclass"": ""sidewalk""}"
fcd22110-6916-4d59-b782-41d75e60bb25,boston_sidewalk_103113,"LINESTRING (-71.0558661000000029 42.3635938999999979, -71.0558283000000017 42.3636495000000011, -71.0557900999999958 42.3637074999999967, -71.0556820000000045 42.3638797999999994)","LINESTRING (-71.0558860315752128 42.3636309169668763, -71.0558845126829510 42.3636319833471831, -71.0558835411983551 42.3636328906893596, -71.0558832124785198 42.3636331982194250, -71.0558821554178337 42.3636345364699736, -71.0558819749892052 42.3636348175640052, -71.0557870289952831 42.3637880664660642, -71.0557381443068579 42.3638639503469392, -71.0557373778605239 42.3638653932519489, -71.0557370613603041 42.3638663805476838, -71.0557368938032994 42.3638669029689012, -71.0557367020744408 42.3638684471256965, -71.0557367866587697 42.3638697132599589)","{""name"": ""Salem Street"", ""class"": ""residential"", ""names_lr"": [{""between"": [0.0, 1.0], ""value"": ""Salem Street""}], ""subclass_lr"": [{""between"": [0.0, 1.0], ""value"": null}], ""level_lr"": [{""between"": [0.0, 1.0], ""value"": 0}], ""road_flags_lr"": [{""start"": 0.0, ""end"": 1.0, ""value"": []}]}","{""class"": ""footway"", ""subclass"": ""sidewalk""}"
375d3735-9be5-4bd6-b5e9-cc9345565a5e,boston_sidewalk_60764,"LINESTRING (-71.0565284000000048 42.3502843999999996, -71.0564059999999955 42.3502519999999976, -71.0563695000000024 42.3502423999999991)","LINESTRING (-71.0563757143815593 42.3502455340228821, -71.0564590363185431 42.3502701417324232)","{""class"": ""footway"", ""subclass"": ""sidewalk"", ""names_lr"": [{""between"": [0.0, 1.0], ""value"": null}], ""subclass_lr"": [{""between"": [0.0, 1.0], ""value"": ""sidewalk""}], ""level_lr"": [{""between"": [0.0, 1.0], ""value"": 0}], ""road_flags_lr"": [{""start"": 0.0, ""end"": 1.0, ""value"": []}]}","{""class"": ""footway"", ""subclass"": ""sidewalk""}"
a8ade0e8-bc28-46f8-a7ce-8cff3e5b7505,boston_sidewalk_12834,"LINESTRING (-71.0704046999999974 42.3638978999999978, -71.0703874000000013 42.3639324000000030, -71.0703677999999996 42.3639715999999993, -71.0701956000000052 42.3643392999999975, -71.0700396000000012 42.3646523999999971, -71.0700243000000000 42.3646839000000028, -71.0700034999999986 42.3647255999999999, -71.0699860000000001 42.3647629000000023)","LINESTRING (-71.0700505388852832 42.3646221366600102, -71.0701706632512327 42.3643758812566844, -71.0702076749323624 42.3642980617434688, -71.0702413119715999 42.3642273391902791, -71.0703511429359196 42.3639964157552669, -71.0703625109036352 42.3639711844059832, -71.0703747271626867 42.3639461722934527, -71.0703860551576270 42.3639246787924506)","{""name"": ""Dr. Paul Dudley White Path"", ""class"": ""cycleway"", ""names_lr"": [{""between"": [0.0, 1.0], ""value"": ""Dr. Paul Dudley White Path""}], ""subclass_lr"": [{""between"": [0.0, 0.085510752], ""value"": ""cycle_crossing""}, {""between"": [0.085510752, 0.90868642], ""value"": null}, {""between"": [0.90868642, 1.0], ""value"": ""cycle_crossing""}], ""level_lr"": [{""between"": [0.0, 1.0], ""value"": 0}], ""road_flags_lr"": [{""start"": 0.0, ""end"": 1.0, ""value"": []}]}","{""class"": ""footway"", ""subclass"": ""sidewalk""}"
1baebfc9-8f5a-4808-9bd8-597e0d8cfc95,boston_sidewalk_12325,"LINESTRING (-71.0546757999999983 42.3641711000000001, -71.0543835999999942 42.3640133000000034, -71.0543700999999999 42.3640059000000022, -71.0543030000000044 42.3639682000000022)","LINESTRING (-71.0543826584287217 42.3640010109774323, -71.0545705390429134 42.3641033724702964, -71.0546460979039551 42.3641431787876357, -71.0546466822358127 42.3641434664421155, -71.0546482949607281 42.3641440785817736, -71.0546500195881237 42.3641444876891953, -71.0546518112778216 42.3641446827873054, -71.0546536227107026 42.3641446600916396, -71.0546554041209646 42.3641444185092837, -71.0546571093210702 42.3641439659639474, -71.0546586933186148 42.3641433130850302, -71.0546601122779862 42.3641424786087342, -71.0546613284144968 42.3641414839958017, -71.0546896795229799 42.3641141241221817)","{""name"": ""Wesley Place"", ""class"": ""pedestrian"", ""names_lr"": [{""between"": [0.0, 1.0], ""value"": ""Wesley Place""}], ""subclass_lr"": [{""between"": [0.0, 1.0], ""value"": null}], ""level_lr"": [{""between"": [0.0, 1.0], ""value"": 0}], ""road_flags_lr"": [{""start"": 0.0, ""end"": 1.0, ""value"": []}]}","{""class"": ""footway"", ""subclass"": ""sidewalk""}"
68ffaa19-390a-4890-9174-efa7ec49e639,boston_sidewalk_13067,"LINESTRING (-71.0509962000000002 42.3619352999999990, -71.0509761999999938 42.3619255999999993, -71.0508930000000021 42.3618808000000016, -71.0506428999999997 42.3617660000000029, -71.0505433999999951 42.3619461999999984, -71.0505006000000066 42.3619608999999997, -71.0504279999999966 42.3619417999999968, -71.0503685000000047 42.3620394000000005)","LINESTRING (-71.0508900691990561 42.3618797206559563, -71.0508480117905350 42.3618599192819474, -71.0507986300458612 42.3618499501684411, -71.0507892392698324 42.3618497352331502, -71.0506332966925527 42.3617867134104742, -71.0505558146379599 42.3619330796866649, -71.0504770268239696 42.3619670980513305, -71.0504137087840206 42.3619460466436450, -71.0504003803801112 42.3619712197824043)","{""name"": ""Boston Harborwalk"", ""class"": ""footway"", ""names_lr"": [{""between"": [0.0, 1.0], ""value"": ""Boston Harborwalk""}], ""subclass_lr"": [{""between"": [0.0, 1.0], ""value"": null}], ""level_lr"": [{""between"": [0.0, 1.0], ""value"": 0}], ""road_flags_lr"": [{""start"": 0.0, ""end"": 1.0, ""value"": []}]}","{""class"": ""footway"", ""subclass"": ""sidewalk""}"
7c3f02f6-f96c-44b5-bf71-926ed10eedc4,boston_sidewalk_103996,"LINESTRING (-71.0581487999999979 42.3624525999999975, -71.0582284999999985 42.3625291999999973, -71.0582593999999972 42.3625645999999989, -71.0583364000000017 42.3626347000000010)","LINESTRING (-71.0582636416497593 42.3625807668681844, -71.0581645432810376 42.3624654218842949, -71.0581391185006481 42.3624358280081594)","{""class"": ""footway"", ""names_lr"": [{""between"": [0.0, 1.0], ""value"": null}], ""subclass_lr"": [{""between"": [0.0, 0.605692718], ""value"": ""crosswalk""}, {""between"": [0.605692718, 1.0], ""value"": null}], ""level_lr"": [{""between"": [0.0, 1.0], ""value"": 0}], ""road_flags_lr"": [{""start"": 0.0, ""end"": 1.0, ""value"": []}]}","{""class"": ""footway"", ""subclass"": ""crosswalk""}"
80635b68-7fae-4707-b8b9-4448d7e4ed47,boston_sidewalk_103448,"LINESTRING (-71.0577624000000014 42.3587436999999980, -71.0577748999999983 42.3586367999999993)","LINESTRING (-71.0577617512761179 42.3586897087725660, -71.0577620680427771 42.3586907588294466, -71.0577623352388912 42.3586926486669810, -71.0577623073870654 42.3586945490737250, -71.0577575443987257 42.3587459040513394)","{""class"": ""footway"", ""subclass"": ""sidewalk"", ""names_lr"": [{""between"": [0.0, 1.0], ""value"": null}], ""subclass_lr"": [{""between"": [0.0, 1.0], ""value"": ""sidewalk""}], ""level_lr"": [{""between"": [0.0, 1.0], ""value"": 0}], ""road_flags_lr"": [{""start"": 0.0, ""end"": 1.0, ""value"": []}]}","{""class"": ""footway"", ""subclass"": ""sidewalk""}"
4a8d6571-7acd-4931-9813-26f1e5e068c8,boston_sidewalk_103332,"LINESTRING (-71.0659612000000038 42.3593249999999983, -71.0655285999999933 42.3593364999999977, -71.0650959999999969 42.3593480999999983, -71.0650387999999964 42.3593467000000032)","LINESTRING (-71.0650877861762780 42.3593798018733878, -71.0650893168972431 42.3593794493463847, -71.0650931243732629 42.3593791720505379, -71.0650969291020260 42.3593794709299303, -71.0659033536069842 42.3593645171994666, -71.0659121995429217 42.3593648323789296, -71.0659125725611176 42.3593649580268874, -71.0659144909326841 42.3593656053739380, -71.0659163773452178 42.3593668413900986, -71.0659172742623753 42.3593679251236779)","{""name"": ""Myrtle Street"", ""class"": ""residential"", ""names_lr"": [{""between"": [0.0, 1.0], ""value"": ""Myrtle Street""}], ""subclass_lr"": [{""between"": [0.0, 1.0], ""value"": null}], ""level_lr"": [{""between"": [0.0, 1.0], ""value"": 0}], ""road_flags_lr"": [{""start"": 0.0, ""end"": 1.0, ""value"": []}]}","{""class"": ""footway"", ""subclass"": ""sidewalk""}"
065da80b-8cfc-4826-b2b3-178efe2898bb,boston_sidewalk_98925,"LINESTRING (-71.0633377999999993 42.3157939999999968, -71.0631961999999930 42.3161425999999992, -71.0631826000000046 42.3161659000000014, -71.0631694000000067 42.3161862999999983, -71.0631546999999983 42.3162061000000023)","LINESTRING (-71.0633356742379334 42.3157714313103810, -71.0631829610353805 42.3161087376310121, -71.0631829142318168 42.3161088400872032, -71.0631818205339130 42.3161108787082512, -71.0631804569500076 42.3161128262736028, -71.0631788381732434 42.3161146630326073, -71.0631769813165164 42.3161163701439307, -71.0631749034742768 42.3161179314671614, -71.0631726253735536 42.3161193317760578, -71.0631701713808468 42.3161205558580491, -71.0631675646307599 42.3161215911969464, -71.0631648318722711 42.3161224288914255, -71.0631635282462923 42.3161227192343929)","{""name"": ""Stoughton Street Place"", ""class"": ""residential"", ""names_lr"": [{""between"": [0.0, 1.0], ""value"": ""Stoughton Street Place""}], ""subclass_lr"": [{""between"": [0.0, 1.0], ""value"": null}], ""level_lr"": [{""between"": [0.0, 1.0], ""value"": 0}], ""road_flags_lr"": [{""start"": 0.0, ""end"": 1.0, ""value"": []}]}","{""class"": ""footway"", ""subclass"": ""sidewalk""}"
a494cc7e-fcdf-469e-9d10-9b9bdbd07936,boston_sidewalk_97082,"LINESTRING (-71.0868616000000060 42.3357704000000012, -71.0868325999999939 42.3357861000000000, -71.0864085000000046 42.3360172000000006)","LINESTRING (-71.0867619535071924 42.3357113739691968, -71.0867608810283969 42.3357124576690964, -71.0867591367169496 42.3357138495554253, -71.0867571883672156 42.3357150831568845, -71.0867566269787829 42.3357153881391568, -71.0863945588585295 42.3359060602508848, -71.0863367198611087 42.3359365188575509, -71.0862802347212579 42.3359664655386396)","{""name"": ""Tremont Street"", ""class"": ""primary"", ""names_lr"": [{""between"": [0.0, 1.0], ""value"": ""Tremont Street""}], ""subclass_lr"": [{""between"": [0.0, 1.0], ""value"": null}], ""level_lr"": [{""between"": [0.0, 1.0], ""value"": 0}], ""road_flags_lr"": [{""start"": 0.0, ""end"": 1.0, ""value"": []}]}","{""class"": ""footway"", ""subclass"": ""sidewalk""}"
a0c2d483-dc28-4426-a218-08dd626e25ea,boston_sidewalk_21048,"LINESTRING (-71.1299329999999941 42.3095289999999977, -71.1298019999999980 42.3095388999999997, -71.1294632000000036 42.3095818999999977, -71.1292459999999949 42.3095420000000004, -71.1291070000000047 42.3095179999999971)","LINESTRING (-71.1297982358015304 42.3095074039684391, -71.1296349557272123 42.3095371440230608, -71.1296165315867199 42.3095414321751875, -71.1295978672400082 42.3095451055477341, -71.1295790003300539 42.3095481570596093, -71.1295599696970271 42.3095505823343956, -71.1295408117657786 42.3095523751873159, -71.1295215653712631 42.3095535321424023, -71.1295168887611169 42.3095536575117492)","{""name"": ""Moss Hill Road"", ""class"": ""residential"", ""names_lr"": [{""between"": [0.0, 1.0], ""value"": ""Moss Hill Road""}], ""subclass_lr"": [{""between"": [0.0, 1.0], ""value"": null}], ""level_lr"": [{""between"": [0.0, 1.0], ""value"": 0}], ""road_flags_lr"": [{""start"": 0.0, ""end"": 1.0, ""value"": []}]}","{""class"": ""footway"", ""subclass"": ""sidewalk""}"
23748250-8f17-4083-bcee-5723cf3904f5,boston_sidewalk_87525,"LINESTRING (-71.1669627999999932 42.3420158999999998, -71.1669810000000069 42.3418875999999997)","LINESTRING (-71.1668440799002866 42.3419947352457982, -71.1668447239324422 42.3419558509346103, -71.1668508377172628 42.3419053930532669)","{""class"": ""footway"", ""subclass"": ""sidewalk"", ""names_lr"": [{""between"": [0.0, 1.0], ""value"": null}], ""subclass_lr"": [{""between"": [0.0, 1.0], ""value"": ""sidewalk""}], ""level_lr"": [{""between"": [0.0, 1.0], ""value"": 0}], ""road_flags_lr"": [{""start"": 0.0, ""end"": 1.0, ""value"": []}]}","{""class"": ""footway"", ""subclass"": ""sidewalk""}"
4f7c88df-3e34-486c-914a-cdb46f6b449c,boston_sidewalk_4401,"LINESTRING (-71.1313638000000026 42.3595883999999998, -71.1313391000000053 42.3595516999999973, -71.1313087999999993 42.3595067999999983)","LINESTRING (-71.1311940721463856 42.3595727840422001, -71.1312562299783622 42.3596489639656042)","{""class"": ""footway"", ""subclass"": ""crosswalk"", ""names_lr"": [{""between"": [0.0, 1.0], ""value"": null}], ""subclass_lr"": [{""between"": [0.0, 1.0], ""value"": ""crosswalk""}], ""level_lr"": [{""between"": [0.0, 1.0], ""value"": 0}], ""road_flags_lr"": [{""start"": 0.0, ""end"": 1.0, ""value"": []}]}","{""class"": ""footway"", ""subclass"": ""crosswalk""}"
8eac5205-f103-4735-9947-3cb686eccfad,boston_sidewalk_99469,"LINESTRING (-71.0663564999999977 42.3489690999999979, -71.0663327000000038 42.3490800000000007, -71.0663284000000033 42.3491299000000012, -71.0663346999999987 42.3491945999999970, -71.0663669999999996 42.3493576999999988, -71.0664088000000049 42.3495802999999995, -71.0664139000000006 42.3496118999999993)","LINESTRING (-71.0664141327292356 42.3495846328681225, -71.0663918688725573 42.3494712264431072, -71.0663879107969336 42.3494510629791421, -71.0663674763012381 42.3493510840996379)","{""class"": ""footway"", ""subclass"": ""sidewalk"", ""names_lr"": [{""between"": [0.0, 1.0], ""value"": null}], ""subclass_lr"": [{""between"": [0.0, 1.0], ""value"": ""sidewalk""}], ""level_lr"": [{""between"": [0.0, 1.0], ""value"": 0}], ""road_flags_lr"": [{""start"": 0.0, ""end"": 1.0, ""value"": []}]}","{""class"": ""footway"", ""subclass"": ""sidewalk""}"
9dfd0359-876c-4728-8543-fd40c1fb6c0d,boston_sidewalk_1633,"LINESTRING (-71.0948932999999954 42.3493071999999984, -71.0948937999999941 42.3493183000000002, -71.0948972999999995 42.3493958999999975, -71.0949003000000062 42.3494636000000000, -71.0949011999999954 42.3494828999999982)","LINESTRING (-71.0948867864734382 42.3490782004548052, -71.0948872339233588 42.3490939967322433, -71.0948906146477668 42.3492133277762335, -71.0948920956703319 42.3492655975715095)","{""class"": ""footway"", ""subclass"": ""crosswalk"", ""names_lr"": [{""between"": [0.0, 1.0], ""value"": null}], ""subclass_lr"": [{""between"": [0.0, 1.0], ""value"": ""crosswalk""}], ""level_lr"": [{""between"": [0.0, 1.0], ""value"": 0}], ""road_flags_lr"": [{""start"": 0.0, ""end"": 1.0, ""value"": []}]}","{""class"": ""footway"", ""subclass"": ""crosswalk""}"
641772ce-c392-4c42-9371-c8a6a4c7cc22,boston_sidewalk_101765,"LINESTRING (-71.0570296000000070 42.3405348000000004, -71.0570172000000042 42.3406078000000008, -71.0570148000000046 42.3406328000000016, -71.0570129999999978 42.3406587999999999, -71.0570125999999931 42.3406868000000003)","LINESTRING (-71.0568538933362674 42.3405875870866524, -71.0569013057515662 42.3405472799788498, -71.0569034060345501 42.3405454235634124, -71.0569064400002901 42.3405424597828954, -71.0569092345807007 42.3405393681382591, -71.0569117775588524 42.3405361602862200, -71.0569140615781407 42.3405328470019597, -71.0569160780683404 42.3405294390560627, -71.0569178208738208 42.3405259490288302, -71.0569192826315401 42.3405223885959145, -71.0569204596127975 42.3405187703469039, -71.0569213468754270 42.3405151068669667, -71.0569219406843473 42.3405114116460624, -71.0569222409577463 42.3405076963878386, -71.0569222451740501 42.3405039745868308, -71.0569219544585167 42.3405002588516055, -71.0569213675032643 42.3404965626815510, -71.0569204890740167 42.3404928986990754, -71.0569193203023985 42.3404892786123881, -71.0569178659415854 42.3404857168445261, -71.0569161319835700 42.3404822242221073, -71.0569141231877666 42.3404788142678612, -71.0569118467596184 42.3404754978130882, -71.0569093098981881 42.3404722865893532, -71.0569065234494843 42.3404691914419402, -71.0569034958259493 42.3404662241070966, -71.0569002378862251 42.3404633936295269, -71.0568967604697974 42.3404607117550000, -71.0568930756612929 42.3404581857322313, -71.0568761578438313 42.3404472566763346)","{""name"": ""Dorchester Avenue"", ""class"": ""primary"", ""names_lr"": [{""between"": [0.0, 1.0], ""value"": ""Dorchester Avenue""}], ""subclass_lr"": [{""between"": [0.0, 1.0], ""value"": null}], ""level_lr"": [{""between"": [0.0, 1.0], ""value"": 0}], ""road_flags_lr"": [{""start"": 0.0, ""end"": 1.0, ""value"": []}]}","{""class"": ""footway"", ""subclass"": ""sidewalk""}"
5bba8588-5823-4512-a0a4-5450f33d847c,boston_sidewalk_42849,"LINESTRING (-71.0311192000000062 42.3324355000000025, -71.0311156000000068 42.3323672000000002, -71.0311128000000025 42.3323145000000025)","LINESTRING (-71.0312661829358944 42.3323146593375981, -71.0312710707376169 42.3324365075211233)","{""class"": ""footway"", ""subclass"": ""crosswalk"", ""names_lr"": [{""between"": [0.0, 1.0], ""value"": null}], ""subclass_lr"": [{""between"": [0.0, 1.0], ""value"": ""crosswalk""}], ""level_lr"": [{""between"": [0.0, 1.0], ""value"": 0}], ""road_flags_lr"": [{""start"": 0.0, ""end"": 1.0, ""value"": []}]}","{""class"": ""footway"", ""subclass"": ""crosswalk""}"
72aa655a-0d8a-4d1f-9947-64f9482d1c66,boston_sidewalk_6965,"LINESTRING (-71.1066176000000070 42.2717734000000007, -71.1066344000000043 42.2717439999999982, -71.1066375000000050 42.2717122000000032, -71.1066265999999985 42.2716812999999973, -71.1066179000000034 42.2716715999999977)","LINESTRING (-71.1067409765713165 42.2717267228204960, -71.1066232117151316 42.2718277388319095, -71.1065448461117455 42.2718936103678971)","{""name"": ""Cummins Highway"", ""class"": ""primary"", ""names_lr"": [{""between"": [0.0, 1.0], ""value"": ""Cummins Highway""}], ""subclass_lr"": [{""between"": [0.0, 1.0], ""value"": null}], ""level_lr"": [{""between"": [0.0, 1.0], ""value"": 0}], ""road_flags_lr"": [{""start"": 0.0, ""end"": 1.0, ""value"": []}]}","{""class"": ""footway"", ""subclass"": ""crosswalk""}"
8d87c9a8-2431-44ca-a4af-cd1e59b9664c,boston_sidewalk_22652,"LINESTRING (-71.0577770000000015 42.3104881000000006, -71.0576276999999976 42.3111438000000035, -71.0575812000000013 42.3113481999999976)","LINESTRING (-71.0574824849739457 42.3112915410738353, -71.0574829569852398 42.3112915176829958, -71.0574852506081811 42.3112911871018653, -71.0574874705136921 42.3112906437660428, -71.0574895802441944 42.3112898974383995, -71.0574915457554397 42.3112889596918365, -71.0574933366232102 42.3112878448138972, -71.0574949236046223 42.3112865715983943, -71.0574962810957658 42.3112851588529679, -71.0574973870874800 42.3112836317013290, -71.0574978555555674 42.3112827269030660, -71.0574982256541290 42.3112820125896363, -71.0574987820580333 42.3112803275698610, -71.0575122770978140 42.3112243484601649, -71.0575613132326112 42.3110118467762177, -71.0575633358593279 42.3110030820395338, -71.0575933961172126 42.3108655490882200, -71.0576600826955769 42.3105830935538165, -71.0576737033462962 42.3105224621504874, -71.0576915052529614 42.3104432241293580, -71.0577497330503434 42.3101840312318842, -71.0577849778764374 42.3100202780116774, -71.0577854141618275 42.3100175535814316, -71.0577855570276569 42.3100148127170286, -71.0577854027282427 42.3100120707090426, -71.0577849547578211 42.3100093482778519, -71.0577842142286329 42.3100066598325668, -71.0577831870733689 42.3100040243023372, -71.0577818792433789 42.3100014579154191, -71.0577802991096803 42.3099989778097409, -71.0577784574816889 42.3099965993320311, -71.0577768996800785 42.3099949160779261)","{""name"": ""Dorchester Avenue"", ""class"": ""primary"", ""names_lr"": [{""between"": [0.0, 1.0], ""value"": ""Dorchester Avenue""}], ""subclass_lr"": [{""between"": [0.0, 1.0], ""value"": null}], ""level_lr"": [{""between"": [0.0, 1.0], ""value"": 0}], ""road_flags_lr"": [{""start"": 0.0, ""end"": 1.0, ""value"": []}]}","{""class"": ""footway"", ""subclass"": ""sidewalk""}"
5fea0d73-d4d3-46df-9abb-a267ef9b287d,boston_sidewalk_77474,"LINESTRING (-71.1480482000000052 42.2737138999999971, -71.1474125000000015 42.2732991000000027, -71.1481098999999944 42.2727215999999970, -71.1481689000000017 42.2727097000000001, -71.1487778000000048 42.2731007000000005)","LINESTRING (-71.1474362420949262 42.2732994211690283, -71.1474367329731763 42.2732972574483341, -71.1474375133169303 42.2732951405316726, -71.1474385745203506 42.2732930919997969, -71.1474399043459300 42.2732911325222318, -71.1474414917734634 42.2732892818717332, -71.1474433209438359 42.2732875580055918, -71.1476305380265330 42.2731281145835922, -71.1478586115202773 42.2729311382759860, -71.1480559980102925 42.2727612818257938, -71.1481152009674815 42.2727143720046072, -71.1481177813666505 42.2727124874745996, -71.1481205608803009 42.2727107656090055, -71.1481235200531330 42.2727092171519274, -71.1481266394246887 42.2727078537476260, -71.1481298983373875 42.2727066843357662, -71.1481332737242695 42.2727057151478647, -71.1481367461450418 42.2727049542270734, -71.1481402889059780 42.2727044059930961, -71.1481438813746365 42.2727040748841887, -71.1481447325116676 42.2727040477817653)","{""class"": ""footway"", ""subclass"": ""sidewalk"", ""names_lr"": [{""between"": [0.0, 1.0], ""value"": null}], ""subclass_lr"": [{""between"": [0.0, 1.0], ""value"": ""sidewalk""}], ""level_lr"": [{""between"": [0.0, 1.0], ""value"": 0}], ""road_flags_lr"": [{""start"": 0.0, ""end"": 1.0, ""value"": []}]}","{""class"": ""footway"", ""subclass"": ""sidewalk""}"
191ceaaf-3c61-4dec-abb4-29bb112147d3,boston_sidewalk_63172,"LINESTRING (-71.0570589999999953 42.3792320000000018, -71.0570594999999940 42.3791518000000025, -71.0570598999999987 42.3790918999999988)","LINESTRING (-71.0571474346800755 42.3790916269652271, -71.0571581450712557 42.3790260129871754)","{""class"": ""footway"", ""subclass"": ""crosswalk"", ""names_lr"": [{""between"": [0.0, 1.0], ""value"": null}], ""subclass_lr"": [{""between"": [0.0, 1.0], ""value"": ""crosswalk""}], ""level_lr"": [{""between"": [0.0, 1.0], ""value"": 0}], ""road_flags_lr"": [{""start"": 0.0, ""end"": 1.0, ""value"": []}]}","{""class"": ""footway"", ""subclass"": ""sidewalk""}"
24141b2e-a596-443c-8822-3f08f537abe5,boston_sidewalk_1423,"LINESTRING (-71.1049103999999943 42.3496318999999986, -71.1049232000000018 42.3497079999999997, -71.1049299000000019 42.3497483000000017, -71.1049275999999963 42.3497641000000016, -71.1049241000000052 42.3497875999999991, -71.1049184000000025 42.3498260000000002, -71.1049158999999946 42.3498433000000034, -71.1049146000000007 42.3498493999999965, -71.1049011000000064 42.3499144000000030, -71.1048930000000041 42.3499535999999992, -71.1048780999999934 42.3500256000000022)","LINESTRING (-71.1049088028240988 42.3496446670941680, -71.1049111566571668 42.3496615043053595, -71.1049226017606628 42.3497433610959746)","{""class"": ""footway"", ""subclass"": ""crosswalk"", ""names_lr"": [{""between"": [0.0, 1.0], ""value"": null}], ""subclass_lr"": [{""between"": [0.0, 1.0], ""value"": ""crosswalk""}], ""level_lr"": [{""between"": [0.0, 1.0], ""value"": 0}], ""road_flags_lr"": [{""start"": 0.0, ""end"": 1.0, ""value"": []}]}","{""class"": ""footway"", ""subclass"": ""crosswalk""}"
6f505df9-f0c3-484d-816c-1e54ada6997d,boston_sidewalk_104988,"LINESTRING (-71.0600036999999958 42.3760886000000028, -71.0599402999999938 42.3760660000000016, -71.0593082000000038 42.3758420999999998, -71.0592962000000057 42.3757950999999977, -71.0591024999999945 42.3750362999999979, -71.0589229999999930 42.3743326999999965, -71.0589096000000069 42.3742804000000035)","LINESTRING (-71.0593408854973205 42.3757843370564160, -71.0593398591170455 42.3757833446094523, -71.0593383021472391 42.3757814777516515, -71.0593370045383068 42.3757795056534974, -71.0593359795205117 42.3757774463713304, -71.0593352366506394 42.3757753224489448, -71.0593350900065133 42.3757747601079870, -71.0593094360624065 42.3756688231664924, -71.0593009642505677 42.3756338370592758, -71.0592775717554304 42.3755372402479082, -71.0592688421022700 42.3755016238485211, -71.0592613048964665 42.3754708735681760, -71.0592440439899065 42.3754004490825693, -71.0592303486291286 42.3753445724933542, -71.0592022094298557 42.3752297698671185, -71.0591599887146401 42.3750472836806011, -71.0591385579734975 42.3749645650722755, -71.0591261275960591 42.3749165834311441, -71.0591008045555128 42.3748188403035542, -71.0590242270501307 42.3745148924182473)","{""name"": ""Chestnut Street"", ""class"": ""residential"", ""names_lr"": [{""between"": [0.0, 1.0], ""value"": ""Chestnut Street""}], ""subclass_lr"": [{""between"": [0.0, 1.0], ""value"": null}], ""level_lr"": [{""between"": [0.0, 1.0], ""value"": 0}], ""road_flags_lr"": [{""start"": 0.0, ""end"": 1.0, ""value"": []}]}","{""class"": ""footway"", ""subclass"": ""sidewalk""}"
ce9a02d4-ab89-4ca3-befb-9c1f70601c91,boston_sidewalk_80345,"LINESTRING (-71.1522688000000016 42.2942058000000003, -71.1522075999999970 42.2942125000000004, -71.1521422000000001 42.2942195999999981, -71.1521431999999976 42.2941410000000033, -71.1521441000000010 42.2940711999999976, -71.1522111000000024 42.2940765000000027, -71.1522750999999971 42.2940814999999972)","LINESTRING (-71.1521309732703742 42.2945936985140278, -71.1521314742152811 42.2945925728570771, -71.1521326568017685 42.2945892156235317, -71.1521335510492179 42.2945858089008269, -71.1521341532407376 42.2945823670824552, -71.1521344620895064 42.2945789036690059, -71.1521344703099032 42.2945787317368840, -71.1521398047206759 42.2944520245727347, -71.1521469210813109 42.2942576563621344, -71.1521469145051668 42.2942537760554984, -71.1521466132219302 42.2942499020589295, -71.1521460183750918 42.2942460469801134, -71.1521451299003900 42.2942422225227190, -71.1521439513615519 42.2942384422019515, -71.1521424863322522 42.2942347177325360, -71.1521407408163071 42.2942310599362870, -71.1521387195949160 42.2942274814317472, -71.1521364286670490 42.2942239939410172, -71.1521338764666638 42.2942206073928944, -71.1521310702002978 42.2942173344133181, -71.1521280195195231 42.2942141840345158, -71.1521247328582689 42.2942111661852778, -71.1521236729282407 42.2942102977889647, -71.1521212222834265 42.2942082917057363, -71.1521174974515560 42.2942055687277332, -71.1521135728596050 42.2942030071984831, -71.1521094581690363 42.2942006143495917, -71.1521086613011562 42.2942002023007930)","{""class"": ""footway"", ""subclass"": ""crosswalk"", ""names_lr"": [{""between"": [0.0, 1.0], ""value"": null}], ""subclass_lr"": [{""between"": [0.0, 1.0], ""value"": ""crosswalk""}], ""level_lr"": [{""between"": [0.0, 1.0], ""value"": 0}], ""road_flags_lr"": [{""start"": 0.0, ""end"": 1.0, ""value"": []}]}","{""class"": ""footway"", ""subclass"": ""sidewalk""}"
ef8775ac-9095-4200-b2c2-a1f64d71ff80,boston_sidewalk_15311,"LINESTRING (-71.1319675000000018 42.3045523999999986, -71.1315599999999932 42.3045040000000014, -71.1309470000000061 42.3044349999999980, -71.1304659999999984 42.3043819999999968)","LINESTRING (-71.1314780461755305 42.3045537821931248, -71.1314035126269602 42.3045449533916624, -71.1310884392877085 42.3045070705889970, -71.1308932648092735 42.3044817585527682, -71.1307440967504618 42.3044652512977564)","{""name"": ""Westchester Road"", ""class"": ""residential"", ""names_lr"": [{""between"": [0.0, 1.0], ""value"": ""Westchester Road""}], ""subclass_lr"": [{""between"": [0.0, 1.0], ""value"": null}], ""level_lr"": [{""between"": [0.0, 1.0], ""value"": 0}], ""road_flags_lr"": [{""start"": 0.0, ""end"": 1.0, ""value"": []}]}","{""class"": ""footway"", ""subclass"": ""sidewalk""}"
7859236e-9781-4b23-8a25-aeabd1a125ba,boston_sidewalk_16023,"LINESTRING (-71.1330636999999939 42.2346968000000018, -71.1329716000000047 42.2346716999999998, -71.1320651999999995 42.2344367999999974)","LINESTRING (-71.1329591640602246 42.2347193299464081, -71.1329587408910129 42.2347181356826553, -71.1329578085851750 42.2347163662934832, -71.1329566092213099 42.2347146878818833, -71.1329551572016499 42.2347131239019618, -71.1329534717952754 42.2347116942221987, -71.1329515759056932 42.2347104187225355, -71.1329494948802221 42.2347093136897485, -71.1329472577057800 42.2347083945216468, -71.1329448909672237 42.2347076730072999, -71.1325645433734621 42.2346103191689295, -71.1325557284185805 42.2346080293714365)","{""name"": ""Parkson Street"", ""class"": ""residential"", ""names_lr"": [{""between"": [0.0, 1.0], ""value"": ""Parkson Street""}], ""subclass_lr"": [{""between"": [0.0, 1.0], ""value"": null}], ""level_lr"": [{""between"": [0.0, 1.0], ""value"": 0}], ""road_flags_lr"": [{""start"": 0.0, ""end"": 1.0, ""value"": []}]}","{""class"": ""footway"", ""subclass"": ""sidewalk""}"
19ff9d36-e5b4-43a5-b048-915c0dfcd2ff,boston_sidewalk_105554,"LINESTRING (-71.0502812000000006 42.2988574000000028, -71.0503458000000023 42.2988507000000027, -71.0504109999999969 42.2988439000000014)","LINESTRING (-71.0503893484312670 42.2987386872480684, -71.0502527025837907 42.2987502363090044)","{""class"": ""footway"", ""subclass"": ""crosswalk"", ""names_lr"": [{""between"": [0.0, 1.0], ""value"": null}], ""subclass_lr"": [{""between"": [0.0, 1.0], ""value"": ""crosswalk""}], ""level_lr"": [{""between"": [0.0, 1.0], ""value"": 0}], ""road_flags_lr"": [{""start"": 0.0, ""end"": 1.0, ""value"": []}]}","{""class"": ""footway"", ""subclass"": ""crosswalk""}"
45e79a8f-79ff-4097-aeec-5a4128bae609,boston_sidewalk_13078,"LINESTRING (-71.0424986000000018 42.3486698999999973, -71.0425707999999929 42.3486990999999975, -71.0426491999999996 42.3487308999999996, -71.0426719000000020 42.3487403000000029)","LINESTRING (-71.0425825006951044 42.3488124765107656, -71.0425589201918228 42.3488036903715184, -71.0424535651313818 42.3487644352387562, -71.0424275286894868 42.3487547345048654)","{""class"": ""footway"", ""names_lr"": [{""between"": [0.0, 1.0], ""value"": null}], ""subclass_lr"": [{""between"": [0.0, 0.86852083], ""value"": ""crosswalk""}, {""between"": [0.86852083, 1.0], ""value"": ""sidewalk""}], ""level_lr"": [{""between"": [0.0, 1.0], ""value"": 1}], ""road_flags_lr"": [{""start"": 0.0, ""end"": 1.0, ""value"": []}]}","{""class"": ""footway"", ""subclass"": ""sidewalk""}"
cded86be-01ca-4932-a82e-05967e373ffe,boston_sidewalk_72171,"LINESTRING (-71.0852352999999937 42.3499960999999985, -71.0852636000000047 42.3499885000000020, -71.0860296000000034 42.3497819000000035, -71.0860442000000035 42.3497778999999994, -71.0860669999999999 42.3497717999999992, -71.0861337000000049 42.3497538000000020, -71.0862062000000066 42.3497343000000015, -71.0862280000000055 42.3497283999999965, -71.0869845999999939 42.3495244000000000)","LINESTRING (-71.0852362593238354 42.3499923851910012, -71.0860452168927424 42.3497727599572968)","{""class"": ""footway"", ""names_lr"": [{""between"": [0.0, 1.0], ""value"": null}], ""subclass_lr"": [{""between"": [0.0, 0.462432904], ""value"": null}, {""between"": [0.462432904, 0.567477942], ""value"": ""crosswalk""}, {""between"": [0.567477942, 1.0], ""value"": null}], ""level_lr"": [{""between"": [0.0, 1.0], ""value"": 0}], ""road_flags_lr"": [{""start"": 0.0, ""end"": 1.0, ""value"": []}]}","{""class"": ""footway"", ""subclass"": ""sidewalk""}"
f98ed749-b4a6-4ec4-90e6-30943834b0ef,boston_sidewalk_90187,"LINESTRING (-71.1129075999999998 42.3169243999999978, -71.1130193999999989 42.3169694999999990, -71.1132328000000058 42.3170430999999994, -71.1132580999999959 42.3170629999999974, -71.1131582000000009 42.3172224999999997, -71.1127325000000070 42.3178155000000018, -71.1127225999999979 42.3178291999999985, -71.1121081999999944 42.3175128000000029, -71.1110680000000031 42.3169770000000014, -71.1105373999999983 42.3167018999999982, -71.1104655999999977 42.3166695000000033, -71.1103240000000056 42.3166057999999978, -71.1099356999999941 42.3164870000000022, -71.1104418999999979 42.3154317999999989)","LINESTRING (-71.1099585206376332 42.3164905758366672, -71.1099603317637587 42.3164921493990818, -71.1099624683360219 42.3164936673472596, -71.1099647975960210 42.3164950193945302, -71.1099672965789864 42.3164961919584428, -71.1099699410961676 42.3164971732530901, -71.1100367467621339 42.3165189413392113, -71.1101499681375060 42.3165555083606506, -71.1102917137918666 42.3166025317043832, -71.1103648714733509 42.3166286137497849, -71.1104005013695399 42.3166413161776660, -71.1104312338937632 42.3166528685212882, -71.1104615437220815 42.3166651027487575, -71.1104800412331315 42.3166730988529238, -71.1104913582439053 42.3166779907052302, -71.1105206532597975 42.3166915224057973, -71.1105493767587262 42.3167056733665987, -71.1107030475580046 42.3167854470717089, -71.1108907292280321 42.3168824917663500, -71.1110819549812589 42.3169824822089495, -71.1113159640537873 42.3171048489397350, -71.1115060483201233 42.3172030765286991, -71.1117125411450246 42.3173102451583958, -71.1119454884024265 42.3174308892385724, -71.1121819662222663 42.3175539782541321, -71.1123937268357196 42.3176648006153471, -71.1125608260482380 42.3177519644065470, -71.1127014864754159 42.3178236257942402, -71.1127032246704829 42.3178244473197651, -71.1127058448037843 42.3178254644804781, -71.1127085898933728 42.3178262821965845, -71.1127114296619283 42.3178268922632626, -71.1127137774725213 42.3178272125774200)","{""class"": ""footway"", ""subclass"": ""sidewalk"", ""names_lr"": [{""between"": [0.0, 1.0], ""value"": null}], ""subclass_lr"": [{""between"": [0.0, 1.0], ""value"": ""sidewalk""}], ""level_lr"": [{""between"": [0.0, 1.0], ""value"": 0}], ""road_flags_lr"": [{""start"": 0.0, ""end"": 1.0, ""value"": []}]}","{""class"": ""footway"", ""subclass"": ""sidewalk""}"
85b29f60-4f78-4dce-a5df-5e1746ba868d,boston_sidewalk_13485,"LINESTRING (-71.0884530000000012 42.3205300999999992, -71.0884865000000019 42.3204574000000022, -71.0885020999999995 42.3204308999999981, -71.0887970999999936 42.3203730999999976, -71.0888551999999976 42.3203432999999976)","LINESTRING (-71.0886965117025085 42.3204142369855347, -71.0886212858725202 42.3204014941526125, -71.0884973489022940 42.3203819750062280, -71.0884497898139642 42.3203752631664969)","{""class"": ""footway"", ""names_lr"": [{""between"": [0.0, 1.0], ""value"": null}], ""subclass_lr"": [{""between"": [0.0, 1.0], ""value"": null}], ""level_lr"": [{""between"": [0.0, 1.0], ""value"": 0}], ""road_flags_lr"": [{""start"": 0.0, ""end"": 1.0, ""value"": []}]}","{""class"": ""footway"", ""subclass"": ""sidewalk""}"
b9e0b42c-5968-40fc-9f34-e2cc5ce1ef65,boston_sidewalk_96945,"LINESTRING (-71.0847299999999933 42.3347288000000006, -71.0846939999999989 42.3347811000000007, -71.0846674999999948 42.3348189000000019, -71.0846508000000057 42.3348451000000026, -71.0846120000000070 42.3349059000000025)","LINESTRING (-71.0847538428762675 42.3347178455239330, -71.0847535955870313 42.3347174376977691, -71.0847526554867670 42.3347153573236241, -71.0847519997225277 42.3347132167564979, -71.0847516354211564 42.3347110394298340, -71.0847515660927485 42.3347088451627087, -71.0847517927972063 42.3347066573666311, -71.0847523117582938 42.3347044967347017, -71.0847531191882354 42.3347023857606217, -71.0847542076766956 42.3347003442240677, -71.0847554266587878 42.3346985723468094, -71.0847871953033348 42.3346571421192337, -71.0847884989638601 42.3346555947206653, -71.0847902905122595 42.3346538483186237, -71.0847923068302379 42.3346522431742045, -71.0847945296106616 42.3346507954265761, -71.0847969137807780 42.3346495319217908, -71.0847995031821682 42.3346484285102420, -71.0848022040646725 42.3346475334692158, -71.0848038946648444 42.3346471173370347)","{""class"": ""footway"", ""subclass"": ""crosswalk"", ""names_lr"": [{""between"": [0.0, 1.0], ""value"": null}], ""subclass_lr"": [{""between"": [0.0, 1.0], ""value"": ""crosswalk""}], ""level_lr"": [{""between"": [0.0, 1.0], ""value"": 0}], ""road_flags_lr"": [{""start"": 0.0, ""end"": 1.0, ""value"": []}]}","{""class"": ""footway"", ""subclass"": ""sidewalk""}"
2dc9bd4b-4e72-4fd2-9baa-8ba81696239e,boston_sidewalk_40511,"LINESTRING (-71.0867970000000042 42.3238130000000012, -71.0866610000000065 42.3236580000000018, -71.0866357999999963 42.3236301999999966)","LINESTRING (-71.0868356528218897 42.3237367067832864, -71.0868904996849835 42.3238040065881691)","{""name"": ""Circuit Street"", ""class"": ""residential"", ""names_lr"": [{""between"": [0.0, 1.0], ""value"": ""Circuit Street""}], ""subclass_lr"": [{""between"": [0.0, 1.0], ""value"": null}], ""level_lr"": [{""between"": [0.0, 1.0], ""value"": 0}], ""road_flags_lr"": [{""start"": 0.0, ""end"": 1.0, ""value"": []}]}","{""class"": ""footway"", ""subclass"": ""crosswalk""}"
7d27ef9f-0f8d-4c9a-abb5-2f1df683e649,boston_sidewalk_54094,"LINESTRING (-71.0974946999999986 42.3500279000000006, -71.0975164999999976 42.3501034000000018, -71.0975355000000064 42.3501704999999973)","LINESTRING (-71.0974477898842991 42.3501626923604135, -71.0974375134567396 42.3502219972268890)","{""class"": ""footway"", ""subclass"": ""crosswalk"", ""names_lr"": [{""between"": [0.0, 1.0], ""value"": null}], ""subclass_lr"": [{""between"": [0.0, 1.0], ""value"": ""crosswalk""}], ""level_lr"": [{""between"": [0.0, 1.0], ""value"": 0}], ""road_flags_lr"": [{""start"": 0.0, ""end"": 1.0, ""value"": []}]}","{""class"": ""footway"", ""subclass"": ""sidewalk""}"
d033f90c-a176-4083-a53d-45b26d8785ad,boston_sidewalk_105384,"LINESTRING (-71.0498840999999999 42.2798773999999966, -71.0500760999999983 42.2803307000000004, -71.0502680000000026 42.2807839999999970)","LINESTRING (-71.0505775708653289 42.2812937297332070, -71.0505773447847986 42.2812936397183918, -71.0505740484239823 42.2812920791949622, -71.0505709194482193 42.2812903374646183, -71.0505679759663877 42.2812884254018684, -71.0505652360873796 42.2812863538811783, -71.0505627154889510 42.2812841346679988, -71.0505604262053083 42.2812817804136287, -71.0505583839013752 42.2812793046839630, -71.0505565993927348 42.2812767210259963, -71.0505550822696250 42.2812740447824069, -71.0505543917547300 42.2812725997904337, -71.0504834616541956 42.2811140295408165, -71.0504149028560335 42.2809498929275236, -71.0503596762048204 42.2808278950619894, -71.0503221936774310 42.2807450948340460, -71.0503137613299316 42.2807254792656266, -71.0502620879497186 42.2806052778630459, -71.0501973745173956 42.2804563686269645, -71.0500804342960919 42.2801968637514065, -71.0499872296122561 42.2799684321708185, -71.0499674545492752 42.2799232106400851, -71.0499666839831860 42.2799210919014214, -71.0499662010812756 42.2799189265736288, -71.0499660117517067 42.2799167362871771, -71.0499661182593059 42.2799145435586254, -71.0499665192444496 42.2799123690896153, -71.0499668502126269 42.2799113467382455)","{""name"": ""Whitridge Street"", ""class"": ""residential"", ""names_lr"": [{""between"": [0.0, 1.0], ""value"": ""Whitridge Street""}], ""subclass_lr"": [{""between"": [0.0, 1.0], ""value"": null}], ""level_lr"": [{""between"": [0.0, 1.0], ""value"": 0}], ""road_flags_lr"": [{""start"": 0.0, ""end"": 1.0, ""value"": []}]}","{""class"": ""footway"", ""subclass"": ""sidewalk""}"
349c9f6f-fd27-4010-b8a0-3a8395d41732,boston_sidewalk_54223,"LINESTRING (-71.1035509999999960 42.3506646000000018, -71.1035337999999939 42.3506629999999973, -71.1035186000000010 42.3506616000000022, -71.1035078000000027 42.3507144000000011, -71.1034549999999967 42.3510026000000011)","LINESTRING (-71.1036080275206217 42.3507220375573681, -71.1035940179991570 42.3508172588513290)","{""class"": ""footway"", ""subclass"": ""sidewalk"", ""names_lr"": [{""between"": [0.0, 1.0], ""value"": null}], ""subclass_lr"": [{""between"": [0.0, 1.0], ""value"": ""sidewalk""}], ""level_lr"": [{""between"": [0.0, 1.0], ""value"": 0}], ""road_flags_lr"": [{""start"": 0.0, ""end"": 1.0, ""value"": []}]}","{""class"": ""footway"", ""subclass"": ""sidewalk""}"
0b6c131f-2434-408e-857e-6b31120a15b9,boston_sidewalk_104468,"LINESTRING (-71.0607274999999987 42.3782739000000035, -71.0606566000000015 42.3782501000000025, -71.0605778000000043 42.3782235999999983)","LINESTRING (-71.0609773525496706 42.3783623084535961, -71.0609626854423198 42.3783572405849895, -71.0607831710880191 42.3782952071338954)","{""class"": ""footway"", ""subclass"": ""crosswalk"", ""names_lr"": [{""between"": [0.0, 1.0], ""value"": null}], ""subclass_lr"": [{""between"": [0.0, 1.0], ""value"": ""crosswalk""}], ""level_lr"": [{""between"": [0.0, 1.0], ""value"": 0}], ""road_flags_lr"": [{""start"": 0.0, ""end"": 1.0, ""value"": []}]}","{""class"": ""footway"", ""subclass"": ""sidewalk""}"
1a25ec57-4c8d-493e-8918-41c5f8a39107,boston_sidewalk_23247,"LINESTRING (-71.0362576999999931 42.3663394000000011, -71.0363181000000026 42.3663651000000030, -71.0363937999999990 42.3663973000000027, -71.0363574000000000 42.3664376999999988, -71.0363090000000028 42.3664915000000022, -71.0362430999999930 42.3664599999999965, -71.0361845000000045 42.3664320000000032, -71.0362255999999945 42.3663799999999995)","LINESTRING (-71.0361795799054221 42.3664374445679854, -71.0361796100633001 42.3664376364514794, -71.0361796571034461 42.3664398306489360, -71.0361794079739752 42.3664420173500815, -71.0361788652611637 42.3664441749583389, -71.0361780351934442 42.3664462818918821, -71.0361769264338960 42.3664483156783263, -71.0361755488265061 42.3664502583515556, -71.0359794234310016 42.3666960604498399, -71.0359760170748302 42.3667003302894543)","{""class"": ""footway"", ""subclass"": ""crosswalk"", ""names_lr"": [{""between"": [0.0, 1.0], ""value"": null}], ""subclass_lr"": [{""between"": [0.0, 1.0], ""value"": ""crosswalk""}], ""level_lr"": [{""between"": [0.0, 1.0], ""value"": 0}], ""road_flags_lr"": [{""start"": 0.0, ""end"": 1.0, ""value"": []}]}","{""class"": ""footway"", ""subclass"": ""sidewalk""}"
d506d3a1-717b-4f8f-a356-a5849928b9c9,boston_sidewalk_14022,"LINESTRING (-71.1108358999999979 42.3283526000000023, -71.1108140999999989 42.3283510999999990, -71.1107484000000056 42.3283466999999973, -71.1107367000000039 42.3283460000000034, -71.1107015999999987 42.3283435999999966, -71.1106821000000053 42.3283422000000016, -71.1106189000000057 42.3283377999999999)","LINESTRING (-71.1106104094828311 42.3283769076405960, -71.1105244891916328 42.3283813178942694, -71.1105239843750923 42.3283813314889130, -71.1105225145230690 42.3283812229749188, -71.1105211030190674 42.3283808994883586, -71.1105198055905561 42.3283803747224709, -71.1105186754998613 42.3283796686640841, -71.1105177562475603 42.3283788102701095, -71.1105170864478850 42.3283778338825343, -71.1104935803810463 42.3283330141233023, -71.1104932199835389 42.3283324304118551, -71.1104924005531274 42.3283315183382598, -71.1104913521629385 42.3283307459347142, -71.1104901195268582 42.3283301421621374, -71.1104887485884802 42.3283297332846757, -71.1104872950643454 42.3283295347962181, -71.1104858183604449 42.3283295541002929, -71.1103898818642364 42.3283379834364553, -71.1103884039467999 42.3283380027352010, -71.1103869516360589 42.3283378042495642, -71.1103855807037917 42.3283373944706014, -71.1103843468496848 42.3283367915930242, -71.1103832996740124 42.3283360191925837, -71.1103824790318839 42.3283351071141070, -71.1103819844667555 42.3283342438564247, -71.1103743929569276 42.3283170801277251)","{""class"": ""footway"", ""subclass"": ""crosswalk"", ""names_lr"": [{""between"": [0.0, 1.0], ""value"": null}], ""subclass_lr"": [{""between"": [0.0, 1.0], ""value"": ""crosswalk""}], ""level_lr"": [{""between"": [0.0, 1.0], ""value"": 0}], ""road_flags_lr"": [{""start"": 0.0, ""end"": 1.0, ""value"": []}]}","{""class"": ""footway"", ""subclass"": ""sidewalk""}"
2ab59c60-b870-47cc-ba59-2feedad33fd6,boston_sidewalk_75585,"LINESTRING (-71.1023567999999955 42.3127380000000031, -71.1028725999999978 42.3129434000000018)","LINESTRING (-71.1025805897944991 42.3129268176907800, -71.1028064442630381 42.3130141557948249, -71.1028076830105533 42.3130146930521960, -71.1028093486564217 42.3130156297163751, -71.1028108204048124 42.3130167304647671, -71.1028118776022211 42.3130177838652983)","{""class"": ""footway"", ""subclass"": ""sidewalk"", ""names_lr"": [{""between"": [0.0, 1.0], ""value"": null}], ""subclass_lr"": [{""between"": [0.0, 1.0], ""value"": ""sidewalk""}], ""level_lr"": [{""between"": [0.0, 1.0], ""value"": 0}], ""road_flags_lr"": [{""start"": 0.0, ""end"": 1.0, ""value"": []}]}","{""class"": ""footway"", ""subclass"": ""sidewalk""}"
4c0e948d-3fd1-4dea-b295-a5ca6fe4bef9,boston_sidewalk_105974,"LINESTRING (-71.0420500999999973 42.3321321999999967, -71.0419974999999937 42.3321341999999987, -71.0419447999999960 42.3321362000000008)","LINESTRING (-71.0425233681966262 42.3321179305325899, -71.0425231146111571 42.3321180969786397, -71.0425210136768754 42.3321191842791933, -71.0425187587753442 42.3321200855058208, -71.0425163791179131 42.3321207881706343, -71.0425139063230944 42.3321212824961322, -71.0425113732032116 42.3321215614106237, -71.0425099179183235 42.3321216231413331, -71.0420671491959297 42.3321295447202530, -71.0420645894288612 42.3321294814058717, -71.0420620567315098 42.3321291985268289, -71.0420595850382739 42.3321287016200785, -71.0420572058505542 42.3321279971132398, -71.0420549530832659 42.3321270932440115, -71.0420528557654478 42.3321260027322097, -71.0420519971509066 42.3321254366262920)","{""class"": ""footway"", ""subclass"": ""crosswalk"", ""names_lr"": [{""between"": [0.0, 1.0], ""value"": null}], ""subclass_lr"": [{""between"": [0.0, 1.0], ""value"": ""crosswalk""}], ""level_lr"": [{""between"": [0.0, 1.0], ""value"": 0}], ""road_flags_lr"": [{""start"": 0.0, ""end"": 1.0, ""value"": []}]}","{""class"": ""footway"", ""subclass"": ""sidewalk""}"
fad9c7c6-c911-40fa-a096-538468a6d426,boston_sidewalk_101154,"LINESTRING (-71.0706851000000057 42.3461603000000011, -71.0706974000000002 42.3461888000000002, -71.0707148000000046 42.3462257999999991, -71.0707359000000025 42.3462711999999968)","LINESTRING (-71.0705530333212607 42.3458745634770324, -71.0705526680306150 42.3458750977868519, -71.0705510750035501 42.3458787821366656, -71.0705502905177866 42.3458826072510064, -71.0705503334374669 42.3458864759688538, -71.0705518443760695 42.3458895219002898, -71.0706306716580514 42.3460484811555986, -71.0706708208019933 42.3461481890298401, -71.0706714922315115 42.3461495779874326, -71.0706725327074054 42.3461511312759527, -71.0706738287872213 42.3461525756830852, -71.0706753600107390 42.3461538859243589, -71.0706769910824221 42.3461549687643384)","{""class"": ""footway"", ""names_lr"": [{""between"": [0.0, 1.0], ""value"": null}], ""subclass_lr"": [{""between"": [0.0, 0.255163657], ""value"": ""sidewalk""}, {""between"": [0.255163657, 1.0], ""value"": ""crosswalk""}], ""level_lr"": [{""between"": [0.0, 1.0], ""value"": 0}], ""road_flags_lr"": [{""start"": 0.0, ""end"": 1.0, ""value"": []}]}","{""class"": ""footway"", ""subclass"": ""sidewalk""}"
f9842623-c723-4489-b5dd-27dd3a977cdc,boston_sidewalk_99062,"LINESTRING (-71.0589760000000012 42.3181326999999996, -71.0588891999999959 42.3185044000000019, -71.0588762999999943 42.3185655999999994)","LINESTRING (-71.0590183945705149 42.3183966973113499, -71.0590505178018503 42.3182561552054040)","{""name"": ""Pleasant Street"", ""class"": ""tertiary"", ""names_lr"": [{""between"": [0.0, 1.0], ""value"": ""Pleasant Street""}], ""subclass_lr"": [{""between"": [0.0, 1.0], ""value"": null}], ""level_lr"": [{""between"": [0.0, 1.0], ""value"": 0}], ""road_flags_lr"": [{""start"": 0.0, ""end"": 1.0, ""value"": []}]}","{""class"": ""footway"", ""subclass"": ""sidewalk""}"
401ecdd1-312f-40bc-8a86-261570ea89fa,boston_sidewalk_14493,"LINESTRING (-71.1028505000000024 42.3407485999999977, -71.1028450999999961 42.3407848000000016, -71.1028531999999984 42.3408334000000011)","LINESTRING (-71.1028776841303909 42.3407173230629112, -71.1028715104311004 42.3407322816973988, -71.1028671124438887 42.3407458375080310, -71.1028636054987544 42.3407595377421018, -71.1028610007213757 42.3407733500275754, -71.1028593031753928 42.3407872410712827, -71.1028585167166796 42.3408011766754200, -71.1028586477158484 42.3408154953717997, -71.1028605924470583 42.3408266080912270, -71.1028634255748386 42.3408373205484594, -71.1028671880525991 42.3408478750634245)","{""class"": ""footway"", ""names_lr"": [{""between"": [0.0, 1.0], ""value"": null}], ""subclass_lr"": [{""between"": [0.0, 1.0], ""value"": null}], ""level_lr"": [{""between"": [0.0, 1.0], ""value"": 0}], ""road_flags_lr"": [{""start"": 0.0, ""end"": 1.0, ""value"": []}]}","{""class"": ""footway"", ""subclass"": ""sidewalk""}"
35151117-aea3-490e-916a-57b2f7b8e34a,boston_sidewalk_96628,"LINESTRING (-71.0864456000000047 42.3449653999999995, -71.0865933999999982 42.3452702000000016, -71.0865935000000064 42.3453037000000023, -71.0866328000000038 42.3453883000000033)","LINESTRING (-71.0864449015870434 42.3449854700525492, -71.0865981642903648 42.3452950184974597)","{""class"": ""footway"", ""subclass"": ""sidewalk"", ""names_lr"": [{""between"": [0.0, 1.0], ""value"": null}], ""subclass_lr"": [{""between"": [0.0, 1.0], ""value"": ""sidewalk""}], ""level_lr"": [{""between"": [0.0, 1.0], ""value"": 0}], ""road_flags_lr"": [{""start"": 0.0, ""end"": 1.0, ""value"": []}]}","{""class"": ""footway"", ""subclass"": ""sidewalk""}"
14547496-42c5-406e-a5c8-185d01d0504a,boston_sidewalk_92894,"LINESTRING (-71.0926290000000023 42.3221989999999977, -71.0930800999999946 42.3218637000000015)","LINESTRING (-71.0930435250489268 42.3218465636971644, -71.0930428234241418 42.3218477595071221, -71.0930417806903705 42.3218489874202817, -71.0930405010129931 42.3218500848519099, -71.0929238338749059 42.3219360479270179, -71.0926761335935424 42.3221181195649265, -71.0926442569061976 42.3221415493388733, -71.0926426720515678 42.3221425601562942, -71.0926409099872387 42.3221433956881867, -71.0926390072237098 42.3221440380580916, -71.0926386536918073 42.3221441151308966)","{""name"": ""Thornton Street"", ""class"": ""residential"", ""names_lr"": [{""between"": [0.0, 1.0], ""value"": ""Thornton Street""}], ""subclass_lr"": [{""between"": [0.0, 1.0], ""value"": null}], ""level_lr"": [{""between"": [0.0, 1.0], ""value"": 0}], ""road_flags_lr"": [{""start"": 0.0, ""end"": 1.0, ""value"": []}]}","{""class"": ""footway"", ""subclass"": ""sidewalk""}"
f70f6ecd-9cbe-423b-8b16-71b7f50f77a8,boston_sidewalk_14313,"LINESTRING (-71.0811668000000054 42.3168162999999993, -71.0812164000000024 42.3167814000000035, -71.0813114000000041 42.3167145000000033, -71.0814098000000030 42.3166402000000019, -71.0814783000000006 42.3165710000000033, -71.0816499999999962 42.3162760000000020, -71.0817519999999945 42.3161242999999985, -71.0817682999999931 42.3160999999999987, -71.0818040999999994 42.3160481999999973)","LINESTRING (-71.0817268296501368 42.3160839513065952, -71.0817274007271180 42.3160847276410763, -71.0817281335229865 42.3160861806878401, -71.0817285820516958 42.3160876957208529, -71.0817287392313943 42.3160892430045337, -71.0817286004181454 42.3160907910115753, -71.0817281682401187 42.3160923091414034, -71.0817274538169812 42.3160937668244159, -71.0816992705346138 42.3161405958749199, -71.0816691436619834 42.3161903942282223, -71.0816388786517024 42.3162401623606357, -71.0816085037128289 42.3162898535592191, -71.0815772922704951 42.3163390924554221, -71.0815462738786294 42.3163884814951032, -71.0815154889904193 42.3164379569045437, -71.0814849021602271 42.3164875590684133, -71.0814295929444455 42.3165800712086977, -71.0814254932909364 42.3165860432577574, -71.0814207775305249 42.3165916277352707, -71.0814154125476989 42.3165968794388121, -71.0814094410670663 42.3166017580104850, -71.0814025633571731 42.3166064622245699, -71.0813926919937700 42.3166135179157479, -71.0812918878681899 42.3166855778645044, -71.0811923835077835 42.3167567853774642, -71.0811907792975575 42.3167577806627477, -71.0811890027944884 42.3167585979614529, -71.0811870892842279 42.3167592211969037, -71.0811850752357657 42.3167596387980041, -71.0811830031713896 42.3167598410165766, -71.0811809131455306 42.3167598243972591, -71.0811793967276628 42.3167596514158149)","{""name"": ""Tupelo Street"", ""class"": ""residential"", ""names_lr"": [{""between"": [0.0, 1.0], ""value"": ""Tupelo Street""}], ""subclass_lr"": [{""between"": [0.0, 1.0], ""value"": null}], ""level_lr"": [{""between"": [0.0, 1.0], ""value"": 0}], ""road_flags_lr"": [{""start"": 0.0, ""end"": 1.0, ""value"": []}]}","{""class"": ""footway"", ""subclass"": ""sidewalk""}"
17d2f00e-3d03-4ede-aa01-88b4782884cf,boston_sidewalk_24284,"LINESTRING (-71.1710635000000025 42.3464813000000007, -71.1710626999999931 42.3464061999999970, -71.1710630000000037 42.3463831999999982, -71.1710632000000061 42.3463634000000013, -71.1709744999999998 42.3461526999999975)","LINESTRING (-71.1710603023978763 42.3463863532347915, -71.1710529450612484 42.3463525497864310, -71.1710468118810837 42.3463316653688793, -71.1710331752541663 42.3462962144335648, -71.1710152681349086 42.3462497371562563, -71.1710024364950868 42.3462174944448080, -71.1709836221258314 42.3461720868086502, -71.1709804747395651 42.3461630659209760, -71.1709758655333502 42.3461511266183734)","{""class"": ""footway"", ""names_lr"": [{""between"": [0.0, 1.0], ""value"": null}], ""subclass_lr"": [{""between"": [0.0, 1.0], ""value"": null}], ""level_lr"": [{""between"": [0.0, 1.0], ""value"": 0}], ""road_flags_lr"": [{""start"": 0.0, ""end"": 1.0, ""value"": []}]}","{""class"": ""footway"", ""subclass"": ""sidewalk""}"
6bc8a33c-e552-4f2c-9176-18cc245b481d,boston_sidewalk_22704,"LINESTRING (-71.0507853000000011 42.3348002999999977, -71.0504198000000002 42.3345667999999975)","LINESTRING (-71.0505005344551108 42.3345898166632679, -71.0505005869846684 42.3345916462700131, -71.0505009352104508 42.3345935292500926, -71.0505015749631781 42.3345953692555597, -71.0505024954885016 42.3345971428365857, -71.0505036860386809 42.3345988256432548, -71.0505051297861598 42.3346003951023064, -71.0505068074572677 42.3346018313318524, -71.0505081585584861 42.3346027774237896, -71.0505892917915247 42.3346550515978137, -71.0507656582861671 42.3347661505045991, -71.0507660134835817 42.3347663688638747, -71.0507679223759681 42.3347673702498284, -71.0507699854788370 42.3347681858771097, -71.0507720018034377 42.3347687537401924, -71.0507721713461677 42.3347688012180683, -71.0507744448535163 42.3347692071325170, -71.0507767684302394 42.3347693971715628, -71.0507768909958060 42.3347693958498894)","{""name"": ""Tudor Street"", ""class"": ""residential"", ""names_lr"": [{""between"": [0.0, 1.0], ""value"": ""Tudor Street""}], ""subclass_lr"": [{""between"": [0.0, 1.0], ""value"": null}], ""level_lr"": [{""between"": [0.0, 1.0], ""value"": 0}], ""road_flags_lr"": [{""start"": 0.0, ""end"": 1.0, ""value"": []}]}","{""class"": ""footway"", ""subclass"": ""sidewalk""}"
35217f9b-973f-4976-8f34-4141653e8c3b,boston_sidewalk_107155,"LINESTRING (-71.0511455000000041 42.3344986000000034, -71.0511027999999953 42.3345373000000009, -71.0507985999999931 42.3347898999999970, -71.0507853000000011 42.3348002999999977)","LINESTRING (-71.0507768909958060 42.3347693958498894, -71.0507791057003004 42.3347693675918464, -71.0507814202488959 42.3347691200516820, -71.0507836732219999 42.3347686580004634, -71.0507858305933979 42.3347679885075507, -71.0507878558846073 42.3347671222340196, -71.0507897174515364 42.3347660725606403, -71.0507913872519055 42.3347648582840321, -71.0509448255575222 42.3346380721640401, -71.0510690371821028 42.3345283331516313, -71.0510700848601857 42.3345272370812040, -71.0510706712078814 42.3345263444767355)","{""name"": ""Lilly Street"", ""class"": ""residential"", ""names_lr"": [{""between"": [0.0, 1.0], ""value"": ""Lilly Street""}], ""subclass_lr"": [{""between"": [0.0, 1.0], ""value"": null}], ""level_lr"": [{""between"": [0.0, 1.0], ""value"": 0}], ""road_flags_lr"": [{""start"": 0.0, ""end"": 1.0, ""value"": []}]}","{""class"": ""footway"", ""subclass"": ""sidewalk""}"
6919550d-780e-48e5-ac22-90537dcaefb9,boston_sidewalk_66234,"LINESTRING (-71.0340352999999993 42.3751438999999976, -71.0341267999999957 42.3750677000000024, -71.0341401000000019 42.3750562999999971)","LINESTRING (-71.0341439002269510 42.3750612157840933, -71.0340845135586960 42.3751124861978852)","{""class"": ""footway"", ""names_lr"": [{""between"": [0.0, 1.0], ""value"": null}], ""subclass_lr"": [{""between"": [0.0, 1.0], ""value"": null}], ""level_lr"": [{""between"": [0.0, 1.0], ""value"": 0}], ""road_flags_lr"": [{""start"": 0.0, ""end"": 1.0, ""value"": []}]}","{""class"": ""footway"", ""subclass"": ""sidewalk""}"
6a435460-f827-47eb-bdc2-85f71b2540e9,boston_sidewalk_41015,"LINESTRING (-71.0854860000000031 42.3366103999999979, -71.0854970999999978 42.3366260000000025)","LINESTRING (-71.0854840844326503 42.3366069368161106, -71.0855060394707579 42.3366176952576865)","{""class"": ""footway"", ""subclass"": ""sidewalk"", ""names_lr"": [{""between"": [0.0, 1.0], ""value"": null}], ""subclass_lr"": [{""between"": [0.0, 1.0], ""value"": ""sidewalk""}], ""level_lr"": [{""between"": [0.0, 1.0], ""value"": 0}], ""road_flags_lr"": [{""start"": 0.0, ""end"": 1.0, ""value"": []}]}","{""class"": ""footway"", ""subclass"": ""crosswalk""}"
4f64f272-b430-4a97-81cf-124e3f449f8d,boston_sidewalk_2319,"LINESTRING (-71.0439379000000031 42.3512297999999987, -71.0438469999999995 42.3511841999999987, -71.0437318000000033 42.3511269999999982)","LINESTRING (-71.0436682994470345 42.3510894388673265, -71.0436946382567385 42.3511024760964219, -71.0438528297738969 42.3511807782975822)","{""class"": ""footway"", ""subclass"": ""crosswalk"", ""names_lr"": [{""between"": [0.0, 1.0], ""value"": null}], ""subclass_lr"": [{""between"": [0.0, 1.0], ""value"": ""crosswalk""}], ""level_lr"": [{""between"": [0.0, 1.0], ""value"": 0}], ""road_flags_lr"": [{""start"": 0.0, ""end"": 1.0, ""value"": []}]}","{""class"": ""footway"", ""subclass"": ""crosswalk""}"
d8bb97d7-304e-4208-8a48-73ecf78e8521,boston_sidewalk_85496,"LINESTRING (-71.0633140000000054 42.2818469999999991, -71.0630929999999950 42.2814970000000017, -71.0630320000000069 42.2814470000000000, -71.0629650000000055 42.2814290000000028, -71.0628810000000044 42.2814290000000028, -71.0625560000000007 42.2815319999999986)","LINESTRING (-71.0625926101604222 42.2814713097561921, -71.0625936549275679 42.2814718836278516, -71.0625971836482648 42.2814735491253586, -71.0626008603843360 42.2814750243215869, -71.0626046694121527 42.2814763037549852, -71.0626085901711519 42.2814773801447430, -71.0626119217416345 42.2814780995704922, -71.0626126045191455 42.2814782471195514, -71.0626166906458252 42.2814789027958895, -71.0626208279843894 42.2814793407931759, -71.0626249983429545 42.2814795619425254, -71.0626291787049809 42.2814795634553136, -71.0626333484601673 42.2814793452531106, -71.0626374869857074 42.2814789090579595, -71.0626415736586381 42.2814782565920098, -71.0626455878438321 42.2814773913778481, -71.0626495101121947 42.2814763178430724, -71.0628781036049588 42.2814068381440720, -71.0628901084568696 42.2814035535995032, -71.0629023640474600 42.2814008290973575, -71.0629148254322729 42.2813986770708041, -71.0629274428547006 42.2813971045328998, -71.0629401665580929 42.2813961184967155, -71.0629529492418044 42.2813957214831149, -71.0629657399678223 42.2813959159992336, -71.0629784902478860 42.2813967009602578, -71.0629911503937706 42.2813980734762396, -71.0630036695172578 42.2814000288521044, -71.0630164144168646 42.2814029997295080, -71.0630288947572808 42.2814065349906798, -71.0630410657679619 42.2814106218611769, -71.0630528826907266 42.2814152457658707, -71.0630643044294033 42.2814203885425499, -71.0630752874505305 42.2814260338201748, -71.0630857931074758 42.2814321598445844, -71.0630957839718889 42.2814387439658503, -71.0631052226218571 42.2814457626338438, -71.0631140740724589 42.2814531905071291, -71.0631223081943659 42.2814610013623877, -71.0631298936707338 42.2814691653705808, -71.0632090962435683 42.2815912058438670, -71.0633341825729161 42.2817832654687891, -71.0633352558387799 42.2817848072700002, -71.0633371289169844 42.2817871074677285, -71.0633392489524027 42.2817892861626916, -71.0633416014895687 42.2817913297954249, -71.0633441708669267 42.2817932239014667, -71.0633469389855605 42.2817949558077686, -71.0633498877343470 42.2817965146416910, -71.0633510444871064 42.2817970259107767)","{""name"": ""Huron Circle"", ""class"": ""residential"", ""names_lr"": [{""between"": [0.0, 1.0], ""value"": ""Huron Circle""}], ""subclass_lr"": [{""between"": [0.0, 1.0], ""value"": null}], ""level_lr"": [{""between"": [0.0, 1.0], ""value"": 0}], ""road_flags_lr"": [{""start"": 0.0, ""end"": 1.0, ""value"": []}]}","{""class"": ""footway"", ""subclass"": ""sidewalk""}"
0e47494a-d347-4a43-87d8-983cf511b971,boston_sidewalk_3488,"LINESTRING (-71.0108489999999932 42.3862244000000032, -71.0108649000000014 42.3862195999999969, -71.0109139000000056 42.3862048000000016, -71.0109645000000000 42.3861893999999992, -71.0109815999999938 42.3861848000000023)","LINESTRING (-71.0108180135812148 42.3862140635643172, -71.0108256874931101 42.3862109226761063, -71.0109654198130613 42.3861537298976572)","{""class"": ""footway"", ""names_lr"": [{""between"": [0.0, 1.0], ""value"": null}], ""subclass_lr"": [{""between"": [0.0, 0.119764493], ""value"": ""sidewalk""}, {""between"": [0.119764493, 0.873176585], ""value"": ""crosswalk""}, {""between"": [0.873176585, 1.0], ""value"": ""sidewalk""}], ""level_lr"": [{""between"": [0.0, 1.0], ""value"": 0}], ""road_flags_lr"": [{""start"": 0.0, ""end"": 1.0, ""value"": []}]}","{""class"": ""footway"", ""subclass"": ""crosswalk""}"
bb5485b9-622b-4bcb-b101-b675cdb3c591,boston_sidewalk_41283,"LINESTRING (-71.0682055000000048 42.3183056000000022, -71.0681629000000044 42.3183616999999970, -71.0680983999999967 42.3184466000000015)","LINESTRING (-71.0681678280447926 42.3182824255424066, -71.0680824728695200 42.3184057517501344)","{""class"": ""footway"", ""subclass"": ""crosswalk"", ""names_lr"": [{""between"": [0.0, 1.0], ""value"": null}], ""subclass_lr"": [{""between"": [0.0, 1.0], ""value"": ""crosswalk""}], ""level_lr"": [{""between"": [0.0, 1.0], ""value"": 0}], ""road_flags_lr"": [{""start"": 0.0, ""end"": 1.0, ""value"": []}]}","{""class"": ""footway"", ""subclass"": ""crosswalk""}"
0e192950-ccfe-489a-a60c-ddb70ff8a36f,boston_sidewalk_33438,"LINESTRING (-71.1652849999999972 42.3410769999999985, -71.1651470999999987 42.3410392999999985, -71.1646711000000067 42.3409089000000023)","LINESTRING (-71.1652060135619422 42.3410744885074948, -71.1648638613523303 42.3409957805307187, -71.1648254349928919 42.3409833435579728, -71.1647136774296030 42.3409405852787870)","{""class"": ""footway"", ""names_lr"": [{""between"": [0.0, 1.0], ""value"": null}], ""subclass_lr"": [{""between"": [0.0, 1.0], ""value"": null}], ""level_lr"": [{""between"": [0.0, 1.0], ""value"": 0}], ""road_flags_lr"": [{""start"": 0.0, ""end"": 1.0, ""value"": []}]}","{""class"": ""footway"", ""subclass"": ""sidewalk""}"
39db938a-e375-45c5-85e2-caab7e42e6ac,boston_sidewalk_93584,"LINESTRING (-71.1045924000000014 42.3196640000000031, -71.1045601000000005 42.3196395000000010, -71.1044619999999981 42.3195649999999972, -71.1042280000000062 42.3194080000000028, -71.1039921999999933 42.3192513999999989, -71.1039750000000055 42.3192400000000006, -71.1039159999999981 42.3192039999999992)","LINESTRING (-71.1045089763305072 42.3196676538547365, -71.1045100671220496 42.3196664593141705, -71.1045114730757746 42.3196645285156379, -71.1045126127306730 42.3196625031700151, -71.1045134738264863 42.3196604039418673, -71.1045140489550960 42.3196582515125073, -71.1045143307086818 42.3196560665633328, -71.1045143177277481 42.3196538724973479, -71.1045140098830615 42.3196516900208479, -71.1045134094658238 42.3196495407489053, -71.1045125224009809 42.3196474472092135, -71.1045113582641477 42.3196454301416267, -71.1045099290681151 42.3196435084936198, -71.1045082480278552 42.3196417030174317, -71.1045063332331040 42.3196400308810112, -71.1045042027734979 42.3196385092521439, -71.1039642372345639 42.3192896884432841, -71.1039396881585759 42.3192738297626008, -71.1038664670914358 42.3192264028059100, -71.1038518221644296 42.3192169172263419)","{""name"": ""Wyman Street"", ""class"": ""residential"", ""names_lr"": [{""between"": [0.0, 1.0], ""value"": ""Wyman Street""}], ""subclass_lr"": [{""between"": [0.0, 1.0], ""value"": null}], ""level_lr"": [{""between"": [0.0, 1.0], ""value"": 0}], ""road_flags_lr"": [{""start"": 0.0, ""end"": 1.0, ""value"": []}]}","{""class"": ""footway"", ""subclass"": ""sidewalk""}"
df4a997e-b41e-4bc9-8cbf-8f11d2d91b07,boston_sidewalk_80917,"LINESTRING (-71.1287156000000067 42.2866633000000007, -71.1287410000000051 42.2864228999999980)","LINESTRING (-71.1287365768173032 42.2864249876923495, -71.1287227326139515 42.2865650018746635, -71.1287112961662586 42.2866690640125853, -71.1287076213196201 42.2866793641822625, -71.1287030322412619 42.2866898720672495, -71.1286976780104254 42.2867001839141636, -71.1286915721433957 42.2867102691564014, -71.1286847366546056 42.2867200954541360, -71.1286771899049768 42.2867296331566322, -71.1286709359903568 42.2867366361889978)","{""class"": ""footway"", ""names_lr"": [{""between"": [0.0, 1.0], ""value"": null}], ""subclass_lr"": [{""between"": [0.0, 1.0], ""value"": null}], ""level_lr"": [{""between"": [0.0, 1.0], ""value"": 0}], ""road_flags_lr"": [{""start"": 0.0, ""end"": 1.0, ""value"": []}]}","{""class"": ""footway"", ""subclass"": ""sidewalk""}"
8176fa35-e328-4aa5-9a9e-859370724dc2,boston_sidewalk_78894,"LINESTRING (-71.1200831000000022 42.2547556000000029, -71.1200491999999969 42.2547666000000035, -71.1200103000000041 42.2547830000000033, -71.1199869999999947 42.2547957000000025, -71.1197767999999968 42.2549300000000017, -71.1197403000000037 42.2549573000000009, -71.1188716999999997 42.2557004000000020, -71.1180030000000016 42.2564434000000020)","LINESTRING (-71.1180210664685575 42.2563780988950484, -71.1180226993394058 42.2563768240909781, -71.1182437712559476 42.2561860325620700, -71.1184121928011592 42.2560447265652357, -71.1185831666361281 42.2558996709176142, -71.1187433212283082 42.2557658527317841, -71.1189041275207785 42.2556287485635735, -71.1190954863454436 42.2554583927599126, -71.1192255758145109 42.2553474490856118, -71.1193001468482464 42.2552838537993765, -71.1194946669523063 42.2551130378477495, -71.1196700981967922 42.2549618885618798, -71.1196831876866753 42.2549493987464615, -71.1196968616359015 42.2549372574837108, -71.1197111005516831 42.2549254818145812, -71.1197258873867924 42.2549140851870177, -71.1197412050940159 42.2549030810489938, -71.1197570329796775 42.2548924846369758, -71.1197733527957325 42.2548823075942863, -71.1197901450765642 42.2548725624605623, -71.1199685085067586 42.2547594730019611, -71.1199737533356000 42.2547552679219152, -71.1199782579735569 42.2547506129391408, -71.1199819504940365 42.2547455789399109, -71.1199847758989421 42.2547402431686336)","{""name"": ""Pierce Street"", ""class"": ""residential"", ""names_lr"": [{""between"": [0.0, 1.0], ""value"": ""Pierce Street""}], ""subclass_lr"": [{""between"": [0.0, 1.0], ""value"": null}], ""level_lr"": [{""between"": [0.0, 1.0], ""value"": 0}], ""road_flags_lr"": [{""start"": 0.0, ""end"": 1.0, ""value"": []}]}","{""class"": ""footway"", ""subclass"": ""sidewalk""}"
af8c22e8-501b-4cc1-bb2f-e1a3a4dd9cc1,boston_sidewalk_2773,"LINESTRING (-71.0986558999999971 42.3390614999999997, -71.0986728999999968 42.3390425999999991, -71.0987188999999944 42.3389871999999983, -71.0987554999999958 42.3389431000000016, -71.0987867999999992 42.3389012000000022)","LINESTRING (-71.0986797931497705 42.3390391478180916, -71.0987268354909361 42.3389819921899218, -71.0987568399732766 42.3389455360277154)","{""class"": ""footway"", ""names_lr"": [{""between"": [0.0, 1.0], ""value"": null}], ""subclass_lr"": [{""between"": [0.0, 0.121004862], ""value"": ""sidewalk""}, {""between"": [0.121004862, 0.744275934], ""value"": ""crosswalk""}, {""between"": [0.744275934, 1.0], ""value"": ""sidewalk""}], ""level_lr"": [{""between"": [0.0, 1.0], ""value"": 0}], ""road_flags_lr"": [{""start"": 0.0, ""end"": 1.0, ""value"": []}]}","{""class"": ""footway"", ""subclass"": ""crosswalk""}"
9fda925d-8633-49b3-ab7c-06addaadf30a,boston_sidewalk_40452,"LINESTRING (-71.1031097000000045 42.3193340999999990, -71.1030865999999975 42.3193957000000012, -71.1030599000000052 42.3194518999999971)","LINESTRING (-71.1030680705239178 42.3194523820051174, -71.1031446323109861 42.3193626023734879)","{""name"": ""Pierre Lallement Bike Path"", ""class"": ""cycleway"", ""names_lr"": [{""between"": [0.0, 1.0], ""value"": ""Pierre Lallement Bike Path""}], ""subclass_lr"": [{""between"": [0.0, 1.0], ""value"": null}], ""level_lr"": [{""between"": [0.0, 1.0], ""value"": 0}], ""road_flags_lr"": [{""start"": 0.0, ""end"": 1.0, ""value"": []}]}","{""class"": ""footway"", ""subclass"": ""crosswalk""}"
7e516f4a-80cb-432d-b895-2083dbdb63bd,boston_sidewalk_78395,"LINESTRING (-71.1282379999999961 42.2591534999999965, -71.1280780000000021 42.2595310000000026)","LINESTRING (-71.1282066750167843 42.2591171459837369, -71.1281437108997210 42.2592657851600109, -71.1280861053290181 42.2594004734097624, -71.1280557206208641 42.2594709481637665, -71.1280548700261335 42.2594725632580293, -71.1280537509161377 42.2594740856513198, -71.1280534070673980 42.2594744383577066, -71.1280523816127754 42.2594754910947259, -71.1280507852754340 42.2594767571555678, -71.1280489874767170 42.2594778632096748, -71.1280470149800692 42.2594787922378785, -71.1280449005982263 42.2594795290413359)","{""name"": ""Braeburn Road"", ""class"": ""residential"", ""names_lr"": [{""between"": [0.0, 1.0], ""value"": ""Braeburn Road""}], ""subclass_lr"": [{""between"": [0.0, 1.0], ""value"": null}], ""level_lr"": [{""between"": [0.0, 1.0], ""value"": 0}], ""road_flags_lr"": [{""start"": 0.0, ""end"": 1.0, ""value"": []}]}","{""class"": ""footway"", ""subclass"": ""sidewalk""}"
aa49d33b-f286-4056-abc4-b9f6d40885c1,boston_sidewalk_79918,"LINESTRING (-71.1431455000000028 42.2857924999999994, -71.1418553999999972 42.2849649999999997)","LINESTRING (-71.1418514175167616 42.2849687806764507, -71.1418529926079231 42.2849681202651055, -71.1418546914557481 42.2849676592060320, -71.1418564691336996 42.2849674090630003, -71.1418582771032533 42.2849673768872520, -71.1418600680739246 42.2849675634314650, -71.1418617947859104 42.2849679640469276, -71.1418634112273054 42.2849685677864713, -71.1418648738417829 42.2849693583090058, -71.1425124937109956 42.2853836826429372, -71.1431412776689029 42.2857889624538643, -71.1431431107431109 42.2857902888891957, -71.1431447247374535 42.2857917631934939, -71.1431461003640777 42.2857933655002256, -71.1431472171228592 42.2857950759391414, -71.1431480618186072 42.2857968692608566, -71.1431486224485070 42.2857987238208324, -71.1431488906723786 42.2858006134844757, -71.1431489121925722 42.2858010979129659, -71.1431535409107880 42.2859909973627737, -71.1431535192034090 42.2859914069320197)","{""class"": ""footway"", ""subclass"": ""sidewalk"", ""names_lr"": [{""between"": [0.0, 1.0], ""value"": null}], ""subclass_lr"": [{""between"": [0.0, 1.0], ""value"": ""sidewalk""}], ""level_lr"": [{""between"": [0.0, 1.0], ""value"": 0}], ""road_flags_lr"": [{""start"": 0.0, ""end"": 1.0, ""value"": []}]}","{""class"": ""footway"", ""subclass"": ""sidewalk""}"
59922d2b-c8f3-431f-b46e-f51193d5a744,boston_sidewalk_85666,"LINESTRING (-71.0624885999999947 42.2837385999999995, -71.0624997999999977 42.2837873000000002, -71.0628540000000015 42.2843519999999984, -71.0630060999999955 42.2845626000000010)","LINESTRING (-71.0629195509125822 42.2845368105185173, -71.0629211098599143 42.2845361484242090, -71.0629227593214665 42.2845351958759323, -71.0629242110686761 42.2845340796201796, -71.0629254358354814 42.2845328238538585, -71.0629264104303644 42.2845314509963330, -71.0629271140368957 42.2845299906784504, -71.0629275343383142 42.2845284707628011, -71.0629276614175893 42.2845269227223497, -71.0629276340464031 42.2845266723334916, -71.0629274938574440 42.2845253762617190, -71.0629270326528086 42.2845238628953837, -71.0629262909291981 42.2845224132835895, -71.0628697074252358 42.2844318046840968, -71.0627986855616314 42.2843198470956239, -71.0627003687508392 42.2841652695630259, -71.0626193510992294 42.2840402761019618, -71.0625345196551876 42.2839091009673496, -71.0624679021448600 42.2838017703924649, -71.0624670963431555 42.2838006482443447, -71.0624660659083531 42.2837995738570029)","{""name"": ""Bushnell Street"", ""class"": ""residential"", ""names_lr"": [{""between"": [0.0, 1.0], ""value"": ""Bushnell Street""}], ""subclass_lr"": [{""between"": [0.0, 1.0], ""value"": null}], ""level_lr"": [{""between"": [0.0, 1.0], ""value"": 0}], ""road_flags_lr"": [{""start"": 0.0, ""end"": 1.0, ""value"": []}]}","{""class"": ""footway"", ""subclass"": ""sidewalk""}"
ef9965ba-6919-489e-96af-623b0db8f08a,boston_sidewalk_108912,"LINESTRING (-71.0403419999999954 42.3811518999999990, -71.0403385000000043 42.3810969999999969, -71.0403354999999976 42.3810506000000018)","LINESTRING (-71.0403391442418837 42.3811769184208487, -71.0403245543238739 42.3810101827571586)","{""class"": ""footway"", ""subclass"": ""crosswalk"", ""names_lr"": [{""between"": [0.0, 1.0], ""value"": null}], ""subclass_lr"": [{""between"": [0.0, 1.0], ""value"": ""crosswalk""}], ""level_lr"": [{""between"": [0.0, 1.0], ""value"": 0}], ""road_flags_lr"": [{""start"": 0.0, ""end"": 1.0, ""value"": []}]}","{""class"": ""footway"", ""subclass"": ""sidewalk""}"
cdb8b26c-2ecb-4b39-bd89-c998d944ac1b,boston_sidewalk_77572,"LINESTRING (-71.1518619999999942 42.2662019999999998, -71.1519250999999997 42.2662472000000022, -71.1522850000000062 42.2665050000000022, -71.1529213000000027 42.2670592999999997, -71.1530448999999976 42.2671770999999978)","LINESTRING (-71.1530577426963475 42.2671226468214343, -71.1529288243797140 42.2670156316392394, -71.1528348891261118 42.2669301411892420, -71.1527005009438085 42.2668125747578145, -71.1525173527842583 42.2666522582742203, -71.1523436983535049 42.2665043953210002, -71.1522687282818254 42.2664473636833407, -71.1521461350028233 42.2663582350770071, -71.1519551597559285 42.2662302778849082, -71.1519546175862274 42.2662299017154197, -71.1519528810341768 42.2662285054832623, -71.1519513731211646 42.2662269703970139, -71.1519501143438617 42.2662253163254391, -71.1519491203407455 42.2662235649232301, -71.1519484043111277 42.2662217405386329, -71.1519479758182456 42.2662198675087808)","{""name"": ""Weymouth Avenue"", ""class"": ""residential"", ""names_lr"": [{""between"": [0.0, 1.0], ""value"": ""Weymouth Avenue""}], ""subclass_lr"": [{""between"": [0.0, 1.0], ""value"": null}], ""level_lr"": [{""between"": [0.0, 1.0], ""value"": 0}], ""road_flags_lr"": [{""start"": 0.0, ""end"": 1.0, ""value"": []}]}","{""class"": ""footway"", ""subclass"": ""sidewalk""}"
d853325d-a334-4020-8d2a-754e4e400b38,boston_sidewalk_76277,"LINESTRING (-71.1657069999999976 42.2806970000000035, -71.1649769999999933 42.2811540000000008)","LINESTRING (-71.1656657547761995 42.2807500055210710, -71.1656631965085751 42.2807500313858284, -71.1656606577010677 42.2807502751798552, -71.1656581747342614 42.2807507352084571, -71.1656557803799075 42.2807514043646151, -71.1656535049947792 42.2807522737337820, -71.1656513789450003 42.2807533326006606, -71.1656499412474801 42.2807542152116653, -71.1654179059934364 42.2809092564212392, -71.1651497017322612 42.2810865119743653, -71.1650577079171427 42.2811456671857826, -71.1650558738388241 42.2811469915812879, -71.1650542572021862 42.2811484651603919, -71.1650529202094475 42.2811500178810391)","{""name"": ""Pomona Avenue"", ""class"": ""residential"", ""names_lr"": [{""between"": [0.0, 1.0], ""value"": ""Pomona Avenue""}], ""subclass_lr"": [{""between"": [0.0, 1.0], ""value"": null}], ""level_lr"": [{""between"": [0.0, 1.0], ""value"": 0}], ""road_flags_lr"": [{""start"": 0.0, ""end"": 1.0, ""value"": []}]}","{""class"": ""footway"", ""subclass"": ""sidewalk""}"
2c987ff3-8f0d-4941-a31b-631cbf9904c0,boston_sidewalk_3923,"LINESTRING (-71.1489909999999952 42.3533246000000005, -71.1489634999999936 42.3533583999999976, -71.1489217999999966 42.3534097000000003)","LINESTRING (-71.1488930268017725 42.3533916743338494, -71.1489432306308203 42.3533070988575844)","{""class"": ""footway"", ""subclass"": ""crosswalk"", ""names_lr"": [{""between"": [0.0, 1.0], ""value"": null}], ""subclass_lr"": [{""between"": [0.0, 1.0], ""value"": ""crosswalk""}], ""level_lr"": [{""between"": [0.0, 1.0], ""value"": 0}], ""road_flags_lr"": [{""start"": 0.0, ""end"": 1.0, ""value"": []}]}","{""class"": ""footway"", ""subclass"": ""crosswalk""}"
475420d0-5e23-4824-b245-c5910573bd45,boston_sidewalk_15518,"LINESTRING (-71.1241303000000045 42.2710547000000005, -71.1240197000000052 42.2709710999999970)","LINESTRING (-71.1241325928834414 42.2710479470515565, -71.1241302164744553 42.2710457830459774, -71.1240337192721341 42.2709507930201980, -71.1240051110570732 42.2709242943467132)","{""class"": ""footway"", ""names_lr"": [{""between"": [0.0, 1.0], ""value"": null}], ""subclass_lr"": [{""between"": [0.0, 1.0], ""value"": null}], ""level_lr"": [{""between"": [0.0, 1.0], ""value"": 0}], ""road_flags_lr"": [{""start"": 0.0, ""end"": 1.0, ""value"": []}]}","{""class"": ""footway"", ""subclass"": ""sidewalk""}"
ffbd603c-31c7-4e53-9474-1619ca6dcd76,boston_sidewalk_80012,"LINESTRING (-71.1401934999999952 42.2877571000000003, -71.1398176000000007 42.2877622999999971)","LINESTRING (-71.1403410806404537 42.2877658086456876, -71.1403013462509648 42.2877621973743842, -71.1402627457923558 42.2877585473260851, -71.1402332314410586 42.2877562698691065, -71.1402037027577023 42.2877545946604485, -71.1401741233819251 42.2877535188853813, -71.1401445151276164 42.2877530444128098, -71.1401149022540977 42.2877531695181688, -71.1400865457384839 42.2877536883820682, -71.1400596750394811 42.2877541227647598, -71.1398277918482194 42.2877668545646301)","{""class"": ""footway"", ""subclass"": ""sidewalk"", ""names_lr"": [{""between"": [0.0, 1.0], ""value"": null}], ""subclass_lr"": [{""between"": [0.0, 1.0], ""value"": ""sidewalk""}], ""level_lr"": [{""between"": [0.0, 1.0], ""value"": 0}], ""road_flags_lr"": [{""start"": 0.0, ""end"": 1.0, ""value"": []}]}","{""class"": ""footway"", ""subclass"": ""sidewalk""}"
2b080195-2f60-45ed-9dbd-1d65c5361ac2,boston_sidewalk_105494,"LINESTRING (-71.0501735999999937 42.3107947999999965, -71.0500861999999955 42.3109411000000009)","LINESTRING (-71.0500929577413132 42.3109868517617969, -71.0500953941517537 42.3109829891079414, -71.0500954654169732 42.3109828606439820, -71.0501509433857450 42.3108945611823515, -71.0501736171108149 42.3108563646578588, -71.0501741299384975 42.3108555473917818, -71.0501755627482510 42.3108536281577585, -71.0501772470359327 42.3108518242462210, -71.0501791656861741 42.3108501544965421, -71.0501812991767849 42.3108486350375870, -71.0501834428649488 42.3108473875092983)","{""name"": ""Caspian Way"", ""class"": ""residential"", ""names_lr"": [{""between"": [0.0, 1.0], ""value"": ""Caspian Way""}], ""subclass_lr"": [{""between"": [0.0, 1.0], ""value"": null}], ""level_lr"": [{""between"": [0.0, 1.0], ""value"": 0}], ""road_flags_lr"": [{""start"": 0.0, ""end"": 1.0, ""value"": []}]}","{""class"": ""footway"", ""subclass"": ""sidewalk""}"
