gers_id,target_id,ref_geometry_wkt,target_geometry_wkt,ref_attributes,target_attributes
e222433e-4704-4b2f-9e31-889c1eca860b,fc_street_10440,"LINESTRING (-105.0242884000000032 40.5101911000000001, -105.0242740000000055 40.5097850000000008)","LINESTRING (-105.1120505293120004 40.5271455824267974, -105.1120697178860013 40.5271429838754997, -105.1121246510009968 40.5271363322978999, -105.1123465569529998 40.5271070703696026, -105.1125697591349990 40.5270775652935029, -105.1127936145930022 40.5270470188820013, -105.1130159880750057 40.5270176748857978, -105.1132008137190041 40.5269806019609007, -105.1133617189120031 40.5269180308538992, -105.1135039645839981 40.5268283870854020, -105.1135312159200055 40.5268060239660031, -105.1136406425570016 40.5266931583376007, -105.1137176484249949 40.5265629465064023, -105.1137501713050000 40.5263984944028977, -105.1137545044440031 40.5263767138415005, -105.1137628783259998 40.5262646376015994)","{""name"": ""Corbett Drive"", ""class"": ""residential"", ""names_lr"": [{""between"": [0.0, 1.0], ""value"": ""Corbett Drive""}], ""subclass_lr"": [{""between"": [0.0, 1.0], ""value"": null}], ""level_lr"": [{""between"": [0.0, 1.0], ""value"": 0}], ""road_flags_lr"": [{""start"": 0.0, ""end"": 1.0, ""value"": []}]}","{""name"": ""SILVERGATE RD"", ""class"": ""residential""}"
ea255b03-02c3-479d-9727-edf70078b391,fc_street_6088,"LINESTRING (-105.1043420999999967 40.5427693999999974, -105.1043319000000054 40.5427704000000020, -105.1042659000000015 40.5427768999999998, -105.1041857999999962 40.5427849000000009, -105.1041756000000049 40.5427858999999984)","LINESTRING (-105.0639086766490067 40.4915134725292987, -105.0636994181210042 40.4917540809661034, -105.0636971729030051 40.4917565704718001, -105.0636958699080026 40.4917579106217005, -105.0636945669120053 40.4917592507715014, -105.0636931921859940 40.4917605632019999, -105.0636918174599970 40.4917618756323989, -105.0636903710040002 40.4917631603435026, -105.0636889247240049 40.4917644176053031, -105.0636874786210058 40.4917656474178997, -105.0636859606120055 40.4917668769603978, -105.0636844427790066 40.4917680790535996, -105.0636828891690016 40.4917692535624028, -105.0636812996060030 40.4917704279363022, -105.0636796742659982 40.4917715747258029, -105.0636780491030038 40.4917726940660003, -105.0636763881630031 40.4917737858219979, -105.0636746914470052 40.4917748499935968, -105.0636729947309931 40.4917759141652027, -105.0636712624140046 40.4917769233032985, -105.0636694941450031 40.4917779323061993, -105.0636677260520031 40.4917789138600028, -105.0636659221819968 40.4917798678294005, -105.0636640823589971 40.4917808216637027, -105.0636622428889950 40.4917817205994979, -105.0636603676429957 40.4917825919510008, -105.0636584923969963 40.4917834633024967, -105.0636565813740049 40.4917843070696009, -105.0636546707050059 40.4917850959382974, -105.0636527240820044 40.4917858846718985, -105.0636507416830057 40.4917866458211009, -105.0636487594599942 40.4917873795210994, -105.0636467774139930 40.4917880857718018, -105.0636447595919947 40.4917887644381977, -105.0636427419470067 40.4917894156553970, -105.0636407244780060 40.4917900394232007, -105.0636386712329937 40.4917906356067974, -105.0636365822110037 40.4917912042060024, -105.0636345293199980 40.4917917454909997, -105.0636324046979979 40.4917922590567017, -105.0636303162069964 40.4917927453081035, -105.0636281921159991 40.4917931765259027, -105.0636260680250018 40.4917936077437020, -105.0636239441110007 40.4917940115122974, -105.0636218203739958 40.4917943878315967, -105.0636196608599988 40.4917947365665967, -105.0636175015229981 40.4917950578523005, -105.0636153425400039 40.4917953242393978, -105.0636131835569955 40.4917955906266016, -105.0636109887969951 40.4917958294293996, -105.0636087943919961 40.4917960133337971, -105.0636066359389957 40.4917961973730982, -105.0636044418869943 40.4917963263789034, -105.0636022478349929 40.4917964553846019, -105.0636000541369981 40.4917965294919000, -105.0635978606159995 40.4917965761499019, -105.0631317267660023 40.4918053371005016)","{""class"": ""footway"", ""names_lr"": [{""between"": [0.0, 1.0], ""value"": null}], ""subclass_lr"": [{""between"": [0.0, 0.061166903], ""value"": ""sidewalk""}, {""between"": [0.061166903, 0.938595577], ""value"": ""crosswalk""}, {""between"": [0.938595577, 1.0], ""value"": ""sidewalk""}], ""level_lr"": [{""between"": [0.0, 1.0], ""value"": 0}], ""road_flags_lr"": [{""start"": 0.0, ""end"": 1.0, ""value"": []}]}","{""name"": "" "", ""class"": ""service""}"
089e8cf6-0d34-412e-9803-133f383344d3,fc_street_441,"LINESTRING (-105.1186746999999997 40.5534898000000013, -105.1186734000000058 40.5532832999999968, -105.1186711999999943 40.5529014000000032, -105.1186720000000037 40.5527870000000021)","LINESTRING (-105.0333306901300006 40.5148326982821985, -105.0329090487460064 40.5147498075319987)","{""name"": ""Hampshire Road"", ""class"": ""residential"", ""names_lr"": [{""between"": [0.0, 1.0], ""value"": ""Hampshire Road""}], ""subclass_lr"": [{""between"": [0.0, 1.0], ""value"": null}], ""level_lr"": [{""between"": [0.0, 1.0], ""value"": 0}], ""road_flags_lr"": [{""start"": 0.0, ""end"": 1.0, ""value"": []}]}","{""name"": ""COAL CREEK CT"", ""class"": ""residential""}"
ea59f1b4-60ab-44cd-a247-d0475fb5fa6f,fc_street_8240,"LINESTRING (-105.0934498000000019 40.5921878999999990, -105.0936022000000065 40.5921907000000033, -105.0942330999999967 40.5922016999999968)","LINESTRING (-105.0663348655200053 40.5300405993382000, -105.0662959666610021 40.5300421835016991, -105.0662631975170029 40.5300471942827016, -105.0662302423390031 40.5300531650965965, -105.0661847127289974 40.5300621358703026, -105.0661455233150008 40.5300697578149993, -105.0661062280830009 40.5300770499559988, -105.0659458137660067 40.5300999203480004, -105.0657581954740039 40.5301238692057026, -105.0656045313189964 40.5301431409998969, -105.0653775881410041 40.5301677382835024, -105.0653222760689971 40.5301706606677996, -105.0652668968070031 40.5301728416347018, -105.0652179269030029 40.5301741132673001)","{""name"": ""Cherry Street"", ""class"": ""residential"", ""names_lr"": [{""between"": [0.0, 1.0], ""value"": ""Cherry Street""}], ""subclass_lr"": [{""between"": [0.0, 1.0], ""value"": null}], ""level_lr"": [{""between"": [0.0, 1.0], ""value"": 0}], ""road_flags_lr"": [{""start"": 0.0, ""end"": 1.0, ""value"": []}]}","{""name"": ""BREAKWATER DR"", ""class"": ""residential""}"
107de1f6-fd8b-4896-9986-b6200d937c13,fc_street_6533,"LINESTRING (-105.0322515999999951 40.5234631000000007, -105.0322275000000047 40.5234829999999988, -105.0322210000000069 40.5235067999999998, -105.0322199999999953 40.5236082999999994, -105.0322129999999987 40.5236501999999987, -105.0321677000000022 40.5237612999999968, -105.0321430000000049 40.5238334000000009, -105.0321205999999989 40.5238471999999987, -105.0321050999999954 40.5238787999999985, -105.0320995000000011 40.5239186000000018, -105.0321064999999976 40.5239479999999972, -105.0321243000000067 40.5239714000000006, -105.0321523000000070 40.5239878000000004, -105.0322522000000021 40.5240215000000035, -105.0322510000000023 40.5240268000000015, -105.0322426999999976 40.5240634000000028, -105.0322292000000033 40.5241230000000030, -105.0322237000000030 40.5241469999999993, -105.0322225000000032 40.5241522999999972, -105.0321734999999990 40.5241514000000009, -105.0321287999999953 40.5241558999999967, -105.0320959999999957 40.5241712999999990, -105.0320786000000055 40.5241937999999990, -105.0320722999999958 40.5242245000000025)","LINESTRING (-105.0689915268680039 40.4880186397941984, -105.0691247775610009 40.4878982722911971, -105.0691370369169988 40.4878870358610001, -105.0691490097050007 40.4878756336670023, -105.0691608036040066 40.4878640935584997, -105.0691723107619993 40.4878524151355990, -105.0691835671279932 40.4878405985317968, -105.0691945727040064 40.4878286437470010, -105.0692053634400054 40.4878165509147010, -105.0692158674339964 40.4878043197683013, -105.0692260845110013 40.4877919777570980, -105.0692360867490009 40.4877794976984973, -105.0692458020709950 40.4877669067752990, -105.0692552666019992 40.4877541776716967, -105.0692644442169978 40.4877413377033974, -105.0692733347409984 40.4877284143200029, -105.0692819744739950 40.4877153527561973, -105.0692903271170024 40.4877022077774029, -105.0692983930189968 40.4876889244849991, -105.0693062076069992 40.4876755853602006, -105.0693136993290011 40.4876621352379971, -105.0693209399109946 40.4876486018342021, -105.0694783164610016 40.4873467971376968)","{""class"": ""footway"", ""names_lr"": [{""between"": [0.0, 1.0], ""value"": null}], ""subclass_lr"": [{""between"": [0.0, 0.695998828], ""value"": ""sidewalk""}, {""between"": [0.695998828, 0.825792168], ""value"": ""crosswalk""}, {""between"": [0.825792168, 1.0], ""value"": ""sidewalk""}], ""level_lr"": [{""between"": [0.0, 1.0], ""value"": 0}], ""road_flags_lr"": [{""start"": 0.0, ""end"": 1.0, ""value"": []}]}","{""name"": ""SHADY BEND DR"", ""class"": ""residential""}"
5c58600c-f943-474b-b392-450ab5bd99c6,fc_street_6975,"LINESTRING (-104.9953646000000020 40.4672788999999966, -104.9953605999999979 40.4675563999999994)","LINESTRING (-105.0315340072079948 40.5855526600176972, -105.0312762528759976 40.5853759737075990, -105.0312264944410003 40.5853397048346025, -105.0312152074750003 40.5853318637510014, -105.0312040618599951 40.5853244075259028, -105.0311927350889931 40.5853171152649992, -105.0311812633560038 40.5853099596651035, -105.0311696466609988 40.5853029407261019, -105.0311578126160015 40.5852961130546035, -105.0311458696120042 40.5852894221889997, -105.0311337814560062 40.5852828954326981, -105.0311215123339963 40.5852765051918993, -105.0311090978679971 40.5852703065086970, -105.0310965742539935 40.5852642720796979, -105.0310839054859997 40.5852584017599014, -105.0310710913749972 40.5852527229975024, -105.0310581683039999 40.5852471810406996, -105.0310450998899938 40.5852418306414009, -105.0310319223270028 40.5852366444960992, -105.0310185994189993 40.5852316499081027, -105.0310052033640034 40.5852268197192032, -105.0309916979690001 40.5852221812328011, -105.0309780474210015 40.5852177068550972, -105.0309643235350023 40.5852134243247988, -105.0309505265010017 40.5852093061936969, -105.0309366199369947 40.5852054072133015, -105.0309226042210042 40.5852016724865976, -105.0309085151679938 40.5851981296072992, -105.0308943529669961 40.5851947511269984, -105.0308801172370039 40.5851915919424968, -105.0308658081689970 40.5851886246053013, -105.0308514619560043 40.5851858218120967, -105.0308370062110015 40.5851832381694990, -105.0308225133209987 40.5851808190708994, -105.0308079829050030 40.5851786194132984, -105.0307933791499977 40.5851766116028969, -105.0307787380589986 40.5851747957849014, -105.0307640598220047 40.5851731445107973, -105.0307493800620051 40.5851717128229978, -105.0307346267720021 40.5851705004306993, -105.0307198723400006 40.5851694527274987, -105.0307050805709963 40.5851685970168035, -105.0306902512750042 40.5851679607469009, -105.0306753846419952 40.5851675164693972, -105.0306591125520015 40.5851672586633967, -105.0295747670109989 40.5851581018150966)","{""name"": ""Peakview Drive"", ""class"": ""residential"", ""names_lr"": [{""between"": [0.0, 1.0], ""value"": ""Peakview Drive""}], ""subclass_lr"": [{""between"": [0.0, 1.0], ""value"": null}], ""level_lr"": [{""between"": [0.0, 1.0], ""value"": 0}], ""road_flags_lr"": [{""start"": 0.0, ""end"": 1.0, ""value"": []}]}","{""name"": ""DONELLA CT"", ""class"": ""tertiary""}"
f47a3edf-61ee-4784-9cc8-fe603356e662,fc_street_8294,"LINESTRING (-105.0753973000000059 40.5780273000000022, -105.0753962000000001 40.5780499999999975, -105.0753952999999967 40.5780845000000028, -105.0753950000000003 40.5781113999999974, -105.0753952999999967 40.5781439000000006, -105.0753933000000018 40.5781679999999980, -105.0754004000000066 40.5781847000000013, -105.0754210999999998 40.5782059000000004, -105.0754502000000059 40.5782254000000009, -105.0754749000000032 40.5782323000000034, -105.0755120999999974 40.5782334000000020, -105.0755453999999958 40.5782334000000020, -105.0755829999999946 40.5782334000000020, -105.0756216000000052 40.5782336999999984, -105.0756566999999961 40.5782339000000007, -105.0757023000000032 40.5782311999999976, -105.0757191000000006 40.5782254000000009, -105.0757464999999939 40.5782091000000023, -105.0757624000000021 40.5781954999999996, -105.0757717000000042 40.5781822000000005, -105.0757765000000035 40.5781427000000008, -105.0757763999999952 40.5781210000000030, -105.0757770000000022 40.5780870999999976, -105.0757780999999937 40.5780552000000014, -105.0757794000000018 40.5780311999999981, -105.0757744000000002 40.5780019999999979, -105.0757464999999939 40.5779696000000030, -105.0757143000000013 40.5779516999999998, -105.0756650999999948 40.5779451000000009, -105.0756257999999974 40.5779445000000010, -105.0755869999999987 40.5779439000000011, -105.0755472999999967 40.5779434000000023, -105.0755127000000044 40.5779428999999965)","LINESTRING (-104.9495625045729952 40.5125016684009012, -104.9494743013290048 40.5123488113396988, -104.9494052128780055 40.5121903289785976, -104.9493558445460053 40.5120276101877010, -104.9493266288289988 40.5118620809533994, -104.9493178216080054 40.5116951918811026, -104.9493294999149953 40.5115284054827001, -104.9493615612559978 40.5113631833594994, -104.9494137245240069 40.5112009733940965, -104.9494922357449980 40.5110305565898017, -104.9495929215219974 40.5108670724018012, -104.9497147496110045 40.5107121966373995, -104.9498564710730051 40.5105675168516015, -104.9506010799010056 40.5098826126752982)","{""class"": ""footway"", ""names_lr"": [{""between"": [0.0, 1.0], ""value"": null}], ""subclass_lr"": [{""between"": [0.0, 0.131649436], ""value"": ""crosswalk""}, {""between"": [0.131649436, 0.296643286], ""value"": ""sidewalk""}, {""between"": [0.296643286, 0.421074877], ""value"": ""crosswalk""}, {""between"": [0.421074877, 0.588610221], ""value"": ""sidewalk""}, {""between"": [0.588610221, 0.714465049], ""value"": ""crosswalk""}, {""between"": [0.714465049, 0.86878462], ""value"": ""sidewalk""}, {""between"": [0.86878462, 1.0], ""value"": ""crosswalk""}], ""level_lr"": [{""between"": [0.0, 1.0], ""value"": 0}], ""road_flags_lr"": [{""start"": 0.0, ""end"": 1.0, ""value"": []}]}","{""name"": ""WISHING WELL LN"", ""class"": ""residential""}"
5ba5db64-6ca5-4f8a-af5a-c7467bc10a2e,fc_street_10259,"LINESTRING (-105.1311295999999942 40.5750735000000020, -105.1310978000000063 40.5750893000000019, -105.1303335000000061 40.5750820000000019)","LINESTRING (-105.1325808878060002 40.5560553032603011, -105.1327048101269952 40.5560593455936029, -105.1328486426850048 40.5560618037134972, -105.1333822020030055 40.5560628561572969)","{""class"": ""footway"", ""subclass"": ""sidewalk"", ""names_lr"": [{""between"": [0.0, 1.0], ""value"": null}], ""subclass_lr"": [{""between"": [0.0, 1.0], ""value"": ""sidewalk""}], ""level_lr"": [{""between"": [0.0, 1.0], ""value"": 0}], ""road_flags_lr"": [{""start"": 0.0, ""end"": 1.0, ""value"": []}]}","{""name"": ""KNOLLS END DR"", ""class"": ""residential""}"
a41d0cec-398b-47ca-accd-f864862007f4,fc_street_4606,"LINESTRING (-105.0141078999999991 40.5983604999999983, -105.0143828000000070 40.5984727000000021, -105.0145875000000046 40.5985778000000010)","LINESTRING (-105.0378178258160062 40.6211141988586988, -105.0369136565509933 40.6211171921386978)","{""name"": ""Yule Trail Drive"", ""class"": ""residential"", ""names_lr"": [{""between"": [0.0, 1.0], ""value"": ""Yule Trail Drive""}], ""subclass_lr"": [{""between"": [0.0, 1.0], ""value"": null}], ""level_lr"": [{""between"": [0.0, 1.0], ""value"": 0}], ""road_flags_lr"": [{""start"": 0.0, ""end"": 1.0, ""value"": []}]}","{""name"": ""MAPLE HILL DR"", ""class"": ""tertiary""}"
59bd07c2-ca3f-4ba1-959a-f7224790f4c7,fc_street_5828,"LINESTRING (-105.0890682999999939 40.5291033999999968, -105.0890634999999946 40.5291798000000014, -105.0890571000000051 40.5292819000000009)","LINESTRING (-105.1074627436250069 40.5568703354731994, -105.1074753280980048 40.5568475400897981, -105.1074826493470056 40.5568324676566974, -105.1074892517860064 40.5568172281001011, -105.1074951354130036 40.5568018214201018, -105.1075003362170008 40.5567862477382022, -105.1075048178930018 40.5567705618309020, -105.1075085804399976 40.5567547636981018, -105.1075115877119970 40.5567388806671971, -105.1075139116850039 40.5567229129813995, -105.1075154800650040 40.5567069152952016, -105.1075162930119973 40.5566908601600034, -105.1075164221840055 40.5566748027163015, -105.1075157956060053 40.5566587427212966, -105.1075144129579968 40.5566427350724013, -105.1075123103900069 40.5566267524423978, -105.1075094875830018 40.5566108497288980, -105.1075059445380049 40.5565950269319018, -105.1075060190869976 40.5565821808795022, -105.1075171048250070 40.5560610371216015)","{""class"": ""footway"", ""subclass"": ""crosswalk"", ""names_lr"": [{""between"": [0.0, 1.0], ""value"": null}], ""subclass_lr"": [{""between"": [0.0, 1.0], ""value"": ""crosswalk""}], ""level_lr"": [{""between"": [0.0, 1.0], ""value"": 0}], ""road_flags_lr"": [{""start"": 0.0, ""end"": 1.0, ""value"": []}]}","{""name"": ""CONSTITUTION AVE"", ""class"": ""tertiary""}"
f77343d5-4114-4794-af07-00872b4143da,fc_street_7903,"LINESTRING (-105.0059399999999954 40.5108845999999971, -105.0060567000000020 40.5108906999999974, -105.0061709999999948 40.5108966000000024)","LINESTRING (-105.0651464187519935 40.5766813137935003, -105.0651443308269961 40.5766813059862983, -105.0651415697780067 40.5771050027263982)","{""class"": ""footway"", ""subclass"": ""crosswalk"", ""names_lr"": [{""between"": [0.0, 1.0], ""value"": null}], ""subclass_lr"": [{""between"": [0.0, 1.0], ""value"": ""crosswalk""}], ""level_lr"": [{""between"": [0.0, 1.0], ""value"": 0}], ""road_flags_lr"": [{""start"": 0.0, ""end"": 1.0, ""value"": []}]}","{""name"": ""EASTDALE DR"", ""class"": ""residential""}"
2f7b4eb8-a770-40cb-b0cf-e1602c2eb9ec,fc_street_178,"LINESTRING (-105.0712343000000004 40.5456700000000012, -105.0718896999999998 40.5456720000000033, -105.0727973000000048 40.5456730000000007, -105.0733764000000008 40.5456726999999972, -105.0734209999999962 40.5456738000000030, -105.0734784999999931 40.5456959999999995, -105.0735978999999958 40.5456975000000028, -105.0736262000000067 40.5456855999999988)","LINESTRING (-105.0935416510820062 40.5260160387048032, -105.0935445035839990 40.5255411704497988, -105.0935444104279952 40.5255207476137969, -105.0935438135060025 40.5255003504652009, -105.0935427849260009 40.5254799518066022, -105.0935412527449984 40.5254595513864970, -105.0935392885780004 40.5254392043543987, -105.0935368566170069 40.5254188831356004, -105.0935339568639932 40.5253985877300025, -105.0935305893190019 40.5253783181374985, -105.0935267536529949 40.5253581292561975, -105.0935224501949961 40.5253379661879976, -105.0935176786159957 40.5253178838310006, -105.0935124750530036 40.5252978548616980, -105.0935068033709996 40.5252779066033995, -105.0935006995400016 40.5252580391818000, -105.0934940916189930 40.5252382523452965)","{""class"": ""footway"", ""subclass"": ""sidewalk"", ""names_lr"": [{""between"": [0.0, 1.0], ""value"": null}], ""subclass_lr"": [{""between"": [0.0, 1.0], ""value"": ""sidewalk""}], ""level_lr"": [{""between"": [0.0, 1.0], ""value"": 0}], ""road_flags_lr"": [{""start"": 0.0, ""end"": 1.0, ""value"": []}]}","{""name"": ""HOLLYHOCK ST"", ""class"": ""residential""}"
7efba784-19c8-4f64-9295-f401bdf92377,fc_street_5744,"LINESTRING (-105.0461817999999994 40.5456689000000026, -105.0460010000000040 40.5457159999999988, -105.0458419999999933 40.5457620000000034)","LINESTRING (-105.0580605187849983 40.5237631495509021, -105.0580590342709968 40.5237370941628967, -105.0580496874469958 40.5235709880727981)","{""name"": ""Lake Sherwood Drive"", ""class"": ""residential"", ""names_lr"": [{""between"": [0.0, 1.0], ""value"": ""Lake Sherwood Drive""}], ""subclass_lr"": [{""between"": [0.0, 1.0], ""value"": null}], ""level_lr"": [{""between"": [0.0, 1.0], ""value"": 0}], ""road_flags_lr"": [{""start"": 0.0, ""end"": 1.0, ""value"": []}]}","{""name"": ""S LEMAY AVE"", ""class"": ""primary""}"
d7cfddd2-6cd0-41a2-9dc8-c8b8f8010eed,fc_street_1066,"LINESTRING (-105.1112190000000055 40.5243910000000014, -105.1103875999999957 40.5247730000000033)","LINESTRING (-105.0718977773679939 40.5218599315427994, -105.0718941857279987 40.5218420211268011, -105.0718901621080050 40.5218241640184971, -105.0718857426529951 40.5218063329011997, -105.0718808910440032 40.5217885825404025, -105.0718756792220034 40.5217709132012018, -105.0718700354210000 40.5217532971693970, -105.0718639594689989 40.5217357618939999, -105.0718575233029952 40.5217183076399010, -105.0718506907829948 40.5217009617237025, -105.0718434620810058 40.5216836966962006, -105.0718358012280049 40.5216665124248010, -105.0718277798160045 40.5216494640725031, -105.0718193622229961 40.5216324966087029, -105.0718105840719971 40.5216156650638979, -105.0718014095670014 40.5215989418565030, -105.0717918385350060 40.5215823544353029, -105.0717818711489997 40.5215658753512997, -105.0717715790009947 40.5215495597675002, -105.0717608905009968 40.5215333525206987, -105.0717498053000014 40.5215173085087983, -105.0717383953369932 40.5215014279969026, -105.0717266248179982 40.5214856834031991, -105.0717144575999953 40.5214701020439989, -105.0717019656199938 40.5214546841844978, -105.0716891129110024 40.5214394296920020, -105.0716759354409930 40.5214243386988002, -105.0716623970670014 40.5214094385215020, -105.0716457106029935 40.5213918092198000, -105.0716125118109971 40.5213631391723013, -105.0715786629939998 40.5213348784633993, -105.0715441995999981 40.5213071095722981, -105.0715090860060030 40.5212797774677966, -105.0714733580090012 40.5212529097308973, -105.0714370152600026 40.5212265612592972, -105.0714000940780011 40.5212006772868989, -105.0713625583170057 40.5211752851295017, -105.0713244799169956 40.5211503850520032, -105.0712858227350068 40.5211260043699966, -105.0712465865960041 40.5211021705322025, -105.0712068437860012 40.5210788289053028, -105.0711665579869987 40.5210560342542010, -105.0711257651690005 40.5210337867110013, -105.0710844655040006 40.5210120588261020, -105.0710426946139933 40.5209909056301001, -105.0710004165279940 40.5209703269893993, -105.0709577033589994 40.5209502957200982, -105.0709020003990020 40.5209253304241983, -105.0708841125899937 40.5209156844292977, -105.0708666595480025 40.5209055459430019, -105.0708497128629944 40.5208949701292980, -105.0708332365660027 40.5208839568556982, -105.0708172666270031 40.5208725062551025, -105.0708018749819956 40.5208606185934030, -105.0707869893460042 40.5208483485033000, -105.0707727176269941 40.5208356963835996, -105.0707589880589978 40.5208226345195968, -105.0707458720590068 40.5208092455244966, -105.0707334057699995 40.5207955020822013, -105.0707215528740051 40.5207814589581972, -105.0707103495130070 40.5207670888365001, -105.0706998314829974 40.5207524192991997, -105.0706897845369951 40.5207372025078030)","{""name"": ""Overlook Drive"", ""class"": ""residential"", ""names_lr"": [{""between"": [0.0, 1.0], ""value"": ""Overlook Drive""}], ""subclass_lr"": [{""between"": [0.0, 1.0], ""value"": null}], ""level_lr"": [{""between"": [0.0, 1.0], ""value"": 0}], ""road_flags_lr"": [{""start"": 0.0, ""end"": 1.0, ""value"": []}]}","{""name"": ""VENTURI LN"", ""class"": ""residential""}"
92416116-ccb7-4a0d-85b3-3677dcdf9efc,fc_street_634,"LINESTRING (-105.0450819999999936 40.5808719999999994, -105.0451500000000067 40.5806919999999991)","LINESTRING (-105.0466661809849995 40.5457001396896999, -105.0466633051709948 40.5456997167311002, -105.0466338954820031 40.5456960610398980, -105.0466043754580028 40.5456927617548999, -105.0465748166949993 40.5456898740544034, -105.0465451832109949 40.5456873977978987, -105.0465155113540021 40.5456852782280990, -105.0464858007560025 40.5456835702426019, -105.0464560514169960 40.5456822738414004, -105.0464262635200043 40.5456813615757028, -105.0463964730480058 40.5456808335858980, -105.0463666798139997 40.5456807173206002, -105.0463368478369972 40.5456810126395979, -105.0463070854309962 40.5456816650663967, -105.0462497839630061 40.5456841040073002, -105.0462256591540040 40.5456865077405979, -105.0462015681169987 40.5456892409952019, -105.0461918082939974 40.5456904930211977)","{""name"": ""Airpark Drive"", ""class"": ""residential"", ""names_lr"": [{""between"": [0.0, 1.0], ""value"": ""Airpark Drive""}], ""subclass_lr"": [{""between"": [0.0, 1.0], ""value"": null}], ""level_lr"": [{""between"": [0.0, 1.0], ""value"": 0}], ""road_flags_lr"": [{""start"": 0.0, ""end"": 1.0, ""value"": []}]}","{""name"": ""LAKE SHERWOOD DR"", ""class"": ""residential""}"
704d190c-1efb-4737-ba50-be1ad50a7899,fc_street_6753,"LINESTRING (-105.0178020999999973 40.5232936000000024, -105.0175478999999967 40.5232115000000022, -105.0165369999999996 40.5232006000000027, -105.0160687000000053 40.5231892999999985, -105.0158397000000008 40.5231581999999975, -105.0156515999999982 40.5231086000000005)","LINESTRING (-105.0643412458420016 40.6322670842193006, -105.0613408084920053 40.6322335264033967, -105.0599871186099961 40.6318023006407998, -105.0572976555420013 40.6298464985238965)","{""class"": ""primary"", ""subclass"": ""link"", ""names_lr"": [{""between"": [0.0, 1.0], ""value"": null}], ""subclass_lr"": [{""between"": [0.0, 1.0], ""value"": ""link""}], ""level_lr"": [{""between"": [0.0, 1.0], ""value"": 0}], ""road_flags_lr"": [{""start"": 0.0, ""end"": 1.0, ""value"": []}]}","{""name"": ""RICHARDS LAKE RD"", ""class"": ""residential""}"
4f38fe2c-cfbd-4164-aa82-fdbeccbc2ed0,fc_street_10687,"LINESTRING (-105.0864459000000011 40.5543480999999986, -105.0864315999999974 40.5542732999999984, -105.0864248999999973 40.5542380999999992, -105.0863070999999991 40.5540610999999984, -105.0862544000000014 40.5539606000000035, -105.0861692000000005 40.5538102000000009, -105.0860892999999976 40.5536159999999981, -105.0860572999999931 40.5534066999999965, -105.0860657000000060 40.5527860999999987, -105.0860658000000001 40.5527717000000010, -105.0860140000000058 40.5526381000000029)","LINESTRING (-105.0925604385279968 40.5336789137873978, -105.0925607793670054 40.5336402385603023, -105.0925627987400048 40.5334482909008997, -105.0925633518599938 40.5332548832651014, -105.0925638998539995 40.5330623265380012, -105.0925642972750040 40.5329425655055005, -105.0925643828399956 40.5329343309376000, -105.0925625230849931 40.5329265287428981, -105.0925582856429941 40.5329192672035035, -105.0925519196990052 40.5329129863859023, -105.0925437828580016 40.5329080443877032, -105.0925343411479957 40.5329047173379990, -105.0925152089800036 40.5329035248265015, -105.0923645463060012 40.5328966007288969, -105.0920582972310058 40.5328998357406007)","{""name"": ""Research Boulevard"", ""class"": ""residential"", ""names_lr"": [{""between"": [0.0, 1.0], ""value"": ""Research Boulevard""}], ""subclass_lr"": [{""between"": [0.0, 1.0], ""value"": null}], ""level_lr"": [{""between"": [0.0, 1.0], ""value"": 0}], ""road_flags_lr"": [{""start"": 0.0, ""end"": 1.0, ""value"": []}]}","{""name"": ""CENTURY DR"", ""class"": ""residential""}"
3eeeffe0-15fa-4c35-bfdf-51dd9e65c4c1,fc_street_3210,"LINESTRING (-105.1042860000000019 40.5450155999999993, -105.1042740999999978 40.5450154999999981, -105.1041895000000039 40.5450151000000005, -105.1041093999999987 40.5450147999999970, -105.1040974999999946 40.5450147000000030)","LINESTRING (-105.0961479892099959 40.5236081050501014, -105.0961480124500014 40.5235921569013016, -105.0961674505170009 40.5204797381945028)","{""class"": ""footway"", ""names_lr"": [{""between"": [0.0, 1.0], ""value"": null}], ""subclass_lr"": [{""between"": [0.0, 0.063249999], ""value"": ""sidewalk""}, {""between"": [0.063249999, 0.936851464], ""value"": ""crosswalk""}, {""between"": [0.936851464, 1.0], ""value"": ""sidewalk""}], ""level_lr"": [{""between"": [0.0, 1.0], ""value"": 0}], ""road_flags_lr"": [{""start"": 0.0, ""end"": 1.0, ""value"": []}]}","{""name"": ""S SHIELDS ST"", ""class"": ""primary""}"
7d08f6c0-11a8-411d-882c-9422819d0c31,fc_street_8831,"LINESTRING (-105.0267778999999990 40.5895712000000017, -105.0272480000000002 40.5895747000000000)","LINESTRING (-104.9729418307070006 40.5179163614578002, -104.9729278216519930 40.5165931869564986)","{""name"": ""Crusader Street"", ""class"": ""residential"", ""names_lr"": [{""between"": [0.0, 1.0], ""value"": ""Crusader Street""}], ""subclass_lr"": [{""between"": [0.0, 1.0], ""value"": null}], ""level_lr"": [{""between"": [0.0, 1.0], ""value"": 0}], ""road_flags_lr"": [{""start"": 0.0, ""end"": 1.0, ""value"": []}]}","{""name"": ""KIDD ST"", ""class"": ""residential""}"
be98dffd-8d51-4c3b-b4be-467439f95bf0,fc_street_2791,"LINESTRING (-105.0023560000000060 40.6033690000000007, -105.0022991999999959 40.6034575999999987)","LINESTRING (-105.0610973950160059 40.5727949830777987, -105.0601287619510060 40.5725035719665001)","{""name"": ""Waterglen Drive"", ""class"": ""tertiary"", ""names_lr"": [{""between"": [0.0, 1.0], ""value"": ""Waterglen Drive""}], ""subclass_lr"": [{""between"": [0.0, 1.0], ""value"": null}], ""level_lr"": [{""between"": [0.0, 1.0], ""value"": 0}], ""road_flags_lr"": [{""start"": 0.0, ""end"": 1.0, ""value"": []}]}","{""name"": ""GARFIELD ST"", ""class"": ""residential""}"
b612c9e2-82a8-498a-b6f5-e001dab06254,fc_street_8166,"LINESTRING (-105.0543427000000065 40.5200018000000028, -105.0543336000000068 40.5199487000000005, -105.0541098000000062 40.5198498999999970)","LINESTRING (-105.0267219032549946 40.5091814178435996, -105.0242735281819932 40.5091966443200988)","{""name"": ""Oak Park Drive"", ""class"": ""residential"", ""names_lr"": [{""between"": [0.0, 1.0], ""value"": ""Oak Park Drive""}], ""subclass_lr"": [{""between"": [0.0, 1.0], ""value"": null}], ""level_lr"": [{""between"": [0.0, 1.0], ""value"": 0}], ""road_flags_lr"": [{""start"": 0.0, ""end"": 1.0, ""value"": []}]}","{""name"": ""KECHTER RD"", ""class"": ""primary""}"
5478b444-3b0c-4ca1-ae87-95cfafb143fd,fc_street_8482,"LINESTRING (-105.0290540000000021 40.5562340999999975, -105.0289561999999961 40.5563197999999971, -105.0286841000000067 40.5565579000000014, -105.0285877999999968 40.5567351999999985)","LINESTRING (-105.0135406000759986 40.5049347193462026, -105.0126801759659969 40.5045513440223033)","{""name"": ""Palomino Drive"", ""class"": ""residential"", ""names_lr"": [{""between"": [0.0, 1.0], ""value"": ""Palomino Drive""}], ""subclass_lr"": [{""between"": [0.0, 1.0], ""value"": null}], ""level_lr"": [{""between"": [0.0, 1.0], ""value"": 0}], ""road_flags_lr"": [{""start"": 0.0, ""end"": 1.0, ""value"": []}]}","{""name"": ""GREEN SPRING DR"", ""class"": ""residential""}"
c62d84ab-6a72-4cfa-a04a-76c7c5503057,fc_street_3352,"LINESTRING (-105.1048056000000059 40.5609893999999969, -105.1047655999999932 40.5609790000000032)","LINESTRING (-104.9608873871119954 40.5141494182390005, -104.9603713144110060 40.5141570416760999)","{""class"": ""footway"", ""subclass"": ""sidewalk"", ""names_lr"": [{""between"": [0.0, 1.0], ""value"": null}], ""subclass_lr"": [{""between"": [0.0, 1.0], ""value"": ""sidewalk""}], ""level_lr"": [{""between"": [0.0, 1.0], ""value"": 0}], ""road_flags_lr"": [{""start"": 0.0, ""end"": 1.0, ""value"": []}]}","{""name"": ""NYMPH LAKE CT"", ""class"": ""residential""}"
fb87f5ce-0632-43af-89cc-bf66ddf9486a,fc_street_7790,"LINESTRING (-105.1204239999999999 40.5805799999999977, -105.1203337999999974 40.5805799999999977, -105.1202519999999936 40.5805799999999977, -105.1202080000000052 40.5805750000000032, -105.1200539999999961 40.5805399999999992, -105.1200070000000011 40.5805340000000001, -105.1198409999999939 40.5805340000000001)","LINESTRING (-105.0269963723959989 40.5776595016949031, -105.0269154616279934 40.5775592295607979, -105.0268211094749944 40.5774763330057979, -105.0266884580660047 40.5773773598896028, -105.0265566288710062 40.5772792683439008, -105.0264026717599961 40.5771640953937975, -105.0262485336400005 40.5770491410915000, -105.0261153687669946 40.5769517572732994, -105.0259897410529959 40.5768371383839010, -105.0259557541470059 40.5767965120724980)","{""name"": ""Ponderosa Court"", ""class"": ""residential"", ""names_lr"": [{""between"": [0.0, 1.0], ""value"": ""Ponderosa Court""}], ""subclass_lr"": [{""between"": [0.0, 1.0], ""value"": null}], ""level_lr"": [{""between"": [0.0, 1.0], ""value"": 0}], ""road_flags_lr"": [{""start"": 0.0, ""end"": 1.0, ""value"": []}]}","{""name"": ""TRACEY PKWY"", ""class"": ""residential""}"
da98f5c1-1a8b-4246-acf8-cd0999f44886,fc_street_305,"LINESTRING (-105.0285748999999953 40.5409926000000027, -105.0283739999999995 40.5410188999999974, -105.0281423999999930 40.5410320000000013, -105.0280079999999998 40.5410279999999972, -105.0279040000000066 40.5410240000000002, -105.0277147999999983 40.5410061999999982)","LINESTRING (-105.0284475213679940 40.5439350644037972, -105.0284331803459992 40.5439173012457985, -105.0284192004820056 40.5438993474040998, -105.0284056535480062 40.5438812306195970, -105.0283925397339999 40.5438629234436974, -105.0283798230600070 40.5438444257303985, -105.0283675751049941 40.5438257926696011, -105.0283557242880050 40.5438069690717029, -105.0283443062079982 40.5437880099805028, -105.0283333208659968 40.5437689153961003, -105.0283227684499963 40.5437496578698031, -105.0283126487710064 40.5437302648506019, -105.0283029978090070 40.5437107364844991, -105.0282937795820004 40.5436910726257977, -105.0282850298799957 40.5436713008691996, -105.0282767487019981 40.5436514212149035, -105.0282689000679994 40.5436314335169996, -105.0282614839759958 40.5436113377756016, -105.0282545721960048 40.5435911617314986, -105.0282480929590037 40.5435708776441004, -105.0282421180340009 40.5435505132542033, -105.0282365752670017 40.5435300957187010, -105.0282315010220060 40.5435095702860977, -105.0282268947230051 40.5434890193029034, -105.0282196411779978 40.5434507800434005, -105.0281395050290030 40.5428065972877008)","{""name"": ""Jewelstone Court"", ""class"": ""residential"", ""names_lr"": [{""between"": [0.0, 1.0], ""value"": ""Jewelstone Court""}], ""subclass_lr"": [{""between"": [0.0, 1.0], ""value"": null}], ""level_lr"": [{""between"": [0.0, 1.0], ""value"": 0}], ""road_flags_lr"": [{""start"": 0.0, ""end"": 1.0, ""value"": []}]}","{""name"": ""WETTERHORN DR"", ""class"": ""residential""}"
14cb6918-016b-4f4d-83e0-3365ec155536,fc_street_6937,"LINESTRING (-105.0394814999999937 40.5411963999999969, -105.0396142999999967 40.5411963999999969, -105.0402413000000053 40.5411979000000002, -105.0402627999999936 40.5411983999999990, -105.0403364999999951 40.5411974000000015, -105.0404142999999948 40.5411963999999969, -105.0405114999999938 40.5411947999999995, -105.0405777999999941 40.5411947999999995, -105.0406363000000027 40.5411953999999994, -105.0411062999999956 40.5411983999999990, -105.0413276000000025 40.5411974000000015, -105.0413630999999981 40.5411974000000015, -105.0413900000000069 40.5411988999999977, -105.0414061000000032 40.5412054999999967, -105.0414207999999974 40.5412172999999996, -105.0414301999999935 40.5412299999999988, -105.0414334999999966 40.5412421999999992, -105.0414348999999987 40.5412620999999973, -105.0414322000000027 40.5416499000000030, -105.0414322000000027 40.5416864999999973, -105.0414322000000027 40.5417253000000031, -105.0414315000000016 40.5418894000000023)","LINESTRING (-105.0848791579060020 40.4808042101864984, -105.0833467219869988 40.4805622409065009)","{""class"": ""footway"", ""subclass"": ""sidewalk"", ""names_lr"": [{""between"": [0.0, 1.0], ""value"": null}], ""subclass_lr"": [{""between"": [0.0, 1.0], ""value"": ""sidewalk""}], ""level_lr"": [{""between"": [0.0, 1.0], ""value"": 0}], ""road_flags_lr"": [{""start"": 0.0, ""end"": 1.0, ""value"": []}]}","{""name"": ""TRIANGLE DR"", ""class"": ""tertiary""}"
79e4506a-38f4-47ac-a44d-b9efd243c3bf,fc_street_1551,"LINESTRING (-105.0276688999999948 40.5157288999999992, -105.0276668999999998 40.5166688999999991)","LINESTRING (-105.0768373919089953 40.5559208064023977, -105.0768535844659937 40.5533441602978968)","{""class"": ""footway"", ""subclass"": ""sidewalk"", ""names_lr"": [{""between"": [0.0, 1.0], ""value"": null}], ""subclass_lr"": [{""between"": [0.0, 1.0], ""value"": ""sidewalk""}], ""level_lr"": [{""between"": [0.0, 1.0], ""value"": 0}], ""road_flags_lr"": [{""start"": 0.0, ""end"": 1.0, ""value"": []}]}","{""name"": ""FRONTAGE RD"", ""class"": ""residential""}"
117c01f4-fa68-4c11-a2d3-86e125eeeb7c,fc_street_5177,"LINESTRING (-105.0542712999999964 40.4898501999999993, -105.0542166000000037 40.4898633999999973, -105.0541838999999982 40.4898803999999970, -105.0541481000000061 40.4899144000000035, -105.0541285000000045 40.4899630000000030, -105.0541331000000014 40.4900063999999986, -105.0541685000000030 40.4900572999999966, -105.0541900000000055 40.4900729000000013)","LINESTRING (-105.0664366369369986 40.5549616104687018, -105.0664374859249932 40.5548291700899028, -105.0664463209709965 40.5535126453247017)","{""class"": ""residential"", ""names_lr"": [{""between"": [0.0, 1.0], ""value"": null}], ""subclass_lr"": [{""between"": [0.0, 1.0], ""value"": null}], ""level_lr"": [{""between"": [0.0, 1.0], ""value"": 0}], ""road_flags_lr"": [{""start"": 0.0, ""end"": 1.0, ""value"": []}]}","{""name"": ""MARQUETTE ST"", ""class"": ""residential""}"
f6c5ff6c-723b-4252-861e-27eb4a4bff56,fc_street_5594,"LINESTRING (-105.0431600000000003 40.5923068000000029, -105.0430360000000007 40.5923128000000020, -105.0425079000000039 40.5923198999999997)","LINESTRING (-104.9585143540750067 40.5064667284023017, -104.9584903930980033 40.5064589856251018, -104.9584323139339972 40.5064409822085025, -104.9583735771779942 40.5064242658451974, -104.9583142545280054 40.5064088643185016, -104.9582543459829935 40.5063947776276976, -104.9581939234600014 40.5063820061071027, -104.9581330584399979 40.5063706049894989, -104.9580717509190038 40.5063605742739981, -104.9580101089960067 40.5063518870143966, -104.9579481684099989 40.5063445708268972, -104.9578859651170006 40.5063386258787972, -104.9578235710349929 40.5063340525055011, -104.9577610219029964 40.5063308783232969, -104.9576983536779977 40.5063291034999011, -104.9576356744580039 40.5063287010897994, -104.9575730199809982 40.5063296987098980, -104.9575240243189995 40.5063315561274990)","{""name"": ""Mackinac Street"", ""class"": ""residential"", ""names_lr"": [{""between"": [0.0, 1.0], ""value"": ""Mackinac Street""}], ""subclass_lr"": [{""between"": [0.0, 1.0], ""value"": null}], ""level_lr"": [{""between"": [0.0, 1.0], ""value"": 0}], ""road_flags_lr"": [{""start"": 0.0, ""end"": 1.0, ""value"": []}]}","{""name"": ""SIENNA DR"", ""class"": ""tertiary""}"
be89c7f6-7894-4aa4-9aff-a86a8c6e3538,fc_street_4062,"LINESTRING (-105.1263160000000028 40.5749037000000001, -105.1263200000000069 40.5748123999999990, -105.1263205000000056 40.5748018000000030, -105.1263208000000020 40.5747915000000035, -105.1263287999999960 40.5744735999999975, -105.1263306000000028 40.5744010000000017)","LINESTRING (-105.0871114396390027 40.4909112311991990, -105.0873212034749997 40.4905795040028025, -105.0874610283960067 40.4903551589204014)","{""name"": ""Azura Drive"", ""class"": ""residential"", ""names_lr"": [{""between"": [0.0, 1.0], ""value"": ""Azura Drive""}], ""subclass_lr"": [{""between"": [0.0, 1.0], ""value"": null}], ""level_lr"": [{""between"": [0.0, 1.0], ""value"": 0}], ""road_flags_lr"": [{""start"": 0.0, ""end"": 1.0, ""value"": []}]}","{""name"": ""TIMPAS DR"", ""class"": ""residential""}"
7dcbcd9f-1ff3-4d70-8145-51c0ac0c7edd,fc_street_8431,"LINESTRING (-105.0736160999999953 40.5381313000000034, -105.0737545000000068 40.5381301999999977)","LINESTRING (-105.0392817663749980 40.5613961342543021, -105.0380095658429980 40.5613915973867023)","{""name"": ""East Horsetooth Road"", ""class"": ""primary"", ""names_lr"": [{""between"": [0.0, 1.0], ""value"": ""East Horsetooth Road""}], ""subclass_lr"": [{""between"": [0.0, 1.0], ""value"": null}], ""level_lr"": [{""between"": [0.0, 1.0], ""value"": 0}], ""road_flags_lr"": [{""start"": 0.0, ""end"": 1.0, ""value"": []}]}","{""name"": ""BLACKBIRD DR"", ""class"": ""residential""}"
c57e2d31-09b3-446a-90af-2d7bc9efac8b,fc_street_3063,"LINESTRING (-105.1143019000000010 40.6200487999999993, -105.1143043000000006 40.6198333000000034, -105.1143069999999966 40.6195949999999968, -105.1143085000000070 40.6195055999999965, -105.1143129999999957 40.6192343000000022, -105.1143208999999956 40.6187650999999974, -105.1143208000000016 40.6186001000000019, -105.1143229000000048 40.6181871000000001, -105.1143373999999966 40.6153041000000030, -105.1143268000000006 40.6151606000000029, -105.1143229999999988 40.6150621000000029, -105.1143150000000048 40.6149705999999995, -105.1142755000000051 40.6147795999999985)","LINESTRING (-105.0746972994190003 40.5634639130836021, -105.0745620058140020 40.5634635553711007)","{""name"": ""North Taft Hill Road"", ""class"": ""secondary"", ""names_lr"": [{""between"": [0.0, 1.0], ""value"": ""North Taft Hill Road""}], ""subclass_lr"": [{""between"": [0.0, 1.0], ""value"": null}], ""level_lr"": [{""between"": [0.0, 1.0], ""value"": 0}], ""road_flags_lr"": [{""start"": 0.0, ""end"": 1.0, ""value"": []}]}","{""name"": ""E STUART ST"", ""class"": ""tertiary""}"
6dd8216c-2262-4a2b-8c7f-b9dec256db87,fc_street_481,"LINESTRING (-104.9543993999999998 40.5046225000000035, -104.9543239999999997 40.5046160999999998, -104.9542308000000048 40.5046080999999987, -104.9536607999999944 40.5045592000000028)","LINESTRING (-105.0385298632700000 40.5148481119477992, -105.0385314274639939 40.5145870708501974, -105.0385201265089989 40.5145037708092985, -105.0384616358790026 40.5143521529839035, -105.0383536880450066 40.5142116204791023, -105.0382873236959966 40.5141598335460031)","{""name"": ""Rock River Road"", ""class"": ""residential"", ""names_lr"": [{""between"": [0.0, 1.0], ""value"": ""Rock River Road""}], ""subclass_lr"": [{""between"": [0.0, 1.0], ""value"": null}], ""level_lr"": [{""between"": [0.0, 1.0], ""value"": 0}], ""road_flags_lr"": [{""start"": 0.0, ""end"": 1.0, ""value"": []}]}","{""name"": ""STILLWATER CREEK DR"", ""class"": ""residential""}"
0a1c52f1-75c2-4062-a837-f94eeadb0ddb,fc_street_3961,"LINESTRING (-104.9916300000000007 40.5838889999999992, -104.9916350000000023 40.5834720000000004, -104.9916359999999997 40.5833599999999990)","LINESTRING (-105.0333616631610028 40.5247634807480992, -105.0333210863349933 40.5247478910618995, -105.0332894026950044 40.5247363447367022, -105.0332574284570057 40.5247252089812022, -105.0332252355629947 40.5247144840841997, -105.0331927876640066 40.5247042247988034, -105.0331601211079970 40.5246943763714000, -105.0331272357060044 40.5246849662510016, -105.0330941314559965 40.5246759944372030, -105.0330608083589965 40.5246674609297983, -105.0330273381659936 40.5246593934666990, -105.0329936491239948 40.5246517643098016, -105.0329598131740028 40.5246445737480983, -105.0329257941560002 40.5246378490856003, -105.0328916641999939 40.5246315631625009, -105.0328573511749966 40.5246257431385004, -105.0328229270200069 40.5246203893025978, -105.0327883919260046 40.5246154742058025, -105.0327537816729944 40.5246110254416010, -105.0327190243179984 40.5246070427206035, -105.0326841918029999 40.5246035263320010, -105.0326492841270039 40.5246004762757011, -105.0326143372600001 40.5245978926962991, -105.0325793154189995 40.5245957480002019, -105.0319510730920030 40.5245894860868034)","{""name"": ""Boxelder Street"", ""class"": ""residential"", ""names_lr"": [{""between"": [0.0, 1.0], ""value"": ""Boxelder Street""}], ""subclass_lr"": [{""between"": [0.0, 1.0], ""value"": null}], ""level_lr"": [{""between"": [0.0, 1.0], ""value"": 0}], ""road_flags_lr"": [{""start"": 0.0, ""end"": 1.0, ""value"": []}]}","{""name"": "" "", ""class"": ""residential""}"
082808e1-1df9-488a-9185-e291b429124a,fc_street_5132,"LINESTRING (-105.0917673999999948 40.5504402999999982, -105.0917553999999967 40.5504401999999970, -105.0916557000000040 40.5504394000000019, -105.0915732999999932 40.5504387000000008, -105.0915612999999951 40.5504385999999997)","LINESTRING (-105.0849096946830059 40.4834813729194991, -105.0851297452490059 40.4836337925467973, -105.0851405531529963 40.4836417916303972, -105.0851515416480026 40.4836496541086035, -105.0851627108999935 40.4836573525319992, -105.0851740607430003 40.4836649143498022, -105.0851855913430057 40.4836723121126028, -105.0851972665840037 40.4836795731414014, -105.0852091225829952 40.4836866701149987, -105.0852211593399943 40.4836936030337000, -105.0852333049560059 40.4837003716403032, -105.0852456313299967 40.4837069761917974, -105.0852581025120003 40.4837134165596026, -105.0852707185029971 40.4837196927436977, -105.0852834793020065 40.4837258047440969, -105.0852963849099950 40.4837317525608000, -105.0853093995449967 40.4837375086159028, -105.0853225589879969 40.4837431004870965, -105.0853358272890006 40.4837485280461991, -105.0853492405669982 40.4837537639718974, -105.0853627628719948 40.4837588081359030, -105.0853763940349950 40.4837636879875973, -105.0853901701750033 40.4837683762059015, -105.0854176544259957 40.4837771210466997, -105.0873182976159939 40.4842673657789973, -105.0873513608659948 40.4842750868879975, -105.0873846065479995 40.4842823694374019, -105.0874179987119987 40.4842892132990997, -105.0874515373580067 40.4842956184730980, -105.0874852226520062 40.4843015575099017, -105.0875190184750068 40.4843070577310016, -105.0875529609459988 40.4843120918148003, -105.0875870139460062 40.4843166870827034, -105.0876211416910024 40.4843208159575028, -105.0876553799649997 40.4843245060163994, -105.0876896929830053 40.4843277296821995, -105.0877240805779991 40.4843305144040997, -105.0877585071339979 40.4843328051559013, -105.0877930082649954 40.4843346569638030, -105.0878321487410005 40.4843362232779000, -105.0878844367649947 40.4843394832294976, -105.0879188247079981 40.4843422129952017, -105.0879531379139991 40.4843454091338018, -105.0879873765530022 40.4843490441962004, -105.0880215404559976 40.4843531456316015, -105.0880555936749943 40.4843577133126971, -105.0880895363780070 40.4843627197902975, -105.0881233324480064 40.4843681923861993, -105.0881570539529974 40.4843741039061982, -105.0881905930449989 40.4843804539680008, -105.0882239855060050 40.4843872701485026, -105.0882572315040022 40.4843945249984998, -105.0882902950900046 40.4844022183906986, -105.0883232122150019 40.4844103504526984, -105.0883559109790042 40.4844189209296985, -105.0883883913830061 40.4844279298219973, -105.0884206895450035 40.4844373498077985, -105.0884527332309943 40.4844472355310998, -105.0887435549049940 40.4845389327798983)","{""class"": ""footway"", ""names_lr"": [{""between"": [0.0, 1.0], ""value"": null}], ""subclass_lr"": [{""between"": [0.0, 0.058424043], ""value"": ""sidewalk""}, {""between"": [0.058424043, 0.941658102], ""value"": ""crosswalk""}, {""between"": [0.941658102, 1.0], ""value"": ""sidewalk""}], ""level_lr"": [{""between"": [0.0, 1.0], ""value"": 0}], ""road_flags_lr"": [{""start"": 0.0, ""end"": 1.0, ""value"": []}]}","{""name"": ""KIM DR"", ""class"": ""residential""}"
502b2344-a44d-47de-9806-de7f0b679a8c,fc_street_11107,"LINESTRING (-104.9976333999999980 40.5665240000000011, -104.9984129000000053 40.5666125999999991, -104.9988967999999971 40.5666200000000003)","LINESTRING (-105.0946894261039972 40.5627452477252035, -105.0954542978849986 40.5621369165974031, -105.0954576327110033 40.5615493475008009)","{""name"": ""East Prospect Road"", ""class"": ""tertiary"", ""names_lr"": [{""between"": [0.0, 1.0], ""value"": ""East Prospect Road""}], ""subclass_lr"": [{""between"": [0.0, 1.0], ""value"": null}], ""level_lr"": [{""between"": [0.0, 1.0], ""value"": 0}], ""road_flags_lr"": [{""start"": 0.0, ""end"": 1.0, ""value"": []}]}","{""name"": ""WATERS EDGE ST"", ""class"": ""residential""}"
cd2aa0af-ee35-47e6-85e6-eff5d2202177,fc_street_6481,"LINESTRING (-105.0411691000000047 40.5907073999999994, -105.0411043000000006 40.5907689000000005, -105.0410884000000067 40.5907798000000000, -105.0410696000000002 40.5907839999999993, -105.0410597000000053 40.5907843999999969, -105.0410387999999955 40.5907823000000008, -105.0410119000000009 40.5907714000000013, -105.0407454999999999 40.5906171999999970, -105.0407048000000003 40.5905983999999975, -105.0406739000000016 40.5905904999999976, -105.0406624999999963 40.5905873000000028, -105.0406437000000039 40.5905909000000023, -105.0406095000000022 40.5905996999999985, -105.0403629999999993 40.5906912000000020, -105.0403177999999969 40.5907041000000035, -105.0402682999999939 40.5907058000000021, -105.0402397000000008 40.5906999999999982, -105.0401734999999945 40.5906599999999997)","LINESTRING (-104.9555936317960061 40.5079594224005035, -104.9555869800030052 40.5073958983635976, -104.9555867338719963 40.5073817879275992, -104.9555863441150052 40.5073676493683976, -104.9555857743300038 40.5073535374155966, -104.9555850606979988 40.5073394247884977, -104.9555841672590049 40.5073253113189011, -104.9555831299740021 40.5073111971749995, -104.9555819486230064 40.5072971098058972, -104.9555805874639987 40.5072830215940982, -104.9555790824600052 40.5072689327082003, -104.9555773974280015 40.5072548704283975, -104.9555755685509979 40.5072408074746022, -104.9555735958279996 40.5072267438465019, -104.9555714428570070 40.5072127342736010, -104.9555691462619933 40.5071986965774968, -104.9555666694180047 40.5071847129364997, -104.9555640487299968 40.5071707286212970, -104.9555612841970031 40.5071567436319029, -104.9555583394160010 40.5071428126976016, -104.9555552507899989 40.5071288810890024, -104.9555520180989987 40.5071149762551030, -104.9554332373080001 40.5066182887649973)","{""class"": ""service"", ""names_lr"": [{""between"": [0.0, 1.0], ""value"": null}], ""subclass_lr"": [{""between"": [0.0, 1.0], ""value"": null}], ""level_lr"": [{""between"": [0.0, 1.0], ""value"": 0}], ""road_flags_lr"": [{""start"": 0.0, ""end"": 1.0, ""value"": []}]}","{""name"": ""QUARRY ST"", ""class"": ""residential""}"
67c4dea6-0017-49ae-b87d-269c7177d665,fc_street_3792,"LINESTRING (-105.0311709000000064 40.5038178000000002, -105.0312792000000002 40.5044263999999998, -105.0312765999999982 40.5049167000000025, -105.0312792999999942 40.5050358000000017, -105.0311408999999969 40.5051083000000034, -105.0303595999999970 40.5051300000000012, -105.0302058999999986 40.5050773000000035, -105.0301639000000051 40.5049959999999984, -105.0301960000000037 40.5039353000000020)","LINESTRING (-105.0217886161480010 40.5158486491570997, -105.0216102030450003 40.5159271347954970, -105.0215603458750024 40.5159483952403008, -105.0215265476360003 40.5159620907553020, -105.0214923928260049 40.5159753455954004, -105.0214579895369980 40.5159881327556022, -105.0214232656449980 40.5160004793885022, -105.0213882573089990 40.5160123581929028, -105.0213530006909934 40.5160237418676985, -105.0213174954029967 40.5160346853107995, -105.0212817418340023 40.5160451336238978, -105.0212457397909986 40.5160551142556997, -105.0212095254349975 40.5160645999053983, -105.0211730985720067 40.5160736180216006, -105.0211364953629953 40.5160821413033005, -105.0210996798430045 40.5160901696023998, -105.0210626877850046 40.5160977305155967, -105.0210255195780036 40.5161047691449028, -105.0209882108009936 40.5161113405363977, -105.0209507258760055 40.5161173896437035, -105.0209131365430011 40.5161229442122988, -105.0208754428030034 40.5161280042419989, -105.0208376086900017 40.5161325695843004, -105.0207996703649940 40.5161366129385030, -105.0207616637970034 40.5161401344528969, -105.0207235885959989 40.5161431890253994, -105.0206854451530063 40.5161457217579013, -105.0206472334679972 40.5161477326504027, -105.0206089893149937 40.5161492493000992, -105.0205707488549933 40.5161502444063970, -105.0200781419290053 40.5161599043358009)","{""name"": ""Cross Creek Drive"", ""class"": ""residential"", ""names_lr"": [{""between"": [0.0, 0.379369635], ""value"": ""Cross Creek Drive""}, {""between"": [0.379369635, 0.643962366], ""value"": ""Owl Creek Drive""}, {""between"": [0.643962366, 1.0], ""value"": ""Yellow Creek Drive""}], ""subclass_lr"": [{""between"": [0.0, 1.0], ""value"": null}], ""level_lr"": [{""between"": [0.0, 1.0], ""value"": 0}], ""road_flags_lr"": [{""start"": 0.0, ""end"": 1.0, ""value"": []}]}","{""name"": ""ROCK CREEK DR"", ""class"": ""tertiary""}"
55e53e7f-da4c-4c1d-8719-5c2d2800374b,fc_street_3869,"LINESTRING (-105.1090659999999986 40.5229319999999973, -105.1097829999999931 40.5229319999999973)","LINESTRING (-105.1119845115189975 40.5745836941703999, -105.1119977410940010 40.5722782494312995)","{""name"": ""Prairie Ridge Drive"", ""class"": ""residential"", ""names_lr"": [{""between"": [0.0, 1.0], ""value"": ""Prairie Ridge Drive""}], ""subclass_lr"": [{""between"": [0.0, 1.0], ""value"": null}], ""level_lr"": [{""between"": [0.0, 1.0], ""value"": 0}], ""road_flags_lr"": [{""start"": 0.0, ""end"": 1.0, ""value"": []}]}","{""name"": ""CRAGMORE DR"", ""class"": ""residential""}"
5ec27309-4ab7-4cba-8f31-e48546bc41a7,fc_street_8535,"LINESTRING (-105.0360050000000030 40.4983599999999981, -105.0360660000000053 40.4982550000000003, -105.0363300000000066 40.4976660000000024)","LINESTRING (-105.0305814227209993 40.5470703991180983, -105.0299830751289960 40.5471025677399979, -105.0298686475660048 40.5471075674692969, -105.0297933553320036 40.5471095686972021, -105.0297179979990005 40.5471105814291022)","{""name"": ""Tilden Street"", ""class"": ""residential"", ""names_lr"": [{""between"": [0.0, 1.0], ""value"": ""Tilden Street""}], ""subclass_lr"": [{""between"": [0.0, 1.0], ""value"": null}], ""level_lr"": [{""between"": [0.0, 1.0], ""value"": 0}], ""road_flags_lr"": [{""start"": 0.0, ""end"": 1.0, ""value"": []}]}","{""name"": ""ANNELISE WAY"", ""class"": ""residential""}"
f4947944-9c5d-476e-b3be-792c4b1fa5bf,fc_street_989,"LINESTRING (-105.0530157000000031 40.5122617000000034, -105.0529781000000042 40.5123379999999997, -105.0529487999999958 40.5123974999999987)","LINESTRING (-104.9894590035259938 40.5797030079922010, -104.9894584877740016 40.5796997941504998, -104.9894534144270040 40.5796708127803996, -104.9894476562540007 40.5796419382011990, -104.9894412136680018 40.5796131155154995, -104.9894341582580068 40.5795843999364010, -104.9894264182299963 40.5795557636991973, -104.9894180291720005 40.5795272618588001, -104.9894089912910005 40.5794988669666026, -104.9893993045880052 40.5794705790222991, -104.9893889686489956 40.5794424529228976, -104.9893780198890028 40.5794144339291023, -104.9893663856880011 40.5793866040703008, -104.9893541384600013 40.5793589087653004, -104.9893412779999977 40.5793313754623028, -104.9893277680999972 40.5793040314517981, -104.9893136087609946 40.5792768767334024, -104.9892988721910001 40.5792498841744020, -104.9892835217680016 40.5792231359623017, -104.9892675221150000 40.5791965495929006, -104.9892390575149932 40.5791520389277025, -104.9891103438870061 40.5789580102877991)","{""class"": ""service"", ""subclass"": ""driveway"", ""names_lr"": [{""between"": [0.0, 1.0], ""value"": null}], ""subclass_lr"": [{""between"": [0.0, 1.0], ""value"": ""driveway""}], ""level_lr"": [{""between"": [0.0, 1.0], ""value"": 0}], ""road_flags_lr"": [{""start"": 0.0, ""end"": 1.0, ""value"": []}]}","{""name"": ""CARRIAGE PKWY"", ""class"": ""tertiary""}"
dc154f39-e216-480e-8f6c-234ad6a798dd,fc_street_5887,"LINESTRING (-105.0701303999999965 40.5855703000000005, -105.0699991000000040 40.5855334000000028, -105.0699737000000056 40.5855336999999992, -105.0695515999999969 40.5855388000000019, -105.0694938999999977 40.5855767999999983)","LINESTRING (-105.0465301604699988 40.5444608662272969, -105.0465156791549930 40.5444633076405978, -105.0464612435399943 40.5444731692403977, -105.0464070190119941 40.5444837453267013, -105.0463530413690023 40.5444950634890020, -105.0462993107909995 40.5445070962787000, -105.0462458994250028 40.5445198165284992, -105.0461927709200012 40.5445332789957007, -105.0457448952670063 40.5446406689796035, -105.0456522089720011 40.5446613879813000, -105.0455816929970041 40.5446759899853006, -105.0455108596119942 40.5446896299715007, -105.0454397086340066 40.5447023353879032, -105.0453683120310018 40.5447141065156984, -105.0452966340070020 40.5447249157646965, -105.0452247105470036 40.5447347632752013, -105.0451525776369976 40.5447436491876019, -105.0450802712600051 40.5447515736423014, -105.0450077554379931 40.5447585364980014, -105.0449351381180065 40.5447645381771977, -105.0448623473420042 40.5447695783975988, -105.0447894912410050 40.5447736301331005, -105.0447165336519930 40.5447767206913028)","{""name"": ""East Oak Street"", ""class"": ""residential"", ""names_lr"": [{""between"": [0.0, 1.0], ""value"": ""East Oak Street""}], ""subclass_lr"": [{""between"": [0.0, 1.0], ""value"": null}], ""level_lr"": [{""between"": [0.0, 1.0], ""value"": 0}], ""road_flags_lr"": [{""start"": 0.0, ""end"": 1.0, ""value"": []}]}","{""name"": ""CENTENNIAL RD"", ""class"": ""tertiary""}"
d0db95ad-4b23-4c80-99cc-4021b17b71b8,fc_street_1539,"LINESTRING (-105.0236752999999936 40.5155687999999969, -105.0237039000000010 40.5155834999999982)","LINESTRING (-105.0505739383140025 40.4973966468756004, -105.0505560673459939 40.4970825512030999, -105.0506034462150069 40.4966132593268995)","{""class"": ""residential"", ""names_lr"": [{""between"": [0.0, 1.0], ""value"": null}], ""subclass_lr"": [{""between"": [0.0, 1.0], ""value"": null}], ""level_lr"": [{""between"": [0.0, 1.0], ""value"": 0}], ""road_flags_lr"": [{""start"": 0.0, ""end"": 1.0, ""value"": []}]}","{""name"": ""FALCON RIDGE CT"", ""class"": ""residential""}"
0c75e5f4-c714-4347-9874-7e5db0b12ba4,fc_street_2935,"LINESTRING (-105.1222468999999933 40.5349687000000003, -105.1222357000000045 40.5349690999999979, -105.1221508000000000 40.5349720000000033, -105.1220825999999988 40.5349743000000018, -105.1220713999999958 40.5349746999999994)","LINESTRING (-105.0325083178740044 40.5279784730155015, -105.0324991899729952 40.5279875221413022, -105.0324896680759963 40.5279963226342019, -105.0324797521829936 40.5280048744941013, -105.0324694424840004 40.5280131502719030, -105.0324587389790025 40.5280211499676000, -105.0324477138040038 40.5280288464214991, -105.0324362948220056 40.5280362667930021, -105.0324245903319991 40.5280433566184968, -105.0324125281990035 40.5280501430572002, -105.0324001805570049 40.5280565989495969, -105.0323875474069979 40.5280627242956015, -105.0323746647219991 40.5280685192398025, -105.0323614967190053 40.5280739561885994, -105.0323481153429981 40.5280790354312970, -105.0323344846229929 40.5280837568232002, -105.0323206405300027 40.5280881205087979, -105.0323066192270005 40.5280920991839011, -105.0322924205260051 40.5280957202975003, -105.0322780446160067 40.5280989564005978, -105.0322635634420010 40.5281018077824982, -105.0322489410330036 40.5281042742985989, -105.0322342135499980 40.5281063286445971, -105.0322194167780054 40.5281079984142991, -105.0322045507160027 40.5281092836074990, -105.0321896153649988 40.5281101842243032, -105.0321746830509966 40.5281106456563975, -105.0321597172300017 40.5281107501059026, -105.0321447542570041 40.5281104428194965, -105.0321297941300003 40.5281097237974990, -105.0321149086069994 40.5281086207781982, -105.0321000619049983 40.5281071061680009, -105.0320853257789935 40.5281052077056003, -105.0320706642570059 40.5281029252461025, -105.0320561133119952 40.5281002589344013, -105.0320416731340032 40.5280971813215984, -105.0320274152889937 40.5280937475952996, -105.0320133039950008 40.5280899301617978, -105.0319994111970061 40.5280857293110017, -105.0319856649499997 40.5280811447530027, -105.0319721727930045 40.5280762318204992, -105.0319588991319932 40.5280709354708009, -105.0319458795609933 40.5280653107467970, -105.0319331502440008 40.5280593303443979, -105.0319206750159964 40.5280530215677004, -105.0319084898520003 40.5280463845618968, -105.0318966307229971 40.5280394194719022, -105.0318850976310046 40.5280321262976031, -105.0318738901950013 40.5280245599372009, -105.0318630445769941 40.5280166930866983, -105.0318525607790008 40.5280085257461025, -105.0318424743930024 40.5280001129584022, -105.0318327496350008 40.5279914271296988, -105.0318234584530046 40.5279824685500998, -105.0318143859570057 40.5279730991055018)","{""class"": ""footway"", ""names_lr"": [{""between"": [0.0, 1.0], ""value"": null}], ""subclass_lr"": [{""between"": [0.0, 0.063827188], ""value"": ""sidewalk""}, {""between"": [0.063827188, 0.935908139], ""value"": ""crosswalk""}, {""between"": [0.935908139, 1.0], ""value"": ""sidewalk""}], ""level_lr"": [{""between"": [0.0, 1.0], ""value"": 0}], ""road_flags_lr"": [{""start"": 0.0, ""end"": 1.0, ""value"": []}]}","{""name"": "" "", ""class"": ""residential""}"
31fb3393-d400-42d8-bebd-7f1257a86f94,fc_street_3583,"LINESTRING (-105.0762742999999944 40.5473338999999982, -105.0763249000000030 40.5473348000000016, -105.0763836999999938 40.5473360000000014, -105.0763833000000034 40.5473877000000016, -105.0765023999999954 40.5473862999999994, -105.0766751000000028 40.5473842999999974, -105.0767029999999949 40.5473840000000010, -105.0767050999999981 40.5473361999999966, -105.0767321999999950 40.5473380999999975, -105.0767515000000003 40.5473493000000005, -105.0767617999999999 40.5473910999999987, -105.0767613000000011 40.5474292000000034, -105.0767582999999945 40.5476747000000017)","LINESTRING (-105.0428505737319966 40.6363288186237028, -105.0428358368459953 40.6363621008081992, -105.0426842257160018 40.6369408955972986, -105.0426790166019941 40.6369598971837007)","{""class"": ""footway"", ""subclass"": ""sidewalk"", ""names_lr"": [{""between"": [0.0, 1.0], ""value"": null}], ""subclass_lr"": [{""between"": [0.0, 1.0], ""value"": ""sidewalk""}], ""level_lr"": [{""between"": [0.0, 1.0], ""value"": 0}], ""road_flags_lr"": [{""start"": 0.0, ""end"": 1.0, ""value"": []}]}","{""name"": ""ROYAL TROON AVE"", ""class"": ""residential""}"
33217b51-f827-4024-a83c-7619e8da8845,fc_street_5438,"LINESTRING (-105.0423750000000069 40.5519400000000019, -105.0420218999999946 40.5519385999999997, -105.0418106000000051 40.5519377999999975, -105.0416124999999994 40.5519370000000023)","LINESTRING (-105.1268908293310034 40.5486627976597021, -105.1277973636129985 40.5486475871759993)","{""name"": ""Abilene Court"", ""class"": ""residential"", ""names_lr"": [{""between"": [0.0, 1.0], ""value"": ""Abilene Court""}], ""subclass_lr"": [{""between"": [0.0, 1.0], ""value"": null}], ""level_lr"": [{""between"": [0.0, 1.0], ""value"": 0}], ""road_flags_lr"": [{""start"": 0.0, ""end"": 1.0, ""value"": []}]}","{""name"": ""MICHENER DR"", ""class"": ""residential""}"
eddf4763-b6e6-43ea-93bd-6f4259629d66,fc_street_10505,"LINESTRING (-105.1333235999999971 40.5560583999999977, -105.1333247999999969 40.5561258999999978)","LINESTRING (-105.0010467151050051 40.5697219659233994, -105.0009282461769970 40.5693024435681977, -105.0008637848479935 40.5688918543515982, -105.0008283044579969 40.5687458768774007, -105.0007430358560043 40.5684874585692015, -105.0006613755339941 40.5682483543503025, -105.0004728359800055 40.5677578858214005, -105.0003940792760062 40.5675066423033002, -105.0003407397850026 40.5672404965138966, -105.0003043646590015 40.5669622720514980, -105.0002781306159960 40.5667069651172980, -105.0003260450230016 40.5665652092792968)","{""class"": ""service"", ""subclass"": ""driveway"", ""names_lr"": [{""between"": [0.0, 1.0], ""value"": null}], ""subclass_lr"": [{""between"": [0.0, 1.0], ""value"": ""driveway""}], ""level_lr"": [{""between"": [0.0, 1.0], ""value"": 0}], ""road_flags_lr"": [{""start"": 0.0, ""end"": 1.0, ""value"": []}]}","{""name"": ""ON RAMP"", ""class"": ""motorway_link""}"
456b8893-e519-41d5-941f-4c551bf21750,fc_street_3680,"LINESTRING (-105.0957353999999953 40.5857236000000015, -105.0957331999999980 40.5858024999999998, -105.0957286999999951 40.5859615999999974, -105.0957260999999932 40.5860562000000016, -105.0957300999999973 40.5860826999999986, -105.0957367999999974 40.5861050999999975, -105.0957334999999944 40.5865031000000016, -105.0957298000000009 40.5869396000000009)","LINESTRING (-105.0256991587459936 40.5398815447421015, -105.0255970911249932 40.5399112129665014, -105.0254422465490052 40.5399400342895007, -105.0252793112910012 40.5399527643386008, -105.0251159698679970 40.5399413368403998)","{""class"": ""footway"", ""names_lr"": [{""between"": [0.0, 1.0], ""value"": null}], ""subclass_lr"": [{""between"": [0.0, 0.273375693], ""value"": ""crosswalk""}, {""between"": [0.273375693, 1.0], ""value"": ""sidewalk""}], ""level_lr"": [{""between"": [0.0, 1.0], ""value"": 0}], ""road_flags_lr"": [{""start"": 0.0, ""end"": 1.0, ""value"": []}]}","{""name"": ""FIELDSTONE DR"", ""class"": ""residential""}"
13200f69-4551-45c0-af13-81182e98bc57,fc_street_5129,"LINESTRING (-105.0901915000000031 40.5513496000000018, -105.0901915000000031 40.5512767000000025, -105.0901913999999948 40.5511990999999981)","LINESTRING (-105.0770122345630000 40.5907906560319987, -105.0769944114740042 40.5907905912184006, -105.0769451850379994 40.5907971097865001, -105.0768976879940055 40.5907977056065974, -105.0768506212109941 40.5907928405905025, -105.0768050285360005 40.5907825734347014, -105.0767620244549931 40.5907671826874008, -105.0767552049260019 40.5907636992802026, -105.0767225789080044 40.5907470287201022, -105.0766875533000047 40.5907225538576029, -105.0761984281020034 40.5903903672720006)","{""class"": ""footway"", ""subclass"": ""crosswalk"", ""names_lr"": [{""between"": [0.0, 1.0], ""value"": null}], ""subclass_lr"": [{""between"": [0.0, 1.0], ""value"": ""crosswalk""}], ""level_lr"": [{""between"": [0.0, 1.0], ""value"": 0}], ""road_flags_lr"": [{""start"": 0.0, ""end"": 1.0, ""value"": []}]}","{""name"": ""JEFFERSON ST"", ""class"": ""primary""}"
2c583db3-a28c-4ab0-97b9-a61d7dc0bc14,fc_street_705,"LINESTRING (-105.0541596999999996 40.5300111999999970, -105.0541493000000060 40.5300160000000034, -105.0541352999999987 40.5300274000000016, -105.0541259999999966 40.5300481000000019, -105.0541278999999975 40.5300635999999983)","LINESTRING (-105.0364260764389996 40.5599803497370033, -105.0358536779369985 40.5592149712754022)","{""class"": ""residential"", ""names_lr"": [{""between"": [0.0, 1.0], ""value"": null}], ""subclass_lr"": [{""between"": [0.0, 1.0], ""value"": null}], ""level_lr"": [{""between"": [0.0, 1.0], ""value"": 0}], ""road_flags_lr"": [{""start"": 0.0, ""end"": 1.0, ""value"": []}]}","{""name"": ""KERRY HILL DR"", ""class"": ""residential""}"
73af3dab-974b-4332-a69d-0acacaaaa70a,fc_street_1711,"LINESTRING (-105.0186819999999983 40.5048010000000005, -105.0191310000000016 40.5048030000000026, -105.0191360000000032 40.5039790000000011, -105.0172550000000058 40.5039719999999974)","LINESTRING (-105.0693903714700070 40.5525562414227991, -105.0675254715220035 40.5525500049666974)","{""name"": ""Twin Wash Square"", ""class"": ""residential"", ""names_lr"": [{""between"": [0.0, 1.0], ""value"": ""Twin Wash Square""}], ""subclass_lr"": [{""between"": [0.0, 1.0], ""value"": null}], ""level_lr"": [{""between"": [0.0, 1.0], ""value"": 0}], ""road_flags_lr"": [{""start"": 0.0, ""end"": 1.0, ""value"": []}]}","{""name"": ""E DRAKE RD"", ""class"": ""primary""}"
45d651e2-a8b5-4ac8-959b-31c113725e02,fc_street_8319,"LINESTRING (-105.0546733000000046 40.5222953000000032, -105.0545795000000027 40.5222564000000034, -105.0543126000000029 40.5222817000000006, -105.0538961999999970 40.5223122000000018, -105.0534652999999992 40.5223117999999971, -105.0533420999999947 40.5223117000000030)","LINESTRING (-105.0366440500390013 40.5023779513127025, -105.0366465553839959 40.5019331637800022, -105.0366475404489961 40.5015581202383004)","{""name"": ""Oakridge Drive"", ""class"": ""residential"", ""names_lr"": [{""between"": [0.0, 1.0], ""value"": ""Oakridge Drive""}], ""subclass_lr"": [{""between"": [0.0, 1.0], ""value"": null}], ""level_lr"": [{""between"": [0.0, 1.0], ""value"": 0}], ""road_flags_lr"": [{""start"": 0.0, ""end"": 1.0, ""value"": []}]}","{""name"": ""REGAL RD"", ""class"": ""residential""}"
e9f30014-3452-4b0a-8411-85df5f87d6eb,fc_street_6816,"LINESTRING (-105.1330484000000069 40.5724742000000020, -105.1324732000000068 40.5724664000000033)","LINESTRING (-104.9947959456810054 40.4661819404108982, -104.9948074465550008 40.4660133365957009, -104.9948074458239944 40.4659989801521007, -104.9948109975530031 40.4659468402775033, -104.9948143077660063 40.4659222593257013, -104.9948246400000045 40.4658717685135016, -104.9948347677599969 40.4658342332923979, -104.9948555142439943 40.4657752507851001, -104.9948657778579957 40.4657435904889979, -104.9949048606199966 40.4656403557155002, -104.9949114625689930 40.4656129342615998, -104.9950149085679953 40.4653370158767984)","{""name"": ""Pleasant Valley Road"", ""class"": ""residential"", ""names_lr"": [{""between"": [0.0, 1.0], ""value"": ""Pleasant Valley Road""}], ""subclass_lr"": [{""between"": [0.0, 1.0], ""value"": null}], ""level_lr"": [{""between"": [0.0, 1.0], ""value"": 0}], ""road_flags_lr"": [{""start"": 0.0, ""end"": 1.0, ""value"": []}]}","{""name"": ""SAWTOOTH CT"", ""class"": ""residential""}"
6a772062-0b3f-450c-8f99-2f9cd0cf127a,fc_street_1407,"LINESTRING (-105.0806864000000047 40.5889576000000005, -105.0805335999999954 40.5889572999999970, -105.0802278000000030 40.5889567999999983, -105.0798113999999970 40.5889561999999984, -105.0795750000000055 40.5889535000000024, -105.0791310000000038 40.5889503000000005, -105.0790881000000070 40.5889501999999993, -105.0789608999999984 40.5889483999999996)","LINESTRING (-105.0521175444129938 40.6149151753915021, -105.0523920972709959 40.6149845524113999, -105.0525309162050007 40.6150066337903013, -105.0526722708369931 40.6150156864732992, -105.0528542592460042 40.6150079316493020, -105.0530518011439938 40.6149740224824001, -105.0532205776959955 40.6149215293569981, -105.0533816851660021 40.6148467179587982, -105.0534485933229973 40.6148056639905022, -105.0535103656669946 40.6147677743619013, -105.0536531361589994 40.6146387627828034, -105.0537637767379948 40.6144933505526993, -105.0538273515740002 40.6143678778787987, -105.0539135972559990 40.6141255867442013, -105.0539712672050001 40.6139614705832983, -105.0540222723039960 40.6138739115897991, -105.0540960477620018 40.6137963214777002, -105.0542057755640002 40.6137233981499008, -105.0545375088480000 40.6135820435253976, -105.0548512249950051 40.6134525593507973, -105.0551578954279961 40.6133098169691991, -105.0552235217400039 40.6132715843204011, -105.0555011338969962 40.6131053159444022, -105.0557669681359982 40.6129333199916971, -105.0560340607949996 40.6127559756713978, -105.0561486073849977 40.6126891351237020, -105.0562748137340066 40.6126348007818976, -105.0563752976769933 40.6126031509231993, -105.0565149914030059 40.6125737091044030, -105.0567169797720055 40.6125579270258967, -105.0567225621699947 40.6125580031907987)","{""name"": ""Laporte Avenue"", ""class"": ""tertiary"", ""names_lr"": [{""between"": [0.0, 1.0], ""value"": ""Laporte Avenue""}], ""subclass_lr"": [{""between"": [0.0, 1.0], ""value"": null}], ""level_lr"": [{""between"": [0.0, 1.0], ""value"": 0}], ""road_flags_lr"": [{""start"": 0.0, ""end"": 1.0, ""value"": []}]}","{""name"": ""LINDEN LAKE RD"", ""class"": ""residential""}"
5329ac5f-82cd-4d23-a129-a71078945297,fc_street_2181,"LINESTRING (-105.0960852999999986 40.5293716999999987, -105.0960781999999938 40.5297721999999965, -105.0960740999999956 40.5307846999999981, -105.0961401999999936 40.5308497999999986)","LINESTRING (-105.1195581237400063 40.5929217743088984, -105.1202553492449994 40.5929281149902010)","{""name"": ""South Shields Street"", ""class"": ""secondary"", ""names_lr"": [{""between"": [0.0, 1.0], ""value"": ""South Shields Street""}], ""subclass_lr"": [{""between"": [0.0, 1.0], ""value"": null}], ""level_lr"": [{""between"": [0.0, 1.0], ""value"": 0}], ""road_flags_lr"": [{""start"": 0.0, ""end"": 1.0, ""value"": []}]}","{""name"": ""CHERRY ST"", ""class"": ""residential""}"
1c82f48c-f217-42f1-ad1b-6920c31274ac,fc_street_2499,"LINESTRING (-105.0228527000000014 40.5155379999999994, -105.0228527000000014 40.5154621000000006)","LINESTRING (-105.0680723848220026 40.4778299039400977, -105.0674998871299977 40.4778096818222011)","{""name"": ""Spring Harvest Lane"", ""class"": ""residential"", ""names_lr"": [{""between"": [0.0, 1.0], ""value"": ""Spring Harvest Lane""}], ""subclass_lr"": [{""between"": [0.0, 1.0], ""value"": null}], ""level_lr"": [{""between"": [0.0, 1.0], ""value"": 0}], ""road_flags_lr"": [{""start"": 0.0, ""end"": 1.0, ""value"": []}]}","{""name"": ""PARK PLACE DR"", ""class"": ""residential""}"
f221921d-b326-448a-b07a-e2c7582c988d,fc_street_4928,"LINESTRING (-105.0703397000000052 40.5733172999999994, -105.0703771999999958 40.5733172999999994, -105.0718643999999955 40.5733164000000031, -105.0719028999999978 40.5733164000000031)","LINESTRING (-105.1008714345319959 40.5433266644330033, -105.1009033555869934 40.5433379734227017, -105.1009243276990048 40.5433449626953006, -105.1009454815019950 40.5433516506437002, -105.1009667448719966 40.5433580644696008, -105.1009881897700069 40.5433642044200013, -105.1010097443950002 40.5433700427988981, -105.1010314445679938 40.5433756071785965, -105.1010532902869983 40.5433808975589969, -105.1010752099140007 40.5433858587952969, -105.1010972750869996 40.5433905460321995, -105.1017348179839956 40.5434914405067985)","{""class"": ""footway"", ""subclass"": ""sidewalk"", ""names_lr"": [{""between"": [0.0, 1.0], ""value"": null}], ""subclass_lr"": [{""between"": [0.0, 1.0], ""value"": ""sidewalk""}], ""level_lr"": [{""between"": [0.0, 1.0], ""value"": 0}], ""road_flags_lr"": [{""start"": 0.0, ""end"": 1.0, ""value"": []}]}","{""name"": ""CASA GRANDE BLVD"", ""class"": ""residential""}"
a2c2b83a-1d69-4072-bfc8-8f9ec6a07b7d,fc_street_2500,"LINESTRING (-105.0228527000000014 40.5154621000000006, -105.0227327000000059 40.5154768000000018, -105.0225848999999982 40.5155067000000031, -105.0224561999999935 40.5155383000000029)","LINESTRING (-105.0460293593040006 40.4986927526985028, -105.0460288218889957 40.4980168798827975)","{""name"": ""Rock Creek Drive"", ""class"": ""residential"", ""names_lr"": [{""between"": [0.0, 1.0], ""value"": ""Rock Creek Drive""}], ""subclass_lr"": [{""between"": [0.0, 1.0], ""value"": null}], ""level_lr"": [{""between"": [0.0, 1.0], ""value"": 0}], ""road_flags_lr"": [{""start"": 0.0, ""end"": 1.0, ""value"": []}]}","{""name"": ""WEEPING WILLOW DR"", ""class"": ""residential""}"
2fe4ad5c-55aa-41de-8cc6-5a2a1d74ffce,fc_street_6111,"LINESTRING (-105.1010899999999992 40.5897819999999996, -105.1013290000000069 40.5897858000000014, -105.1018679999999961 40.5897879999999986)","LINESTRING (-105.0442603797900034 40.5408087459842008, -105.0442601001749949 40.5405030938482014, -105.0442608952090069 40.5404918975375992, -105.0442619422839954 40.5404806747657034, -105.0442632410290003 40.5404694804299979, -105.0442648274230066 40.5404583146717030, -105.0442666296939933 40.5404471497598990, -105.0442686834490047 40.5404360407331978, -105.0442710250389950 40.5404249328349024, -105.0442735821350055 40.5404138806807026, -105.0442764268789944 40.5404028571037998, -105.0442794873140002 40.5403918618222008, -105.0442828352129965 40.5403809225664986, -105.0442863988010060 40.5403700116061003, -105.0442902496690039 40.5403591841205966, -105.0442943162260008 40.5403483849301978, -105.0442986342680030 40.5403376416246033, -105.0443032037930067 40.5403269542040974, -105.0443080246180045 40.5403163501173012, -105.0443130971110008 40.5403057744666029, -105.0443183847390003 40.5402953094573988, -105.0443239238500013 40.5402849003328996, -105.0443296784659992 40.5402745469522969, -105.0443356841959996 40.5402643043539967, -105.0443419414080068 40.5402541176405009, -105.0443484139399999 40.5402440141195015, -105.0443551016060013 40.5402340212396979, -105.0443620405699932 40.5402241116934974, -105.0443691948530045 40.5402142853395020, -105.0443765642699958 40.5402045696268019, -105.0443841849860007 40.5401949372473993, -105.0443919848549967 40.5401854153680006, -105.0444000358379952 40.5401760042707977, -105.0444083019539931 40.5401667038144993, -105.0444167474099970 40.5401574864092993, -105.0444254078140034 40.5401484070940015, -105.0444343191460064 40.5401394660093004, -105.0444433738390018 40.5401306078345982, -105.0444526794589990 40.5401218878905993, -105.0444621642329963 40.5401132784462988, -105.0444718279770058 40.5401048069505023, -105.0444817066690035 40.5400964735440965, -105.0444917643309992 40.5400882780863014, -105.0445020011469950 40.5400801931278991, -105.0445124167480060 40.5400722735667998, -105.0445230474820022 40.5400644646461004, -105.0445338210210053 40.5400568209814978, -105.0445447735300064 40.5400493152651009, -105.0445559050079964 40.5400419474968032, -105.0445671792920024 40.5400347449845029, -105.0445810891060034 40.5400262077682996, -105.0452409707250041 40.5397415590457015)","{""name"": ""Leland Avenue"", ""class"": ""residential"", ""names_lr"": [{""between"": [0.0, 1.0], ""value"": ""Leland Avenue""}], ""subclass_lr"": [{""between"": [0.0, 1.0], ""value"": null}], ""level_lr"": [{""between"": [0.0, 1.0], ""value"": 0}], ""road_flags_lr"": [{""start"": 0.0, ""end"": 1.0, ""value"": []}]}","{""name"": ""CARLTON AVE"", ""class"": ""residential""}"
bb998d07-a529-4d56-ae0b-c3bcf4a2acb3,fc_street_7556,"LINESTRING (-105.0600270000000052 40.5259470000000022, -105.0595440000000025 40.5260960000000026)","LINESTRING (-105.0741887651950037 40.5732037362798010, -105.0720184062789997 40.5731957689028988)","{""name"": ""Whalers Way"", ""class"": ""residential"", ""names_lr"": [{""between"": [0.0, 1.0], ""value"": ""Whalers Way""}], ""subclass_lr"": [{""between"": [0.0, 1.0], ""value"": null}], ""level_lr"": [{""between"": [0.0, 1.0], ""value"": 0}], ""road_flags_lr"": [{""start"": 0.0, ""end"": 1.0, ""value"": []}]}","{""name"": ""GARFIELD ST"", ""class"": ""residential""}"
7ee26336-e340-4f9b-b766-da7741797231,fc_street_5019,"LINESTRING (-105.0353293999999948 40.5497987999999978, -105.0353304000000065 40.5497017000000000)","LINESTRING (-105.0771107439699961 40.5345638168714970, -105.0771034787319991 40.5337576788219991)","{""name"": ""Iowa Drive"", ""class"": ""residential"", ""names_lr"": [{""between"": [0.0, 1.0], ""value"": ""Iowa Drive""}], ""subclass_lr"": [{""between"": [0.0, 1.0], ""value"": null}], ""level_lr"": [{""between"": [0.0, 1.0], ""value"": 0}], ""road_flags_lr"": [{""start"": 0.0, ""end"": 1.0, ""value"": []}]}","{""name"": ""S COLLEGE AVE"", ""class"": ""primary""}"
cdea2201-7c49-4f8b-b478-0d76e28bfb4b,fc_street_11106,"LINESTRING (-105.0133787000000041 40.5980863999999997, -105.0139927999999969 40.5983135999999973, -105.0141078999999991 40.5983604999999983)","LINESTRING (-105.0546764887429987 40.5989268096544009, -105.0548264364339985 40.5995988920796975, -105.0548633799750036 40.5997420364350035, -105.0549095630660048 40.5998836135570969, -105.0549648728100038 40.6000232771786997, -105.0550291739860000 40.6001606857110033, -105.0551023093800040 40.6002955030783994, -105.0551841001669970 40.6004273995407985, -105.0552743463509984 40.6005560525003020, -105.0553728272490019 40.6006811472905014)","{""name"": ""Yule Trail Drive"", ""class"": ""residential"", ""names_lr"": [{""between"": [0.0, 1.0], ""value"": ""Yule Trail Drive""}], ""subclass_lr"": [{""between"": [0.0, 1.0], ""value"": null}], ""level_lr"": [{""between"": [0.0, 1.0], ""value"": 0}], ""road_flags_lr"": [{""start"": 0.0, ""end"": 1.0, ""value"": []}]}","{""name"": ""N LEMAY AVE"", ""class"": ""primary""}"
23ae28ae-a984-49ec-a270-5dfcc7d40f23,fc_street_6370,"LINESTRING (-105.1078949999999992 40.5216040000000035, -105.1078066999999976 40.5216315999999992, -105.1077400000000068 40.5216440000000020, -105.1075680000000006 40.5216720000000024, -105.1072439999999943 40.5216980000000007)","LINESTRING (-105.0762395327229939 40.5870326322630035, -105.0762431418140039 40.5864568712494034)","{""name"": ""Blue Sage Drive"", ""class"": ""residential"", ""names_lr"": [{""between"": [0.0, 1.0], ""value"": ""Blue Sage Drive""}], ""subclass_lr"": [{""between"": [0.0, 1.0], ""value"": null}], ""level_lr"": [{""between"": [0.0, 1.0], ""value"": 0}], ""road_flags_lr"": [{""start"": 0.0, ""end"": 1.0, ""value"": []}]}","{""name"": ""MONTEZUMA FULLER ALY"", ""class"": ""service""}"
4d4ed952-d880-4c5d-adf3-146f02435d47,fc_street_3689,"LINESTRING (-105.0914381999999989 40.5857393000000002, -105.0914405000000045 40.5856256000000002, -105.0914408000000009 40.5856094000000027, -105.0914453000000037 40.5853834999999989, -105.0914424999999994 40.5851225999999983, -105.0914501999999970 40.5848360999999969)","LINESTRING (-105.0902796266479982 40.5504914531584006, -105.0903694447389967 40.5504917696871985, -105.0913952530590052 40.5505031205675976, -105.0916526446920045 40.5505053151117991)","{""name"": ""South Washington Avenue"", ""class"": ""residential"", ""names_lr"": [{""between"": [0.0, 1.0], ""value"": ""South Washington Avenue""}], ""subclass_lr"": [{""between"": [0.0, 1.0], ""value"": null}], ""level_lr"": [{""between"": [0.0, 1.0], ""value"": 0}], ""road_flags_lr"": [{""start"": 0.0, ""end"": 1.0, ""value"": []}]}","{""name"": ""POWDERHORN DR"", ""class"": ""residential""}"
11018f24-1df3-415b-9b96-761143582032,fc_street_5513,"LINESTRING (-105.0445433000000008 40.5142511000000027, -105.0444621000000041 40.5143006999999997, -105.0443515000000048 40.5143617000000020, -105.0442173999999937 40.5144181000000003, -105.0441833000000003 40.5144298000000020, -105.0440432000000044 40.5144779999999969, -105.0438771999999972 40.5145016999999967, -105.0436823000000004 40.5145157999999981, -105.0436655000000030 40.5145155000000017, -105.0434915000000018 40.5145130000000009, -105.0434534000000042 40.5145124000000010, -105.0432354999999944 40.5144950999999978, -105.0429934000000003 40.5144651000000025, -105.0427262999999982 40.5144258999999991, -105.0427188999999970 40.5144248000000005, -105.0424550000000039 40.5143868999999981, -105.0423904999999962 40.5143820999999988, -105.0423846000000054 40.5143818000000024, -105.0421941000000032 40.5143727000000027, -105.0419676000000067 40.5143798000000004, -105.0417369000000036 40.5144002999999984, -105.0415373000000017 40.5144318999999982, -105.0412733999999944 40.5144943000000026, -105.0411217000000050 40.5145314999999968, -105.0410999000000061 40.5145527999999970)","LINESTRING (-105.0335913446239999 40.5461184867163027, -105.0335400831170034 40.5457823808051003)","{""class"": ""footway"", ""subclass"": ""sidewalk"", ""names_lr"": [{""between"": [0.0, 1.0], ""value"": null}], ""subclass_lr"": [{""between"": [0.0, 1.0], ""value"": ""sidewalk""}], ""level_lr"": [{""between"": [0.0, 1.0], ""value"": 0}], ""road_flags_lr"": [{""start"": 0.0, ""end"": 1.0, ""value"": []}]}","{""name"": ""SAN LUIS CT"", ""class"": ""residential""}"
08f8aebc-d1d3-4a5f-9ee8-eeff8cace3ca,fc_street_2075,"LINESTRING (-105.0718298999999973 40.6018958000000012, -105.0718274000000036 40.6022370000000024, -105.0718257999999992 40.6024201000000033)","LINESTRING (-105.1042010733440009 40.5450800202284967, -105.1044938945289999 40.5450810169211024, -105.1045154494880052 40.5450807883159001, -105.1045370076570009 40.5450800107283982, -105.1045584972309967 40.5450786564650016, -105.1045799182089979 40.5450767255257034, -105.1046012346100014 40.5450742177881978, -105.1046224462720033 40.5450711607014966, -105.1046434813909940 40.5450675265717990, -105.1046643398070017 40.5450633428482021, -105.1046849856970056 40.5450585819596014, -105.1047054187399965 40.5450532988038006, -105.1047255671330021 40.5450474656873965, -105.1047452143399994 40.5450411916719986)","{""name"": ""Blue Spruce Drive"", ""class"": ""residential"", ""names_lr"": [{""between"": [0.0, 1.0], ""value"": ""Blue Spruce Drive""}], ""subclass_lr"": [{""between"": [0.0, 1.0], ""value"": null}], ""level_lr"": [{""between"": [0.0, 1.0], ""value"": 0}], ""road_flags_lr"": [{""start"": 0.0, ""end"": 1.0, ""value"": []}]}","{""name"": ""SIOUX BLVD"", ""class"": ""residential""}"
97c80d0a-2da5-428c-8ae6-849c69eff515,fc_street_1484,"LINESTRING (-105.0380334000000033 40.5580775999999972, -105.0380313000000001 40.5579833999999977)","LINESTRING (-105.0670015558389991 40.5302195039515993, -105.0670126562120004 40.5301601443397033, -105.0670366053570035 40.5300492822146978)","{""class"": ""service"", ""names_lr"": [{""between"": [0.0, 1.0], ""value"": null}], ""subclass_lr"": [{""between"": [0.0, 1.0], ""value"": null}], ""level_lr"": [{""between"": [0.0, 1.0], ""value"": 0}], ""road_flags_lr"": [{""start"": 0.0, ""end"": 1.0, ""value"": []}]}","{""name"": ""BREAKWATER DR"", ""class"": ""residential""}"
656465a7-1a4f-42d5-8df4-4b2de75530ce,fc_street_11088,"LINESTRING (-105.0944510000000065 40.5830212999999986, -105.0944494000000020 40.5829335999999969, -105.0944479000000058 40.5828484999999972, -105.0944303999999931 40.5828429000000028, -105.0944317999999953 40.5828106000000020)","LINESTRING (-105.0534172669830042 40.4655448103428981, -105.0529612391959944 40.4655470081453998, -105.0503804994930022 40.4655570261570006)","{""class"": ""footway"", ""names_lr"": [{""between"": [0.0, 1.0], ""value"": null}], ""subclass_lr"": [{""between"": [0.0, 0.786924386], ""value"": ""crosswalk""}, {""between"": [0.786924386, 1.0], ""value"": ""sidewalk""}], ""level_lr"": [{""between"": [0.0, 1.0], ""value"": 0}], ""road_flags_lr"": [{""start"": 0.0, ""end"": 1.0, ""value"": []}]}","{""name"": ""E COUNTY ROAD 30"", ""class"": ""primary""}"
1aba70d5-b608-4b7b-92b6-288b499cd345,fc_street_5817,"LINESTRING (-105.0128076999999962 40.5808453000000000, -105.0127408999999972 40.5808808999999968, -105.0126614999999930 40.5808978999999965, -105.0113790000000051 40.5808749999999989)","LINESTRING (-105.0669685496699941 40.5485240590610019, -105.0669708772950059 40.5481604718366029, -105.0669702827990051 40.5481071901662986, -105.0669688812619995 40.5480731750295007, -105.0669667240740068 40.5480391570776035, -105.0669637749000032 40.5480051910738979, -105.0669600337430012 40.5479712770185969, -105.0669555365859935 40.5479374150455030, -105.0669502834309981 40.5479036051545023, -105.0669442381200014 40.5478698746603001, -105.0669374006539982 40.5478362235627969, -105.0669298428250045 40.5478026795789006, -105.0669214926680013 40.5477692424403031, -105.0669123501830029 40.5477359121465994, -105.0669024871630057 40.5477027164149035, -105.0668918676250030 40.5476696551109015, -105.0668804555880058 40.5476367281002013, -105.0668683226659965 40.5476039905484029, -105.0668554332309981 40.5475713874236021, -105.0668418229130054 40.5475389737572982, -105.0668274557310014 40.5475067494150991, -105.0668123316850000 40.5474747143967988, -105.0667964865850053 40.5474428962849984, -105.0667799206070043 40.5474112676306007, -105.0667626693829959 40.5473798834650978, -105.0667446609469948 40.5473487435198976, -105.0667259314599988 40.5473178204800035, -105.0667065165540066 40.5472871693769008, -105.0666534974340038 40.5472052271430030, -105.0664434512350027 40.5468359893242010)","{""name"": ""Frontage Road"", ""class"": ""residential"", ""names_lr"": [{""between"": [0.0, 1.0], ""value"": ""Frontage Road""}], ""subclass_lr"": [{""between"": [0.0, 1.0], ""value"": null}], ""level_lr"": [{""between"": [0.0, 1.0], ""value"": 0}], ""road_flags_lr"": [{""start"": 0.0, ""end"": 1.0, ""value"": []}]}","{""name"": ""STOVER ST"", ""class"": ""tertiary""}"
40ee25b6-7778-44a2-ac04-a9a2fc3d61f1,fc_street_9041,"LINESTRING (-105.0962231000000031 40.5365421999999995, -105.0960878000000065 40.5365460000000013)","LINESTRING (-105.0332748162440026 40.6010619861869984, -105.0334019655399942 40.6012572804914029, -105.0333992728180021 40.6012956057966008, -105.0333852805340058 40.6013324744693023, -105.0333607134240026 40.6013659768345008, -105.0333268439700021 40.6013943775780035, -105.0332052522330031 40.6014321107055025, -105.0330780071279975 40.6014567384811969, -105.0329475272340005 40.6014677927978980, -105.0328162926259949 40.6014650635424985, -105.0304101147430060 40.6014210646641018, -105.0303353946290059 40.6014044190289027, -105.0302648786710051 40.6013792833047020, -105.0302002162940056 40.6013462454383003, -105.0301429199979992 40.6013060782132982, -105.0300943299740055 40.6012597211739035, -105.0300555827640068 40.6012082586469987, -105.0300275846680051 40.6011528943779965, -105.0300109905540040 40.6010949233740988, -105.0300127401859953 40.6008433126501984)","{""name"": ""Arbor Avenue"", ""class"": ""residential"", ""names_lr"": [{""between"": [0.0, 1.0], ""value"": ""Arbor Avenue""}], ""subclass_lr"": [{""between"": [0.0, 1.0], ""value"": null}], ""level_lr"": [{""between"": [0.0, 1.0], ""value"": 0}], ""road_flags_lr"": [{""start"": 0.0, ""end"": 1.0, ""value"": []}]}","{""name"": ""RIDGESIDE LN"", ""class"": ""residential""}"
3587944f-9b85-4016-97aa-c64789ba715c,fc_street_2845,"LINESTRING (-105.1227169000000004 40.5815454000000031, -105.1227169000000004 40.5815395999999993, -105.1227164999999957 40.5814763999999997, -105.1227159000000029 40.5813975000000013, -105.1227159000000029 40.5813916999999975)","LINESTRING (-105.0505130777739993 40.6161813049693023, -105.0500452039919992 40.6159543600318003, -105.0496724465409955 40.6157785619853016, -105.0494868650730069 40.6156927517193012, -105.0492956215239957 40.6156080446320971, -105.0489208250940010 40.6154306991035980, -105.0487519805659957 40.6153578261144972, -105.0485736383020026 40.6152940565522016, -105.0485357141100025 40.6152825180806971, -105.0483696163949929 40.6152353200132978, -105.0481802614859959 40.6151810044581012, -105.0480628652520068 40.6151550758821998, -105.0474458631889974 40.6150065393391984, -105.0472514851760053 40.6149548652822006)","{""class"": ""footway"", ""names_lr"": [{""between"": [0.0, 1.0], ""value"": null}], ""subclass_lr"": [{""between"": [0.0, 0.037497131], ""value"": ""sidewalk""}, {""between"": [0.037497131, 0.962035761], ""value"": ""crosswalk""}, {""between"": [0.962035761, 1.0], ""value"": ""sidewalk""}], ""level_lr"": [{""between"": [0.0, 1.0], ""value"": 0}], ""road_flags_lr"": [{""start"": 0.0, ""end"": 1.0, ""value"": []}]}","{""name"": ""HILLSIDE DR"", ""class"": ""residential""}"
dc9e2a03-ee2d-4a2e-a3ea-769b8da9b0ee,fc_street_4142,"LINESTRING (-105.1078739000000013 40.5518654999999981, -105.1078763999999950 40.5518606999999989, -105.1079120999999930 40.5517911000000026, -105.1079478999999992 40.5517212000000029, -105.1079503999999929 40.5517163999999966)","LINESTRING (-105.1242075230180006 40.5623443544794000, -105.1242109176589992 40.5623034385398995, -105.1242120704580003 40.5622838160139025, -105.1242123236309993 40.5622641631306990, -105.1242116770259969 40.5622445073394005, -105.1242101664810065 40.5622248762050006, -105.1242077197109950 40.5622053243924015, -105.1242043728600066 40.5621858245689992, -105.1242001616149935 40.5621664317489987, -105.1241950858239989 40.5621471733808008, -105.1241890735060025 40.5621280492316032, -105.1241822323290052 40.5621091145481998, -105.1241745264549934 40.5620903417649998, -105.1241659554279977 40.5620718132283997, -105.1241565553909965 40.5620535016057033, -105.1241462898979933 40.5620354891267993, -105.1241352312340069 40.5620177211267006, -105.1241233789440059 40.5620002799512989, -105.1241106970369970 40.5619831654842997, -105.1240972934849935 40.5619663780744020, -105.1240830960030053 40.5619499723861026, -105.1240681405810022 40.5619339485358026, -105.1240524990490002 40.5619183342044991, -105.1240361352640065 40.5619031567244974, -105.1240190852170002 40.5618884162119002, -105.1240013487559963 40.5618741401151013, -105.1239829977090068 40.5618603561155027, -105.1239640322289972 40.5618470367639006, -105.1239444518590034 40.5618342644065990, -105.1239243287329970 40.5618220118272035, -105.1239036268590041 40.5618102789090003, -105.1238823819229964 40.5617991206656967, -105.1238595530900000 40.5617880121930980, -105.1228326178109995 40.5613084673437001)","{""class"": ""footway"", ""names_lr"": [{""between"": [0.0, 1.0], ""value"": null}], ""subclass_lr"": [{""between"": [0.0, 0.032059077], ""value"": null}, {""between"": [0.032059077, 0.967959151], ""value"": ""crosswalk""}, {""between"": [0.967959151, 1.0], ""value"": null}], ""level_lr"": [{""between"": [0.0, 1.0], ""value"": 0}], ""road_flags_lr"": [{""start"": 0.0, ""end"": 1.0, ""value"": []}]}","{""name"": ""DORSET DR"", ""class"": ""residential""}"
40557010-f385-499c-99c1-65e9977a9ba7,fc_street_2,"LINESTRING (-105.0727310000000045 40.4940909999999974, -105.0727279999999979 40.4946079999999995, -105.0727258999999947 40.4947847999999979)","LINESTRING (-105.0417522363629956 40.5498829828921998, -105.0417581873810065 40.5490045668918029)","{""class"": ""service"", ""names_lr"": [{""between"": [0.0, 1.0], ""value"": null}], ""subclass_lr"": [{""between"": [0.0, 1.0], ""value"": null}], ""level_lr"": [{""between"": [0.0, 1.0], ""value"": 0}], ""road_flags_lr"": [{""start"": 0.0, ""end"": 1.0, ""value"": []}]}","{""name"": ""SAGEBRUSH DR"", ""class"": ""residential""}"
230f3afc-6cae-41dc-8fb1-a1e1b28d65eb,fc_street_2973,"LINESTRING (-105.0843090000000046 40.5869921000000033, -105.0843109000000055 40.5870827999999975, -105.0843098999999938 40.5871274000000000)","LINESTRING (-105.0298731180109968 40.5796515800725999, -105.0298623377979936 40.5796486817660025, -105.0298516665420010 40.5796456466523026, -105.0298410324309941 40.5796424469918975, -105.0298305072769978 40.5796391105243970, -105.0298200550790000 40.5796356371044027, -105.0298096398360030 40.5796320265861965, -105.0297993695500054 40.5796282794065988, -105.0297891362189944 40.5796243951289028, -105.0297790116540000 40.5796204014927966, -105.0297689962360010 40.5796162436012011, -105.0297590537740007 40.5796119487571971, -105.0297492200780027 40.5796075445548965, -105.0297394953380063 40.5796030035456994, -105.0297298795550063 40.5795983257296982, -105.0297203727279935 40.5795935111068999, -105.0297109746669975 40.5795885871257980, -105.0297016855620029 40.5795835263380980, -105.0296925052229966 40.5795783561921013, -105.0296834338400060 40.5795730492394995, -105.0296745072240014 40.5795676330742978, -105.0296657253729933 40.5795621076966029, -105.0296570164790069 40.5795564453667978, -105.0296484881600065 40.5795507014185972, -105.0296429350610055 40.5795468086067004)","{""name"": ""North Sherwood Street"", ""class"": ""residential"", ""names_lr"": [{""between"": [0.0, 1.0], ""value"": ""North Sherwood Street""}], ""subclass_lr"": [{""between"": [0.0, 1.0], ""value"": null}], ""level_lr"": [{""between"": [0.0, 1.0], ""value"": 0}], ""road_flags_lr"": [{""start"": 0.0, ""end"": 1.0, ""value"": []}]}","{""name"": ""COUNTRYSIDE DR"", ""class"": ""residential""}"
33b1d306-d5ea-419f-a101-a2bab6d6401c,fc_street_5382,"LINESTRING (-105.0423604000000068 40.5550329000000005, -105.0424450000000007 40.5549826000000024, -105.0424498000000000 40.5547358000000031, -105.0424402999999955 40.5547100000000000, -105.0424246000000039 40.5546959999999999, -105.0423940999999957 40.5546939999999978, -105.0422403000000031 40.5546937000000014, -105.0421055999999993 40.5546932999999967, -105.0418702999999994 40.5546928999999992, -105.0417168000000032 40.5546924000000004, -105.0417003000000022 40.5546937000000014, -105.0416867999999937 40.5547009000000003, -105.0416764000000001 40.5547116999999986, -105.0416737000000040 40.5547303999999968, -105.0416692000000012 40.5549786999999995)","LINESTRING (-105.1013399960710046 40.5680651619266968, -105.1013617128800064 40.5680509352986007, -105.1013736644929963 40.5680446080354997, -105.1013861881259999 40.5680389415150984, -105.1013991756360042 40.5680339628157967, -105.1014125910299981 40.5680296718140028, -105.1014263619949958 40.5680261231604007, -105.1014404165439942 40.5680233166079987, -105.1014547186830015 40.5680212520335033, -105.1014691602690050 40.5680199565152009, -105.1014837053059949 40.5680194299299970, -105.1022683780239930 40.5680221165221013, -105.1024550620840046 40.5680869862574980, -105.1026287777470003 40.5681475292848006)","{""class"": ""footway"", ""names_lr"": [{""between"": [0.0, 1.0], ""value"": null}], ""subclass_lr"": [{""between"": [0.0, 1.0], ""value"": null}], ""level_lr"": [{""between"": [0.0, 1.0], ""value"": 0}], ""road_flags_lr"": [{""start"": 0.0, ""end"": 1.0, ""value"": []}]}","{""name"": ""W LAKE ST"", ""class"": ""residential""}"
d19f8077-d9cb-4717-a52e-42b9bae5cf74,fc_street_2604,"LINESTRING (-105.0924870000000055 40.5248780000000011, -105.0925940000000054 40.5248449999999991, -105.0926819999999964 40.5248050000000006, -105.0930359999999979 40.5246179999999967)","LINESTRING (-105.0755175558270054 40.5618776195469977, -105.0755330025509977 40.5604946389471976, -105.0755340644380027 40.5603999973442981)","{""name"": ""Wakerobin Lane"", ""class"": ""residential"", ""names_lr"": [{""between"": [0.0, 1.0], ""value"": ""Wakerobin Lane""}], ""subclass_lr"": [{""between"": [0.0, 1.0], ""value"": null}], ""level_lr"": [{""between"": [0.0, 1.0], ""value"": 0}], ""road_flags_lr"": [{""start"": 0.0, ""end"": 1.0, ""value"": []}]}","{""name"": ""REMINGTON ST"", ""class"": ""residential""}"
84804010-ae55-4093-8067-9296ccd2099a,fc_street_2974,"LINESTRING (-105.0496588999999972 40.5700951000000032, -105.0490850000000052 40.5700870000000009)","LINESTRING (-105.0588035580509967 40.6003678438051026, -105.0587840742809931 40.6003855841213976, -105.0587695056070032 40.6004058808510990, -105.0587604119139939 40.6004279539815016, -105.0587571426849962 40.6004509552313024, -105.0587546523340023 40.6006459013657022)","{""name"": ""Buckeye Street"", ""class"": ""residential"", ""names_lr"": [{""between"": [0.0, 1.0], ""value"": ""Buckeye Street""}], ""subclass_lr"": [{""between"": [0.0, 1.0], ""value"": null}], ""level_lr"": [{""between"": [0.0, 1.0], ""value"": 0}], ""road_flags_lr"": [{""start"": 0.0, ""end"": 1.0, ""value"": []}]}","{""name"": ""PIONEER TRAIL RD"", ""class"": ""residential""}"
665d1d15-bef4-43d9-b825-57f1994cb6db,fc_street_8550,"LINESTRING (-105.0789934000000017 40.5801209999999983, -105.0789965999999964 40.5797601000000014, -105.0789986999999996 40.5794283999999976, -105.0790010999999993 40.5790750999999972, -105.0790001999999959 40.5789357000000024, -105.0790003000000041 40.5789027000000004, -105.0790035999999930 40.5786908999999980, -105.0790039000000036 40.5786423999999997, -105.0790003999999982 40.5785815999999997, -105.0789998000000054 40.5785435000000021, -105.0789965999999964 40.5784729000000013, -105.0789975999999939 40.5782467000000011, -105.0789982999999950 40.5782138000000003, -105.0790049999999951 40.5780967000000032)","LINESTRING (-105.0407228941020037 40.6307898094878013, -105.0397826438260012 40.6307802282395016)","{""name"": ""South Mason Street"", ""class"": ""tertiary"", ""names_lr"": [{""between"": [0.0, 1.0], ""value"": ""South Mason Street""}], ""subclass_lr"": [{""between"": [0.0, 1.0], ""value"": null}], ""level_lr"": [{""between"": [0.0, 1.0], ""value"": 0}], ""road_flags_lr"": [{""start"": 0.0, ""end"": 1.0, ""value"": []}]}","{""name"": ""SKIFF LN"", ""class"": ""residential""}"
a1304b15-67f9-40a7-b74a-81c998ba1dfd,fc_street_4461,"LINESTRING (-105.1337149000000011 40.5725495000000009, -105.1336715000000055 40.5748971000000012, -105.1336553000000009 40.5749271999999976)","LINESTRING (-105.0529659355020016 40.5496840749926974, -105.0528344128530023 40.5496835691443991, -105.0525711876390034 40.5496825563087029, -105.0525317334039954 40.5496847376531022, -105.0525081876800044 40.5496864586840005, -105.0524847117460041 40.5496885093727002, -105.0524612699770017 40.5496908346832967, -105.0524378978149969 40.5496935171005006, -105.0524145598189989 40.5496964741396013, -105.0523913275939947 40.5496997609753009, -105.0523681653370005 40.5497033500203017, -105.0523450730489969 40.5497072412745965, -105.0523220867119960 40.5497114348768974, -105.0522992061449941 40.5497159582758968, -105.0522764315289947 40.5497207840229024, -105.0522537630470055 40.5497258846693995, -105.0522312003329972 40.5497313151127017, -105.0522087797360058 40.5497370205941010, -105.0521865010729954 40.5497430285625029, -105.0521643643450034 40.5497493390179002, -105.0521423695510066 40.5497559519603996, -105.0521205168719945 40.5497628399412022, -105.0520988421120023 40.5497700305478972, -105.0520773094660001 40.5497774961932009, -105.0520559907230052 40.5497852646033010, -105.0520348140940001 40.5497933080520028, -105.0520138515479971 40.5498016268169010, -105.0519930671009945 40.5498102207593973, -105.0519724967369939 40.5498190900181967, -105.0519521404550005 40.5498282345934982, -105.0519319622719934 40.5498376543467032, -105.0519120341549950 40.5498473495553000, -105.0515380268069947 40.5500174117772971, -105.0515111401069959 40.5500291113350002, -105.0514845091110061 40.5500402354335989, -105.0514575924139962 40.5500510290298024, -105.0514304623509929 40.5500614375034019, -105.0514030825719942 40.5500715156130980, -105.0513754894259932 40.5500812085998987, -105.0513476469299974 40.5500905163249001, -105.0513196268710061 40.5500994665144034, -105.0512913932639947 40.5501080590294976, -105.0512629822760005 40.5501162665600035, -105.0512343579249972 40.5501240889669035, -105.0512055921779933 40.5501315265279985, -105.0511766130669997 40.5501385789652034, -105.0511475285470055 40.5501452466952017, -105.0511182666480039 40.5501515294401003, -105.0510888635389932 40.5501573998897982, -105.0510593548389977 40.5501629130808965, -105.0510297049289932 40.5501680139766023, -105.0509999496109970 40.5501727301646966, -105.0509700890700060 40.5501770341963024, -105.0509401591060055 40.5501809536591011, -105.0509100879339996 40.5501844608262019, -105.0508799833269933 40.5501875835633996, -105.0508498094809937 40.5501902942828991, -105.0508195663980047 40.5501925929844020, -105.0507892898800009 40.5501945072560019, -105.0507589441269971 40.5501960095096976, -105.0507286011060017 40.5501971000235031, -105.0506982246530043 40.5501978061072990, -105.0506678509340048 40.5501981004511975, -105.0506374439659965 40.5501979829162025, -105.0505387315210015 40.5501986169299968)","{""class"": ""footway"", ""subclass"": ""sidewalk"", ""names_lr"": [{""between"": [0.0, 1.0], ""value"": null}], ""subclass_lr"": [{""between"": [0.0, 1.0], ""value"": ""sidewalk""}], ""level_lr"": [{""between"": [0.0, 1.0], ""value"": 0}], ""road_flags_lr"": [{""start"": 0.0, ""end"": 1.0, ""value"": []}]}","{""name"": ""LAKESHORE DR"", ""class"": ""residential""}"
67c67652-48d4-400e-88df-12260924be68,fc_street_167,"LINESTRING (-105.0729458999999935 40.5497141999999968, -105.0729455999999971 40.5497800999999995, -105.0729450999999983 40.5498596999999990)","LINESTRING (-104.9914498816350061 40.5232820513154977, -104.9914595563720070 40.5230620835874973, -104.9914624236230054 40.5229964636848976, -104.9914693325710005 40.5227663823122981, -104.9915083573660013 40.5224174466079035, -104.9915231898049939 40.5223631334687013, -104.9920317406679970 40.5204997594103986, -104.9920349585409980 40.5204879700602021)","{""class"": ""footway"", ""subclass"": ""crosswalk"", ""names_lr"": [{""between"": [0.0, 1.0], ""value"": null}], ""subclass_lr"": [{""between"": [0.0, 1.0], ""value"": ""crosswalk""}], ""level_lr"": [{""between"": [0.0, 1.0], ""value"": 0}], ""road_flags_lr"": [{""start"": 0.0, ""end"": 1.0, ""value"": []}]}","{""name"": ""OFF RAMP"", ""class"": ""motorway_link""}"
16e55751-bb41-4e26-8fbc-177653a1747f,fc_street_7533,"LINESTRING (-105.0769381000000067 40.5869686999999999, -105.0768156000000033 40.5869669000000002, -105.0762447999999978 40.5869651000000005, -105.0756288999999981 40.5869611000000035, -105.0755290000000031 40.5869603000000012)","LINESTRING (-105.0689657793309948 40.6083513521421011, -105.0689656600799964 40.6083531084384006, -105.0689652649110002 40.6083585967811018, -105.0689649057569994 40.6083640852571008, -105.0689645107620009 40.6083695461513017, -105.0689641516080002 40.6083750346274002, -105.0689637564390040 40.6083805229700019, -105.0689633972839943 40.6083860114460009, -105.0689630022900047 40.6083914723402017, -105.0689626431349950 40.6083969608162008, -105.0689622479650041 40.6084024491588025, -105.0689618888110033 40.6084079376347020, -105.0689614936409981 40.6084134259772966, -105.0689611346609951 40.6084188870049019, -105.0689607755069943 40.6084243754809009, -105.0689603803370034 40.6084298638234031, -105.0689600211819936 40.6084353522993027, -105.0689596261869951 40.6084408131933969, -105.0689592670319996 40.6084463016692965, -105.0689588718609997 40.6084517900117987, -105.0689585127060042 40.6084572784876983, -105.0689581175359990 40.6084627668302005, -105.0689577585559960 40.6084682278576992, -105.0689573633849960 40.6084737162001019, -105.0689570042300005 40.6084792046760015, -105.0689566090590006 40.6084846930183971, -105.0689562500780028 40.6084901540459029, -105.0689557332050015 40.6084977829618978, -105.0689544631530055 40.6085049150049997, -105.0689535639379955 40.6085103740309989, -105.0689527007379951 40.6085158331905021, -105.0689518735539991 40.6085212924833030, -105.0689510103530040 40.6085267516426001, -105.0689501471530036 40.6085322108019966, -105.0689492120960011 40.6085376422461977, -105.0689482768640062 40.6085431011386007, -105.0689472337599994 40.6085485321823967, -105.0689461187990048 40.6085539355109972, -105.0689448957920007 40.6085593384391998, -105.0689435287209932 40.6085647408336996, -105.0689420899680044 40.6085700880645035, -105.0689406150249994 40.6085754626102968, -105.0689391040660041 40.6085808370226005, -105.0689375931059999 40.6085862114347975, -105.0689360463060069 40.6085915582653030, -105.0689344633150029 40.6085969324105989, -105.0689328803230040 40.6086023065560013, -105.0689312975059977 40.6086076532527969, -105.0689296426580057 40.6086129996827978, -105.0689279878090048 40.6086183461127987, -105.0689262609290040 40.6086236922758985, -105.0689245340479943 40.6086290384388988, -105.0689228073420054 40.6086343571534982, -105.0689210086039935 40.6086396756013031, -105.0689191738510004 40.6086449939154974, -105.0689173030809940 40.6086503120962021, -105.0689154324859942 40.6086556028285983, -105.0689134898599946 40.6086608932940010, -105.0689115113920025 40.6086661561775983, -105.0689094967329993 40.6086714463760003, -105.0689074464080051 40.6086766815442033, -105.0689053598929945 40.6086819440274027, -105.0689032375360057 40.6086871789285979, -105.0689010791629983 40.6086924136963034, -105.0688989207900050 40.6086976484640019, -105.0688967263999984 40.6087028830982035, -105.0688944959949964 40.6087081175989013, -105.0688922655889996 40.6087133520995991, -105.0688899633269955 40.6087185588849024, -105.0688876250480064 40.6087237655367019, -105.0688852867690031 40.6087289721885014, -105.0688828766329976 40.6087341511249988, -105.0688804304810020 40.6087393299279000, -105.0688779124720043 40.6087444810154992, -105.0688753944619975 40.6087496321030983, -105.0688728045959976 40.6087547554752035, -105.0688701787139934 40.6087598787138973, -105.0688674809750012 40.6087649742371966, -105.0688647473940023 40.6087700421785982, -105.0688619417820036 40.6087751098529992, -105.0688590644879952 40.6087801223636973, -105.0688561510019952 40.6087851621892000, -105.0688532018509989 40.6087901469843970, -105.0688502166830034 40.6087951316460973, -105.0688472313400013 40.6088001437560990, -105.0688442821870012 40.6088051285509977, -105.0688412968430043 40.6088101406608004, -105.0688383114979985 40.6088151527704966, -105.0688353263279993 40.6088201374317990, -105.0688323049670032 40.6088251494078989, -105.0688293196210026 40.6088301615172966, -105.0688263344489997 40.6088351461783006, -105.0688233130869946 40.6088401581542016, -105.0688202917230001 40.6088451701298965, -105.0688173065509972 40.6088501547906020, -105.0688142851870026 40.6088551667662969, -105.0688112638219991 40.6088601787417005, -105.0688082066170068 40.6088651631351993, -105.0688051852509943 40.6088701751106029, -105.0688021280449931 40.6088751595040023, -105.0687991066780000 40.6088801714791003, -105.0687960494710040 40.6088851558723007, -105.0687929922629991 40.6088901402654017, -105.0687898990390039 40.6088951245249987, -105.0687868418300042 40.6089001089179007, -105.0687837486050000 40.6089050931772988, -105.0687806553790011 40.6089100774365974, -105.0687775621530022 40.6089150616957966, -105.0687744691019958 40.6089200185065025, -105.0687713398589977 40.6089250026319988, -105.0687682107910064 40.6089299593091013, -105.0687650817220060 40.6089349159859978, -105.0687619526530057 40.6089398726629014, -105.0687587875670062 40.6089448292062016, -105.0687556224820014 40.6089497857495019, -105.0687524575699996 40.6089547148442023, -105.0687492924830053 40.6089596713871970, -105.0687460915549991 40.6089646003483011, -105.0687428906269929 40.6089695293091992, -105.0687396898729986 40.6089744308217035, -105.0687364889439976 40.6089793597824027, -105.0687332521730042 40.6089842611612966, -105.0687300154019965 40.6089891625399986, -105.0687267426140039 40.6089940637850972, -105.0687235060169940 40.6089989377151994, -105.0687201972129969 40.6090038388266024, -105.0687169245990020 40.6090087126231012, -105.0687136161439952 40.6090135588375034, -105.0687103075139959 40.6090184325001999, -105.0687069990579943 40.6090232787145027, -105.0687036545849935 40.6090281247952021, -105.0687003101120069 40.6090329708757025, -105.0686969297979942 40.6090377893742982, -105.0686935494839958 40.6090426078727020, -105.0686901693439950 40.6090473989226979, -105.0686074869919935 40.6091639703544018)","{""name"": ""East Mountain Avenue"", ""class"": ""tertiary"", ""names_lr"": [{""between"": [0.0, 1.0], ""value"": ""East Mountain Avenue""}], ""subclass_lr"": [{""between"": [0.0, 1.0], ""value"": null}], ""level_lr"": [{""between"": [0.0, 1.0], ""value"": 0}], ""road_flags_lr"": [{""start"": 0.0, ""end"": 1.0, ""value"": []}]}","{""name"": ""BAYBERRY CIR"", ""class"": ""residential""}"
3d32dbf5-6b6b-41dc-b8c3-0017768a394d,fc_street_450,"LINESTRING (-105.0636367999999976 40.5132844999999975, -105.0636528999999939 40.5132607999999976, -105.0636578999999955 40.5132344000000018, -105.0636513000000036 40.5132082000000011, -105.0636338000000052 40.5131851000000012, -105.0636073000000010 40.5131676999999968, -105.0635747000000038 40.5131578000000019, -105.0635395999999986 40.5131566000000021, -105.0635060000000038 40.5131641999999985, -105.0634775000000047 40.5131797000000020, -105.0634586999999982 40.5131992000000025, -105.0634560999999962 40.5132047999999969)","LINESTRING (-105.0282350172799966 40.5500222394403025, -105.0279617643810042 40.5502152258518009, -105.0279488190829937 40.5502241767326979, -105.0279374666809957 40.5502317616040031, -105.0279259356940003 40.5502391536021989, -105.0279142617240069 40.5502464077708993, -105.0279024087869999 40.5502535239639030, -105.0278903770749963 40.5502604747324966, -105.0278782027619968 40.5502672327739973, -105.0278658854669942 40.5502738529856970, -105.0278534253809966 40.5502803079191025, -105.0278407865189934 40.5502865974277995, -105.0278280408510057 40.5502927218040981, -105.0278151164069982 40.5502986807556027, -105.0278020853489949 40.5503044471259031, -105.0277889474839981 40.5503100483635990, -105.0277756310349986 40.5503154567277022, -105.0277622437660057 40.5503207001054022, -105.0277487137049945 40.5503257782042965, -105.0274197916029948 40.5504461802031031)","{""name"": ""Highcastle Court"", ""class"": ""residential"", ""names_lr"": [{""between"": [0.0, 1.0], ""value"": ""Highcastle Court""}], ""subclass_lr"": [{""between"": [0.0, 1.0], ""value"": null}], ""level_lr"": [{""between"": [0.0, 1.0], ""value"": 0}], ""road_flags_lr"": [{""start"": 0.0, ""end"": 1.0, ""value"": []}]}","{""name"": ""TOPEKA LN"", ""class"": ""residential""}"
1c806163-88e1-48f4-aaae-ff1f1f87245b,fc_street_5781,"LINESTRING (-105.1261284999999930 40.5766180999999975, -105.1261281000000025 40.5766947999999985, -105.1261278000000061 40.5767552000000009, -105.1262306999999936 40.5767552000000009, -105.1263177999999954 40.5767552000000009, -105.1263191999999975 40.5766939000000022, -105.1263210999999984 40.5766155000000026)","LINESTRING (-105.0668190991009965 40.5507614581057965, -105.0661500676749966 40.5507589631711980, -105.0661553024479957 40.5502009074927017)","{""class"": ""footway"", ""subclass"": ""crosswalk"", ""names_lr"": [{""between"": [0.0, 1.0], ""value"": null}], ""subclass_lr"": [{""between"": [0.0, 1.0], ""value"": ""crosswalk""}], ""level_lr"": [{""between"": [0.0, 1.0], ""value"": 0}], ""road_flags_lr"": [{""start"": 0.0, ""end"": 1.0, ""value"": []}]}","{""name"": ""HEATHER CT"", ""class"": ""residential""}"
a3b49eac-97fb-45cb-8d0f-967d35043335,fc_street_4032,"LINESTRING (-105.0769671000000045 40.5504557000000005, -105.0769698999999946 40.5509940999999969)","LINESTRING (-105.0707455626440066 40.5560089849350973, -105.0705034374909985 40.5560930741209020, -105.0704846830689974 40.5560994280001026, -105.0704657500990038 40.5561055616212016, -105.0704467109059976 40.5561114203526003, -105.0704275293270058 40.5561170315098991, -105.0704082055380013 40.5561223676442992, -105.0703887751769940 40.5561274837862982, -105.0703692387679951 40.5561322975895990, -105.0703495957869933 40.5561368914002003, -105.0703298465849969 40.5561412103208028, -105.0703099911600020 40.5561452543511010, -105.0702900655009984 40.5561490236243003, -105.0702700334470023 40.5561525454559018, -105.0702499311589975 40.5561557925301983, -105.0702297584630003 40.5561587922960030, -105.0702095515219980 40.5561615174374026, -105.0701892385349936 40.5561639402395002, -105.0701688911280058 40.5561661158661977, -105.0701485094769936 40.5561680168682983, -105.0701280574189980 40.5561696705617010, -105.0701076072799935 40.5561710223148992, -105.0700871228969930 40.5561720994436996, -105.0700666040950040 40.5561729293968014, -105.0700460512250061 40.5561734572765999, -105.0700099886609991 40.5561737630940016, -105.0674994445339934 40.5561644231735983)","{""name"": ""South College Avenue"", ""class"": ""trunk"", ""names_lr"": [{""between"": [0.0, 1.0], ""value"": ""South College Avenue""}], ""subclass_lr"": [{""between"": [0.0, 1.0], ""value"": null}], ""level_lr"": [{""between"": [0.0, 1.0], ""value"": 0}], ""road_flags_lr"": [{""start"": 0.0, ""end"": 1.0, ""value"": []}]}","{""name"": ""TULANE DR"", ""class"": ""residential""}"
d7dd66ba-597b-4367-957b-ed7d8ec4cb40,fc_street_457,"LINESTRING (-105.1141140000000007 40.5278674999999993, -105.1141140999999948 40.5278617999999966, -105.1141156000000052 40.5278021000000024, -105.1141173000000038 40.5277338000000000, -105.1141173999999978 40.5277280999999974)","LINESTRING (-105.0318098107090066 40.5431599472232023, -105.0310505790360054 40.5429805505133984, -105.0310322939759970 40.5429762769556987, -105.0310141922469995 40.5429715100422996, -105.0309963456199966 40.5429662775123987, -105.0309787183060024 40.5429605517723033, -105.0309613820750059 40.5429543605611968, -105.0309443367389974 40.5429477313279989, -105.0309276184670040 40.5429406367693019, -105.0309112268810026 40.5429331317828030, -105.0308951983400050 40.5429251616163029, -105.0308795324649935 40.5429167811673992, -105.0308642652369997 40.5429079905817034, -105.0308493966550003 40.5428987898592013, -105.0308349625099993 40.5428892065940971, -105.0308209628030056 40.5428792407865970, -105.0308074694929985 40.5428688927273981, -105.0307944102400057 40.5428582170236993, -105.0307818571960041 40.5428471865172995, -105.0307698459580052 40.5428358562513012, -105.0307565548459934 40.5428222974010026, -105.0307364099130041 40.5428060482695969)","{""class"": ""footway"", ""names_lr"": [{""between"": [0.0, 1.0], ""value"": null}], ""subclass_lr"": [{""between"": [0.0, 0.040691514], ""value"": ""sidewalk""}, {""between"": [0.040691514, 0.959157121], ""value"": ""crosswalk""}, {""between"": [0.959157121, 1.0], ""value"": ""sidewalk""}], ""level_lr"": [{""between"": [0.0, 1.0], ""value"": 0}], ""road_flags_lr"": [{""start"": 0.0, ""end"": 1.0, ""value"": []}]}","{""name"": ""CREEKSTONE DR"", ""class"": ""residential""}"
95a74206-0bc8-4eda-bdfd-a548bdb44afe,fc_street_10687,"LINESTRING (-105.0860140000000058 40.5526381000000029, -105.0859561000000042 40.5527878999999984, -105.0859437999999955 40.5532072000000028, -105.0859523999999965 40.5534638000000029, -105.0859879000000063 40.5536433999999986, -105.0860612999999972 40.5538446999999991, -105.0861443000000008 40.5539951000000016, -105.0863475000000022 40.5542738999999983, -105.0863757000000049 40.5542950999999974, -105.0864459000000011 40.5543480999999986)","LINESTRING (-105.0925604385279968 40.5336789137873978, -105.0925607793670054 40.5336402385603023, -105.0925627987400048 40.5334482909008997, -105.0925633518599938 40.5332548832651014, -105.0925638998539995 40.5330623265380012, -105.0925642972750040 40.5329425655055005, -105.0925643828399956 40.5329343309376000, -105.0925625230849931 40.5329265287428981, -105.0925582856429941 40.5329192672035035, -105.0925519196990052 40.5329129863859023, -105.0925437828580016 40.5329080443877032, -105.0925343411479957 40.5329047173379990, -105.0925152089800036 40.5329035248265015, -105.0923645463060012 40.5328966007288969, -105.0920582972310058 40.5328998357406007)","{""name"": ""Research Boulevard"", ""class"": ""residential"", ""names_lr"": [{""between"": [0.0, 1.0], ""value"": ""Research Boulevard""}], ""subclass_lr"": [{""between"": [0.0, 1.0], ""value"": null}], ""level_lr"": [{""between"": [0.0, 1.0], ""value"": 0}], ""road_flags_lr"": [{""start"": 0.0, ""end"": 1.0, ""value"": []}]}","{""name"": ""CENTURY DR"", ""class"": ""residential""}"
8014cbae-c046-4765-b672-5b362f0835a8,fc_street_7334,"LINESTRING (-105.0290868000000017 40.5444266000000013, -105.0291196000000014 40.5444241000000005, -105.0291816999999952 40.5444414999999978, -105.0292922999999945 40.5444637000000014, -105.0293965999999983 40.5444798999999989, -105.0295078999999987 40.5444914999999995, -105.0296108000000004 40.5444965000000010, -105.0297235999999970 40.5444961999999975, -105.0298384000000027 40.5444894999999974, -105.0299420000000055 40.5444768999999994, -105.0300567999999970 40.5444578999999976, -105.0302010999999993 40.5444288999999998, -105.0303281999999996 40.5443963999999966, -105.0304110000000009 40.5443726999999967, -105.0305374000000000 40.5443337999999969, -105.0306321000000054 40.5442952000000005, -105.0306687000000068 40.5442956999999993)","LINESTRING (-105.0293796373969997 40.5989032782810995, -105.0293691791570012 40.6004207629164995)","{""class"": ""footway"", ""subclass"": ""sidewalk"", ""names_lr"": [{""between"": [0.0, 1.0], ""value"": null}], ""subclass_lr"": [{""between"": [0.0, 1.0], ""value"": ""sidewalk""}], ""level_lr"": [{""between"": [0.0, 1.0], ""value"": 0}], ""road_flags_lr"": [{""start"": 0.0, ""end"": 1.0, ""value"": []}]}","{""name"": ""N TIMBERLINE RD"", ""class"": ""primary""}"
a1f5efd8-1a4c-43aa-b551-37ec566e23b8,fc_street_3705,"LINESTRING (-105.0856160000000017 40.6106989999999968, -105.0858649999999983 40.6107009999999988, -105.0859350000000063 40.6107015999999987, -105.0859760000000023 40.6107020000000034, -105.0863425000000007 40.6107054000000005, -105.0867319999999978 40.6107089999999999, -105.0876889999999975 40.6107190000000031, -105.0886828999999949 40.6107532999999989, -105.0889968999999979 40.6107640999999973)","LINESTRING (-105.0275121416500070 40.5167635790350005, -105.0264241361730058 40.5167607690978002)","{""name"": ""West Willox Lane"", ""class"": ""secondary"", ""names_lr"": [{""between"": [0.0, 1.0], ""value"": ""West Willox Lane""}], ""subclass_lr"": [{""between"": [0.0, 1.0], ""value"": null}], ""level_lr"": [{""between"": [0.0, 1.0], ""value"": 0}], ""road_flags_lr"": [{""start"": 0.0, ""end"": 1.0, ""value"": []}]}","{""name"": ""HARVEST PARK LN"", ""class"": ""residential""}"
1a54b2a0-f9cf-4046-ac01-ea3ab268bf25,fc_street_8326,"LINESTRING (-105.0424548000000016 40.5021515999999977, -105.0424534999999935 40.5019208000000006, -105.0424531000000030 40.5018578999999974)","LINESTRING (-105.0600018724200027 40.5090904866527026, -105.0600366333750060 40.5089601495155023, -105.0600405700610054 40.5089465218851004, -105.0600430295200027 40.5089388452617030, -105.0600456686130002 40.5089311967683017, -105.0600484873399978 40.5089235764048965, -105.0600514855239993 40.5089160116205989, -105.0600546631620062 40.5089085024152027, -105.0600579844730049 40.5089010212035987, -105.0600614854169947 40.5088935681218985, -105.0600651658169937 40.5088861706192986, -105.0600689897100040 40.5088788285594035, -105.0600729930580002 40.5088715420785022, -105.0600771758609966 40.5088643111764029, -105.0600815381200022 40.5088571358533969, -105.0600860438720048 40.5088500159731026, -105.0600906931159955 40.5088429515354989, -105.0600955216380044 40.5088359701258014, -105.0601004936510066 40.5088290441589010, -105.0601056451200037 40.5088221737707030, -105.0601109399029980 40.5088153862742999, -105.0601164139630015 40.5088086818058031, -105.0601219955530041 40.5088020326437004, -105.0601277564190070 40.5087954665093974, -105.0601336607780070 40.5087889558176997, -105.0601397442350020 40.5087825556028989, -105.0601459352210014 40.5087762106944993, -105.0601522693440018 40.5087699761267004, -105.0601587469579954 40.5087637970014001, -105.0601654036709931 40.5087577283528972, -105.0601721677350042 40.5087517424598005, -105.0601790391509951 40.5087458393220032, -105.0601860896640005 40.5087400466608969, -105.0603221003029972 40.5086298016314998)","{""name"": ""Morning Dew Drive"", ""class"": ""residential"", ""names_lr"": [{""between"": [0.0, 1.0], ""value"": ""Morning Dew Drive""}], ""subclass_lr"": [{""between"": [0.0, 1.0], ""value"": null}], ""level_lr"": [{""between"": [0.0, 1.0], ""value"": 0}], ""road_flags_lr"": [{""start"": 0.0, ""end"": 1.0, ""value"": []}]}","{""name"": ""SCARLET IBIS LN"", ""class"": ""residential""}"
9bae15bd-0414-42aa-93f2-23ab25e34deb,fc_street_7548,"LINESTRING (-105.0294619999999952 40.5495298000000020, -105.0293249000000060 40.5495316000000017, -105.0292117000000047 40.5495269999999977, -105.0290775999999937 40.5495036000000013, -105.0289139000000063 40.5494381000000033, -105.0288191000000069 40.5493810999999980, -105.0287526999999983 40.5493278000000004, -105.0287182000000001 40.5492983999999979, -105.0286968000000059 40.5492800999999972, -105.0286447000000010 40.5492208000000005, -105.0286033999999944 40.5491614000000027, -105.0285551999999996 40.5490641999999966, -105.0285223000000059 40.5489687000000032, -105.0285054000000002 40.5488749000000013, -105.0285047999999932 40.5487729000000030)","LINESTRING (-105.0307214906439981 40.5457761964963979, -105.0306575696569951 40.5457264743108965, -105.0305046216320051 40.5455789465938992, -105.0302667479130037 40.5453494405010986)","{""class"": ""footway"", ""subclass"": ""sidewalk"", ""names_lr"": [{""between"": [0.0, 1.0], ""value"": null}], ""subclass_lr"": [{""between"": [0.0, 1.0], ""value"": ""sidewalk""}], ""level_lr"": [{""between"": [0.0, 1.0], ""value"": 0}], ""road_flags_lr"": [{""start"": 0.0, ""end"": 1.0, ""value"": []}]}","{""name"": ""SHAVANO CT"", ""class"": ""residential""}"
7b305032-ef98-49e5-b25a-c5d51c8518c1,fc_street_11164,"LINESTRING (-105.0067284000000001 40.5159717000000015, -105.0063119999999941 40.5159639999999968)","LINESTRING (-105.1012319179420018 40.5642233432946000, -105.1014227300219943 40.5642942678006975, -105.1014424483129943 40.5643013624177016, -105.1014671275450070 40.5643094896600971, -105.1014921347569953 40.5643169317883974, -105.1015175056160018 40.5643237438231026, -105.1015431326299989 40.5643298430479007, -105.1015690514680045 40.5643352844831995, -105.1015951904680037 40.5643400129848999, -105.1016215134749956 40.5643440558781023, -105.1016480566420057 40.5643473858373014, -105.1016746758379981 40.5643500298180015, -105.1017014433709988 40.5643519331690001, -105.1021893046259947 40.5643803115144976)","{""name"": ""Rock Creek Drive"", ""class"": ""residential"", ""names_lr"": [{""between"": [0.0, 1.0], ""value"": ""Rock Creek Drive""}], ""subclass_lr"": [{""between"": [0.0, 1.0], ""value"": null}], ""level_lr"": [{""between"": [0.0, 1.0], ""value"": 0}], ""road_flags_lr"": [{""start"": 0.0, ""end"": 1.0, ""value"": []}]}","{""name"": ""VILLAGE PARK CT"", ""class"": ""residential""}"
77789b27-b668-48ca-8c19-5990af5ab84e,fc_street_4138,"LINESTRING (-105.0423750000000069 40.5519400000000019, -105.0423890000000000 40.5498789999999971, -105.0417419999999993 40.5498759999999976)","LINESTRING (-105.0719529707100008 40.5842032556505998, -105.0710334376379933 40.5841979189826034)","{""name"": ""Adobe Drive"", ""class"": ""residential"", ""names_lr"": [{""between"": [0.0, 0.80681089], ""value"": ""Adobe Drive""}, {""between"": [0.80681089, 1.0], ""value"": ""Custer Drive""}], ""subclass_lr"": [{""between"": [0.0, 1.0], ""value"": null}], ""level_lr"": [{""between"": [0.0, 1.0], ""value"": 0}], ""road_flags_lr"": [{""start"": 0.0, ""end"": 1.0, ""value"": []}]}","{""name"": ""E OLIVE ST"", ""class"": ""residential""}"
4163b930-a3ba-4089-b3d5-a606b25f45e3,fc_street_2567,"LINESTRING (-105.1051101999999986 40.5428479999999993, -105.1051106000000033 40.5429271000000000, -105.1051108000000056 40.5429535999999970, -105.1051197000000030 40.5445532999999969, -105.1051197999999971 40.5446406000000010, -105.1051077999999990 40.5447170999999997, -105.1050707999999929 40.5448049999999967, -105.1050300999999934 40.5448665999999989, -105.1049777000000063 40.5449179000000015, -105.1049139999999937 40.5449696000000017, -105.1048401000000041 40.5450154999999981, -105.1047535000000011 40.5450529000000017, -105.1045732000000044 40.5450821000000019, -105.1041891999999933 40.5450810000000033)","LINESTRING (-105.1285238731690015 40.5799055036615997, -105.1274570287999950 40.5798702501310018, -105.1274909693970017 40.5785388268947997)","{""name"": ""Sam Houston Circle"", ""class"": ""residential"", ""names_lr"": [{""between"": [0.0, 0.842289422], ""value"": ""Sam Houston Circle""}, {""between"": [0.842289422, 1.0], ""value"": ""Sioux Boulevard""}], ""subclass_lr"": [{""between"": [0.0, 1.0], ""value"": null}], ""level_lr"": [{""between"": [0.0, 1.0], ""value"": 0}], ""road_flags_lr"": [{""start"": 0.0, ""end"": 1.0, ""value"": []}]}","{""name"": ""KIMBALL RD"", ""class"": ""residential""}"
ce99d40d-390c-4f82-9e5f-cce101d90092,fc_street_6641,"LINESTRING (-105.0232196999999985 40.5444500999999988, -105.0232079999999968 40.5444358000000022, -105.0232103999999964 40.5439807999999999, -105.0232022999999941 40.5438479000000029, -105.0231808999999998 40.5436791999999997, -105.0231318000000016 40.5435092000000026, -105.0230559000000028 40.5433458999999985, -105.0230011000000019 40.5432332000000031, -105.0229264999999970 40.5431012999999965, -105.0228524999999991 40.5429713999999990, -105.0227875000000068 40.5428364999999999, -105.0227366999999958 40.5426970999999980, -105.0227062999999958 40.5425657999999984, -105.0226961999999986 40.5424299000000019, -105.0226940999999954 40.5422506999999968, -105.0226956000000058 40.5420636999999999, -105.0226961999999986 40.5420441999999994)","LINESTRING (-105.0327093331540027 40.5340789263111034, -105.0327095710929939 40.5340653122449979, -105.0327096980239929 40.5340573523589001, -105.0327097530039993 40.5340493921834977, -105.0327098439589975 40.5340414321527973, -105.0327098629630029 40.5340334718327000, -105.0327099181319994 40.5340254842084988, -105.0327099011600041 40.5340175237436995, -105.0327099201639953 40.5340095634236022, -105.0327099393570052 40.5340015756545995, -105.0327099223849956 40.5339936151898002, -105.0327099415780054 40.5339856274207975, -105.0327099246059959 40.5339776669559981, -105.0327099436100013 40.5339697066358013, -105.0327099987789978 40.5339617190113017, -105.0327100177830033 40.5339537586910978, -105.0327100727620007 40.5339457985156031, -105.0327101637179936 40.5339378384845972, -105.0327102546730060 40.5339298784536979, -105.0327103816040051 40.5339219185673016, -105.0327105445119997 40.5339139588256003, -105.0327107433950005 40.5339059992285016, -105.0327109782529931 40.5338980397760977, -105.0327112490879955 40.5338900804683036, -105.0327115558980040 40.5338821213050977, -105.0327118984949948 40.5338741897353998, -105.0327123132330058 40.5338662310062006, -105.0327127637570044 40.5338582998704027, -105.0327132862330046 40.5338503690240017, -105.0327138446839967 40.5338424383220968, -105.0327144750870048 40.5338345079095035, -105.0327152134170063 40.5338265779309026, -105.0327160596740015 40.5338186483862017, -105.0327170498350000 40.5338107194200035, -105.0327181479230063 40.5338027908877976, -105.0327193899140070 40.5337948629341014, -105.0327207398320013 40.5337869354142981, -105.0327222334630051 40.5337790359220023, -105.0327238350210024 40.5337711368634999, -105.0327255445070023 40.5337632382389970, -105.0327273975159983 40.5337553950908003, -105.0327293584520021 40.5337475523763970, -105.0327314271250003 40.5337397375447992, -105.0327336395120028 40.5337319507406022, -105.0327359238490033 40.5337241642256032, -105.0327383515199955 40.5337164606358016, -105.0327408871179955 40.5337087574798005, -105.0327434946670024 40.5337010546130969, -105.0327462099539986 40.5336933796290992, -105.0327489971910069 40.5336857049342001, -105.0327518925439989 40.5336780032243027, -105.0327548954440005 40.5336703568460024, -105.0327580062720045 40.5336627109015026, -105.0327612608119949 40.5336550929842971, -105.0327646228989948 40.5336475303987029, -105.0327681286990043 40.5336399958403035, -105.0327717782110000 40.5336324893092979, -105.0327756070330025 40.5336250658479997, -105.0327795795670056 40.5336176704137969, -105.0327837312210022 40.5336103854981999, -105.0327880625630002 40.5336031287544998, -105.0327925730239969 40.5335959825291994, -105.0327972629829958 40.5335888919246017, -105.0328020604899990 40.5335818566514021, -105.0328068939709993 40.5335748215226985, -105.0328117632380014 40.5335678139871973, -105.0328166684790006 40.5335608065961992, -105.0328216454809933 40.5335538269429989, -105.0328266224820055 40.5335468472896991, -105.0328316712439971 40.5335398953741972, -105.0328367200049939 40.5335329434583969, -105.0328418405269986 40.5335260192805009, -105.0328469610469995 40.5335190951023989, -105.0328521173530021 40.5335121985175988, -105.0328573096330018 40.5335053020771028, -105.0328625378879934 40.5334984057808967, -105.0328678021169964 40.5334915096292008, -105.0328730661560002 40.5334846409259981, -105.0328783301939950 40.5334777722225965, -105.0328836661820020 40.5334709038081016, -105.0328889660030001 40.5334640626977034, -105.0328943017999990 40.5334572217317017, -105.0328996737599994 40.5334503534609993, -105.0329050455300006 40.5334435126390034, -105.0329104171089938 40.5334366992656001, -105.0329157888770055 40.5334298584430996, -105.0329211966190002 40.5334230177649033, -105.0329265681949948 40.5334162043906971, -105.0329319759350000 40.5334093637120034, -105.0329373834839970 40.5334025504818030, -105.0329427552459975 40.5333957096580022, -105.0329481629830042 40.5333888689784985, -105.0329535345530019 40.5333820556029991, -105.0329589422880048 40.5333752149229980, -105.0329643140459979 40.5333683740981030, -105.0329696858020014 40.5333615332730020, -105.0329750215829989 40.5333546923029999, -105.0329803573620069 40.5333478513326995, -105.0329856933289960 40.5333409829133018, -105.0329909931299994 40.5333341417980009, -105.0329962931199930 40.5333272732336027, -105.0330015571330051 40.5333204045242965, -105.0330068213339985 40.5333135083659002)","{""class"": ""footway"", ""subclass"": ""sidewalk"", ""names_lr"": [{""between"": [0.0, 1.0], ""value"": null}], ""subclass_lr"": [{""between"": [0.0, 1.0], ""value"": ""sidewalk""}], ""level_lr"": [{""between"": [0.0, 1.0], ""value"": 0}], ""road_flags_lr"": [{""start"": 0.0, ""end"": 1.0, ""value"": []}]}","{""name"": ""TOUCHSTONE CT"", ""class"": ""residential""}"
ea0e8a3c-b927-4b78-afba-8ee34842d0cb,fc_street_5535,"LINESTRING (-105.0285539999999997 40.5766343000000020, -105.0288785999999988 40.5766249999999999)","LINESTRING (-105.0207777633859934 40.5179858418840979, -105.0207839216620016 40.5181676122462022, -105.0207925397949964 40.5183677291930024, -105.0208043373939972 40.5187131508817018)","{""class"": ""unclassified"", ""names_lr"": [{""between"": [0.0, 1.0], ""value"": null}], ""subclass_lr"": [{""between"": [0.0, 1.0], ""value"": null}], ""level_lr"": [{""between"": [0.0, 1.0], ""value"": 0}], ""road_flags_lr"": [{""start"": 0.0, ""end"": 1.0, ""value"": []}]}","{""name"": ""INDIGO CIR S"", ""class"": ""residential""}"
1951b92b-191f-4a65-af20-14d7800f19d2,fc_street_6888,"LINESTRING (-105.0609072000000026 40.4993364999999983, -105.0609254999999962 40.4993613999999980, -105.0610398999999973 40.4994510000000005, -105.0611351000000013 40.4995254000000031, -105.0611913999999985 40.4995631999999972, -105.0612524000000008 40.4995972999999978, -105.0613222000000064 40.4996283999999989, -105.0614127000000053 40.4996646000000027, -105.0615092000000033 40.4996968000000024, -105.0616715000000028 40.4997314000000017, -105.0618197000000009 40.4997447000000008, -105.0619698999999940 40.4997472000000016, -105.0627695000000017 40.4997636000000014, -105.0627920999999958 40.4997607999999971, -105.0628097000000025 40.4997581000000011)","LINESTRING (-105.0719791215349943 40.5800898379071029, -105.0719919340550064 40.5780716239177011)","{""class"": ""footway"", ""subclass"": ""sidewalk"", ""names_lr"": [{""between"": [0.0, 1.0], ""value"": null}], ""subclass_lr"": [{""between"": [0.0, 1.0], ""value"": ""sidewalk""}], ""level_lr"": [{""between"": [0.0, 1.0], ""value"": 0}], ""road_flags_lr"": [{""start"": 0.0, ""end"": 1.0, ""value"": []}]}","{""name"": ""PETERSON ST"", ""class"": ""residential""}"
66deba92-01ea-4795-ab06-710f9197dc0b,fc_street_5976,"LINESTRING (-105.0413468999999935 40.5942900000000009, -105.0417742000000061 40.5942840000000018)","LINESTRING (-105.0833741195570070 40.5908115852954978, -105.0833832852540013 40.5921871494871027)","{""name"": ""Walhalla Court"", ""class"": ""residential"", ""names_lr"": [{""between"": [0.0, 1.0], ""value"": ""Walhalla Court""}], ""subclass_lr"": [{""between"": [0.0, 1.0], ""value"": null}], ""level_lr"": [{""between"": [0.0, 1.0], ""value"": 0}], ""road_flags_lr"": [{""start"": 0.0, ""end"": 1.0, ""value"": []}]}","{""name"": "" "", ""class"": ""service""}"
72f164a3-07de-4592-8f82-6b42eec07bec,fc_street_1632,"LINESTRING (-105.0379844999999932 40.5320103000000032, -105.0380011000000025 40.5319919000000013, -105.0380282999999935 40.5308400999999989, -105.0380207000000041 40.5308184000000011)","LINESTRING (-105.0740958591029965 40.4976446486202022, -105.0714598028989997 40.4976406079397009)","{""class"": ""footway"", ""subclass"": ""sidewalk"", ""names_lr"": [{""between"": [0.0, 1.0], ""value"": null}], ""subclass_lr"": [{""between"": [0.0, 1.0], ""value"": ""sidewalk""}], ""level_lr"": [{""between"": [0.0, 1.0], ""value"": 0}], ""road_flags_lr"": [{""start"": 0.0, ""end"": 1.0, ""value"": []}]}","{""name"": ""LYNN DR"", ""class"": ""residential""}"
ff9405ec-b78a-468a-a109-28ac1d52dbb1,fc_street_7348,"LINESTRING (-105.0581349999999929 40.5058521999999996, -105.0582074000000006 40.5057080999999997, -105.0581882999999976 40.5055669999999992, -105.0581212999999963 40.5052793999999992, -105.0578560000000010 40.5043837999999994, -105.0577861000000013 40.5040499999999994, -105.0577629000000002 40.5038315999999980, -105.0577602000000041 40.5038058000000021, -105.0577557000000013 40.5035336999999984, -105.0577746999999960 40.5032654999999977, -105.0578117999999961 40.5030355999999969, -105.0578782999999987 40.5027645999999990, -105.0581202999999988 40.5019817000000018, -105.0581672999999938 40.5017886999999988, -105.0582182999999930 40.5014881000000031, -105.0582413000000059 40.5012326000000016, -105.0582440000000020 40.5010848000000010)","LINESTRING (-105.0487709543489956 40.5235060939851977, -105.0487707676179951 40.5234801533012003, -105.0487633862129968 40.5224725286617016)","{""name"": ""South Lemay Avenue"", ""class"": ""secondary"", ""names_lr"": [{""between"": [0.0, 1.0], ""value"": ""South Lemay Avenue""}], ""subclass_lr"": [{""between"": [0.0, 1.0], ""value"": null}], ""level_lr"": [{""between"": [0.0, 1.0], ""value"": 0}], ""road_flags_lr"": [{""start"": 0.0, ""end"": 1.0, ""value"": []}]}","{""name"": ""MCMURRY AVE"", ""class"": ""tertiary""}"
7d445a1e-0bc3-4c3c-95d1-4b111fa2358b,fc_street_6640,"LINESTRING (-105.0230327999999957 40.5445883000000009, -105.0230102999999957 40.5445824000000030, -105.0227217000000053 40.5445822000000007, -105.0225975999999974 40.5445702000000026, -105.0225434000000035 40.5445613999999992, -105.0224625000000032 40.5445430999999985, -105.0223524999999967 40.5445095999999978, -105.0222107000000022 40.5444464999999994, -105.0220532999999961 40.5443339999999992, -105.0219376000000011 40.5442119000000005, -105.0218547000000058 40.5440589000000031, -105.0216968000000008 40.5434644999999989, -105.0216872000000023 40.5434181999999979, -105.0215412000000015 40.5428631999999993, -105.0215036999999967 40.5426878999999971, -105.0214794999999981 40.5424738999999974, -105.0214768000000021 40.5422435999999990, -105.0214801000000051 40.5420552000000001, -105.0214763000000033 40.5420421999999974)","LINESTRING (-105.0404017134680004 40.5904969770939985, -105.0401713787910012 40.5900891046885022)","{""class"": ""footway"", ""subclass"": ""sidewalk"", ""names_lr"": [{""between"": [0.0, 1.0], ""value"": null}], ""subclass_lr"": [{""between"": [0.0, 1.0], ""value"": ""sidewalk""}], ""level_lr"": [{""between"": [0.0, 1.0], ""value"": 0}], ""road_flags_lr"": [{""start"": 0.0, ""end"": 1.0, ""value"": []}]}","{""name"": ""INTERNATIONAL BLVD"", ""class"": ""tertiary""}"
2a2d7ff0-5642-46c9-bd8b-a915b69ec560,fc_street_8933,"LINESTRING (-105.1132941999999986 40.5307627999999980, -105.1133396999999974 40.5308270000000022, -105.1134026999999946 40.5308394999999990, -105.1138325000000009 40.5308983999999981, -105.1142155000000002 40.5309353999999971, -105.1145692000000054 40.5309454000000002, -105.1148457999999977 40.5309529000000026, -105.1151365999999996 40.5309092000000035)","LINESTRING (-105.0273355157730037 40.5763586839931989, -105.0271766069730006 40.5763442584489979, -105.0269831208349984 40.5763272490605971, -105.0267829934110040 40.5763127376653969, -105.0265600361200029 40.5762785616037007, -105.0263836985940031 40.5762546214451021, -105.0262072811169958 40.5762318335652026, -105.0259825285209985 40.5762022056703984, -105.0258018373299933 40.5761779998375971, -105.0255873715619970 40.5761497032413985, -105.0254241234640062 40.5761279011711977)","{""name"": ""Harmony Road"", ""class"": ""secondary"", ""names_lr"": [{""between"": [0.0, 1.0], ""value"": ""Harmony Road""}], ""subclass_lr"": [{""between"": [0.0, 1.0], ""value"": null}], ""level_lr"": [{""between"": [0.0, 1.0], ""value"": 0}], ""road_flags_lr"": [{""start"": 0.0, ""end"": 1.0, ""value"": []}]}","{""name"": ""CHERLY ST"", ""class"": ""residential""}"
84fc3695-f30f-47a5-a0fb-ce77aa19e1cc,fc_street_6509,"LINESTRING (-105.0958449999999971 40.5848651000000018, -105.0958444000000043 40.5849437999999978, -105.0958440999999937 40.5849910000000023, -105.0958387000000016 40.5853998999999988, -105.0958356999999950 40.5856819999999985)","LINESTRING (-105.0936910407690021 40.5401007915237983, -105.0945788499920042 40.5407309206440019, -105.0948186691509960 40.5408554168895989, -105.0949850797619973 40.5409033198071995, -105.0951600506450063 40.5409277280807032, -105.0961375390869961 40.5409326383000987)","{""name"": ""South Shields Street"", ""class"": ""secondary"", ""names_lr"": [{""between"": [0.0, 1.0], ""value"": ""South Shields Street""}], ""subclass_lr"": [{""between"": [0.0, 1.0], ""value"": null}], ""level_lr"": [{""between"": [0.0, 1.0], ""value"": 0}], ""road_flags_lr"": [{""start"": 0.0, ""end"": 1.0, ""value"": []}]}","{""name"": ""CUNNINGHAM DR"", ""class"": ""residential""}"
2c2f1033-caca-45d7-bbee-666ff892511a,fc_street_715,"LINESTRING (-105.0484124999999977 40.6138077999999965, -105.0475809999999939 40.6143412999999995)","LINESTRING (-105.0371844459429980 40.5580331695974010, -105.0370534477600017 40.5580325382498970, -105.0370266013040066 40.5580322666498034, -105.0370005490430003 40.5580316413632005, -105.0369744990370009 40.5580306866863012, -105.0369484876519977 40.5580293478648031, -105.0369225145119998 40.5580276797962966, -105.0368965796169931 40.5580256824808032, -105.0368707191450000 40.5580233286127978, -105.0368448969190069 40.5580206454979972, -105.0368191133150049 40.5580175782389034, -105.0367934397479956 40.5580142094682969, -105.0367678406049947 40.5580104841453988, -105.0367423156980067 40.5580064297192990, -105.0367169012049970 40.5580020188844017, -105.0366915609489951 40.5579972789463028, -105.0366663670960037 40.5579921827429999, -105.0366412832819947 40.5579867850287030, -105.0366163458709963 40.5579810310495006, -105.0365915186870041 40.5579749481106973, -105.0365668377189934 40.5579685363558013, -105.0365423027810010 40.5579618232336969, -105.0365179502349946 40.5579547539905008, -105.0364937437190065 40.5579473833802027, -105.0364697195969939 40.5579396566489976, -105.0364458773049989 40.5579316561430971, -105.0364222174080027 40.5579232995165029, -105.0363987395300001 40.5579146416667982, -105.0363754796590001 40.5579056827374984, -105.0363524018080028 40.5578964225853014, -105.0363295781420021 40.5578868340487020, -105.0363069364949951 40.5578769442892977, -105.0362774430469983 40.5578638156092026)","{""name"": ""Warren Drive"", ""class"": ""residential"", ""names_lr"": [{""between"": [0.0, 1.0], ""value"": ""Warren Drive""}], ""subclass_lr"": [{""between"": [0.0, 1.0], ""value"": null}], ""level_lr"": [{""between"": [0.0, 1.0], ""value"": 0}], ""road_flags_lr"": [{""start"": 0.0, ""end"": 1.0, ""value"": []}]}","{""name"": ""NANCY GRAY AVE"", ""class"": ""tertiary""}"
d3413dbf-526d-4958-9e56-7dc39575ee1d,fc_street_6121,"LINESTRING (-104.9607096999999953 40.5025114000000031, -104.9612520000000018 40.5025278000000029, -104.9618870999999984 40.5025235000000023)","LINESTRING (-105.0760537562090065 40.5174740247393999, -105.0760827811359945 40.5163832797087977, -105.0760762131370001 40.5163752953322032, -105.0760754717349954 40.5163673322142017, -105.0760748382329979 40.5163593694896988, -105.0760742770089990 40.5163513521295968, -105.0760737875459938 40.5163433624809031, -105.0760733342220021 40.5163353455143991, -105.0760728807260023 40.5163273559969994, -105.0760724274019964 40.5163193390305025, -105.0760719019729947 40.5163113492505005, -105.0760713405770019 40.5163033593392967, -105.0760706711100028 40.5162953964834998, -105.0760698577770000 40.5162874331026970, -105.0760689363719962 40.5162794967774005, -105.0760677988239991 40.5162716145627968, -105.0760665174099984 40.5162637318232015, -105.0760649838859990 40.5162559030630973, -105.0760631984239950 40.5162481008335007, -105.0760611608530013 40.5162403525833028, -105.0760587992400019 40.5162326580501997, -105.0760562937609990 40.5162249629920979, -105.0760536800380009 40.5162173224383011, -105.0760509945559988 40.5162096541729966, -105.0760482369680062 40.5162020130941016, -105.0760454072769932 40.5161943992018010, -105.0760424698579953 40.5161867574665990, -105.0760394961289990 40.5161791704982974, -105.0760364506400037 40.5161715558183033, -105.0760333690130039 40.5161639684559987, -105.0760302152820032 40.5161564082802030, -105.0760269897910035 40.5161488203928002, -105.0760237281610046 40.5161412598231010, -105.0760203945999933 40.5161336989908989, -105.0760170608670023 40.5161261656075027, -105.0760136552020043 40.5161186319615965, -105.0760102497099950 40.5161110708665007, -105.0760067719409960 40.5161035644068974, -105.0760032943450000 40.5160960304981970, -105.0759997807840023 40.5160884964580035, -105.0759962310850000 40.5160809897355989, -105.0759926813859977 40.5160734830131020, -105.0759891316889991 40.5160659762903990, -105.0759855460249952 40.5160584694363024, -105.0759819603629950 40.5160509625820993, -105.0759783747009948 40.5160434557279032, -105.0759748250069947 40.5160359490047028, -105.0759712393469982 40.5160284421501018, -105.0759676536870018 40.5160209352955007, -105.0759641039950054 40.5160134285719025, -105.0759605543040038 40.5160059218481976, -105.0759570405799934 40.5159984152557016, -105.0759535268559972 40.5159909086630989, -105.0759500491000011 40.5159834022015986, -105.0759466073120052 40.5159758958712004, -105.0759431656949943 40.5159683620916979, -105.0759397598749985 40.5159608558924020, -105.0759363180879973 40.5159533495616984, -105.0759328764739990 40.5159458157817980, -105.0759293987230052 40.5159383093196013, -105.0759259569379935 40.5159308029885992, -105.0759225151549998 40.5159232966573981, -105.0759190735440001 40.5159157628770004, -105.0759156317620011 40.5159082565456004, -105.0759121899809969 40.5159007502141009, -105.0759087122339963 40.5158932437512007, -105.0759052704540011 40.5158857374195023, -105.0759018288480036 40.5158782036385006, -105.0758983511030067 40.5158706971753020, -105.0758949093259957 40.5158631908431985, -105.0758914315830026 40.5158556843797015, -105.0758879898070006 40.5158481780472997, -105.0758845120650022 40.5158406715835966, -105.0758810702910040 40.5158331652511023, -105.0758775925509951 40.5158256587871008, -105.0758741149840034 40.5158181248739027, -105.0758706732119947 40.5158106185410034, -105.0758671954740038 40.5158031120767035, -105.0758637177369934 40.5157956056122970, -105.0758602759679974 40.5157880992789998, -105.0758567982319960 40.5157805928143020, -105.0758533204979983 40.5157730863494976, -105.0758498427640006 40.5157655798846008, -105.0758463650309977 40.5157580734194980, -105.0758429232650002 40.5157505670857034, -105.0758394455340010 40.5157430606205011, -105.0758359678030018 40.5157355541550999, -105.0758324900729974 40.5157280476895991, -105.0758290123440020 40.5157205412238994, -105.0758255346160013 40.5157130347581997, -105.0758220567160066 40.5157055557413983, -105.0758185789890007 40.5156980492754002, -105.0758151012630037 40.5156905428093026, -105.0758116235380015 40.5156830363430984, -105.0758081458129993 40.5156755298768019, -105.0758046680900009 40.5156680234102993, -105.0758011543999970 40.5156605168125026, -105.0757976766779933 40.5156530103458010, -105.0757941989569986 40.5156455038790000, -105.0757907212360038 40.5156379974120000, -105.0757872433439957 40.5156305183940972, -105.0757837296589940 40.5156230117955971, -105.0757802519400030 40.5156155053282987, -105.0757767742230016 40.5156079988609008, -105.0757732965060001 40.5156004923934034, -105.0757697828239969 40.5155929857944983, -105.0757663051089992 40.5155854793267025, -105.0757628272219932 40.5155780003078974, -105.0757593495080044 40.5155704938399026, -105.0757558358289998 40.5155629872405001, -105.0757523581170005 40.5155554807721998, -105.0757488444399996 40.5155479741725983, -105.0757453667289951 40.5155404677040991, -105.0757418888470056 40.5155329886845976, -105.0757383751719942 40.5155254820844988, -105.0757348974629934 40.5155179756157011, -105.0757314197559964 40.5155104691467969, -105.0757279060830029 40.5155029625463001, -105.0757244282050067 40.5154954835263013, -105.0757209145340028 40.5154879769255984, -105.0757174368289952 40.5154804704561968, -105.0757139591260056 40.5154729639867028, -105.0757104454570054 40.5154654573857016, -105.0757069675819935 40.5154579783649993, -105.0757034539149970 40.5154504717636996, -105.0756999762139969 40.5154429652938006, -105.0756964625479952 40.5154354586922025, -105.0756929848489989 40.5154279522219980, -105.0756894710130069 40.5154204730693976, -105.0756859933150054 40.5154129665989018, -105.0756825156189933 40.5154054601282994, -105.0756790019569991 40.5153979535261968, -105.0756755240889930 40.5153904745044002, -105.0756720104290025 40.5153829679020987, -105.0756685327349942 40.5153754614309989, -105.0756650190759984 40.5153679548284984, -105.0756615413839938 40.5153604483571996, -105.0756580275549936 40.5153529692034979, -105.0756545498639980 40.5153454627319007, -105.0756510721750061 40.5153379562601970, -105.0756475585200036 40.5153304496570001, -105.0756440808309975 40.5153229431850974, -105.0756405670060047 40.5153154640307989, -105.0756370893190024 40.5153079575586972, -105.0756335756669984 40.5153004509550030, -105.0756300979819997 40.5152929444827024, -105.0756266202979958 40.5152854380101033, -105.0756231064760016 40.5152779588552008, -105.0756196287930067 40.5152704523825022, -105.0756161511110065 40.5152629459095976, -105.0756126374640047 40.5152554393052000, -105.0756091597829993 40.5152479328320965, -105.0756056821039977 40.5152404263590000, -105.0756021682870056 40.5152329472033017, -105.0755986906080039 40.5152254407298003, -105.0755952129310060 40.5152179342561993, -105.0755916992890064 40.5152104276511977, -105.0755882216130033 40.5152029211773979, -105.0755847439379949 40.5151954147033990, -105.0755812660910067 40.5151879356783979, -105.0755777884180020 40.5151804292042996, -105.0755742747790009 40.5151729225986017, -105.0755707971070052 40.5151654161241979, -105.0755673194360043 40.5151579096497017, -105.0755638417650033 40.5151504031749994, -105.0755603640960061 40.5151428967001976, -105.0755568864269947 40.5151353902254030, -105.0755513502769958 40.5151234842768986, -105.0755376944899950 40.5150872282223986)","{""name"": ""Summerfields Parkway"", ""class"": ""residential"", ""names_lr"": [{""between"": [0.0, 1.0], ""value"": ""Summerfields Parkway""}], ""subclass_lr"": [{""between"": [0.0, 1.0], ""value"": null}], ""level_lr"": [{""between"": [0.0, 1.0], ""value"": 0}], ""road_flags_lr"": [{""start"": 0.0, ""end"": 1.0, ""value"": []}]}","{""name"": ""SNEAD DR"", ""class"": ""residential""}"
a46aab9e-fcbe-4ae2-9176-92a045e5e22f,fc_street_7141,"LINESTRING (-105.0760429999999985 40.5174796000000015, -105.0760585000000020 40.5169026000000017, -105.0760681999999946 40.5165497999999999, -105.0760729999999938 40.5163769999999985, -105.0760559999999941 40.5162570000000031, -105.0760199999999998 40.5161500000000032, -105.0759440000000069 40.5159859999999981, -105.0757684000000012 40.5156072999999992, -105.0755635999999953 40.5151656999999972, -105.0755347000000057 40.5151042999999973, -105.0753291000000047 40.5146526999999992, -105.0753165999999936 40.5146084000000002, -105.0753124000000014 40.5145704999999978, -105.0753165999999936 40.5145168000000027, -105.0753291000000047 40.5144550999999993, -105.0753499000000062 40.5144045999999989, -105.0753768999999949 40.5143650999999991, -105.0755967000000055 40.5141113999999973, -105.0756286999999958 40.5140743999999984)","LINESTRING (-105.0843552570320014 40.5781597821852031, -105.0861531669760041 40.5781744561857991)","{""name"": ""Snead Drive"", ""class"": ""residential"", ""names_lr"": [{""between"": [0.0, 1.0], ""value"": ""Snead Drive""}], ""subclass_lr"": [{""between"": [0.0, 1.0], ""value"": null}], ""level_lr"": [{""between"": [0.0, 1.0], ""value"": 0}], ""road_flags_lr"": [{""start"": 0.0, ""end"": 1.0, ""value"": []}]}","{""name"": ""W LAUREL ST"", ""class"": ""primary""}"
87d3426b-9152-44a6-b531-030f032f44c2,fc_street_6997,"LINESTRING (-105.1063438999999988 40.5208753000000002, -105.1065530000000052 40.5212069999999969, -105.1065909999999946 40.5212950000000021, -105.1066090000000059 40.5213620000000034, -105.1066579999999959 40.5217409999999987)","LINESTRING (-105.0738819135900002 40.5986807923540027, -105.0738771384740033 40.5990098072131005)","{""name"": ""Prairie Ridge Drive"", ""class"": ""residential"", ""names_lr"": [{""between"": [0.0, 1.0], ""value"": ""Prairie Ridge Drive""}], ""subclass_lr"": [{""between"": [0.0, 1.0], ""value"": null}], ""level_lr"": [{""between"": [0.0, 1.0], ""value"": 0}], ""road_flags_lr"": [{""start"": 0.0, ""end"": 1.0, ""value"": []}]}","{""name"": "" "", ""class"": ""service""}"
4345eed6-2214-4b6d-a693-210cb94a856b,fc_street_11181,"LINESTRING (-105.0425737999999996 40.5018579999999986, -105.0426968999999957 40.5018580999999998, -105.0431370999999956 40.5018584999999973)","LINESTRING (-105.0599625569380038 40.5968764402413029, -105.0599646704129952 40.5979063018957973)","{""name"": ""Rosen Drive"", ""class"": ""residential"", ""names_lr"": [{""between"": [0.0, 1.0], ""value"": ""Rosen Drive""}], ""subclass_lr"": [{""between"": [0.0, 1.0], ""value"": null}], ""level_lr"": [{""between"": [0.0, 1.0], ""value"": 0}], ""road_flags_lr"": [{""start"": 0.0, ""end"": 1.0, ""value"": []}]}","{""name"": "" "", ""class"": ""service""}"
68a3f6ec-a0c5-4fe8-930e-d8f59ac6dbad,fc_street_2878,"LINESTRING (-105.1195670000000035 40.5650696000000011, -105.1194109999999995 40.5650229999999965, -105.1192659999999961 40.5649980000000028, -105.1190849999999983 40.5649769999999990, -105.1188300000000027 40.5649680000000004, -105.1176750000000055 40.5650710000000032)","LINESTRING (-105.0596389412110057 40.5404841724530982, -105.0598491092810036 40.5402010577700977, -105.0598567698440036 40.5401904912506978, -105.0598686132010045 40.5401729958321013, -105.0598796671520034 40.5401551680283987, -105.0598898593810020 40.5401370624651989, -105.0598992616679936 40.5401187068639004, -105.0599078020560029 40.5401001009524009, -105.0599154803660014 40.5400812721795987, -105.0599222964220019 40.5400622479945980, -105.0599282498649956 40.5400430832954015, -105.0599333048970010 40.5400237504968999, -105.0599374613399988 40.5400042770481974, -105.0599407546369974 40.5399847454321005, -105.0599431491669975 40.5399651006149000, -105.0599446443959977 40.5399454249431983, -105.0599452043459934 40.5399257182808981, -105.0599537144859994 40.5386948572363011)","{""name"": ""Cedarwood Drive"", ""class"": ""residential"", ""names_lr"": [{""between"": [0.0, 1.0], ""value"": ""Cedarwood Drive""}], ""subclass_lr"": [{""between"": [0.0, 1.0], ""value"": null}], ""level_lr"": [{""between"": [0.0, 1.0], ""value"": 0}], ""road_flags_lr"": [{""start"": 0.0, ""end"": 1.0, ""value"": []}]}","{""name"": ""WINSLOW DR"", ""class"": ""residential""}"
84268477-2c33-437d-b57d-ca800605d51d,fc_street_7127,"LINESTRING (-105.0257605000000041 40.5386051999999992, -105.0257203999999973 40.5385940000000033, -105.0254865999999936 40.5386146999999966, -105.0252545000000026 40.5386525999999989, -105.0250908000000010 40.5386870999999971, -105.0248981000000015 40.5387217999999976, -105.0247355000000056 40.5387399000000030, -105.0245787000000064 40.5387471000000019, -105.0244009000000034 40.5387409000000005, -105.0242480000000000 40.5387294000000011, -105.0241379999999936 40.5387223000000034, -105.0240897000000047 40.5387295000000023)","LINESTRING (-104.9602087119060059 40.5070140327721973, -104.9601846411249966 40.5070064819868989, -104.9592325401669939 40.5066988142569997)","{""class"": ""footway"", ""subclass"": ""sidewalk"", ""names_lr"": [{""between"": [0.0, 1.0], ""value"": null}], ""subclass_lr"": [{""between"": [0.0, 1.0], ""value"": ""sidewalk""}], ""level_lr"": [{""between"": [0.0, 1.0], ""value"": 0}], ""road_flags_lr"": [{""start"": 0.0, ""end"": 1.0, ""value"": []}]}","{""name"": ""SIENNA DR"", ""class"": ""tertiary""}"
5fe9d37c-459a-457e-8236-44d487bfb7c1,fc_street_10249,"LINESTRING (-105.0751477000000023 40.5869605999999976, -105.0749964000000034 40.5869610000000023, -105.0742599999999953 40.5869625999999997, -105.0742063999999942 40.5869612999999987, -105.0740931999999930 40.5869606999999988)","LINESTRING (-105.0564343235800067 40.5090619328716031, -105.0549531310840052 40.5090666167709017, -105.0549129791809975 40.5090691255800976, -105.0548728596269967 40.5090721834950998, -105.0548328085649956 40.5090757632045992, -105.0547928977379968 40.5090798924332987, -105.0547530554009938 40.5090845434567015, -105.0547133175149952 40.5090897164127028, -105.0546737200420040 40.5090954114390982, -105.0546342268389992 40.5091016558476014, -105.0545949100099961 40.5091084224646991, -105.0545557697350034 40.5091156838415003, -105.0545167696890019 40.5091234947385033, -105.0544779461960019 40.5091318003956999, -105.0544393708180024 40.5091406559871032, -105.0544009719910008 40.5091500063389987, -105.0543627856770001 40.5091598515894020, -105.0543248116940021 40.5091702191878014, -105.0542871221479970 40.5091810819612022, -105.0542496808940029 40.5091924672207995, -105.0542124882939987 40.5092043200687968, -105.0541755799479944 40.5092166955416033, -105.0541174703059966 40.5092373618188972, -105.0540917514230017 40.5092490116153030, -105.0540663178829988 40.5092610193485001, -105.0540411698659966 40.5092733575693984, -105.0540163073719953 40.5092860262784029, -105.0539917663640068 40.5092990256137000, -105.0539674749149981 40.5093123552993006, -105.0539435410949949 40.5093259883005032, -105.0539198927980067 40.5093399517905013, -105.0538965661669977 40.5093542184583981, -105.0538735610199979 40.5093688157534970, -105.0538509136829930 40.5093836889160031, -105.0538285878310063 40.5093988927060025, -105.0538066557499945 40.5094143725019009, -105.0537710581960056 40.5094406424704019, -105.0531716619720015 40.5098254629615013)","{""name"": ""East Mountain Avenue"", ""class"": ""tertiary"", ""names_lr"": [{""between"": [0.0, 1.0], ""value"": ""East Mountain Avenue""}], ""subclass_lr"": [{""between"": [0.0, 1.0], ""value"": null}], ""level_lr"": [{""between"": [0.0, 1.0], ""value"": 0}], ""road_flags_lr"": [{""start"": 0.0, ""end"": 1.0, ""value"": []}]}","{""name"": ""SOUTHRIDGE GREENS BLVD"", ""class"": ""tertiary""}"
341cdd97-f5cf-4ce7-aab5-a2f061f8d09f,fc_street_8372,"LINESTRING (-105.0755180000000024 40.5780141999999984, -105.0754914999999983 40.5780334000000025)","LINESTRING (-105.0468781661100053 40.6293845582869011, -105.0466972457749932 40.6293128228859999, -105.0466378969019985 40.6292876681160990, -105.0461701981139981 40.6291571648903016, -105.0460813690729935 40.6291386821498008, -105.0459897260799949 40.6291318393649021, -105.0445066283469941 40.6291169383736985)","{""class"": ""residential"", ""names_lr"": [{""between"": [0.0, 1.0], ""value"": null}], ""subclass_lr"": [{""between"": [0.0, 1.0], ""value"": null}], ""level_lr"": [{""between"": [0.0, 1.0], ""value"": 0}], ""road_flags_lr"": [{""start"": 0.0, ""end"": 1.0, ""value"": []}]}","{""name"": ""TRUNNEL LN"", ""class"": ""residential""}"
42a1c01d-0fbd-404a-8d67-e86cf4e25df0,fc_street_8722,"LINESTRING (-105.0754876000000024 40.5781394999999989, -105.0755134999999996 40.5781604000000016)","LINESTRING (-105.0363932357019934 40.5916783771800027, -105.0365539649319970 40.5920367906750030)","{""class"": ""residential"", ""names_lr"": [{""between"": [0.0, 1.0], ""value"": null}], ""subclass_lr"": [{""between"": [0.0, 1.0], ""value"": null}], ""level_lr"": [{""between"": [0.0, 1.0], ""value"": 0}], ""road_flags_lr"": [{""start"": 0.0, ""end"": 1.0, ""value"": []}]}","{""name"": ""PILSNER ST"", ""class"": ""service""}"
be3f722c-8b85-4967-9775-40e9e4e0de27,fc_street_8464,"LINESTRING (-105.0280041999999980 40.5514809000000014, -105.0279038999999983 40.5513298999999989, -105.0278098000000000 40.5511904999999970, -105.0277174999999943 40.5510474000000016, -105.0275725000000051 40.5508292000000026, -105.0274751999999978 40.5506796000000023, -105.0273801000000020 40.5505351999999988, -105.0273688999999990 40.5505183000000002, -105.0273363999999958 40.5504669000000035, -105.0273173000000071 40.5504365999999976)","LINESTRING (-105.1024087567510037 40.5897980542195995, -105.1029689217709944 40.5898021086222016)","{""class"": ""footway"", ""names_lr"": [{""between"": [0.0, 1.0], ""value"": null}], ""subclass_lr"": [{""between"": [0.0, 0.922421082], ""value"": ""sidewalk""}, {""between"": [0.922421082, 1.0], ""value"": ""crosswalk""}], ""level_lr"": [{""between"": [0.0, 1.0], ""value"": 0}], ""road_flags_lr"": [{""start"": 0.0, ""end"": 1.0, ""value"": []}]}","{""name"": ""LELAND AVE"", ""class"": ""residential""}"
fbd8b63b-34f3-4514-8f6d-f86fcf1c9c4e,fc_street_5349,"LINESTRING (-105.0502204999999947 40.5813203000000016, -105.0502290000000016 40.5811537000000015)","LINESTRING (-105.1013043090499934 40.5363095878933990, -105.1013065411549974 40.5362849184290965, -105.1013119672030030 40.5362372023210966, -105.1013185082140069 40.5361895449360006, -105.1013620025420039 40.5358969723921021)","{""name"": ""South Link Lane"", ""class"": ""residential"", ""names_lr"": [{""between"": [0.0, 1.0], ""value"": ""South Link Lane""}], ""subclass_lr"": [{""between"": [0.0, 1.0], ""value"": null}], ""level_lr"": [{""between"": [0.0, 1.0], ""value"": 0}], ""road_flags_lr"": [{""start"": 0.0, ""end"": 1.0, ""value"": []}]}","{""name"": ""KUNZ CT"", ""class"": ""residential""}"
119a8a80-bd75-48cb-93cf-9c8c051e4e75,fc_street_8806,"LINESTRING (-105.0756822000000028 40.5780346000000023, -105.0756559999999951 40.5780150000000006)","LINESTRING (-105.1406706894290011 40.5724968698615029, -105.1411215945880002 40.5725435534723005, -105.1411465278749944 40.5725459635991967, -105.1411714989090029 40.5725480444465987, -105.1411965436849982 40.5725497961257986, -105.1412215902099945 40.5725512184146027, -105.1412467106229940 40.5725522840861998, -105.1412717966420018 40.5725530477050000, -105.1412969205509995 40.5725534545955995, -105.1413220462069944 40.5725535320956965, -105.1413471736109955 40.5725532802052982, -105.1413723029070013 40.5725526714755986, -105.1413973978069976 40.5725517606932016, -105.1414321089039987 40.5725499188344969, -105.1418370308620069 40.5725247879985034)","{""class"": ""residential"", ""names_lr"": [{""between"": [0.0, 1.0], ""value"": null}], ""subclass_lr"": [{""between"": [0.0, 1.0], ""value"": null}], ""level_lr"": [{""between"": [0.0, 1.0], ""value"": 0}], ""road_flags_lr"": [{""start"": 0.0, ""end"": 1.0, ""value"": []}]}","{""name"": ""CONEFLOWER DR"", ""class"": ""residential""}"
80339c1d-c480-4f8d-aac6-d1340701fa4b,fc_street_7188,"LINESTRING (-105.0689571000000058 40.5458598000000023, -105.0689732000000021 40.5458868999999993, -105.0689749000000006 40.5459213999999974, -105.0689765999999992 40.5460118000000023, -105.0689856999999989 40.5461306999999991, -105.0690031999999974 40.5462423999999970, -105.0690290000000005 40.5463811999999990, -105.0690469000000036 40.5464628000000005, -105.0690938999999986 40.5465941000000001, -105.0691481000000067 40.5467379999999977, -105.0691984000000048 40.5468424000000027, -105.0692707999999982 40.5469755000000021, -105.0693291000000045 40.5470685000000017, -105.0694177999999965 40.5471958999999984, -105.0695177000000058 40.5473179999999971, -105.0696159000000023 40.5474265000000003, -105.0697274000000050 40.5475318000000016, -105.0698352000000000 40.5476334000000023, -105.0699709000000013 40.5477490999999972, -105.0700915999999978 40.5478300999999988, -105.0702440000000024 40.5479265000000026, -105.0704525000000018 40.5480447999999996, -105.0705499000000032 40.5481054999999984, -105.0706057000000015 40.5481551999999965, -105.0706538999999964 40.5482080000000025, -105.0706947000000042 40.5482860999999986, -105.0707093000000043 40.5483594999999966, -105.0707163999999949 40.5484489999999980, -105.0706990000000047 40.5484781999999981)","LINESTRING (-105.0924815428819983 40.5268039450867974, -105.0925122442209982 40.5267235705095032, -105.0925347666100009 40.5266274386213965, -105.0925681740349944 40.5265397170205972)","{""class"": ""footway"", ""subclass"": ""sidewalk"", ""names_lr"": [{""between"": [0.0, 1.0], ""value"": null}], ""subclass_lr"": [{""between"": [0.0, 1.0], ""value"": ""sidewalk""}], ""level_lr"": [{""between"": [0.0, 1.0], ""value"": 0}], ""road_flags_lr"": [{""start"": 0.0, ""end"": 1.0, ""value"": []}]}","{""name"": ""BITTERBRUSH LN"", ""class"": ""residential""}"
32d4447b-1025-4309-8e84-821ebd2dd4ef,fc_street_3893,"LINESTRING (-105.0265516999999988 40.5386045999999993, -105.0265133999999989 40.5385915999999966, -105.0264034000000066 40.5385904999999980, -105.0259431000000063 40.5385891999999970, -105.0259049999999945 40.5386007999999975)","LINESTRING (-105.1138581640239948 40.5681650494168977, -105.1138764410050044 40.5681791366883004, -105.1138879828859984 40.5681876293903017, -105.1138997416770025 40.5681959581157017, -105.1139116812250052 40.5682041501937007, -105.1139238018439954 40.5682121507267013, -105.1139361032220023 40.5682200146122014, -105.1139485856700020 40.5682276869526035, -105.1139612488770041 40.5682352226453986, -105.1139740931539990 40.5682425667930033, -105.1139870823519971 40.5682497467245966, -105.1140002166259961 40.5682567349914009, -105.1140135318150044 40.5682635591616005, -105.1140270279179987 40.5682702192351030, -105.1140406331039969 40.5682766875241967, -105.1140543833659962 40.5682829641483025, -105.1140683145419956 40.5682890766755975, -105.1140823548000043 40.5682949974182989, -105.1140965401349945 40.5683007264957993, -105.1141108345509991 40.5683062637886991, -105.1141252740439995 40.5683116094163978, -105.1141398226180002 40.5683167632591974, -105.1141544802739958 40.5683217253174035, -105.1141692470110058 40.5683264955907035, -105.1141841228299967 40.5683310740790972, -105.1141991438809953 40.5683354334532993, -105.1142142020240016 40.5683396008036965, -105.1142294052429946 40.5683435764885019, -105.1142446457109969 40.5683473327008031, -105.1142599952590047 40.5683508971278997, -105.1142754180509939 40.5683542422017993, -105.1142909499230029 40.5683573954907004, -105.1143065190429979 40.5683603293067989, -105.1143221612490066 40.5683630712183003, -105.1143378407030013 40.5683655936569991, -105.1143535932429955 40.5683679241911008, -105.1143694190249960 40.5683700353717995, -105.1143852460610049 40.5683719269604026, -105.1144011461809953 40.5683736266443020, -105.1144170837060017 40.5683750794065006, -105.1144330223259971 40.5683763400253028, -105.1151187151580046 40.5683786116443983)","{""class"": ""footway"", ""subclass"": ""sidewalk"", ""names_lr"": [{""between"": [0.0, 1.0], ""value"": null}], ""subclass_lr"": [{""between"": [0.0, 1.0], ""value"": ""sidewalk""}], ""level_lr"": [{""between"": [0.0, 1.0], ""value"": 0}], ""road_flags_lr"": [{""start"": 0.0, ""end"": 1.0, ""value"": []}]}","{""name"": ""EVERGREEN DR"", ""class"": ""residential""}"
5e97b21a-2391-455d-8cfa-f60f5b4eaf26,fc_street_8383,"LINESTRING (-105.0575232999999997 40.6028963999999988, -105.0575694000000055 40.6030946999999998, -105.0575690000000009 40.6031290000000027, -105.0575687000000045 40.6031443999999979, -105.0575680000000034 40.6031860000000009, -105.0575668000000036 40.6032834000000022, -105.0575620000000043 40.6036780000000022, -105.0575589999999977 40.6039120000000011)","LINESTRING (-105.0730469030980032 40.4759679430452977, -105.0730587841269994 40.4748150856959015)","{""name"": ""North Lemay Avenue"", ""class"": ""secondary"", ""names_lr"": [{""between"": [0.0, 1.0], ""value"": ""North Lemay Avenue""}], ""subclass_lr"": [{""between"": [0.0, 1.0], ""value"": null}], ""level_lr"": [{""between"": [0.0, 1.0], ""value"": 0}], ""road_flags_lr"": [{""start"": 0.0, ""end"": 1.0, ""value"": []}]}","{""name"": ""HANDY CT"", ""class"": ""residential""}"
e117fe95-39fa-455e-98ce-57a6fd51830d,fc_street_7427,"LINESTRING (-105.0264532000000059 40.5465573999999975, -105.0263233000000014 40.5465429999999998, -105.0261900999999938 40.5465334000000013, -105.0260908000000057 40.5465287000000032, -105.0257479999999930 40.5465250000000026, -105.0245689999999996 40.5465252999999990, -105.0245594000000011 40.5465317999999968)","LINESTRING (-105.0208260764199935 40.5194071157810995, -105.0208259495550038 40.5193589958177967, -105.0208217774829933 40.5191862372289009, -105.0208162810330066 40.5190125673280974, -105.0208076281320047 40.5188071799173031, -105.0208065745130028 40.5187781886145970, -105.0208043373939972 40.5187131508817018)","{""class"": ""footway"", ""subclass"": ""sidewalk"", ""names_lr"": [{""between"": [0.0, 1.0], ""value"": null}], ""subclass_lr"": [{""between"": [0.0, 1.0], ""value"": ""sidewalk""}], ""level_lr"": [{""between"": [0.0, 1.0], ""value"": 0}], ""road_flags_lr"": [{""start"": 0.0, ""end"": 1.0, ""value"": []}]}","{""name"": ""INDIGO CIR N"", ""class"": ""residential""}"
9aadbc01-e0d7-434b-9266-4856e93f58ae,fc_street_5807,"LINESTRING (-105.0037142999999986 40.4757226999999986, -105.0036434000000014 40.4757642000000004, -105.0033640000000048 40.4759278000000009, -105.0032468999999935 40.4759962999999985, -105.0030413000000067 40.4761166999999986)","LINESTRING (-105.0922079401029947 40.5478070900744001, -105.0922207380489937 40.5477912417360997, -105.0922298839630002 40.5477783176771993, -105.0922380964569953 40.5477650335002977, -105.0922454113489977 40.5477514167808977, -105.0922517921599990 40.5477375497394021, -105.0922571667589978 40.5477234595725022, -105.0922616071130022 40.5477091465327035, -105.0922650407590027 40.5476946927144013, -105.0922675035150036 40.5476801256926009, -105.0922689232509981 40.5476654726640007, -105.0922693716020007 40.5476507887785971, -105.0922780942850068 40.5461618783402002)","{""name"": ""Aerie Lane"", ""class"": ""residential"", ""names_lr"": [{""between"": [0.0, 1.0], ""value"": ""Aerie Lane""}], ""subclass_lr"": [{""between"": [0.0, 1.0], ""value"": null}], ""level_lr"": [{""between"": [0.0, 1.0], ""value"": 0}], ""road_flags_lr"": [{""start"": 0.0, ""end"": 1.0, ""value"": []}]}","{""name"": ""APPALOOSA CT"", ""class"": ""residential""}"
08e80715-a3f8-4848-b84f-5b4f061bcc1c,fc_street_3011,"LINESTRING (-105.0988324000000063 40.5527364000000006, -105.0994464999999991 40.5527451999999968, -105.1001298999999989 40.5527565000000010)","LINESTRING (-105.1274488566809993 40.5584275573498019, -105.1287352151930037 40.5584316722080018)","{""name"": ""West Drake Road"", ""class"": ""primary"", ""names_lr"": [{""between"": [0.0, 1.0], ""value"": ""West Drake Road""}], ""subclass_lr"": [{""between"": [0.0, 1.0], ""value"": null}], ""level_lr"": [{""between"": [0.0, 1.0], ""value"": 0}], ""road_flags_lr"": [{""start"": 0.0, ""end"": 1.0, ""value"": []}]}","{""name"": ""MORGAN CT"", ""class"": ""residential""}"
4b2b741d-5dd0-4294-bcbf-ea7c50e38c61,fc_street_5228,"LINESTRING (-105.0408810999999929 40.5909826999999979, -105.0408960000000036 40.5915516999999966)","LINESTRING (-105.0679024800510035 40.5726301072081981, -105.0679060264049980 40.5720751502694981)","{""name"": ""Kalkaska Court"", ""class"": ""residential"", ""names_lr"": [{""between"": [0.0, 1.0], ""value"": ""Kalkaska Court""}], ""subclass_lr"": [{""between"": [0.0, 1.0], ""value"": null}], ""level_lr"": [{""between"": [0.0, 1.0], ""value"": 0}], ""road_flags_lr"": [{""start"": 0.0, ""end"": 1.0, ""value"": []}]}","{""name"": "" "", ""class"": ""service""}"
0271b754-4357-4791-a77c-50c0de3631d3,fc_street_4891,"LINESTRING (-105.0161320999999930 40.5975426999999982, -105.0162586000000005 40.5975459000000001, -105.0173664000000002 40.5975742999999980, -105.0174805000000049 40.5975772000000035)","LINESTRING (-105.0720219008480001 40.5726493485904030, -105.0702079300040026 40.5726476816576991)","{""name"": ""Glacier Creek Drive"", ""class"": ""residential"", ""names_lr"": [{""between"": [0.0, 1.0], ""value"": ""Glacier Creek Drive""}], ""subclass_lr"": [{""between"": [0.0, 1.0], ""value"": null}], ""level_lr"": [{""between"": [0.0, 1.0], ""value"": 0}], ""road_flags_lr"": [{""start"": 0.0, ""end"": 1.0, ""value"": []}]}","{""name"": "" "", ""class"": ""service""}"
b4f927ea-2795-442c-91d3-dd65b7a79b0c,fc_street_2113,"LINESTRING (-105.0718226000000044 40.6027934000000030, -105.0718135000000046 40.6034353000000010, -105.0718083999999948 40.6037917000000022, -105.0718033999999932 40.6041468000000023, -105.0718028999999945 40.6041852000000034, -105.0717999000000020 40.6043939999999992, -105.0717980999999952 40.6045275000000032, -105.0717949999999945 40.6047371000000012, -105.0717930999999936 40.6048717999999980, -105.0717901999999953 40.6050795000000022, -105.0717845000000068 40.6054802000000024, -105.0717796999999933 40.6058231000000021)","LINESTRING (-104.9940021527689993 40.5871210108547018, -104.9940023991990046 40.5878433132184995)","{""name"": ""Blue Spruce Drive"", ""class"": ""residential"", ""names_lr"": [{""between"": [0.0, 1.0], ""value"": ""Blue Spruce Drive""}], ""subclass_lr"": [{""between"": [0.0, 1.0], ""value"": null}], ""level_lr"": [{""between"": [0.0, 1.0], ""value"": 0}], ""road_flags_lr"": [{""start"": 0.0, ""end"": 1.0, ""value"": []}]}","{""name"": "" "", ""class"": ""residential""}"
85bbbb4d-d50c-4c8d-848b-f075499385a3,fc_street_10041,"LINESTRING (-105.0719497999999987 40.5990567999999996, -105.0719507999999962 40.5989944000000023, -105.0719586999999962 40.5984940000000023, -105.0719598000000019 40.5984252000000012)","LINESTRING (-104.9820705642869996 40.4794778703752982, -104.9820554666130050 40.4794778030369997, -104.9741064709280067 40.4794331552735969)","{""name"": ""Blondel Street"", ""class"": ""residential"", ""names_lr"": [{""between"": [0.0, 1.0], ""value"": ""Blondel Street""}], ""subclass_lr"": [{""between"": [0.0, 1.0], ""value"": null}], ""level_lr"": [{""between"": [0.0, 1.0], ""value"": 0}], ""road_flags_lr"": [{""start"": 0.0, ""end"": 1.0, ""value"": []}]}","{""name"": ""STATE HIGHWAY 392"", ""class"": ""primary""}"
64420ce4-dcb1-4483-b7a3-ebcc6e1c657b,fc_street_4243,"LINESTRING (-105.1180229999999938 40.5965471000000022, -105.1180569999999932 40.5950891999999968)","LINESTRING (-105.0768250877920025 40.5566851728853024, -105.0762366826759973 40.5566830296618974, -105.0762133255529989 40.5566830817708990, -105.0761899703220053 40.5566828319386019, -105.0761666171549962 40.5566822527161008, -105.0761433018680009 40.5566813716835028, -105.0761199884749999 40.5566801887095991, -105.0760967129629933 40.5566787039255985, -105.0760734755040033 40.5566768898828016, -105.0760502759279973 40.5566747740299007, -105.0760271503939975 40.5566723290494977, -105.0760040625699929 40.5566696097077966, -105.0759810487899983 40.5566665612386998, -105.0759581088809966 40.5566632110908998, -105.0759352428430020 40.5566595592645029, -105.0759124506769950 40.5566556057594028, -105.0758897683719937 40.5566513507071988, -105.0758671959270032 40.5566467941076993, -105.0758446973540003 40.5566419358299015, -105.0758223446310069 40.5566367761362017, -105.0758001017690049 40.5566313148955970, -105.0757780045850041 40.5566255796881023, -105.0757560172630036 40.5566195429337029, -105.0757341757900036 40.5566132047637993, -105.0757125161560026 40.5566065653099983, -105.0756909662130028 40.5565996517581979, -105.0756655040830054 40.5565910495093007, -105.0755726452269982 40.5565578536009994, -105.0755534712109949 40.5565508388995966, -105.0755344427009987 40.5565435776816017, -105.0755155956859994 40.5565360700783017, -105.0754969301650021 40.5565283160900023, -105.0754784101520016 40.5565203155852032, -105.0754601077930062 40.5565120413780988, -105.0754419867579941 40.5565035482349003, -105.0754240472169982 40.5564948087070007, -105.0754063249879948 40.5564858503745000, -105.0753888202430062 40.5564766457889974, -105.0753715329800002 40.5564671949503008, -105.0753544630290008 40.5564575253075006, -105.0753375744019991 40.5564476367290965, -105.0753209750619988 40.5564375296094966, -105.0753045572180042 40.5564271761058990, -105.0752884284879940 40.5564166315102028, -105.0752725170709994 40.5564058681108008, -105.0752568589529972 40.5563948860392003, -105.0752409522000050 40.5563833815182022)","{""name"": ""North Briarwood Road"", ""class"": ""residential"", ""names_lr"": [{""between"": [0.0, 1.0], ""value"": ""North Briarwood Road""}], ""subclass_lr"": [{""between"": [0.0, 1.0], ""value"": null}], ""level_lr"": [{""between"": [0.0, 1.0], ""value"": 0}], ""road_flags_lr"": [{""start"": 0.0, ""end"": 1.0, ""value"": []}]}","{""name"": ""YALE AVE"", ""class"": ""residential""}"
d1ec281e-2ef2-4dfa-b0cc-08e3cd39fa84,fc_street_6482,"LINESTRING (-105.0401255000000020 40.5909951000000007, -105.0408810999999929 40.5909826999999979)","LINESTRING (-105.1105225707059958 40.5674424943202965, -105.1116065616439954 40.5674650052087031)","{""name"": ""Daine Drive"", ""class"": ""residential"", ""names_lr"": [{""between"": [0.0, 1.0], ""value"": ""Daine Drive""}], ""subclass_lr"": [{""between"": [0.0, 1.0], ""value"": null}], ""level_lr"": [{""between"": [0.0, 1.0], ""value"": 0}], ""road_flags_lr"": [{""start"": 0.0, ""end"": 1.0, ""value"": []}]}","{""name"": ""W PROSPECT RD"", ""class"": ""primary""}"
