gers_id,target_id,label,labeler,labeled_at,session_id,original_decision,original_confidence,frechet_distance,name_levenshtein,name_jaro_winkler,name_token_sort,class_similarity,ref_start_pct,ref_end_pct,target_start_pct,target_end_pct,is_subsegment,buffer_iou,start_endpoint_proximity_m,end_endpoint_proximity_m,lateral_offset_consistency,overlap_ratio,ref_coverage,target_coverage,min_coverage,coverage_ratio,hausdorff_distance_m,mean_hausdorff_distance_m,hausdorff_p95_m,buffer_iou_5m,buffer_iou_15m,heading_delta,length_ratio,projection_distance_m,centroid_distance_m,collinear_gap_ratio,from_degree_ref,to_degree_ref,from_degree_target,to_degree_target,degree_match_score,degree_signature_similarity,is_dead_end_ref,is_dead_end_target,dead_end_match,is_intersection_ref,is_intersection_target,intersection_match,name_soundex,name_metaphone,has_name_ref,has_name_target,name_is_generic,cardinal_direction_mismatch,min_endpoint_proximity_m,max_endpoint_proximity_m,shared_endpoint_count,lateral_offset_m,lateral_offset_iqr_m,lateral_offset_p95_m,graphlet_similarity,endpoint_degree_similarity,ref_data_version,target_data_version,feature_version
a37b491e-cb37-4a26-9c8b-b9bca9293c2f,us_boston_streets_10067,match,Brad,2026-01-12 03:00:54.867714+00:00,5172f404,review,0.749867413,30.11070144,1,1,1,0.6,0.05773757196,1,0,0.9778175466,True,0.9988011712,0,0,5.582452032e-06,1,0.942262428,0.9778175466,0.942262428,0.9636382894,1.972387084,1.313769587,1.949146434,0.8116115389,0.932825129,1.345780676,1,1.313769587,0.8260301527,1,3,6,3,5,0.9411764706,0.3333333333,0,0,1,1,1,1,1,1,1,1,0,0,0,0,6,1.021562574,0.8094576405,1.883670993,0.95,0.95,1769196196249551211_35513514,1769182317238896786_2326343,2026-01-23
a37b491e-cb37-4a26-9c8b-b9bca9293c2f,us_boston_streets_10067,match,Brad,2026-01-12 03:04:04.020630+00:00,e6517946,review,0.749867413,30.11070144,1,1,1,0.6,0.05773757196,1,0,0.9778175466,True,0.9988011712,0,0,5.582452032e-06,1,0.942262428,0.9778175466,0.942262428,0.9636382894,1.972387084,1.313769587,1.949146434,0.8116115389,0.932825129,1.345780676,1,1.313769587,0.8260301527,1,3,6,3,5,0.9411764706,0.3333333333,0,0,1,1,1,1,1,1,1,1,0,0,0,0,6,1.021562574,0.8094576405,1.883670993,0.95,0.95,1769196196249551211_35513514,1769182317238896786_2326343,2026-01-23
a37b491e-cb37-4a26-9c8b-b9bca9293c2f,us_boston_streets_10067,match,Brad,2026-01-12 03:07:07.535396+00:00,6caa76cb,review,0.749867413,30.11070144,1,1,1,0.6,0.05773757196,1,0,0.9778175466,True,0.9988011712,0,0,5.582452032e-06,1,0.942262428,0.9778175466,0.942262428,0.9636382894,1.972387084,1.313769587,1.949146434,0.8116115389,0.932825129,1.345780676,1,1.313769587,0.8260301527,1,3,6,3,5,0.9411764706,0.3333333333,0,0,1,1,1,1,1,1,1,1,0,0,0,0,6,1.021562574,0.8094576405,1.883670993,0.95,0.95,1769196196249551211_35513514,1769182317238896786_2326343,2026-01-23
fa0505a8-2b9e-4114-a050-932048fb8efd,us_boston_streets_69,match,Brad,2026-01-12 03:07:10.816326+00:00,6caa76cb,review,0.7487277183,61.49596412,1,1,1,0.8,0,1,0.1294936228,0.9909317191,True,0.9989826158,0,0,4.112011259e-05,1,1,0.8614380963,0.8614380963,0.8614380963,2.52236732,1.695745851,2.425410345,0.7377485254,0.9004306516,1.824408034,1,1.695745851,1.470807285,1,3,3,4,3,0.9230769231,0.3333333333,0,0,1,1,1,1,1,1,1,1,0,0,0,0,5,1.460535836,1.041726568,2.381593192,0.95,0.95,1769196196249551211_35513514,1769182317238896786_2326343,2026-01-23
9ca5b5d8-d558-4f71-a37a-4585f976618d,us_boston_streets_10277,match,Brad,2026-01-12 03:07:12.530971+00:00,6caa76cb,review,0.7482906417,30.15502005,1,1,1,1,0.005351930908,1,0,0.9975371908,False,0.9998110985,0,0,4.083706611e-06,1,0.9946480691,0.9975371908,0.9946480691,0.9971037454,3.532887575,3.135405036,3.532818834,0.5333487512,0.8118487636,0.244328615,1,3.135405036,3.006784832,1,4,4,3,4,0.9333333333,0.3333333333,0,0,1,1,1,1,1,1,1,1,0,0,0,0,5,3.010348321,0.2576627711,3.443670468,0.95,0.95,1769196196249551211_35513514,1769182317238896786_2326343,2026-01-23
83413653-0c09-4b07-a901-0bf14d5ee98f,us_boston_streets_7561,match,Brad,2026-01-12 03:08:01.768886+00:00,6caa76cb,review,0.7467537419,11.30284278,1,1,1,0.6,0.2861238581,0.8836038229,0,1,True,0.9991009932,0,0,1.876254003e-05,1,0.5974799648,1,0.5974799648,0.5974799648,4.275680052,1.936923631,4.217420177,0.680756318,0.8466076628,17.80187586,1,1.936923631,0.5440894179,1,4,3,4,3,1,1,0,0,1,1,1,1,1,1,1,1,0,0,0,0,5,1.72274803,1.994969165,3.772854569,1,1,1769196196249551211_35513514,1769182317238896786_2326343,2026-01-23
e5417e0e-11d8-4b0b-bddb-a72ed60082d8,us_boston_streets_5144,match,Brad,2026-01-12 03:08:03.678563+00:00,6caa76cb,review,0.7462501025,57.32965998,1,1,1,0.6,0,0.9825853475,0,0.994926513,True,0.9991843215,0,0,4.232856948e-06,1,0.9825853475,0.994926513,0.9825853475,0.9875959025,2.488735388,2.047730941,2.488675427,0.6604783091,0.8657180877,0.8877039729,1,2.047730941,1.967469354,1,6,3,3,6,1,1,0,0,1,1,1,1,1,1,1,1,0,0,0,0,8,1.976119574,0.3708871265,2.419276622,1,1,1769196196249551211_35513514,1769182317238896786_2326343,2026-01-23
ca954cc7-5125-4e5d-9dda-73f47b470c7d,us_boston_streets_9205,match,Brad,2026-01-12 03:08:05.402999+00:00,6caa76cb,review,0.7457455155,27.05080637,1,1,1,0.8,0.1250856228,0.9721335373,0,1,True,0.9991130842,0,0,1.666086917e-05,1,0.8470479145,1,0.8470479145,0.8470479145,3.488017207,1.912490617,3.470154412,0.7803623657,0.9097507692,2.345965157,1,1.912490617,1.124004592,1,3,4,2,4,0.9230769231,0.3333333333,0,0,1,1,1,1,1,1,1,1,0,0,0,0,4,1.180306364,0.6951143218,3.383824697,0.95,0.95,1769196196249551211_35513514,1769182317238896786_2326343,2026-01-23
e30326a3-1ae9-45a4-98cb-6a01367a9b0b,us_boston_streets_7401,match,Brad,2026-01-12 03:08:07.635544+00:00,6caa76cb,review,0.7455379996,73.24674125,1,1,1,0.6,0.009792738292,1,0.03891527639,1,True,0.9991037213,0,0,1.2928437e-05,1,0.9902072617,0.9610847236,0.9610847236,0.9705894521,1.575000126,1.247227213,1.563450522,0.7863226728,0.9225691345,0.6346209403,1,1.247227213,1.188747501,1,3,3,2,3,0.9090909091,0.3333333333,0,0,1,1,1,1,1,1,1,1,0,0,0,0,3,1.172545818,0.5101791604,1.556987732,0.95,0.95,1769196196249551211_35513514,1769182317238896786_2326343,2026-01-23
8fc70c28-6806-4e82-92fb-d4f8e3d7eb2b,us_boston_streets_3057,match,Brad,2026-01-12 03:08:09.620467+00:00,6caa76cb,review,0.7455102482,31.74398751,1,1,1,0.6,0,0.9415742816,0.02677351235,1,True,0.9995987672,0,0,1.098581101e-05,1,0.9415742816,0.9732264876,0.9415742816,0.96747704,1.146452358,0.7091609745,1.146451649,0.8651593605,0.9511835606,0.7049011538,1,0.7091609745,0.7049031957,1,4,3,4,3,1,1,0,0,1,1,1,1,1,1,1,1,0,0,0,0,5,0.7044895781,0.4526830716,1.105417605,1,1,1769196196249551211_35513514,1769182317238896786_2326343,2026-01-23
c5a4278b-4986-46e5-9027-cc4492e76958,us_boston_streets_6063,match,Brad,2026-01-12 03:08:18.579372+00:00,6caa76cb,review,0.74539353,17.88548169,1,1,1,0.8,0,0.975504216,0.002920264325,1,True,0.9996403944,0,0,1.330228441e-06,1,0.975504216,0.9970797357,0.975504216,0.9783612896,7.406588212,7.170404962,7.406564895,0.1588106727,0.5932007497,0.6297679622,1,7.170404962,7.130498049,1,3,4,3,4,1,1,0,0,1,1,1,1,1,1,1,1,0,0,0,0,5,7.126425096,0.358706661,7.390471544,1,1,1769196196249551211_35513514,1769182317238896786_2326343,2026-01-23
5a25e758-7fbd-4429-b386-7f01a74a78f8,us_boston_streets_6017,match,Brad,2026-01-12 03:08:20.035453+00:00,6caa76cb,review,0.744824637,32.4866756,1,1,1,0.6,0,1,0.05170378001,0.9893731268,True,0.9992387066,0,0,1.56366566e-05,1,1,0.9376693467,0.9376693467,0.9376693467,2.1164487,0.627602775,2.113531039,0.8997387872,0.9554342371,1.994328685,1,0.627602775,0.3610060808,1,3,3,3,3,1,1,0,0,1,1,1,1,1,1,1,1,0,0,0,0,4,0.4822222525,0.5589927106,1.70905146,1,1,1769196196249551211_35513514,1769182317238896786_2326343,2026-01-23
fbb2256a-af6b-4b09-9153-92738a5b30f7,us_boston_streets_98,match,Brad,2026-01-12 03:08:21.280840+00:00,6caa76cb,review,0.7445177299,19.64271449,1,1,1,0.6,0,1,0.344287649,0.9441347105,True,0.9994974067,0,0,9.497207726e-05,1,1,0.5998470615,0.5998470615,0.5998470615,0.6043894874,0.2260903175,0.6043871293,0.9455371903,0.9793734253,0.9736433448,1,0.2260903175,0.250623604,1,3,3,4,3,0.9230769231,0.3333333333,0,0,1,1,1,1,1,1,1,1,0,0,0,0,5,0.264739445,0.3628893445,0.5679396776,0.95,0.95,1769196196249551211_35513514,1769182317238896786_2326343,2026-01-23
716cf336-fa1d-4a0e-ac2b-88518bddc97a,us_boston_streets_7794,match,Brad,2026-01-12 03:08:22.924675+00:00,6caa76cb,review,0.7427684549,13.31062136,1,1,1,0.8,0.003641744354,0.9113216989,0,1,True,0.9988210165,0,0,1.991167464e-05,1,0.9076799546,1,0.9076799546,0.9076799546,10.63661206,8.444470027,10.62544255,0.0987936733,0.5485932579,5.874531351,1,8.444470027,8.469452513,1,5,4,4,4,0.9411764706,0.3333333333,0,0,1,1,1,1,1,1,1,1,0,0,0,0,6,8.338613925,3.26091439,10.593562,0.95,0.95,1769196196249551211_35513514,1769182317238896786_2326343,2026-01-23
a37b491e-cb37-4a26-9c8b-b9bca9293c2f,us_boston_streets_10067,match,Brad,2026-01-12 03:23:31.013740+00:00,f173a06d,review,0.749867413,30.11070144,1,1,1,0.6,0.05773757196,1,0,0.9778175466,True,0.9988011712,0,0,5.582452032e-06,1,0.942262428,0.9778175466,0.942262428,0.9636382894,1.972387084,1.313769587,1.949146434,0.8116115389,0.932825129,1.345780676,1,1.313769587,0.8260301527,1,3,6,3,5,0.9411764706,0.3333333333,0,0,1,1,1,1,1,1,1,1,0,0,0,0,6,1.021562574,0.8094576405,1.883670993,0.95,0.95,1769196196249551211_35513514,1769182317238896786_2326343,2026-01-23
e3187acc-f755-4f2e-9832-7338adf9c057,us_boston_streets_8031,no_match,Brad,2026-01-12 03:23:45.808551+00:00,f173a06d,review,0.742355489,6.538148253,0.5,0.5,0.5,0.1,0,1,0.03691700997,0.9346217574,True,0.9993883261,10000,10000,1.314269818e-05,1,1,0.8977047475,0.8977047475,0.8977047475,2.804315114,2.323003464,2.804292029,0.6163428189,0.8484866293,0.6406082549,1,2.323003464,2.323041254,1,3,3,3,3,1,1,0,0,1,1,1,1,0.5,0.5,0,1,0,0,inf,inf,0,2.322896465,0.481273991,2.756033812,1,1,1769196196249551211_35513514,1769182317238896786_2326343,2026-01-23
2a0d7dbf-e642-4811-9b8c-ca758c30ad05,us_boston_streets_3142,match,Brad,2026-01-12 03:23:50.869267+00:00,f173a06d,review,0.7403314012,39.20437083,1,1,1,1,0,0.9926389543,0.0007790701024,1,False,0.9997397078,0,0,3.451557328e-07,1,0.9926389543,0.9992209299,0.9926389543,0.9934128925,1.169917238,1.081910645,1.165293962,0.8044018332,0.9289954651,0.02812925068,1,1.081910645,1.072757173,1,4,4,4,4,1,1,0,0,1,1,1,1,1,1,1,1,0,0,0,0,6,1.072516669,0.09193342709,1.152828255,1,1,1769196196249551211_35513514,1769182317238896786_2326343,2026-01-23
825a9cf5-741e-485b-8f04-74acbbe023d6,us_boston_streets_8546,match,Brad,2026-01-12 03:23:59.241823+00:00,f173a06d,review,0.7400442512,32.92983616,1,1,1,0.6,0,0.9976647671,0.006674514245,1,False,0.9990292572,0,0,8.341458904e-06,1,0.9976647671,0.9933254858,0.9933254858,0.9956505617,2.828116226,1.188493801,2.808921871,0.7236221854,0.90513043,0.1240074979,1,1.188493801,1.66727043,1,3,3,3,3,1,1,0,0,1,1,1,1,1,1,1,1,0,0,0,0,4,1.620670733,1.553609397,2.796074241,1,1,1769196196249551211_35513514,1769182317238896786_2326343,2026-01-23
b3da958f-19af-46d2-9df3-76439d4561b9,us_boston_streets_584,no_match,Brad,2026-01-12 03:24:40.662497+00:00,f173a06d,review,0.7389766625,9.984219454,0.5,0.5,0.5,0.1,0,1,0.08659400923,0.9767571372,True,0.9993002498,10000,10000,3.277312527e-05,1,1,0.890163128,0.890163128,0.890163128,1.9659569,1.206053398,1.944938011,0.7836385568,0.9190147713,1.097868864,1,1.206053398,1.179644179,1,3,3,3,3,1,1,0,0,1,1,1,1,0.5,0.5,0,1,0,0,inf,inf,0,1.199061668,0.731095343,1.84483924,1,1,1769196196249551211_35513514,1769182317238896786_2326343,2026-01-23
bb02a84e-afce-47f0-b164-6a5f7fd44487,us_boston_streets_7215,match,brad,2026-01-12 03:48:13.491765+00:00,9f047095,review,0.7332991811,187.9243999,1,1,1,0.6,0,0.9982032929,0,0.9987218532,False,0.9994352536,0,0,8.552797463e-06,1,0.9982032929,0.9987218532,0.9982032929,0.999480776,2.61434446,1.511844709,2.534051561,0.6768407623,0.8810702773,0.4881086887,1,1.511844709,1.944915509,1,4,4,4,4,1,1,0,0,1,1,1,1,1,1,1,1,0,0,0,0,6,1.924585567,0.5480612966,2.541247362,1,1,1769196196249551211_35513514,1769182317238896786_2326343,2026-01-23
a37b491e-cb37-4a26-9c8b-b9bca9293c2f,us_boston_streets_10067,match,brad,2026-01-12 04:04:08.806900+00:00,536127ed,review,0.749867413,30.11070144,1,1,1,0.6,0.05773757196,1,0,0.9778175466,True,0.9988011712,0,0,5.582452032e-06,1,0.942262428,0.9778175466,0.942262428,0.9636382894,1.972387084,1.313769587,1.949146434,0.8116115389,0.932825129,1.345780676,1,1.313769587,0.8260301527,1,3,6,3,5,0.9411764706,0.3333333333,0,0,1,1,1,1,1,1,1,1,0,0,0,0,6,1.021562574,0.8094576405,1.883670993,0.95,0.95,1769196196249551211_35513514,1769182317238896786_2326343,2026-01-23
a37b491e-cb37-4a26-9c8b-b9bca9293c2f,us_boston_streets_10067,match,brad,2026-01-12 04:05:58.305722+00:00,2c976208,review,0.749867413,30.11070144,1,1,1,0.6,0.05773757196,1,0,0.9778175466,True,0.9988011712,0,0,5.582452032e-06,1,0.942262428,0.9778175466,0.942262428,0.9636382894,1.972387084,1.313769587,1.949146434,0.8116115389,0.932825129,1.345780676,1,1.313769587,0.8260301527,1,3,6,3,5,0.9411764706,0.3333333333,0,0,1,1,1,1,1,1,1,1,0,0,0,0,6,1.021562574,0.8094576405,1.883670993,0.95,0.95,1769196196249551211_35513514,1769182317238896786_2326343,2026-01-23
81a82e27-344f-421f-904a-d0ee0d3b197c,us_boston_streets_3595,match,brad,2026-01-12 04:06:09.533932+00:00,2c976208,review,0.722764936,64.83414584,1,1,1,0.8,0,0.8484220893,0,0.960226856,True,0.9988335875,0,0,1.235984126e-05,1,0.8484220893,0.960226856,0.8484220893,0.883564216,2.908902148,2.054953335,2.899698,0.6769553603,0.8671612284,1.30939016,1,2.054953335,1.786606113,1,3,4,3,3,0.9230769231,0.3333333333,0,0,1,1,1,1,1,1,1,1,0,0,0,0,4,1.833897009,0.6966067574,2.725990889,0.95,0.95,1769196196249551211_35513514,1769182317238896786_2326343,2026-01-23
1a111ac3-5d1c-4dd7-9df4-78e1d6eb78d4,us_boston_streets_9306,associated,brad,2026-01-12 04:06:13.433493+00:00,2c976208,review,0.7221550876,11.3016035,0.5,0.5,0.5,0.1,0,1,0.126197282,0.9495028295,True,0.9992543415,10000,2.094485579,3.456769645e-05,1,1,0.8233055475,0.8233055475,0.8233055475,2.015750258,1.004108319,2.012324062,0.9148130336,0.9547532827,3.031231774,1,1.004108319,0.02405249563,1,3,3,3,4,0.9230769231,0.3333333333,0,0,1,1,1,1,0.5,0.5,0,1,0,0,2.094485579,inf,3,0.3905640446,0.2418335129,1.366939514,0.95,0.95,1769196196249551211_35513514,1769182317238896786_2326343,2026-01-23
a37b491e-cb37-4a26-9c8b-b9bca9293c2f,us_boston_streets_10067,match,brad,2026-01-12 04:06:54.413236+00:00,db01ce47,review,0.749867413,30.11070144,1,1,1,0.6,0.05773757196,1,0,0.9778175466,True,0.9988011712,0,0,5.582452032e-06,1,0.942262428,0.9778175466,0.942262428,0.9636382894,1.972387084,1.313769587,1.949146434,0.8116115389,0.932825129,1.345780676,1,1.313769587,0.8260301527,1,3,6,3,5,0.9411764706,0.3333333333,0,0,1,1,1,1,1,1,1,1,0,0,0,0,6,1.021562574,0.8094576405,1.883670993,0.95,0.95,1769196196249551211_35513514,1769182317238896786_2326343,2026-01-23
a37b491e-cb37-4a26-9c8b-b9bca9293c2f,us_boston_streets_10067,match,brad,2026-01-12 04:08:25.483783+00:00,2d9c4c93,review,0.749867413,30.11070144,1,1,1,0.6,0.05773757196,1,0,0.9778175466,True,0.9988011712,0,0,5.582452032e-06,1,0.942262428,0.9778175466,0.942262428,0.9636382894,1.972387084,1.313769587,1.949146434,0.8116115389,0.932825129,1.345780676,1,1.313769587,0.8260301527,1,3,6,3,5,0.9411764706,0.3333333333,0,0,1,1,1,1,1,1,1,1,0,0,0,0,6,1.021562574,0.8094576405,1.883670993,0.95,0.95,1769196196249551211_35513514,1769182317238896786_2326343,2026-01-23
ae5b7a29-b28e-40d2-a5f8-26c02d9b988b,us_boston_streets_2672,match,brad,2026-01-12 04:08:44.343645+00:00,2d9c4c93,review,0.7219194018,13.79139949,0.2666666667,0.5222222222,0.3111111111,0.6,0,1,0.00822960306,0.9998982629,False,0.9995712102,0,0,2.891162021e-06,1,1,0.9916686598,0.9916686598,0.9916686598,3.258212886,2.788728853,3.153238759,0.5522321358,0.8175347795,0.1832968334,1,2.788728853,2.805302984,1,3,4,3,4,1,1,0,0,1,1,1,1,0,0.3448275862,1,1,0,0,0,0,5,2.794759259,0.1789699967,3.110371915,1,1,1769196196249551211_35513514,1769182317238896786_2326343,2026-01-23
47229b83-55ba-4329-bb44-c4ba1967c6ab,us_boston_streets_7933,match,brad,2026-01-12 04:08:52.147788+00:00,2d9c4c93,review,0.7216493379,16.10950162,0.1935483871,0.3581871345,0.1290322581,0.8,0.0504808916,1,0,0.9848362693,True,0.9994869819,0,10000,1.637698129e-06,1,0.9495191084,0.9848362693,0.9495191084,0.9641390534,0.9921525421,0.7065623371,0.9895333398,0.8766064529,0.9534423047,1.689267583,1,0.7065623371,0.5644336972,1,3,3,2,3,0.9090909091,0.3333333333,0,0,1,1,1,1,0,0.1111111111,1,1,0,0,0,inf,1,0.6291993338,0.5268380217,0.984266477,0.95,0.95,1769196196249551211_35513514,1769182317238896786_2326343,2026-01-23
7d81b7ff-1ea4-4671-aee0-904a784dad60,us_boston_streets_10742,associated,brad,2026-01-12 04:08:56.406612+00:00,2d9c4c93,review,0.7213742344,6.81378149,0.5,0.5,0.5,0.1,0,0.9988395782,0.04674623912,1,True,0.999994785,0,0,1.418393841e-05,1,0.9988395782,0.9532537609,0.9532537609,0.9543612225,4.259463619,4.256863714,4.259463614,0.3962380402,0.7410615512,0.00274733448,1,4.256863714,4.256863724,1,4,4,4,4,1,1,0,0,1,1,1,1,0.5,0.5,0,1,0,0,0,0,2,4.256863715,0.002599895452,4.25920362,1,1,1769196196249551211_35513514,1769182317238896786_2326343,2026-01-23
cdbc9a68-3298-494b-b5fc-88c1dfa08caa,us_boston_streets_4978,match,brad,2026-01-12 04:08:59.836725+00:00,2d9c4c93,review,0.7204425215,170.4893285,1,1,1,0.6,0.08192183604,0.9982996495,0,1,True,0.99889452,10000,0,1.488910602e-06,1,0.9163778134,1,0.9163778134,0.9163778134,0.9284873293,0.529319311,0.8374034647,0.9215844522,0.9715367469,0.1418453215,1,0.529319311,0.1154007045,1,3,3,1,2,0.6666666667,0,0,1,0,1,0,0,1,1,1,1,0,0,0,inf,2,0.4009847284,0.4775697928,0.7762514866,0.85,0.85,1769196196249551211_35513514,1769182317238896786_2326343,2026-01-23
a37b491e-cb37-4a26-9c8b-b9bca9293c2f,us_boston_streets_10067,match,brad,2026-01-12 04:13:16.138877+00:00,b0d4979d,review,0.749867413,30.11070144,1,1,1,0.6,0.05773757196,1,0,0.9778175466,True,0.9988011712,0,0,5.582452032e-06,1,0.942262428,0.9778175466,0.942262428,0.9636382894,1.972387084,1.313769587,1.949146434,0.8116115389,0.932825129,1.345780676,1,1.313769587,0.8260301527,1,3,6,3,5,0.9411764706,0.3333333333,0,0,1,1,1,1,1,1,1,1,0,0,0,0,6,1.021562574,0.8094576405,1.883670993,0.95,0.95,1769196196249551211_35513514,1769182317238896786_2326343,2026-01-23
81e4a02d-6660-41de-9e62-4bd2b8787caf,us_boston_streets_8216,associated,brad,2026-01-12 04:13:21.341672+00:00,b0d4979d,review,0.59107884,13.95794149,0.5,0.5,0.5,0.1,0,1,0.09948499029,0.8576658823,True,0.9996116106,0,0,2.054975673e-05,1,1,0.758180892,0.758180892,0.758180892,8.052834531,7.737865418,8.05279196,0.1183100636,0.5630709654,0.7243326724,1,7.737865418,7.749548632,1,3,3,4,4,0.8571428571,0,0,0,1,1,1,1,0.5,0.5,0,1,0,0,0,0,6,7.747351501,0.3332700904,8.033281246,0.9,0.9,1769196196249551211_35513514,1769182317238896786_2326343,2026-01-23
dd5873d0-1256-4252-9ea5-d4bbfc4f4f80,us_boston_streets_2273,no_match,brad,2026-01-12 04:13:46.437910+00:00,b0d4979d,review,0.5908303221,59.25678483,1,1,1,0.8,0.1287214937,1,0.07246859505,1,True,0.9993780371,0,0,1.413442853e-05,1,0.8712785063,0.927531405,0.8712785063,0.939352028,11.59016114,9.109572166,11.57960185,0.04711986154,0.4931017276,8.274732258,1,9.109572166,10.23698015,1,3,4,3,3,0.9230769231,0.3333333333,0,0,1,1,1,1,1,1,1,1,0,0,0,0,4,9.871846482,2.270106956,11.57810395,0.95,0.95,1769196196249551211_35513514,1769182317238896786_2326343,2026-01-23
411bd3a0-d08f-4f33-8d79-dd3ac2a1fa0f,us_boston_streets_9469,match,brad,2026-01-12 04:13:51.476543+00:00,b0d4979d,review,0.5907871148,24.41184064,0.75,0.9,0.75,1,0,0.1158862048,0.8439035112,1,True,0.9998934495,10000,0,5.580850006e-05,1,0.1158862048,0.1560964888,0.1158862048,0.7424010987,1.760314911,1.526079178,1.760106801,0.6920551806,0.8810762187,8.533635892,0.9999999999,1.526079178,1.52853607,1,4,4,4,4,1,1,0,0,1,1,1,1,1,0.8,1,1,0,0,0,inf,1,1.525014052,0.2331951802,1.735392506,1,1,1769196196249551211_35513514,1769182317238896786_2326343,2026-01-23
3d25ab3a-09b2-4d56-8e41-e88f3ffc02f3,us_boston_streets_9069,associated,brad,2026-01-12 04:13:55.239529+00:00,b0d4979d,review,0.5907162703,12.84411902,0.5,0.5,0.5,0.1,0,0.9105249823,0.2186938961,1,True,0.9995158156,0,0,1.859470857e-05,1,0.9105249823,0.7813061039,0.7813061039,0.8580831049,10.7214899,7.604190722,9.601444262,0.1332810743,0.5318396709,12.33279175,1,7.604190722,7.490650903,1,3,3,4,4,0.8571428571,0,0,0,1,1,1,1,0.5,0.5,0,1,0,0,0,0,6,7.219474506,0.227791987,7.428595984,0.9,0.9,1769196196249551211_35513514,1769182317238896786_2326343,2026-01-23
4d059def-e85a-4d9f-b6d8-68f7d2797ab7,us_boston_streets_590,no_match,brad,2026-01-12 04:14:03.830884+00:00,b0d4979d,review,0.5898493839,25.97142648,1,1,1,0.6,0,0.03332639362,0.9512238809,1,True,0.9991918055,0,0,6.829611668e-05,1,0.03332639362,0.04877611913,0.03332639362,0.6832522599,0.5044847205,0.3270531563,0.4850348181,0.9002404064,0.9641332186,17.06744254,0.9999999998,0.3270531563,0.4245231641,1,3,3,2,2,0.8,0,0,0,1,1,0,0,1,1,1,1,0,0,0,0,3,0.2751339253,0.1072603057,0.3663653321,0.9,0.9,1769196196249551211_35513514,1769182317238896786_2326343,2026-01-23
67a1e96d-62c4-423c-a1ba-ebed62e893a1,us_boston_streets_4644,associated,brad,2026-01-12 04:14:06.771746+00:00,b0d4979d,review,0.5890209203,19.70299641,0.5,0.5,0.5,0.1,0,1,0.1384608069,0.9113328207,True,0.9996856017,0,0,6.708713054e-05,1,1,0.7728720138,0.7728720138,0.7728720138,6.215128122,5.857937442,6.215107519,0.2548531267,0.6600005058,0.3921825121,1,5.857937442,5.857971746,1,3,3,3,3,1,1,0,0,1,1,1,1,0.5,0.5,0,1,0,0,0,0,4,5.857841265,0.3571563771,6.179275129,1,1,1769196196249551211_35513514,1769182317238896786_2326343,2026-01-23
0e16294c-c81d-4e45-a74b-fcf809b5649a,us_boston_streets_6110,associated,brad,2026-01-12 04:14:12.180044+00:00,b0d4979d,review,0.5888822797,121.7595709,0.5,0.5,0.5,0.1,0.02860024611,1,0.1142177012,1,True,0.999005016,0,0,4.494347004e-05,1,0.9713997539,0.8857822988,0.8857822988,0.9118617698,4.725547763,3.541383586,4.725526577,0.4706177275,0.7795484474,1.291654338,1,3.541383586,3.54153507,1,3,3,4,3,0.9230769231,0.3333333333,0,0,1,1,1,1,0.5,0.5,0,1,0,0,0,0,5,3.541379332,1.184172595,4.607130503,0.95,0.95,1769196196249551211_35513514,1769182317238896786_2326343,2026-01-23
261ebab5-7bae-461c-bf6b-6198b79215ea,us_boston_streets_176,match,brad,2026-01-12 04:14:18.470216+00:00,b0d4979d,review,0.5887171256,100.8504905,1,1,1,0.6,0.2287630637,1,0.4330191306,1,True,0.9989844815,0,0,0.000204081662,1,0.7712369363,0.5669808694,0.5669808694,0.7351578259,1.422580846,0.7981544721,1.422299559,0.9047699774,0.9584071927,2.082618737,1,0.7981544721,0.288338164,1,4,3,4,4,0.9333333333,0.3333333333,0,0,1,1,1,1,1,1,1,1,0,0,0,0,6,0.4610879295,0.2898090288,1.227432171,0.95,0.95,1769196196249551211_35513514,1769182317238896786_2326343,2026-01-23
8011068c-a29f-4191-a074-1c8f1d706f8a,us_boston_streets_4551,match,brad,2026-01-12 04:14:20.890107+00:00,b0d4979d,review,0.5872234893,68.97560637,1,1,1,1,0.01637868849,1,0.5488611801,1,True,0.9993897673,0,0,0.000191114579,1,0.9836213115,0.4511388199,0.4511388199,0.4586509205,1.21597063,0.922563559,1.215710178,0.8311376312,0.9341533415,0.82588,1,0.922563559,0.835773582,1,3,3,3,3,1,1,0,0,1,1,1,1,1,1,1,1,0,0,0,0,4,0.8676468635,0.08758283444,1.133579552,1,1,1769196196249551211_35513514,1769182317238896786_2326343,2026-01-23
68dfedd7-12c0-43ce-9ee8-e99af22b33fc,us_boston_streets_5626,unsure,brad,2026-01-12 04:21:56.347572+00:00,b0d4979d,review,0.5871846435,22.92523339,1,1,1,0.6,0,0.622492836,0.08680522965,1,True,0.9988976054,0,0,7.964329828e-06,1,0.622492836,0.9131947703,0.622492836,0.6816649156,14.72742373,14.10853887,14.72666361,0,0.3233991978,2.763168963,1,14.10853887,14.00231206,1,4,4,4,3,0.9333333333,0.3333333333,0,0,1,1,1,1,1,1,1,1,0,0,0,0,5,13.99341657,0.7645269856,14.65827526,0.95,0.95,1769196196249551211_35513514,1769182317238896786_2326343,2026-01-23
02d2b67a-3d89-4b6d-ab56-8bec360f6edd,us_boston_streets_6034,unsure,brad,2026-01-12 04:21:56.539682+00:00,b0d4979d,review,0.5870449913,31.24129738,0.5,0.5,0.5,0.1,0,1,0.06368496712,0.9105168103,True,0.9994590274,0,0,8.182578432e-06,1,1,0.8468318432,0.8468318432,0.8468318432,6.471502806,6.307643972,6.471167186,0.2093096967,0.6177033051,0.3683862494,1,6.307643972,6.255010266,1,3,3,3,4,0.9230769231,0.3333333333,0,0,1,1,1,1,0.5,0.5,0,1,0,0,0,0,5,6.286305903,0.144131429,6.441334043,0.95,0.95,1769196196249551211_35513514,1769182317238896786_2326343,2026-01-23
7880b3fd-23df-400f-a11d-02646dc47f94,us_boston_streets_3290,unsure,brad,2026-01-12 04:21:56.730433+00:00,b0d4979d,review,0.586893964,15.27351272,0.5,0.5,0.5,0.1,0,1,0.129005042,0.9369643939,True,0.9990668021,0,0,2.212997554e-05,1,1,0.8079593518,0.8079593518,0.8079593518,9.664609307,8.857402405,9.660756059,0.06179479033,0.521909269,1.877271988,1,8.857402405,8.763994289,1,4,3,4,4,0.9333333333,0.3333333333,0,0,1,1,1,1,0.5,0.5,0,1,0,0,0,0,4,8.751892569,0.5863736236,9.538988669,0.95,0.95,1769196196249551211_35513514,1769182317238896786_2326343,2026-01-23
c67b5ede-fcb3-4db3-9e21-e371115f8c6f,us_boston_streets_20,unsure,brad,2026-01-12 04:21:57.055065+00:00,b0d4979d,review,0.5864873048,72.74828987,1,1,1,1,0,1,0.05650406002,0.5256245376,True,0.9996187206,0,0,0.000187928727,1,1,0.4691204776,0.4691204776,0.4691204776,1.839244141,1.712351816,1.824804812,0.6958149386,0.8823362264,0.3769492763,1,1.712351816,1.729346231,1,4,4,4,4,1,1,0,0,1,1,1,1,1,1,1,1,0,0,0,0,3,1.716118278,0.1248833457,1.818587662,1,1,1769196196249551211_35513514,1769182317238896786_2326343,2026-01-23
4e21199d-7809-4376-903c-4fc8d5f0416b,us_boston_streets_10091,unsure,brad,2026-01-12 04:21:57.220285+00:00,b0d4979d,review,0.5863843991,20.82716047,0.5,0.5,0.5,0.1,0.2496694927,0.7161822842,0,1,True,0.9991659862,0,0,4.004548915e-07,1,0.4665127914,1,0.4665127914,0.4665127914,5.639382266,5.597586663,5.639376549,0.2470708278,0.6403767363,0.3255421767,1,5.597586663,5.592030643,1,4,4,4,3,0.9333333333,0.3333333333,0,0,1,1,1,1,0.5,0.5,0,1,0,0,0,0,5,5.592779044,0.03534709857,5.632454712,0.95,0.95,1769196196249551211_35513514,1769182317238896786_2326343,2026-01-23
c770fdd7-146b-42b3-8d22-5228e7b0540b,us_boston_streets_7416,unsure,brad,2026-01-12 04:21:57.364148+00:00,b0d4979d,review,0.5863034381,57.19498695,1,1,1,0.8,0.005134308784,1,0.5535009287,1,True,0.99889204,0,0,0.0001344285194,1,0.9948656912,0.4464990713,0.4464990713,0.4488033664,2.429248915,2.024641514,2.419479124,0.6547068836,0.8656724181,2.267306228,1,2.024641514,2.024081293,1,4,3,3,3,0.9230769231,0.3333333333,0,0,1,1,1,1,1,1,1,1,0,0,0,0,4,1.968812896,0.6116856408,2.393048128,0.95,0.95,1769196196249551211_35513514,1769182317238896786_2326343,2026-01-23
02511dc2-14d2-4a32-b85d-4a23cfac1908,us_boston_streets_9823,unsure,brad,2026-01-12 04:21:57.520239+00:00,b0d4979d,review,0.5862101755,279.0823875,1,1,1,0.6,0.1934887242,1,0.005712576586,1,True,0.9992974426,0,0,5.109548854e-06,1,0.8065112758,0.9942874234,0.8065112758,0.8111450038,0.8477772615,0.3083277123,0.8366174823,0.9605917007,0.9847931623,0.1639433298,1,0.3083277123,0.08053282793,1,3,4,4,2,0.9230769231,0.3333333333,0,0,1,1,1,1,1,1,1,1,0,0,0,0,4,0.1921603401,0.1894182986,0.6257818079,0.95,0.95,1769196196249551211_35513514,1769182317238896786_2326343,2026-01-23
7a18513b-b9cc-4f93-bd44-b9a37b3caaf0,us_boston_streets_4118,unsure,brad,2026-01-12 04:21:57.670441+00:00,b0d4979d,review,0.5858522051,25.03626679,0.5,0.5,0.5,0.1,0,0.4257536909,0,0.3258979144,True,0.9992622881,0,0,4.761413848e-05,1,0.4257536909,0.3258979144,0.3258979144,0.7654611608,4.002295917,3.941473637,4.002294677,0.3798432648,0.7239770063,1.247920984,0.9999999999,3.941473637,3.941592316,1,4,4,4,4,1,1,0,0,1,1,1,1,0.5,0.5,0,1,0,0,0,0,2,3.94143804,0.06082021219,3.996202597,1,1,1769196196249551211_35513514,1769182317238896786_2326343,2026-01-23
50f29b7c-6754-4fb8-94ea-a0a0dd66e60b,us_boston_streets_9328,unsure,brad,2026-01-12 04:21:57.816167+00:00,b0d4979d,review,0.5858059739,34.99583141,1,1,1,1,0.06188152853,0.6074865587,0,1,True,0.9993338031,0,0,4.244627242e-06,1,0.5456050301,1,0.5456050301,0.5456050301,2.862928147,2.407869854,2.851104116,0.6018673195,0.836670085,0.5789987732,1,2.407869854,2.516455247,1,5,3,3,2,0.7692307692,0.3333333333,0,0,1,1,1,1,1,1,1,1,0,0,0,0,3,2.365021285,0.2251752308,2.675653942,0.85,0.85,1769196196249551211_35513514,1769182317238896786_2326343,2026-01-23
a37b491e-cb37-4a26-9c8b-b9bca9293c2f,us_boston_streets_10067,match,brad,2026-01-12 04:28:14.126909+00:00,74bfb61e,review,0.749867413,30.11070144,1,1,1,0.6,0.05773757196,1,0,0.9778175466,True,0.9988011712,0,0,5.582452032e-06,1,0.942262428,0.9778175466,0.942262428,0.9636382894,1.972387084,1.313769587,1.949146434,0.8116115389,0.932825129,1.345780676,1,1.313769587,0.8260301527,1,3,6,3,5,0.9411764706,0.3333333333,0,0,1,1,1,1,1,1,1,1,0,0,0,0,6,1.021562574,0.8094576405,1.883670993,0.95,0.95,1769196196249551211_35513514,1769182317238896786_2326343,2026-01-23
43bd06be-0ff5-45e5-80aa-c4874fc363ef,us_boston_streets_9293,associated,brad,2026-01-12 04:28:23.780817+00:00,74bfb61e,review,0.5826223476,147.043348,0.5,0.5,0.5,0.1,0,1,0.07768265682,0.9572750108,True,0.9988594331,0,10000,2.649913593e-05,1,1,0.8795923539,0.8795923539,0.8795923539,5.866777714,5.031269156,5.849521638,0.3344312685,0.7085711019,0.84988465,1,5.031269156,4.955073831,1,3,4,4,3,1,1,0,0,1,1,1,1,0.5,0.5,0,1,0,0,0,inf,3,4.930145982,0.8545986989,5.745060522,1,1,1769196196249551211_35513514,1769182317238896786_2326343,2026-01-23
84d9e2ee-c51f-4daf-8c14-68f63279a205,us_boston_streets_2360,associated,brad,2026-01-12 04:28:26.282674+00:00,74bfb61e,review,0.5823391267,13.13472589,0.5,0.5,0.5,0.1,0,0.9058720618,0.1024953326,1,True,0.9993347469,0,0,1.85297677e-05,1,0.9058720618,0.8975046674,0.8975046674,0.990763161,11.93020073,10.44982533,11.91818893,0.02013537756,0.4556563904,6.771156975,1,10.44982533,10.58949162,1,3,3,3,2,0.9090909091,0.3333333333,0,0,1,1,1,1,0.5,0.5,0,1,0,0,0,0,3,10.39226696,1.849580452,11.82358613,0.95,0.95,1769196196249551211_35513514,1769182317238896786_2326343,2026-01-23
b6f4597a-1c81-4ce7-be4e-a3a8b30c78ea,us_boston_streets_234,associated,brad,2026-01-12 04:28:28.497354+00:00,74bfb61e,review,0.5821713833,70.66838608,0.5,0.5,0.5,0.1,0,1,0.07118702051,0.9235299484,True,0.9994386407,0,0,2.281829839e-05,1,1,0.8523429279,0.8523429279,0.8523429279,5.655585938,4.469068341,5.566031756,0.389838417,0.7336601823,0.5710976719,1,4.469068341,4.427882528,1,4,4,4,4,1,1,0,0,1,1,1,1,0.5,0.5,0,1,0,0,0,0,4,4.288154704,0.4186912941,5.154306973,1,1,1769196196249551211_35513514,1769182317238896786_2326343,2026-01-23
3de5595d-3803-480f-b6b8-ae28e72d057e,us_boston_streets_4902,unsure,brad,2026-01-12 04:28:38.007911+00:00,74bfb61e,review,0.5819776138,132.7315927,1,1,1,0.6,0,0.9988817561,0,0.8874046184,True,0.9993019177,0,0,1.631109776e-05,1,0.9988817561,0.8874046184,0.8874046184,0.8883980641,14.68015961,12.8999628,14.61896016,0,0.3733432452,0.406151647,1,12.8999628,13.55796448,1,4,4,5,4,0.9411764706,0.3333333333,0,0,1,1,1,1,1,1,1,1,0,0,0,0,7,13.38002736,0.9715149371,14.57357076,0.95,0.95,1769196196249551211_35513514,1769182317238896786_2326343,2026-01-23
fae17391-ac92-466e-8f9b-30907e1665fc,us_boston_streets_10293,associated,brad,2026-01-12 04:28:42.611681+00:00,74bfb61e,review,0.581288832,11.24655656,0.5,0.5,0.5,0.1,0,1,0.0131264631,0.6476005802,True,0.9990723826,0,0,7.651992299e-06,1,1,0.6344741171,0.6344741171,0.6344741171,8.729661855,8.266115909,8.725361109,0.07276177009,0.5105523865,3.158346698,1,8.266115909,8.310348014,1,3,2,3,3,0.9090909091,0.3333333333,0,0,1,1,1,1,0.5,0.5,0,1,0,0,0,0,4,8.333957055,0.3584497273,8.674038869,0.95,0.95,1769196196249551211_35513514,1769182317238896786_2326343,2026-01-23
20cd9e3f-a72b-4025-b537-ed5f530df0f3,us_boston_streets_9119,associated,brad,2026-01-12 04:28:48.222939+00:00,74bfb61e,review,0.5811500367,79.18471168,0.5,0.5,0.5,0.1,0,1,0.001624945452,0.8945231465,True,0.9990854686,0,0,2.873425604e-05,1,1,0.892898201,0.892898201,0.892898201,5.964616809,4.618880727,5.80800546,0.3523037862,0.7202457122,1.001383169,1,4.618880727,4.79380671,1,3,4,4,4,0.9333333333,0.3333333333,0,0,1,1,1,1,0.5,0.5,0,1,0,0,0,0,4,4.711844527,1.616122738,5.845500542,0.95,0.95,1769196196249551211_35513514,1769182317238896786_2326343,2026-01-23
cee40b99-ae55-4521-ad4e-fa24ab68ce48,us_boston_streets_5547,match,brad,2026-01-12 04:28:51.110479+00:00,74bfb61e,review,0.5810208192,51.46445586,1,1,1,1,0,0.9977694775,0.3403807327,1,True,0.9995231856,0,0,0.0002902774062,1,0.9977694775,0.6596192673,0.6596192673,0.661093852,1.675571446,0.7386682181,1.564846673,0.8760357721,0.9537459973,0.7284297587,1,0.7386682181,0.6032084467,1,4,3,4,3,1,1,0,0,1,1,1,1,1,1,1,1,0,0,0,0,3,0.6394307175,0.8228707346,1.489656395,1,1,1769196196249551211_35513514,1769182317238896786_2326343,2026-01-23
130e5b42-965b-43a2-901a-f31ed7c372be,us_boston_streets_3509,match,brad,2026-01-12 04:28:53.150974+00:00,74bfb61e,review,0.5809895418,44.66356951,1,1,1,0.8,0,1,0.4455974168,0.989418457,True,0.9998715364,0,0,0.0002471635919,1,1,0.5438210402,0.5438210402,0.5438210402,0.631067272,0.5496641009,0.6310665543,0.8950177414,0.9620722616,0.2007286172,1,0.5496641009,0.5355698012,1,3,3,3,3,1,1,0,0,1,1,1,1,1,1,1,1,0,0,0,0,4,0.5355664713,0.09549940675,0.621514533,1,1,1769196196249551211_35513514,1769182317238896786_2326343,2026-01-23
eee2b09c-4bb6-44e4-8918-6010645e89f8,us_boston_streets_3777,unsure,brad,2026-01-12 04:29:02.146800+00:00,74bfb61e,review,0.5802645551,24.82223458,1,1,1,0.8,0.3577181784,0.9574224698,0,1,True,0.9997908401,0,0,2.5525725e-07,1,0.5997042913,1,0.5997042913,0.5997042913,14.36232901,14.32345037,14.35369611,0,0.3147751333,0.04495648879,1,14.32345037,14.33255487,1,4,3,2,3,0.8333333333,0.3333333333,0,0,1,1,1,1,1,1,1,1,0,0,0,0,3,14.32789932,0.02231508544,14.35364617,0.9,0.9,1769196196249551211_35513514,1769182317238896786_2326343,2026-01-23
42be54f6-3f59-4374-9c81-71740dba63b8,us_boston_streets_7684,associated,brad,2026-01-12 04:29:05.147177+00:00,74bfb61e,review,0.5800449626,70.79647248,0.5,0.5,0.5,0.1,0,1,0.08604574693,0.8991970091,True,0.9988234603,0,0,2.960523616e-05,1,1,0.8131512622,0.8131512622,0.8131512622,4.186804409,3.175705575,4.186072802,0.5129440274,0.7915462344,0.9371219011,1,3.175705575,3.053619927,1,4,4,4,4,1,1,0,0,1,1,1,1,0.5,0.5,0,1,0,0,0,0,6,3.110270401,1.01126347,4.058480259,1,1,1769196196249551211_35513514,1769182317238896786_2326343,2026-01-23
9b4de445-cf7a-49b6-a233-9829eb8b678d,us_boston_streets_334,associated,brad,2026-01-12 04:29:09.843433+00:00,74bfb61e,review,0.5799575194,56.10541469,0.5,0.5,0.5,0.1,0,1,0.1328073644,0.929516763,True,0.9990725128,0,10000,3.024951883e-05,1,1,0.7967093986,0.7967093986,0.7967093986,4.860793392,3.653828907,4.852900137,0.4866645898,0.7797153212,2.997541051,1,3.653828907,3.293400619,1,3,4,4,1,0.8333333333,0.3333333333,0,1,0,1,1,1,0.5,0.5,0,1,0,0,0,inf,3,3.321403191,0.8937010853,4.471580755,0.9,0.9,1769196196249551211_35513514,1769182317238896786_2326343,2026-01-23
72a4626c-40f9-4781-855e-6506219da2a5,us_boston_streets_827,associated,brad,2026-01-12 04:29:14.284389+00:00,74bfb61e,review,0.5798484029,18.75967,0.5,0.5,0.5,0.1,0,1,0.16288573,0.9599484802,True,0.9993895305,0,0,3.970713105e-05,1,1,0.7970627502,0.7970627502,0.7970627502,7.122307428,6.762562821,7.122202126,0.191187993,0.6162533407,0.2618965571,1,6.762562821,6.673521,1,4,4,6,4,0.8888888889,0.3333333333,0,0,1,1,1,1,0.5,0.5,0,1,0,0,0,0,9,6.689316842,0.2553158122,7.054223212,0.9,0.9,1769196196249551211_35513514,1769182317238896786_2326343,2026-01-23
71392e41-09ca-44b5-bd85-908b7b19551d,us_boston_streets_52,associated,brad,2026-01-12 04:29:16.606876+00:00,74bfb61e,review,0.5798207242,18.97447451,0.5,0.5,0.5,0.1,0,1,0.03273284734,0.9682738641,True,0.9996342809,0,0,1.30644978e-05,1,1,0.9355410168,0.9355410168,0.9355410168,9.316970544,8.115987949,9.288575133,0.08642037274,0.5488899149,0.9912890426,1,8.115987949,8.446247313,1,4,4,4,4,1,1,0,0,1,1,1,1,0.5,0.5,0,1,0,0,0,0,6,8.351377851,0.704382699,9.186628701,1,1,1769196196249551211_35513514,1769182317238896786_2326343,2026-01-23
d12d7a09-3d72-44f0-926c-2b0b6d8003dc,us_boston_streets_2630,associated,brad,2026-01-12 04:29:29.165672+00:00,74bfb61e,review,0.5782679755,26.76726094,0.5,0.5,0.5,0.1,0,0.812747906,0.07540311862,1,True,0.9993721417,0,10000,1.581329408e-05,1,0.812747906,0.9245968814,0.812747906,0.8790294694,3.793727289,1.567787047,3.465960463,0.7821123855,0.9020513037,2.440479343,1,1.567787047,1.013338604,1,4,3,3,3,0.9230769231,0.3333333333,0,0,1,1,1,1,0.5,0.5,0,1,0,0,0,inf,2,1.098991412,0.2073490567,1.877462414,0.95,0.95,1769196196249551211_35513514,1769182317238896786_2326343,2026-01-23
78d316c7-0684-485e-9972-912aa996fcdc,us_boston_streets_4016,no_match,brad,2026-01-12 04:29:49.508815+00:00,74bfb61e,review,0.578237487,23.10550392,0.5,0.5,0.5,0.1,0.3698503756,1,0.5629099342,1,True,0.9988113018,0,0,1.677385616e-05,1,0.6301496244,0.4370900658,0.4370900658,0.693629019,6.408244898,6.045349736,6.407875386,0.2064178771,0.6128195972,6.03548752,1,6.045349736,6.00526051,1,4,3,4,4,0.9333333333,0.3333333333,0,0,1,1,1,1,0.5,0.5,0,1,0,0,0,0,5,5.999436745,0.4052443876,6.365358039,0.95,0.95,1769196196249551211_35513514,1769182317238896786_2326343,2026-01-23
91b29c9b-b4b8-4b29-bc7f-343779c0a5dc,us_boston_streets_5763,associated,brad,2026-01-12 04:29:53.127783+00:00,74bfb61e,review,0.577589726,22.18407922,0.5,0.5,0.5,0.1,0,0.8940735332,0.1366105141,1,True,0.9991542775,0,0,1.100467526e-05,1,0.8940735332,0.8633894859,0.8633894859,0.9656806223,6.920657656,6.586617727,6.920402923,0.1960832983,0.6133652162,1.101208519,1,6.586617727,6.523010411,1,2,4,4,4,0.8571428571,0.3333333333,0,0,1,1,1,1,0.5,0.5,0,1,0,0,0,0,4,6.527628624,0.3438709188,6.870247206,0.9,0.9,1769196196249551211_35513514,1769182317238896786_2326343,2026-01-23
33db2819-a751-42c0-a477-fca1a24cfe96,us_boston_streets_10416,associated,brad,2026-01-12 04:29:55.358178+00:00,74bfb61e,review,0.5772662613,19.65590135,0.5,0.5,0.5,0.1,0,1,0.3600085217,0.8930124858,True,0.99886629,0,0,6.629198042e-05,1,1,0.533003964,0.533003964,0.533003964,3.534388098,3.116130247,3.534196393,0.5055506029,0.7911976059,1.664354389,1,3.116130247,3.116448942,1,3,3,3,3,1,1,0,0,1,1,1,1,0.5,0.5,0,1,0,0,0,0,3,3.115427115,0.4179394125,3.491316123,1,1,1769196196249551211_35513514,1769182317238896786_2326343,2026-01-23
433a722a-9a8a-4421-a246-897d165895b8,us_boston_streets_2606,associated,brad,2026-01-12 04:29:57.255181+00:00,74bfb61e,review,0.5772304895,95.03341612,0.5,0.5,0.5,0.1,0,1,0.122794022,0.9210313317,True,0.9995752625,0,0,3.740796329e-05,1,1,0.7982373097,0.7982373097,0.7982373097,4.002327733,3.738004774,4.002306916,0.452680202,0.7693060383,0.4356463123,1,3.738004774,3.689394337,1,3,3,4,4,0.8571428571,0,0,0,1,1,1,1,0.5,0.5,0,1,0,0,0,0,4,3.689297322,0.3129163578,3.970923902,0.9,0.9,1769196196249551211_35513514,1769182317238896786_2326343,2026-01-23
41f531fb-d46d-475a-834b-0f68a5bd1c46,us_boston_streets_4918,match,brad,2026-01-12 04:30:09.370877+00:00,74bfb61e,review,0.5771563445,27.66261944,1,1,1,0.6,0,0.111811448,0.7444135237,1,True,0.9998740444,0,0,4.488719346e-05,1,0.111811448,0.2555864763,0.111811448,0.4374701262,1.833961314,1.827851899,1.833961158,0.6439067869,0.8597012872,0.2015343942,1,1.827851899,1.827853329,1,3,3,3,3,1,1,0,0,1,1,1,1,1,1,1,1,0,0,0,0,4,1.827851771,0.006109156042,1.833350282,1,1,1769196196249551211_35513514,1769182317238896786_2326343,2026-01-23
364e3ae5-c0f2-4d0c-a7e6-af9318eb97f2,us_boston_streets_125,unsure,brad,2026-01-12 04:30:17.679406+00:00,74bfb61e,review,0.5768188618,28.45717924,1,1,1,0.8,0,1,0.1654165346,0.5930047879,True,0.9996246857,0,0,4.263452067e-05,1,1,0.4275882534,0.4275882534,0.4275882534,13.31354645,9.853974394,13.06121682,0.02683062432,0.4193320755,24.1200516,1,9.853974394,10.59739834,1,4,3,4,3,1,1,0,0,1,1,1,1,1,1,1,1,0,0,0,0,5,10.02097985,1.998310263,12.01891554,1,1,1769196196249551211_35513514,1769182317238896786_2326343,2026-01-23
4b8b740f-22df-4dc2-bb42-16eb61983030,us_boston_streets_1904,match,brad,2026-01-12 04:30:20.165342+00:00,74bfb61e,review,0.5767984133,53.28442363,1,1,1,1,0.2826050357,1,0,0.7207128276,True,0.9996932641,0,0,0.0002899969022,1,0.7173949643,0.7207128276,0.7173949643,0.9953964142,0.9084367178,0.689089037,0.8926567637,0.8656228156,0.9528177571,0.0789236387,1,0.689089037,0.7176895984,1,4,4,2,4,0.8571428571,0.3333333333,0,0,1,1,1,1,1,1,1,1,0,0,0,0,2,0.7131633272,0.19079425,0.8834406648,0.9,0.9,1769196196249551211_35513514,1769182317238896786_2326343,2026-01-23
fa0505a8-2b9e-4114-a050-932048fb8efd,us_boston_streets_69,match,brad,2026-01-12 04:48:00.024395+00:00,4b4c4430,review,0.7487277183,61.49596412,1,1,1,0.8,0,1,0.1294936228,0.9909317191,True,0.9989826158,0,0,4.112011259e-05,1,1,0.8614380963,0.8614380963,0.8614380963,2.52236732,1.695745851,2.425410345,0.7377485254,0.9004306516,1.824408034,1,1.695745851,1.470807285,1,3,3,4,3,0.9230769231,0.3333333333,0,0,1,1,1,1,1,1,1,1,0,0,0,0,5,1.460535836,1.041726568,2.381593192,0.95,0.95,1769196196249551211_35513514,1769182317238896786_2326343,2026-01-23
9ca5b5d8-d558-4f71-a37a-4585f976618d,us_boston_streets_10277,match,brad,2026-01-12 04:48:03.277452+00:00,4b4c4430,review,0.7482906417,30.15502005,1,1,1,1,0.005351930908,1,0,0.9975371908,False,0.9998110985,0,0,4.083706611e-06,1,0.9946480691,0.9975371908,0.9946480691,0.9971037454,3.532887575,3.135405036,3.532818834,0.5333487512,0.8118487636,0.244328615,1,3.135405036,3.006784832,1,4,4,3,4,0.9333333333,0.3333333333,0,0,1,1,1,1,1,1,1,1,0,0,0,0,5,3.010348321,0.2576627711,3.443670468,0.95,0.95,1769196196249551211_35513514,1769182317238896786_2326343,2026-01-23
83413653-0c09-4b07-a901-0bf14d5ee98f,us_boston_streets_7561,match,brad,2026-01-12 04:48:07.296555+00:00,4b4c4430,review,0.7467537419,11.30284278,1,1,1,0.6,0.2861238581,0.8836038229,0,1,True,0.9991009932,0,0,1.876254003e-05,1,0.5974799648,1,0.5974799648,0.5974799648,4.275680052,1.936923631,4.217420177,0.680756318,0.8466076628,17.80187586,1,1.936923631,0.5440894179,1,4,3,4,3,1,1,0,0,1,1,1,1,1,1,1,1,0,0,0,0,5,1.72274803,1.994969165,3.772854569,1,1,1769196196249551211_35513514,1769182317238896786_2326343,2026-01-23
e5417e0e-11d8-4b0b-bddb-a72ed60082d8,us_boston_streets_5144,match,brad,2026-01-12 04:48:09.422209+00:00,4b4c4430,review,0.7462501025,57.32965998,1,1,1,0.6,0,0.9825853475,0,0.994926513,True,0.9991843215,0,0,4.232856948e-06,1,0.9825853475,0.994926513,0.9825853475,0.9875959025,2.488735388,2.047730941,2.488675427,0.6604783091,0.8657180877,0.8877039729,1,2.047730941,1.967469354,1,6,3,3,6,1,1,0,0,1,1,1,1,1,1,1,1,0,0,0,0,8,1.976119574,0.3708871265,2.419276622,1,1,1769196196249551211_35513514,1769182317238896786_2326343,2026-01-23
ca954cc7-5125-4e5d-9dda-73f47b470c7d,us_boston_streets_9205,match,brad,2026-01-12 04:48:12.245740+00:00,4b4c4430,review,0.7457455155,27.05080637,1,1,1,0.8,0.1250856228,0.9721335373,0,1,True,0.9991130842,0,0,1.666086917e-05,1,0.8470479145,1,0.8470479145,0.8470479145,3.488017207,1.912490617,3.470154412,0.7803623657,0.9097507692,2.345965157,1,1.912490617,1.124004592,1,3,4,2,4,0.9230769231,0.3333333333,0,0,1,1,1,1,1,1,1,1,0,0,0,0,4,1.180306364,0.6951143218,3.383824697,0.95,0.95,1769196196249551211_35513514,1769182317238896786_2326343,2026-01-23
e30326a3-1ae9-45a4-98cb-6a01367a9b0b,us_boston_streets_7401,match,brad,2026-01-12 04:48:14.291866+00:00,4b4c4430,review,0.7455379996,73.24674125,1,1,1,0.6,0.009792738292,1,0.03891527639,1,True,0.9991037213,0,0,1.2928437e-05,1,0.9902072617,0.9610847236,0.9610847236,0.9705894521,1.575000126,1.247227213,1.563450522,0.7863226728,0.9225691345,0.6346209403,1,1.247227213,1.188747501,1,3,3,2,3,0.9090909091,0.3333333333,0,0,1,1,1,1,1,1,1,1,0,0,0,0,3,1.172545818,0.5101791604,1.556987732,0.95,0.95,1769196196249551211_35513514,1769182317238896786_2326343,2026-01-23
8fc70c28-6806-4e82-92fb-d4f8e3d7eb2b,us_boston_streets_3057,match,brad,2026-01-12 04:48:16.224473+00:00,4b4c4430,review,0.7455102482,31.74398751,1,1,1,0.6,0,0.9415742816,0.02677351235,1,True,0.9995987672,0,0,1.098581101e-05,1,0.9415742816,0.9732264876,0.9415742816,0.96747704,1.146452358,0.7091609745,1.146451649,0.8651593605,0.9511835606,0.7049011538,1,0.7091609745,0.7049031957,1,4,3,4,3,1,1,0,0,1,1,1,1,1,1,1,1,0,0,0,0,5,0.7044895781,0.4526830716,1.105417605,1,1,1769196196249551211_35513514,1769182317238896786_2326343,2026-01-23
c5a4278b-4986-46e5-9027-cc4492e76958,us_boston_streets_6063,match,brad,2026-01-12 04:48:19.479312+00:00,4b4c4430,review,0.74539353,17.88548169,1,1,1,0.8,0,0.975504216,0.002920264325,1,True,0.9996403944,0,0,1.330228441e-06,1,0.975504216,0.9970797357,0.975504216,0.9783612896,7.406588212,7.170404962,7.406564895,0.1588106727,0.5932007497,0.6297679622,1,7.170404962,7.130498049,1,3,4,3,4,1,1,0,0,1,1,1,1,1,1,1,1,0,0,0,0,5,7.126425096,0.358706661,7.390471544,1,1,1769196196249551211_35513514,1769182317238896786_2326343,2026-01-23
5a25e758-7fbd-4429-b386-7f01a74a78f8,us_boston_streets_6017,match,brad,2026-01-12 04:48:22.750947+00:00,4b4c4430,review,0.744824637,32.4866756,1,1,1,0.6,0,1,0.05170378001,0.9893731268,True,0.9992387066,0,0,1.56366566e-05,1,1,0.9376693467,0.9376693467,0.9376693467,2.1164487,0.627602775,2.113531039,0.8997387872,0.9554342371,1.994328685,1,0.627602775,0.3610060808,1,3,3,3,3,1,1,0,0,1,1,1,1,1,1,1,1,0,0,0,0,4,0.4822222525,0.5589927106,1.70905146,1,1,1769196196249551211_35513514,1769182317238896786_2326343,2026-01-23
fbb2256a-af6b-4b09-9153-92738a5b30f7,us_boston_streets_98,match,brad,2026-01-12 04:48:23.915245+00:00,4b4c4430,review,0.7445177299,19.64271449,1,1,1,0.6,0,1,0.344287649,0.9441347105,True,0.9994974067,0,0,9.497207726e-05,1,1,0.5998470615,0.5998470615,0.5998470615,0.6043894874,0.2260903175,0.6043871293,0.9455371903,0.9793734253,0.9736433448,1,0.2260903175,0.250623604,1,3,3,4,3,0.9230769231,0.3333333333,0,0,1,1,1,1,1,1,1,1,0,0,0,0,5,0.264739445,0.3628893445,0.5679396776,0.95,0.95,1769196196249551211_35513514,1769182317238896786_2326343,2026-01-23
716cf336-fa1d-4a0e-ac2b-88518bddc97a,us_boston_streets_7794,match,brad,2026-01-12 04:48:26.275836+00:00,4b4c4430,review,0.7427684549,13.31062136,1,1,1,0.8,0.003641744354,0.9113216989,0,1,True,0.9988210165,0,0,1.991167464e-05,1,0.9076799546,1,0.9076799546,0.9076799546,10.63661206,8.444470027,10.62544255,0.0987936733,0.5485932579,5.874531351,1,8.444470027,8.469452513,1,5,4,4,4,0.9411764706,0.3333333333,0,0,1,1,1,1,1,1,1,1,0,0,0,0,6,8.338613925,3.26091439,10.593562,0.95,0.95,1769196196249551211_35513514,1769182317238896786_2326343,2026-01-23
e3187acc-f755-4f2e-9832-7338adf9c057,us_boston_streets_8031,associated,brad,2026-01-12 04:48:29.636764+00:00,4b4c4430,review,0.742355489,6.538148253,0.5,0.5,0.5,0.1,0,1,0.03691700997,0.9346217574,True,0.9993883261,10000,10000,1.314269818e-05,1,1,0.8977047475,0.8977047475,0.8977047475,2.804315114,2.323003464,2.804292029,0.6163428189,0.8484866293,0.6406082549,1,2.323003464,2.323041254,1,3,3,3,3,1,1,0,0,1,1,1,1,0.5,0.5,0,1,0,0,inf,inf,0,2.322896465,0.481273991,2.756033812,1,1,1769196196249551211_35513514,1769182317238896786_2326343,2026-01-23
2a0d7dbf-e642-4811-9b8c-ca758c30ad05,us_boston_streets_3142,match,brad,2026-01-12 04:48:31.371013+00:00,4b4c4430,review,0.7403314012,39.20437083,1,1,1,1,0,0.9926389543,0.0007790701024,1,False,0.9997397078,0,0,3.451557328e-07,1,0.9926389543,0.9992209299,0.9926389543,0.9934128925,1.169917238,1.081910645,1.165293962,0.8044018332,0.9289954651,0.02812925068,1,1.081910645,1.072757173,1,4,4,4,4,1,1,0,0,1,1,1,1,1,1,1,1,0,0,0,0,6,1.072516669,0.09193342709,1.152828255,1,1,1769196196249551211_35513514,1769182317238896786_2326343,2026-01-23
825a9cf5-741e-485b-8f04-74acbbe023d6,us_boston_streets_8546,match,brad,2026-01-12 04:48:33.120609+00:00,4b4c4430,review,0.7400442512,32.92983616,1,1,1,0.6,0,0.9976647671,0.006674514245,1,False,0.9990292572,0,0,8.341458904e-06,1,0.9976647671,0.9933254858,0.9933254858,0.9956505617,2.828116226,1.188493801,2.808921871,0.7236221854,0.90513043,0.1240074979,1,1.188493801,1.66727043,1,3,3,3,3,1,1,0,0,1,1,1,1,1,1,1,1,0,0,0,0,4,1.620670733,1.553609397,2.796074241,1,1,1769196196249551211_35513514,1769182317238896786_2326343,2026-01-23
b3da958f-19af-46d2-9df3-76439d4561b9,us_boston_streets_584,associated,brad,2026-01-12 04:48:35.214943+00:00,4b4c4430,review,0.7389766625,9.984219454,0.5,0.5,0.5,0.1,0,1,0.08659400923,0.9767571372,True,0.9993002498,10000,10000,3.277312527e-05,1,1,0.890163128,0.890163128,0.890163128,1.9659569,1.206053398,1.944938011,0.7836385568,0.9190147713,1.097868864,1,1.206053398,1.179644179,1,3,3,3,3,1,1,0,0,1,1,1,1,0.5,0.5,0,1,0,0,inf,inf,0,1.199061668,0.731095343,1.84483924,1,1,1769196196249551211_35513514,1769182317238896786_2326343,2026-01-23
5e16343d-8ba9-473a-8587-b4beddd43177,us_boston_streets_7586,match,brad,2026-01-12 04:48:36.912342+00:00,4b4c4430,review,0.7388258238,36.42386726,1,1,1,0.8,0,1,0.009635185625,0.9830446114,True,0.9996711738,0,0,5.772363369e-06,1,1,0.9734094257,0.9734094257,0.9734094257,1.154234992,0.7254398325,1.154228237,0.8613551728,0.9502092769,0.4250402615,1,0.7254398325,0.7323272596,1,3,4,3,3,0.9230769231,0.3333333333,0,0,1,1,1,1,1,1,1,1,0,0,0,0,4,0.7321731089,0.4280233446,1.11458316,0.95,0.95,1769196196249551211_35513514,1769182317238896786_2326343,2026-01-23
197e12c1-b7ee-44aa-90b8-9c4b1a9885d0,us_boston_streets_2334,unsure,brad,2026-01-12 04:48:40.808941+00:00,4b4c4430,review,0.7385103327,11.51045864,0.2666666667,0.5222222222,0.3111111111,0.6,0,0.9988598427,0.06995320189,1,True,0.9991767554,0,0,3.714146927e-06,1,0.9988598427,0.9300467981,0.9300467981,0.9311084082,2.213290668,1.973331386,2.175370639,0.6445521657,0.8604980552,0.4841937187,1,1.973331386,2.089449373,1,3,4,3,4,1,1,0,0,1,1,1,1,0,0.3448275862,1,1,0,0,0,0,5,2.059717917,0.1115826776,2.193140501,1,1,1769196196249551211_35513514,1769182317238896786_2326343,2026-01-23
ebd85ea7-0384-46d9-8c28-3384518c5f83,us_boston_streets_10316,match,brad,2026-01-12 04:48:45.251026+00:00,4b4c4430,review,0.7376974716,54.34651436,1,1,1,0.6,0,1,0.02215828606,0.9583207345,True,0.9994609394,0,10000,7.292008641e-06,1,1,0.9361624485,0.9361624485,0.9361624485,4.036244832,3.351462335,3.969595951,0.4548724919,0.7770339011,2.008122439,1,3.351462335,3.757609806,1,3,3,3,3,1,1,0,0,1,1,1,1,1,1,1,1,0,0,0,inf,2,3.660539437,0.1464023142,3.995649691,1,1,1769196196249551211_35513514,1769182317238896786_2326343,2026-01-23
3dd15b27-5927-445d-81b1-1c4c21cd881e,us_boston_streets_1920,match,brad,2026-01-12 04:48:50.694941+00:00,4b4c4430,review,0.7374517629,34.19659854,1,1,1,0.8,0.005717609631,1,0,0.9819152597,True,0.9990923355,0,0,2.916111812e-06,1,0.9942823904,0.9819152597,0.9819152597,0.9875617523,2.393423128,1.509846755,2.309517654,0.7279972781,0.8985256092,0.6899662424,1,1.509846755,1.557648853,1,4,4,4,4,1,1,0,0,1,1,1,1,1,1,1,1,0,0,0,0,6,1.550113777,1.028611321,2.344428222,1,1,1769196196249551211_35513514,1769182317238896786_2326343,2026-01-23
f7326852-faf7-4f8d-a066-bdd8c470a141,us_boston_streets_8018,match,brad,2026-01-12 04:48:52.561997+00:00,4b4c4430,review,0.7361831989,90.49260928,1,1,1,1,0,0.981113377,0,0.9517847694,True,0.9991218997,0,0,9.171781036e-06,1,0.981113377,0.9517847694,0.9517847694,0.970106811,3.680972103,2.347037397,3.58302358,0.5895466586,0.8446297939,0.02436822572,1,2.347037397,2.623816376,1,3,4,4,3,1,1,0,0,1,1,1,1,1,1,1,1,0,0,0,0,3,2.56473562,1.232394281,3.578080698,1,1,1769196196249551211_35513514,1769182317238896786_2326343,2026-01-23
ef054655-6cc9-4c87-b16b-4a7e9920c0fd,us_boston_streets_4008,match,brad,2026-01-12 04:48:56.482714+00:00,4b4c4430,review,0.7361651395,38.41324335,1,1,1,0.6,0.2448461789,1,0.08028626864,1,True,0.9988270341,0,0,4.208394032e-06,1,0.7551538211,0.9197137314,0.7551538211,0.8210748577,2.997751444,2.181924332,2.997623547,0.6134523517,0.8432789736,3.099133465,1,2.181924332,2.264857618,1,3,4,4,3,1,1,0,0,1,1,1,1,1,1,1,1,0,0,0,0,5,2.263729264,0.7350616056,2.923997683,1,1,1769196196249551211_35513514,1769182317238896786_2326343,2026-01-23
3719f38b-86df-48c8-9f5a-d8dd5b0f7028,us_boston_streets_3485,match,brad,2026-01-12 04:48:59.113632+00:00,4b4c4430,review,0.7354012211,17.17161168,0.9142857143,0.9684210526,0.9142857143,0.1,0,0.8954983731,0.04796343839,1,True,0.9991772234,0,10000,5.020981132e-05,1,0.8954983731,0.9520365616,0.8954983731,0.9406134273,15.58658252,6.424210665,14.62892723,0.349935553,0.6590859545,3.278179315,1,6.424210665,7.298247015,1,3,3,3,2,0.9090909091,0.3333333333,0,0,1,1,1,1,1,0.8888888889,1,1,0,0,0,inf,1,4.709426531,1.118597298,12.17750818,0.95,0.95,1769196196249551211_35513514,1769182317238896786_2326343,2026-01-23
baa696e8-3a50-4fcf-90b0-a4fcfe93317e,us_boston_streets_5697,match,brad,2026-01-12 04:49:00.712564+00:00,4b4c4430,review,0.7345984753,157.8375954,1,1,1,1,0,0.9946847061,0,0.9979016489,False,0.999219149,0,10000,2.800232459e-06,1,0.9946847061,0.9979016489,0.9946847061,0.9967762928,1.694314089,0.7496668471,1.483659669,0.8587377021,0.9484125461,0.1915229112,1,0.7496668471,0.7388807774,1,3,3,3,3,1,1,0,0,1,1,1,1,1,1,1,1,0,0,0,inf,2,0.7468372071,0.9063967461,1.557811651,1,1,1769196196249551211_35513514,1769182317238896786_2326343,2026-01-23
ccfa0897-60e1-4bf9-a6a5-e9fd201ee6b8,us_boston_streets_5071,match,brad,2026-01-12 04:49:34.084607+00:00,4b4c4430,review,0.7321731423,62.24950165,1,1,1,0.8,0.002039339359,0.9487368953,0,1,True,0.9990034485,0,10000,1.955393095e-05,1,0.9466975559,1,0.9466975559,0.9466975559,4.0916826,2.332650899,4.080740671,0.5182035624,0.8122072713,4.294527846,1,2.332650899,3.24351698,1,3,4,4,1,0.8333333333,0.3333333333,0,1,0,1,1,1,1,1,1,1,0,0,0,inf,3,3.1641092,0.6459933338,4.011086483,0.9,0.9,1769196196249551211_35513514,1769182317238896786_2326343,2026-01-23
1ceb5bf3-4392-461a-a994-2cb441e433cb,us_boston_streets_2458,match,brad,2026-01-12 04:49:39.032494+00:00,4b4c4430,review,0.731963177,102.8957539,1,1,1,0.6,0.007675967342,0.9752416579,0,1,True,0.9988997519,0,0,1.040183338e-05,1,0.9675656906,1,0.9675656906,0.9675656906,3.356775959,1.813719456,3.333360997,0.5672598963,0.8302890342,2.594420265,1,1.813719456,2.600348872,1,4,3,5,5,0.8235294118,0,0,0,1,1,1,1,1,1,1,1,0,0,0,0,5,2.725729447,0.3183803228,3.329414519,0.85,0.85,1769196196249551211_35513514,1769182317238896786_2326343,2026-01-23
bdd7c80a-f50e-4f0b-8ed4-0f77c3d1a7c9,us_boston_streets_749,match,brad,2026-01-12 04:49:40.453788+00:00,4b4c4430,review,0.7319145775,39.16407375,1,1,1,1,0.01196705692,1,0,0.9972175968,True,0.999361767,0,0,6.813693203e-06,1,0.9880329431,0.9972175968,0.9880329431,0.9907897196,1.503781867,0.9797016401,1.50377723,0.843980112,0.9436488758,0.655886401,1,0.9797016401,0.8322339953,1,3,3,2,3,0.9090909091,0.3333333333,0,0,1,1,1,1,1,1,1,1,0,0,0,0,3,0.8321363424,0.6755474949,1.43690077,0.95,0.95,1769196196249551211_35513514,1769182317238896786_2326343,2026-01-23
428e8024-d61d-4139-95fb-85afd60549a2,us_boston_streets_6404,match,brad,2026-01-12 04:49:42.034930+00:00,4b4c4430,review,0.7314090926,17.22678019,1,1,1,0.6,0,0.7570742613,0,0.2801845189,True,0.9988995408,0,0,5.09250127e-05,1,0.7570742613,0.2801845189,0.2801845189,0.3700885544,1.523564381,1.42550497,1.52355439,0.7135545472,0.8895113001,2.5474213,1,1.42550497,1.425693603,1,4,3,3,3,0.9230769231,0.3333333333,0,0,1,1,1,1,1,1,1,1,0,0,0,0,3,1.425427961,0.09800945805,1.513678724,0.95,0.95,1769196196249551211_35513514,1769182317238896786_2326343,2026-01-23
f07a1bc4-8a7c-4f6b-9fae-429d6788b98e,us_boston_streets_9514,match,brad,2026-01-12 04:49:44.111600+00:00,4b4c4430,review,0.7294021076,33.05543356,1,1,1,0.8,0.01305741866,1,0,0.9773362232,True,0.9991813359,0,0,2.214294327e-05,1,0.9869425813,0.9773362232,0.9773362232,0.9902665481,4.321550287,2.378837031,4.270420488,0.6427043247,0.8571818473,1.751583128,1,2.378837031,2.10659531,1,4,4,4,4,1,1,0,0,1,1,1,1,1,1,1,1,0,0,0,0,6,2.127467834,0.688879977,2.988577037,1,1,1769196196249551211_35513514,1769182317238896786_2326343,2026-01-23
f0243eb5-aa3c-4d76-8bce-1b4bdc33e642,us_boston_streets_10416,match,brad,2026-01-12 04:49:46.804163+00:00,4b4c4430,review,0.7290105245,53.32188341,1,1,1,1,0,1,0.3167156131,0.9876210569,True,0.9989664812,0,0,7.178921304e-05,1,1,0.6709054437,0.6709054437,0.6709054437,0.8123784378,0.4757628478,0.812366584,0.9219730733,0.9682576034,1.744182363,1,0.4757628478,0.2612967279,1,3,3,3,3,1,1,0,0,1,1,1,1,1,1,1,1,0,0,0,0,3,0.3773497724,0.3568636259,0.7604365547,1,1,1769196196249551211_35513514,1769182317238896786_2326343,2026-01-23
99f723f5-3127-44df-a1cf-3736e40d24d7,us_boston_streets_7792,match,brad,2026-01-12 04:49:49.499669+00:00,4b4c4430,review,0.7282105195,5.822246738,0.5,0.5,0.5,0.8,0,0.970574506,0.08165870594,1,True,0.9991346042,0,0,2.593641717e-05,1,0.970574506,0.9183412941,0.9183412941,0.9461832022,2.597103304,1.209803585,2.424859244,0.7499312585,0.899313931,4.525538878,1,1.209803585,1.245821038,1,3,3,3,3,1,1,0,0,1,1,1,1,0.5,0.5,0,1,0,0,0,0,4,1.388222459,1.365454081,2.490894126,1,1,1769196196249551211_35513514,1769182317238896786_2326343,2026-01-23
c528c26d-2788-4d6b-86bc-78f68c06010f,us_boston_streets_10475,match,brad,2026-01-12 04:49:55.439518+00:00,4b4c4430,review,0.7273513523,26.23887935,1,1,1,0.8,0,1,0.04505500295,0.9953988016,True,0.9991901449,10000,0,1.222319613e-05,1,1,0.9503437987,0.9503437987,0.9503437987,5.650302189,3.975090408,5.310849007,0.3527502973,0.7277994603,1.447629758,1,3.975090408,4.845558415,1,3,4,3,4,1,1,0,0,1,1,1,1,1,1,1,1,0,0,0,inf,3,4.736316556,0.7565114746,5.526588464,1,1,1769196196249551211_35513514,1769182317238896786_2326343,2026-01-23
7de93045-5570-4641-81b5-2ce6326698e5,us_boston_streets_9278,associated,brad,2026-01-12 04:49:58.665406+00:00,4b4c4430,review,0.7267768885,5.533599721,0.5,0.5,0.5,0.1,0.2003266839,1,0,0.8815298694,True,0.9988638238,0,10000,1.436019415e-05,1,0.7996733161,0.8815298694,0.7996733161,0.9071426209,3.057763089,2.393977605,3.057655381,0.5921492916,0.8327324666,3.598694665,1,2.393977605,2.394740162,1,3,4,2,3,0.8333333333,0.3333333333,0,0,1,1,1,1,0.5,0.5,0,1,0,0,0,inf,1,2.39402411,0.6637389791,2.99137589,0.9,0.9,1769196196249551211_35513514,1769182317238896786_2326343,2026-01-23
605792f8-0186-4ddc-8cd0-c12f676a2927,us_boston_streets_282,match,brad,2026-01-12 04:50:10.911634+00:00,4b4c4430,review,0.726633817,65.85392458,0.6470588235,0.5992847732,0.6470588235,1,0,0.9677958202,0,0.9447587573,True,0.9996542801,0,0,1.300244141e-05,1,0.9677958202,0.9447587573,0.9447587573,0.9761963604,1.323529336,1.053291051,1.299455682,0.7976136886,0.9254253369,0.3672912846,1,1.053291051,1.101309559,1,4,4,3,4,0.9333333333,0.3333333333,0,0,1,1,1,1,0,0.6,1,1,0,0,0,0,6,1.095350294,0.304616611,1.300910519,0.95,0.95,1769196196249551211_35513514,1769182317238896786_2326343,2026-01-23
7f7d085e-0445-420b-aa22-4755d8e8c3c0,us_boston_streets_6733,match,brad,2026-01-12 04:50:19.281789+00:00,4b4c4430,review,0.7265401876,25.75908675,1,1,1,0.6,0,1,0.01184414468,0.8838454922,True,0.9991138366,0,0,0.0001103444796,1,1,0.8720013475,0.8720013475,0.8720013475,3.874503317,3.119399418,3.864156155,0.499698056,0.8000238372,1.444257138,1,3.119399418,3.052819219,1,6,3,6,6,0.8571428571,0.3333333333,0,0,1,1,1,1,1,1,1,1,0,0,0,0,11,3.322023796,0.01131184426,3.842846331,0.85,0.85,1769196196249551211_35513514,1769182317238896786_2326343,2026-01-23
936888da-73c8-4561-bbf7-d16808f94cff,us_boston_streets_8283,match,brad,2026-01-12 04:50:24.244802+00:00,4b4c4430,review,0.725821055,20.81936527,1,1,1,0.8,0,1,0.2899226494,0.8050222038,True,0.9987959541,0,0,7.939327053e-05,1,1,0.5150995544,0.5150995544,0.5150995544,0.7092051845,0.6437349617,0.7091999398,0.9177523063,0.9646473226,2.062091632,1,0.6437349617,0.0332697883,1,3,3,4,3,0.9230769231,0.3333333333,0,0,1,1,1,1,1,1,1,1,0,0,0,0,3,0.3910015904,0.3379676581,0.6892433715,0.95,0.95,1769196196249551211_35513514,1769182317238896786_2326343,2026-01-23
c98af621-ca07-4fd3-aeb1-a49c126bcaee,us_boston_streets_2710,match,brad,2026-01-12 04:50:26.934844+00:00,4b4c4430,review,0.7256474994,66.66040724,1,1,1,0.6,0.04899635382,1,0.02856426749,1,True,0.9992233803,0,0,7.098276211e-06,1,0.9510036462,0.9714357325,0.9510036462,0.978967125,0.6631566453,0.3890451012,0.6563950114,0.8996757677,0.9686147611,0.08389972842,1,0.3890451012,0.5627629229,1,5,4,4,4,0.9411764706,0.3333333333,0,0,1,1,1,1,1,1,1,1,0,0,0,0,6,0.5311323314,0.2027808131,0.658958274,0.95,0.95,1769196196249551211_35513514,1769182317238896786_2326343,2026-01-23
c6bb6f18-7fdd-4fd9-b6f5-0f94c31b0e24,us_boston_streets_1309,match,brad,2026-01-12 04:50:28.492954+00:00,4b4c4430,review,0.72390855,100.419245,1,1,1,1,0.03724950683,1,0.005431714708,1,True,0.9999764566,0,0,6.722968125e-07,1,0.9627504932,0.9945682853,0.9627504932,0.9680084388,0.8559496194,0.8235113786,0.8559494178,0.8454470464,0.9439654917,0.04300588861,1,0.8235113786,0.8206892321,1,3,3,3,3,1,1,0,0,1,1,1,1,1,1,1,1,0,0,0,0,4,0.8206377661,0.0369635332,0.853822351,1,1,1769196196249551211_35513514,1769182317238896786_2326343,2026-01-23
b31fdbd3-0165-4072-b384-3a7ba8e1c85e,us_boston_streets_10051,match,brad,2026-01-12 04:50:30.541122+00:00,4b4c4430,review,0.7201594575,14.32651871,1,1,1,0.6,0.1200811788,1,0,0.800847277,True,0.9988433433,0,0,3.374342477e-05,1,0.8799188212,0.800847277,0.800847277,0.9101376829,9.403741281,8.538852916,9.403158498,0.08220697615,0.5310618573,3.050319669,1,8.538852916,8.346031064,1,4,4,4,4,1,1,0,0,1,1,1,1,1,1,1,1,0,0,0,0,6,8.351322922,1.023521123,9.313504813,1,1,1769196196249551211_35513514,1769182317238896786_2326343,2026-01-23
5aecbc9d-8ca7-4975-b5b8-452f094b072d,us_boston_streets_8718,match,brad,2026-01-12 04:50:33.204878+00:00,4b4c4430,review,0.7195937596,98.3991889,1,1,1,1,0,0.9903390455,0,0.9982152413,False,0.9993099547,10000,0,8.208935335e-07,1,0.9903390455,0.9982152413,0.9903390455,0.9921097219,0.3219851678,0.1443187843,0.307982373,0.9655107745,0.988950843,0.05249504406,1,0.1443187843,0.1810066504,1,4,3,3,3,0.9230769231,0.3333333333,0,0,1,1,1,1,1,1,1,1,0,0,0,inf,2,0.1751715361,0.1299673491,0.3032019491,0.95,0.95,1769196196249551211_35513514,1769182317238896786_2326343,2026-01-23
1dce1047-c7fb-4494-992f-f9e32a61ce9e,us_boston_streets_7906,match,brad,2026-01-12 04:50:37.577849+00:00,4b4c4430,review,0.7193531805,22.75510178,1,1,1,0.6,0.01151252888,0.653984873,0,1,True,0.9996784873,0,0,1.280808268e-06,1,0.6424723441,1,0.6424723441,0.6424723441,0.8493977579,0.7354887057,0.8493933292,0.8573982559,0.9480554147,0.3841343053,1,0.7354887057,0.7429983188,1,3,3,3,2,0.9090909091,0.3333333333,0,0,1,1,1,1,1,1,1,1,0,0,0,0,3,0.7379225321,0.1636975827,0.8451575899,0.95,0.95,1769196196249551211_35513514,1769182317238896786_2326343,2026-01-23
ebda57b9-1c98-4648-b8db-9e243fa58367,us_boston_streets_1635,match,brad,2026-01-12 04:50:38.981599+00:00,4b4c4430,review,0.7193197492,19.07884931,1,1,1,0.6,0.357831042,0.9044678033,0,1,True,0.9997932573,0,0,5.6926738e-07,1,0.5466367613,1,0.5466367613,0.5466367613,1.219651261,1.162217398,1.218800953,0.7816102683,0.9172746366,0.2965247378,1,1.162217398,1.165035698,1,3,3,2,2,0.8,0,0,0,1,1,0,0,1,1,1,1,0,0,0,0,2,1.158541319,0.02949678866,1.21026083,0.9,0.9,1769196196249551211_35513514,1769182317238896786_2326343,2026-01-23
c245c013-7f63-4803-8c01-250cccf5e662,us_boston_streets_5595,match,brad,2026-01-12 04:50:42.054664+00:00,4b4c4430,review,0.7192416782,29.10364747,1,1,1,1,0.01053855849,1,0,0.7512702137,True,0.9990274229,0,0,0.0001250719851,1,0.9894614415,0.7512702137,0.7512702137,0.7592718444,1.947468168,0.8876252029,1.946822447,0.8481532248,0.9429948218,0.9723764968,1,0.8876252029,0.786822955,1,4,4,4,3,0.9333333333,0.3333333333,0,0,1,1,1,1,1,1,1,1,0,0,0,0,5,0.7984445194,0.6453750578,1.638802041,0.95,0.95,1769196196249551211_35513514,1769182317238896786_2326343,2026-01-23
a3f4f3ec-3985-4afd-b4d1-e560c17e64ea,us_boston_streets_110,match,brad,2026-01-12 04:50:44.608000+00:00,4b4c4430,review,0.7190045826,23.83928784,1,1,1,0.6,0.1859289563,0.8741767567,0,1,True,0.9995811235,0,0,1.718315799e-06,1,0.6882478005,1,0.6882478005,0.6882478005,0.6117536533,0.288924455,0.6116213191,0.9468816817,0.9790015281,0.1826882321,1,0.288924455,0.2442265601,1,3,3,2,2,0.8,0,0,0,1,1,0,0,1,1,1,1,0,0,0,0,2,0.260698217,0.1433539133,0.4940724848,0.9,0.9,1769196196249551211_35513514,1769182317238896786_2326343,2026-01-23
69a50af8-4bd0-423d-bc36-3d8dedec3d3d,us_boston_streets_1047,match,brad,2026-01-12 04:50:46.802191+00:00,4b4c4430,review,0.7189782209,37.09800813,1,1,1,1,0.07620193058,0.9790363879,0,1,True,0.9992033538,0,10000,4.426661386e-06,1,0.9028344574,1,0.9028344574,0.9028344574,1.469578224,0.830427018,1.469508004,0.8128418435,0.9325867895,0.8645212124,1,0.830427018,1.023884293,1,4,2,2,1,0.6666666667,0.3333333333,0,1,0,1,0,0,1,1,1,1,0,0,0,inf,1,1.011630984,0.4390099881,1.428164422,0.85,0.85,1769196196249551211_35513514,1769182317238896786_2326343,2026-01-23
bbaa3013-1736-48d3-b2a7-31677546b984,us_boston_streets_998,match,brad,2026-01-12 04:51:00.778960+00:00,4b4c4430,review,0.7160315379,18.89464343,0.9142857143,0.8412280702,0.8,1,0,0.9382957124,0.4522531283,1,True,0.998931817,10000,10000,9.51125153e-05,1,0.9382957124,0.5477468717,0.5477468717,0.5837678511,2.797712409,2.06737381,2.797440213,0.6575624885,0.8630073179,4.342690981,1,2.06737381,1.936310334,1,3,3,3,3,1,1,0,0,1,1,1,1,0,0.8888888889,1,1,0,0,inf,inf,0,1.935637273,0.8581173977,2.709854527,1,1,1769196196249551211_35513514,1769182317238896786_2326343,2026-01-23
efe866a8-4279-46da-b18d-11ef675aa521,us_boston_streets_8134,match,brad,2026-01-12 04:51:24.606494+00:00,4b4c4430,review,0.7137416458,16.58270128,0.2666666667,0.5222222222,0.3111111111,0.6,0.0172883955,0.9647463715,0,1,True,0.9995850492,0,0,9.002334433e-07,1,0.947457976,1,0.947457976,0.947457976,2.035036264,1.954937725,2.035031788,0.6703262585,0.8702651336,0.04248322489,1,1.954937725,1.902987934,1,4,3,4,3,1,1,0,0,1,1,1,1,0,0.3448275862,1,1,0,0,0,0,5,1.91272839,0.1106269909,2.017065403,1,1,1769196196249551211_35513514,1769182317238896786_2326343,2026-01-23
37bbd574-8eec-429f-ba9e-bc443d7ef3df,us_boston_streets_2534,match,brad,2026-01-12 04:51:27.230487+00:00,4b4c4430,review,0.7133904206,17.74961754,0.9655172414,0.9438095238,0.9655172414,0.1,0,0.6580947573,0.1962161602,1,True,0.9988609151,0,0,3.088829293e-05,1,0.6580947573,0.8037838398,0.6580947573,0.8187459423,1.403516614,1.109844906,1.364848832,0.8174543818,0.9254072025,4.203892546,1,1.109844906,0.5438324875,1,3,5,4,2,0.8571428571,0,0,0,1,1,1,1,1,1,1,1,0,0,0,0,4,0.9499513478,0.4537977815,1.263927492,0.9,0.9,1769196196249551211_35513514,1769182317238896786_2326343,2026-01-23
310a0055-6d7a-4fe0-b822-b31f22ac59fc,us_boston_streets_4325,match,brad,2026-01-12 04:51:28.554711+00:00,4b4c4430,review,0.7126804451,92.13242891,1,1,1,1,0,0.9904745216,0,0.9542558012,True,0.9996609268,0,0,1.216288402e-05,1,0.9904745216,0.9542558012,0.9542558012,0.9634329611,1.218567471,0.9509911757,1.218565755,0.8188595288,0.9331402916,0.2723222156,1,0.9509911757,0.9697512375,1,4,3,3,4,1,1,0,0,1,1,1,1,1,1,1,1,0,0,0,0,5,0.972644229,0.2532432017,1.193238561,1,1,1769196196249551211_35513514,1769182317238896786_2326343,2026-01-23
302540ea-53c6-4be0-a4c6-9f8de781540c,us_boston_streets_9780,match,brad,2026-01-12 04:51:31.494492+00:00,4b4c4430,review,0.7126245647,13.86374426,1,1,1,0.8,0.01587268638,0.932252737,0,1,True,0.9990172201,0,0,2.438644278e-05,1,0.9163800507,1,0.9163800507,0.9163800507,9.731279918,6.276410111,9.458877573,0.1873152127,0.5907097142,32.47724067,1,6.276410111,7.084390523,1,6,4,4,4,0.8888888889,0.3333333333,0,0,1,1,1,1,1,1,1,1,0,0,0,0,6,6.81609394,3.187186123,9.494161349,0.9,0.9,1769196196249551211_35513514,1769182317238896786_2326343,2026-01-23
d9a93ea7-82ea-45b2-8cff-5790f2fa8086,us_boston_streets_6960,associated,brad,2026-01-12 04:51:52.787271+00:00,4b4c4430,review,0.7118065563,12.41189539,0.5,0.5,0.5,0.1,0,1,0.09828053341,0.8790828392,True,0.9989864687,0,10000,1.856810441e-05,1,1,0.7808023058,0.7808023058,0.7808023058,1.010724801,0.4962444667,0.9382306418,0.9297316977,0.9679236483,2.482902288,1,0.4962444667,0.2160170515,1,3,3,3,1,0.8,0.3333333333,0,1,0,1,1,1,0.5,0.5,0,1,0,0,0,inf,2,0.4061381175,0.2135116871,0.8905470449,0.9,0.9,1769196196249551211_35513514,1769182317238896786_2326343,2026-01-23
ed79826e-8dbc-4459-ba26-6aa1540e583b,us_boston_streets_8538,match,brad,2026-01-12 04:51:57.610452+00:00,4b4c4430,review,0.708220736,18.63369319,1,1,1,0.8,0,0.8148961734,0.05803802607,1,True,0.9996288586,0,0,1.023246856e-05,1,0.8148961734,0.9419619739,0.8148961734,0.8651051698,8.294308977,7.960554633,8.29430584,0.1034118456,0.5533295856,0.6012765929,1,7.960554633,8.006702487,1,3,4,3,4,1,1,0,0,1,1,1,1,1,1,1,1,0,0,0,0,5,8.006554971,0.2900316316,8.265726872,1,1,1769196196249551211_35513514,1769182317238896786_2326343,2026-01-23
c6c8d93d-ca6d-4ad1-9a59-b7fff21e1cb4,us_boston_streets_4696,match,brad,2026-01-12 04:52:00.153807+00:00,4b4c4430,review,0.7076977436,23.09423422,1,1,1,1,0.4218362995,1,0,0.9440553842,True,0.9996588513,0,0,7.365621219e-06,1,0.5781637005,0.9440553842,0.5781637005,0.6124256163,0.9553415098,0.8446958456,0.9553411768,0.8364740389,0.939015773,0.4007772921,1,0.8446958456,0.8446987929,1,4,3,2,3,0.8333333333,0.3333333333,0,0,1,1,1,1,1,1,1,1,0,0,0,0,3,0.8446934009,0.1106468328,0.9442746059,0.9,0.9,1769196196249551211_35513514,1769182317238896786_2326343,2026-01-23
b7aca022-0324-4b06-8971-6fda055f5ca9,us_boston_streets_890,match,brad,2026-01-12 04:52:02.541647+00:00,4b4c4430,review,0.7075167572,15.07985827,1,1,1,0.6,0,0.7238515032,0.6572202846,1,True,0.9996274653,0,0,6.075975368e-05,1,0.7238515032,0.3427797154,0.3427797154,0.4735497735,2.649873353,2.193316031,2.649638144,0.5918026167,0.8330640604,5.613346768,1,2.193316031,2.268340465,1,3,3,3,3,1,1,0,0,1,1,1,1,1,1,1,1,0,0,0,0,4,2.265962316,0.3822536604,2.610327543,1,1,1769196196249551211_35513514,1769182317238896786_2326343,2026-01-23
ab3dddd5-048a-4d6d-bfb9-f5af651200ef,us_boston_streets_4739,match,brad,2026-01-12 04:52:05.006059+00:00,4b4c4430,review,0.7073980568,26.07254018,1,1,1,0.8,0.02524082491,0.8764732905,0,1,True,0.9990357674,0,0,9.719618704e-06,1,0.8512324656,1,0.8512324656,0.8512324656,7.299851036,4.444664269,6.651430334,0.4085971444,0.7549726938,0.3235526834,1,4.444664269,4.365129455,1,3,4,3,2,0.8333333333,0.3333333333,0,0,1,1,1,1,1,1,1,1,0,0,0,0,3,4.156705519,1.052462782,6.057973555,0.9,0.9,1769196196249551211_35513514,1769182317238896786_2326343,2026-01-23
623cbe59-d007-4fdf-87bf-3c505540660a,us_boston_streets_5317,associated,brad,2026-01-12 04:52:07.354435+00:00,4b4c4430,review,0.7054624012,32.51980249,0.5,0.5,0.5,0.1,0,0.937956337,0,0.8645422125,True,0.9990599351,0,0,1.075445195e-05,1,0.937956337,0.8645422125,0.8645422125,0.9217296994,1.718140625,1.562253846,1.718139011,0.7155856014,0.8890019556,0.6710626475,1,1.562253846,1.562268696,1,3,3,3,3,1,1,0,0,1,1,1,1,0.5,0.5,0,1,0,0,0,0,4,1.562250824,0.155893608,1.702551264,1,1,1769196196249551211_35513514,1769182317238896786_2326343,2026-01-23
b908e5f3-6398-40cd-888e-8e68f194929a,us_boston_streets_6249,match,brad,2026-01-12 04:52:08.772038+00:00,4b4c4430,review,0.704516386,37.54293544,1,1,1,0.8,0.06163017496,1,0,0.9588096954,True,0.9988036057,0,0,2.001617564e-05,1,0.938369825,0.9588096954,0.938369825,0.9786820362,2.771728825,1.65035674,2.771706288,0.7769887213,0.9092572722,2.306340983,1,1.65035674,0.720197607,1,3,4,3,4,1,1,0,0,1,1,1,1,1,1,1,1,0,0,0,0,5,1.198843293,1.170191103,2.567142657,1,1,1769196196249551211_35513514,1769182317238896786_2326343,2026-01-23
dca21040-c73a-47e0-87d6-96f13d7a39ca,us_boston_streets_3730,match,brad,2026-01-12 04:52:10.799705+00:00,4b4c4430,review,0.7039402746,112.3236641,1,1,1,1,0,1,0.2276124758,0.9855940322,True,0.9990839214,0,0,0.0001359631014,1,1,0.7579815564,0.7579815564,0.7579815564,1.501574679,0.7730725262,1.500464957,0.8409016528,0.9393690495,0.5641627728,1,0.7730725262,0.4867363061,1,3,4,4,3,1,1,0,0,1,1,1,1,1,1,1,1,0,0,0,0,3,0.8484187183,0.5471788288,1.389547332,1,1,1769196196249551211_35513514,1769182317238896786_2326343,2026-01-23
13349868-012b-4ca9-a0c0-5b423dbd0db9,us_boston_streets_9306,match,brad,2026-01-12 04:52:16.133358+00:00,4b4c4430,review,0.7034213296,56.96382294,0.72,0.9125,0.72,1,0.01277451405,1,0.005534655611,1,True,0.9990708653,10000,2.094485579,4.427336602e-06,1,0.987225486,0.9944653444,0.987225486,0.9927198484,2.929939003,2.009431043,2.927043,0.6277200682,0.8510206469,4.734752807,1,2.009431043,2.032780036,1,3,3,3,4,0.9230769231,0.3333333333,0,0,1,1,1,1,1,0.7058823529,1,1,0,0,2.094485579,inf,3,2.207757159,0.7501902595,2.886894018,0.95,0.95,1769196196249551211_35513514,1769182317238896786_2326343,2026-01-23
88004a40-7c15-4ce6-a1bb-8b013e257368,us_boston_streets_5301,associated,brad,2026-01-12 04:52:19.485980+00:00,4b4c4430,review,0.702284503,8.190607462,0.5,0.5,0.5,0.1,0,1,0.08888890361,0.9049971973,True,0.9994470123,10000,0,2.074504055e-05,1,1,0.8161082937,0.8161082937,0.8161082937,3.642724896,3.231798902,3.642678832,0.5027071307,0.7926297413,0.6746981482,1,3.231798902,3.211922416,1,3,3,3,3,1,1,0,0,1,1,1,1,0.5,0.5,0,1,0,0,0,inf,2,3.217237371,0.3701181308,3.593385516,1,1,1769196196249551211_35513514,1769182317238896786_2326343,2026-01-23
7b76731a-25a7-4080-a9a0-a36560d20916,us_boston_streets_4059,match,brad,2026-01-12 04:52:25.722493+00:00,4b4c4430,review,0.7019695753,37.94316364,1,1,1,0.8,0,1,0.02275592669,0.9951575748,True,0.9990053517,0,0,3.322256049e-05,1,1,0.9724016481,0.9724016481,0.9724016481,9.720968924,6.567980708,9.717234986,0.1627167364,0.611335076,13.65320808,1,6.567980708,7.596928206,1,4,4,4,4,1,1,0,0,1,1,1,1,1,1,1,1,0,0,0,0,6,7.171859172,2.956909411,9.604718317,1,1,1769196196249551211_35513514,1769182317238896786_2326343,2026-01-23
3b6a4d9c-60fe-486f-a63a-5c632ca81aa0,us_boston_streets_8082,match,brad,2026-01-12 04:52:33.836245+00:00,4b4c4430,review,0.7005227641,35.67270682,0.875,0.8306878307,0.875,0.6,0.04294458326,0.9723174887,0,1,True,0.9989083091,0,0,5.399380388e-06,1,0.9293729054,1,0.9293729054,0.9293729054,1.595254343,0.8770974813,1.591831837,0.8474791288,0.944511087,0.2798658686,1,0.8770974813,0.8091588993,1,3,5,2,4,0.8571428571,0,0,0,1,1,1,1,0,0.9,1,1,0,0,0,0,4,0.8145528361,0.7800415882,1.455291399,0.9,0.9,1769196196249551211_35513514,1769182317238896786_2326343,2026-01-23
1f2ac020-7ff0-428a-be14-55ee05cffceb,us_boston_streets_450,match,brad,2026-01-12 04:53:00.909603+00:00,4b4c4430,review,0.6997775682,13.24936072,0.2,0.3561507937,0.2666666667,0.8,0,1,0.0887434088,0.9382550638,True,0.9990771923,0,10000,4.846971832e-05,1,1,0.849511655,0.849511655,0.849511655,8.50207013,1.879803155,7.402584801,0.6068562705,0.8297748266,5.834656038,1,1.879803155,3.458783022,1,4,3,5,1,0.7692307692,0,0,1,0,1,1,1,0,0.3333333333,1,1,0,0,0,inf,4,2.534248965,2.095229377,7.395820917,0.85,0.85,1769196196249551211_35513514,1769182317238896786_2326343,2026-01-23
6a313d6a-9489-4b69-b5fe-cb373bd235cc,us_boston_streets_6320,match,brad,2026-01-12 04:53:03.167287+00:00,4b4c4430,review,0.6991872855,110.8438898,1,1,1,0.8,0.002809609742,0.9990044905,0,1,False,0.9991862744,0,0,9.766288928e-06,1,0.9961948808,1,0.9961948808,0.9961948808,2.089618608,1.266220878,2.089509279,0.7468706291,0.9085708969,1.077444969,1,1.266220878,1.457725974,1,4,3,3,4,1,1,0,0,1,1,1,1,1,1,1,1,0,0,0,0,5,1.437831758,0.5574500647,2.038104465,1,1,1769196196249551211_35513514,1769182317238896786_2326343,2026-01-23
b076e209-d07b-4da1-99f5-bc949671be54,us_boston_streets_3950,associated,brad,2026-01-12 04:53:07.301880+00:00,4b4c4430,review,0.6985257684,6.290988836,0.5,0.5,0.5,0.1,0,1,0.08102350105,0.8624762625,True,0.9995276003,0,0,1.396357713e-05,1,1,0.7814527614,0.7814527614,0.7814527614,4.325255457,4.122103971,4.325190596,0.3950987011,0.732545768,0.8323183148,1,4.122103971,4.12221202,1,3,4,3,4,1,1,0,0,1,1,1,1,0.5,0.5,0,1,0,0,0,0,5,4.12186614,0.203043439,4.304518712,1,1,1769196196249551211_35513514,1769182317238896786_2326343,2026-01-23
f5e7c12f-a024-4182-b61b-063c9603f3d9,us_boston_streets_7416,match,brad,2026-01-12 04:53:12.164335+00:00,4b4c4430,review,0.6980058209,25.51096299,1,1,1,0.8,0.01919406354,1,0,0.5540911033,True,0.9989325106,0,0,0.0001182217151,1,0.9808059365,0.5540911033,0.5540911033,0.5649344918,1.308584718,0.7264336624,1.308577399,0.8730842352,0.9468983592,3.336999421,1,0.7264336624,0.4119307519,1,3,3,3,3,1,1,0,0,1,1,1,1,1,1,1,1,0,0,0,0,4,0.6307106374,0.5475248075,1.220227324,1,1,1769196196249551211_35513514,1769182317238896786_2326343,2026-01-23
43cf868a-17e7-4b6a-90f6-3af84e21b2b4,us_boston_streets_4353,associated,brad,2026-01-12 04:53:14.141648+00:00,4b4c4430,review,0.6973255562,11.38923918,0.5,0.5,0.5,0.1,0,1,0.01564655789,0.8654723214,True,0.999945747,0,0,4.420915567e-05,1,1,0.8498257635,0.8498257635,0.8498257635,2.782670226,2.746105056,2.78267015,0.5603573012,0.8217978169,0.0599544992,1,2.746105056,2.746105268,1,3,3,3,3,1,1,0,0,1,1,1,1,0.5,0.5,0,1,0,0,0,0,4,2.746104647,0.03656512339,2.779013207,1,1,1769196196249551211_35513514,1769182317238896786_2326343,2026-01-23
b64e0f08-ca08-4f21-bbf5-7a32bc47f667,us_boston_streets_283,match,brad,2026-01-12 04:53:16.335246+00:00,4b4c4430,review,0.6965304353,6.769813307,0.2142857143,0.5138888889,0.2142857143,0.6,0.08487244493,0.8400490146,0,1,True,0.9990747784,0,0,8.484392394e-06,1,0.7551765696,1,0.7551765696,0.7551765696,3.721240568,3.059910438,3.701810843,0.498242597,0.7908504965,3.439040797,1,3.059910438,3.249147332,1,4,4,3,4,0.9333333333,0.3333333333,0,0,1,1,1,1,0,0.3529411765,1,1,0,0,0,0,5,3.144540235,0.4201144913,3.664254403,0.95,0.95,1769196196249551211_35513514,1769182317238896786_2326343,2026-01-23
bac0d706-8988-4fde-bacf-918d416338db,us_boston_streets_1310,match,brad,2026-01-12 04:53:18.573666+00:00,4b4c4430,review,0.6965262924,107.9858196,1,1,1,1,0.002013169417,1,0.009265822178,1,False,0.999694956,0,0,2.796487564e-06,1,0.9979868306,0.9907341778,0.9907341778,0.992732717,3.523551755,2.12753355,3.348273276,0.5879047314,0.8435502093,0.318591441,1,2.12753355,2.635144329,1,4,3,3,4,1,1,0,0,1,1,1,1,1,1,1,1,0,0,0,0,3,2.576880357,0.9343205563,3.33966871,1,1,1769196196249551211_35513514,1769182317238896786_2326343,2026-01-23
e4994aba-8c41-468f-b279-58788922ba46,us_boston_streets_7837,match,brad,2026-01-12 04:53:20.735826+00:00,4b4c4430,review,0.6963051073,19.88062303,1,1,1,0.8,0.5896860935,1,0,0.9478785958,True,0.9989952818,0,0,1.063586495e-06,1,0.4103139065,0.9478785958,0.4103139065,0.4328760121,1.079582687,0.907235813,1.079576701,0.8225949734,0.9330491366,1.608063252,1,0.907235813,0.8859768905,1,3,3,2,3,0.9090909091,0.3333333333,0,0,1,1,1,1,1,1,1,1,0,0,0,0,3,0.8859151053,0.1936137248,1.060184207,0.95,0.95,1769196196249551211_35513514,1769182317238896786_2326343,2026-01-23
82c5ce83-be79-4cca-a7b6-7ae709781a0d,us_boston_streets_3931,match,brad,2026-01-12 04:53:22.522699+00:00,4b4c4430,review,0.6962294138,86.69061768,1,1,1,0.6,0,1,0.01154686908,0.9834489897,True,0.9996339212,0,0,4.699188504e-06,1,1,0.9719021207,0.9719021207,0.9719021207,2.317383366,1.778400423,2.310484832,0.6782109396,0.8819958614,0.8735732108,1,1.778400423,1.943391863,1,4,3,3,4,1,1,0,0,1,1,1,1,1,1,1,1,0,0,0,0,5,1.901535717,0.1743787786,2.260777815,1,1,1769196196249551211_35513514,1769182317238896786_2326343,2026-01-23
88d83ff3-df9e-49c6-8b28-95c44d6477e9,us_boston_streets_3862,match,brad,2026-01-12 04:53:25.320465+00:00,4b4c4430,review,0.6960314738,50.42998496,1,1,1,0.6,0.06258032999,0.7889295604,0,1,True,0.999336863,0,0,3.115391838e-06,1,0.7263492305,1,0.7263492305,0.7263492305,0.7954972597,0.6098345798,0.7954908887,0.9098228361,0.9622801915,2.046669122,1,0.6098345798,0.007421315137,1,4,4,2,4,0.8571428571,0.3333333333,0,0,1,1,1,1,1,1,1,1,0,0,0,0,4,0.4281326132,0.3018478425,0.7369395428,0.9,0.9,1769196196249551211_35513514,1769182317238896786_2326343,2026-01-23
90e7d285-ebdd-4433-bf93-ec42e26b88ce,us_boston_streets_2608,match,brad,2026-01-12 04:53:28.402703+00:00,4b4c4430,review,0.6958257567,19.63553571,1,1,1,1,0,0.4066958067,0.1312756822,1,True,0.9989906958,0,0,6.693135366e-06,1,0.4066958067,0.8687243178,0.4066958067,0.4681528977,1.845089953,1.09889916,1.844125596,0.8107759388,0.9282160757,8.167419886,1,1.09889916,0.9508709588,1,3,3,2,2,0.8,0,0,0,1,1,0,0,1,1,1,1,0,0,0,0,2,0.9548143842,0.8917770077,1.756362684,0.9,0.9,1769196196249551211_35513514,1769182317238896786_2326343,2026-01-23
a2be6d1c-e452-4288-b094-46356f60c67f,us_boston_streets_253,match,brad,2026-01-12 04:54:26.840335+00:00,4b4c4430,review,0.695177436,43.67668541,1,1,1,0.6,0.02101418164,1,0,0.9987027514,True,0.9993134145,0,0,3.406237455e-06,1,0.9789858184,0.9987027514,0.9789858184,0.9802574559,0.7957171455,0.3670289127,0.7956387839,0.9573351459,0.982269959,0.5602978387,1,0.3670289127,0.1431223416,1,3,4,3,3,0.9230769231,0.3333333333,0,0,1,1,1,1,1,1,1,1,0,0,0,0,4,0.2023051599,0.1839339031,0.5844115507,0.95,0.95,1769196196249551211_35513514,1769182317238896786_2326343,2026-01-23
7f836900-57d3-4a4f-b078-ca65ee471823,us_boston_streets_2155,associated,brad,2026-01-12 04:54:28.804255+00:00,4b4c4430,review,0.6949240121,10.29014843,0.5,0.5,0.5,0.1,0,1,0.08917023083,0.9234525165,True,0.9995049969,0,0,2.56745771e-05,1,1,0.8342822857,0.8342822857,0.8342822857,3.668186315,2.820592672,3.66734702,0.5618420157,0.820174088,1.308414155,1,2.820592672,2.771791791,1,3,3,4,4,0.8571428571,0,0,0,1,1,1,1,0.5,0.5,0,1,0,0,0,0,4,2.7237375,0.9953876916,3.527707438,0.9,0.9,1769196196249551211_35513514,1769182317238896786_2326343,2026-01-23
ed74bedb-d07b-4cae-a04d-b76fb54c32df,us_boston_streets_10094,match,brad,2026-01-12 04:54:30.391479+00:00,4b4c4430,review,0.6940722871,26.13566644,1,1,1,1,0.00648686585,1,0,0.6814773468,True,0.9991655859,0,0,0.0001312460746,1,0.9935131341,0.6814773468,0.6814773468,0.6859268623,4.538892198,3.719408732,4.538879822,0.4475529826,0.7652998598,1.834809078,1,3.719408732,3.718162795,1,4,3,4,3,1,1,0,0,1,1,1,1,1,1,1,1,0,0,0,0,4,3.708756663,0.9171493621,4.493969539,1,1,1769196196249551211_35513514,1769182317238896786_2326343,2026-01-23
6dccd532-8ba7-419e-a3ea-5cb27099bcad,us_boston_streets_1969,associated,brad,2026-01-12 04:54:32.111341+00:00,4b4c4430,review,0.693763512,8.516788803,0.5,0.5,0.5,0.1,0,1,0.0827097666,0.8978995741,True,0.9990951386,0,0,1.770015855e-05,1,1,0.8151898075,0.8151898075,0.8151898075,4.302410298,3.815144135,4.265799553,0.4417672577,0.766079955,0.2799211065,1,3.815144135,3.823366,1,3,3,4,3,0.9230769231,0.3333333333,0,0,1,1,1,1,0.5,0.5,0,1,0,0,0,0,5,3.786350732,0.2561318687,4.148547007,0.95,0.95,1769196196249551211_35513514,1769182317238896786_2326343,2026-01-23
54c552df-5e14-4010-b1e9-76994110c151,us_boston_streets_8461,match,brad,2026-01-12 04:54:34.151564+00:00,4b4c4430,review,0.6932733528,78.03250586,1,1,1,0.6,0.01402925413,1,0.006852356245,1,True,0.9988794974,0,0,2.822878988e-05,1,0.9859707459,0.9931476438,0.9859707459,0.9927735841,6.251287669,4.570173673,6.235112606,0.3134506984,0.7105852343,4.437802813,1,4.570173673,5.503831001,1,5,4,4,4,0.9411764706,0.3333333333,0,0,1,1,1,1,1,1,1,1,0,0,0,0,6,5.228622787,0.849059035,6.217725872,0.95,0.95,1769196196249551211_35513514,1769182317238896786_2326343,2026-01-23
1a8e61e3-7d28-4f8c-8673-127e6156e531,us_boston_streets_9996,match,brad,2026-01-12 04:54:36.203769+00:00,4b4c4430,review,0.6928195936,21.41742965,1,1,1,1,0,0.2582274927,0.7118851607,1,True,0.9999262139,0,0,8.241436586e-05,1,0.2582274927,0.2881148393,0.2582274927,0.8962658547,2.33987567,2.331738935,2.339875455,0.5813055541,0.828330977,0.10999301,1,2.331738935,2.332871881,1,5,5,3,3,0.75,0,0,0,1,1,1,1,1,1,1,1,0,0,0,0,4,2.332818859,0.007112202189,2.339180465,0.8,0.8,1769196196249551211_35513514,1769182317238896786_2326343,2026-01-23
c070ddb7-2481-4660-8496-18bddd79015e,us_boston_streets_8733,match,brad,2026-01-12 04:55:10.774921+00:00,4b4c4430,review,0.6928115135,57.74573955,0.2666666667,0.5703242836,0.5333333333,0.6,0.02832049387,0.9988680162,0,1,True,0.998863747,0,0,2.001169851e-05,1,0.9705475223,1,0.9705475223,0.9705475223,5.38186377,3.34475181,5.317862259,0.4657367981,0.8051318392,1.417236774,1,3.34475181,3.995369538,1,4,7,3,2,0.625,0,0,0,1,1,1,1,0,0.4210526316,1,1,0,0,0,0,3,3.681345838,3.171949716,5.346369973,0.7,0.7,1769196196249551211_35513514,1769182317238896786_2326343,2026-01-23
2f7f5792-2901-4828-a421-98cedc7b401d,us_boston_streets_2570,match,brad,2026-01-12 04:55:18.825814+00:00,4b4c4430,review,0.6926422518,44.98973905,1,1,1,0.6,0,0.9972227624,0.003669550933,1,False,0.9992597268,0,0,1.048695651e-06,1,0.9972227624,0.9963304491,0.9963304491,0.9991052016,0.4830575391,0.3306560602,0.4829196199,0.9432087171,0.9789276124,0.09810998803,1,0.3306560602,0.2649572861,1,4,4,4,4,1,1,0,0,1,1,1,1,1,1,1,1,0,0,0,0,6,0.2832431891,0.3921192432,0.4829089698,1,1,1769196196249551211_35513514,1769182317238896786_2326343,2026-01-23
a36da67e-888c-4c4f-8200-e8d079f72008,us_boston_streets_9991,match,brad,2026-01-12 04:55:19.938257+00:00,4b4c4430,review,0.6918714824,23.73235229,1,1,1,1,0.4779909933,1,0,0.9629438839,True,0.9993014616,0,0,5.182222154e-06,1,0.5220090067,0.9629438839,0.5220090067,0.5420970167,1.682801623,0.7444094888,1.682769485,0.8332470473,0.9371854536,3.62003547,1,0.7444094888,0.8519488485,1,4,4,2,4,0.8571428571,0.3333333333,0,0,1,1,1,1,1,1,1,1,0,0,0,0,4,0.8562463185,0.8338658007,1.599254353,0.9,0.9,1769196196249551211_35513514,1769182317238896786_2326343,2026-01-23
06ae16a5-1c1b-4237-971b-fbfed3a033d3,us_boston_streets_2329,match,brad,2026-01-12 04:55:21.148500+00:00,4b4c4430,review,0.6915729069,20.71999191,1,1,1,0.6,0.2699873295,0.9972811847,0,1,True,0.9991350744,0,0,1.083269507e-05,1,0.7272938552,1,0.7272938552,0.7272938552,5.845723219,4.968389245,5.842359888,0.2890032468,0.6814359228,2.147123283,1,4.968389245,5.467615061,1,2,3,2,4,0.9090909091,0.3333333333,0,0,1,1,1,1,1,1,1,1,0,0,0,0,4,5.401277753,0.2221364163,5.799310864,0.95,0.95,1769196196249551211_35513514,1769182317238896786_2326343,2026-01-23
baf32705-78dc-43cd-87cf-4fed3eed43cf,us_boston_streets_5906,match,brad,2026-01-12 04:55:23.854467+00:00,4b4c4430,review,0.6913759386,37.45335218,1,1,1,0.8,0,1,0.03555000806,0.963337129,True,0.9992295458,0,0,2.934685056e-05,1,1,0.9277871209,0.9277871209,0.9277871209,8.79894501,5.573350302,8.764555064,0.212712052,0.650477554,14.47290177,1,5.573350302,6.932173201,1,4,4,4,4,1,1,0,0,1,1,1,1,1,1,1,1,0,0,0,0,6,6.494212146,2.467196699,8.718387916,1,1,1769196196249551211_35513514,1769182317238896786_2326343,2026-01-23
015614fe-2453-4531-b4f9-3710b456a0fc,us_boston_streets_5625,match,brad,2026-01-12 04:55:25.385605+00:00,4b4c4430,review,0.6900144479,16.53823624,1,1,1,0.8,0,1,0.1686864746,0.5551004869,True,0.9993445244,0,0,7.451614729e-05,1,1,0.3864140123,0.3864140123,0.3864140123,2.729996185,1.98041039,2.657227161,0.6382746381,0.851708651,5.537727498,1,1.98041039,1.995037511,1,6,3,2,3,0.7142857143,0.3333333333,0,0,1,1,1,1,1,1,1,1,0,0,0,0,3,2.118523662,0.634291642,2.673412756,0.8,0.8,1769196196249551211_35513514,1769182317238896786_2326343,2026-01-23
ec2a293d-d5a8-40b1-a8fc-3f75edeb319e,us_boston_streets_5865,associated,brad,2026-01-12 04:55:27.418921+00:00,4b4c4430,review,0.6891384959,82.13601873,0.5,0.5,0.5,0.1,0,1,0.03434794678,0.947077932,True,0.9993870218,10000,0,1.286730054e-05,1,1,0.9127299852,0.9127299852,0.9127299852,1.265582783,0.9579726514,1.265490232,0.8353965228,0.9374566084,1.57384566,1,0.9579726514,0.7028061565,1,3,3,3,3,1,1,0,0,1,1,1,1,0.5,0.5,0,1,0,0,0,inf,2,0.8687898017,0.387165499,1.235047726,1,1,1769196196249551211_35513514,1769182317238896786_2326343,2026-01-23
2985045b-b9d7-4162-9397-f2c5dd226887,us_boston_streets_2774,match,brad,2026-01-12 04:55:30.558919+00:00,4b4c4430,review,0.6891318485,34.92138698,1,1,1,0.6,0,0.9931929263,0.1694130545,1,True,0.9993589802,0,0,0.0001218651867,1,0.9931929263,0.8305869455,0.8305869455,0.8362795622,1.885316761,1.329481624,1.885296912,0.7625768632,0.9112946244,0.4871108924,1,1.329481624,1.320640207,1,3,4,3,3,0.9230769231,0.3333333333,0,0,1,1,1,1,1,1,1,1,0,0,0,0,4,1.322383233,0.364192757,1.811732665,0.95,0.95,1769196196249551211_35513514,1769182317238896786_2326343,2026-01-23
ae7d32c7-77c0-40d5-8846-1ffd66855ff7,us_boston_streets_9284,match,brad,2026-01-12 04:55:32.672645+00:00,4b4c4430,review,0.6878659806,30.5561361,1,1,1,0.6,0,1,0.309550519,0.9768871675,True,0.9991785855,0,10000,0.0001250077198,1,1,0.6673366485,0.6673366485,0.6673366485,1.010837008,0.4427196159,0.824668986,0.9034781364,0.9663910322,0.7356072686,1,0.4427196159,0.4923693371,1,3,3,2,1,0.6666666667,0,0,1,0,1,0,0,1,1,1,1,0,0,0,inf,1,0.5033311749,0.4333074065,0.9061920808,0.85,0.85,1769196196249551211_35513514,1769182317238896786_2326343,2026-01-23
12156658-de9e-4515-bde8-9877032d61e7,us_boston_streets_985,associated,brad,2026-01-12 04:55:35.782367+00:00,4b4c4430,review,0.68747144,103.3824202,0.5,0.5,0.5,0.1,0,1,0.01456674841,0.9697435611,True,0.9990259226,10000,0,1.341554611e-05,1,1,0.9551768127,0.9551768127,0.9551768127,2.11051122,1.505876408,2.018121119,0.7434499518,0.9066354177,0.918946947,1,1.505876408,1.47779116,1,3,3,3,4,0.9230769231,0.3333333333,0,0,1,1,1,1,0.5,0.5,0,1,0,0,0,inf,1,1.455290826,0.7601459074,1.956667116,0.95,0.95,1769196196249551211_35513514,1769182317238896786_2326343,2026-01-23
a8906bc7-d0b3-4ea5-bba8-1b06cb17893d,us_boston_streets_10646,associated,brad,2026-01-12 04:55:37.833744+00:00,4b4c4430,review,0.6871919261,13.82435217,0.5,0.5,0.5,0.1,0,1,0.06744850491,0.9214882947,True,0.9988443125,0,0,2.53826461e-05,1,1,0.8540397898,0.8540397898,0.8540397898,3.30056324,2.388486894,3.178893717,0.5839094252,0.8375263056,0.5149721972,1,2.388486894,2.626972193,1,3,3,4,4,0.8571428571,0,0,0,1,1,1,1,0.5,0.5,0,1,0,0,0,0,4,2.577659272,0.5518732437,3.187637661,0.9,0.9,1769196196249551211_35513514,1769182317238896786_2326343,2026-01-23
7927a41b-87b4-405c-8625-55e5b9863768,us_boston_streets_9310,match,brad,2026-01-12 04:55:40.173383+00:00,4b4c4430,review,0.6870810148,20.930211,1,1,1,0.6,0.04398926593,1,0,0.5381760386,True,0.9995760448,0,10000,0.0001049375955,1,0.9560107341,0.5381760386,0.5381760386,0.5629393263,4.049141228,2.679762332,4.048954886,0.5250102968,0.7994153455,5.26521605,1,2.679762332,2.924675685,1,3,1,3,1,1,1,1,1,1,1,1,1,1,1,1,1,0,0,0,inf,2,2.93377739,1.115363838,3.934662477,1,1,1769196196249551211_35513514,1769182317238896786_2326343,2026-01-23
416f65a0-2943-4c5d-a5bb-c5c08c42cfd4,us_boston_streets_6067,match,brad,2026-01-12 04:55:43.306001+00:00,4b4c4430,review,0.6869096623,11.18699052,0.2666666667,0.5222222222,0.3111111111,0.6,0.1205956612,0.8715084188,0,1,True,0.999096831,0,0,6.083808683e-06,1,0.7509127576,1,0.7509127576,0.7509127576,3.314005182,2.541776732,3.296741104,0.5901125886,0.842484765,0.6113326445,1,2.541776732,2.59226008,1,4,4,4,2,0.8571428571,0.3333333333,0,0,1,1,1,1,0,0.3448275862,1,1,0,0,0,0,4,2.532013943,0.5920981621,3.199839762,0.9,0.9,1769196196249551211_35513514,1769182317238896786_2326343,2026-01-23
ba350c94-ffd1-4ab9-91ea-5553c2489a05,us_boston_streets_4353,associated,brad,2026-01-12 04:55:45.393425+00:00,4b4c4430,review,0.6838260303,11.1490829,0.5,0.5,0.5,0.1,0,1,0.01893483313,0.8740383337,True,0.9995263161,0,0,2.802529927e-05,1,1,0.8551035005,0.8551035005,0.8551035005,4.120076017,3.761624945,4.120045663,0.4437160319,0.7638240783,0.5840395365,1,3.761624945,3.761675367,1,3,3,3,3,1,1,0,0,1,1,1,1,0.5,0.5,0,1,0,0,0,0,4,3.761487464,0.3584007125,4.084033584,1,1,1769196196249551211_35513514,1769182317238896786_2326343,2026-01-23
7c7393de-f879-4053-856a-4a944a5a4ac4,us_boston_streets_7961,associated,brad,2026-01-13 02:52:06.929935+00:00,fb1a3870,no_match,0.4999866776,0,0.5,0.5,0.5,0.1,0.2134841162,1,0.0338019341,1,True,0.9992672694,0,0,1.444425813e-05,1,0.7865158838,0.9661980659,0.7865158838,0.8140317307,4.483388375,3.671704644,4.456053927,0.4428586628,0.7728525168,0.08119797715,1,3.671704644,3.876747244,1,4,3,4,2,0.9230769231,0.3333333333,0,0,1,1,1,1,0.5,0.5,0,1,0,0,0,0,4,3.835744361,0.7775947468,4.407040663,0.95,0.95,1769196196249551211_35513514,1769182317238896786_2326343,2026-01-23
fc6231ac-a33e-4659-8bff-5f7e04aaa6d0,us_boston_streets_7850,associated,brad,2026-01-13 02:52:09.763774+00:00,fb1a3870,no_match,0.4999620015,0,0.5,0.5,0.5,0.1,0,0.7811025894,0.1397960862,1,True,0.9994112595,0,0,5.051753977e-05,1,0.7811025894,0.8602039138,0.7811025894,0.9080435195,10.38864817,8.018484656,10.2971839,0.1212387075,0.5536518155,3.402633783,1,8.018484656,7.697387608,1,4,4,4,3,0.9333333333,0.3333333333,0,0,1,1,1,1,0.5,0.5,0,1,0,0,0,0,5,7.78867592,0.8577293786,9.69279046,0.95,0.95,1769196196249551211_35513514,1769182317238896786_2326343,2026-01-23
eaf72a07-ee82-438c-b747-eb0a39baac44,us_boston_streets_4682,associated,brad,2026-01-13 02:52:13.216763+00:00,fb1a3870,no_match,0.4996267056,0,0.5,0.5,0.5,0.1,0,0.7860025751,0,0.8117252187,True,0.9989030407,0,10000,1.220315507e-05,1,0.7860025751,0.8117252187,0.7860025751,0.9683111439,11.29449117,10.82821968,11.29417251,0,0.4329252332,1.710326437,1,10.82821968,10.78369556,1,2,4,3,3,0.8333333333,0,0,0,1,1,1,1,0.5,0.5,0,1,0,0,0,inf,2,10.78438712,0.504269701,11.24128105,0.9,0.9,1769196196249551211_35513514,1769182317238896786_2326343,2026-01-23
a5e330f1-a919-4d54-a487-95b480c904fc,us_boston_streets_3519,associated,brad,2026-01-13 02:52:14.549160+00:00,fb1a3870,no_match,0.4995531479,0,0.5,0.5,0.5,0.1,0.1899992781,1,0.08591922045,1,True,0.9993813287,0,0,1.696011082e-06,1,0.8100007219,0.9140807795,0.8100007219,0.8861369148,8.760246584,8.562633232,8.760225554,0.07033472739,0.5322095209,0.3707381734,1,8.562633232,8.609036316,1,4,4,4,3,0.9333333333,0.3333333333,0,0,1,1,1,1,0.5,0.5,0,1,0,0,0,0,3,8.60282377,0.1430058761,8.746119585,0.95,0.95,1769196196249551211_35513514,1769182317238896786_2326343,2026-01-23
70f3f640-587b-4ac6-aac9-19590a0a622c,us_boston_streets_8593,associated,brad,2026-01-13 02:52:18.452273+00:00,fb1a3870,no_match,0.4995370449,0,0.5,0.5,0.5,0.1,0,1,0.07033286975,0.966228352,True,0.9995205626,0,0,3.593801008e-05,1,1,0.8958954823,0.8958954823,0.8958954823,11.73170705,10.54451901,11.7316699,0.00262521387,0.4657213167,0.6853682833,1,10.54451901,10.49153387,1,4,3,4,4,0.9333333333,0.3333333333,0,0,1,1,1,1,0.5,0.5,0,1,0,0,0,0,6,10.50623355,1.127444038,11.59601413,0.95,0.95,1769196196249551211_35513514,1769182317238896786_2326343,2026-01-23
89dc9162-c8f5-4ccf-a074-086369fa768c,us_boston_streets_7215,associated,brad,2026-01-13 02:52:21.011754+00:00,fb1a3870,no_match,0.4994986869,0,0.5,0.5,0.5,0.1,0,1,0.05051415615,0.9583073154,True,0.9995881399,0,0,1.684911255e-05,1,1,0.9077931593,0.9077931593,0.9077931593,12.22909546,11.4583494,12.1018285,0,0.42931123,0.07674992888,1,11.4583494,11.70882177,1,4,3,4,4,0.9333333333,0.3333333333,0,0,1,1,1,1,0.5,0.5,0,1,0,0,0,0,6,11.69357456,0.5015724828,12.15155207,0.95,0.95,1769196196249551211_35513514,1769182317238896786_2326343,2026-01-23
6fcdee62-2b18-41e2-9e63-409f061288b9,us_boston_streets_5672,associated,brad,2026-01-13 02:52:24.741669+00:00,fb1a3870,no_match,0.4993427128,0,0.5,0.5,0.5,0.1,0,0.7325554077,0.2055495511,1,True,0.9991637347,0,0,1.773449745e-05,1,0.7325554077,0.7944504489,0.7325554077,0.9220907467,10.15956215,8.052815849,10.12565173,0.1080502466,0.5335880524,8.123216078,1,8.052815849,7.828364934,1,3,3,3,3,1,1,0,0,1,1,1,1,0.5,0.5,0,1,0,0,0,0,4,7.901855323,1.892110906,9.749425297,1,1,1769196196249551211_35513514,1769182317238896786_2326343,2026-01-23
47d55f38-7b70-405d-a95e-d077ee897e52,us_boston_streets_10186,no_match,brad,2026-01-13 02:56:39.731975+00:00,fb1a3870,no_match,0.4990513492,0,1,1,1,0.6,0,1,0.05130971386,0.6119076206,True,0.9998236661,0,0,0.0001202313681,1,1,0.5605979067,0.5605979067,0.5605979067,13.28373885,13.20756077,13.28371485,0,0.3541571668,0.1708614213,1,13.20756077,13.21647181,1,3,4,4,5,0.875,0.3333333333,0,0,1,1,1,1,1,1,1,1,0,0,0,0,7,13.21678417,0.06242638367,13.27733708,0.9,0.9,1769196196249551211_35513514,1769182317238896786_2326343,2026-01-23
f5f90537-ba0f-4399-bc1f-3dc2665e69cd,us_boston_streets_7946,associated,brad,2026-01-13 02:56:57.037356+00:00,fb1a3870,no_match,0.4989901767,0,0.5,0.5,0.5,0.1,0,1,0.1127803516,0.9432878331,True,0.9989338289,0,0,0.0001203327504,1,1,0.8305074816,0.8305074816,0.8305074816,10.97729494,6.831597503,10.38156582,0.2798510111,0.649664885,0.6811157032,1,6.831597503,5.488688921,1,3,1,2,2,0.75,0,1,0,0,1,0,0,0.5,0.5,0,1,0,0,0,0,2,5.559252904,1.020711021,8.653277227,0.9,0.9,1769196196249551211_35513514,1769182317238896786_2326343,2026-01-23
9abbc62f-21ad-4b4b-8e14-5368eaeeea8f,us_boston_streets_10031,associated,brad,2026-01-13 02:57:01.194143+00:00,fb1a3870,no_match,0.4989893545,0,0.5,0.5,0.5,0.1,0,1,0.1162116618,0.9038037295,True,0.9995904963,0,0,1.621840258e-05,1,1,0.7875920677,0.7875920677,0.7875920677,10.9946544,10.70842422,10.99450804,0,0.4408067558,0.6681483376,1,10.70842422,10.73330089,1,3,4,4,4,0.9333333333,0.3333333333,0,0,1,1,1,1,0.5,0.5,0,1,0,0,0,0,4,10.73265897,0.261352962,10.96778768,0.95,0.95,1769196196249551211_35513514,1769182317238896786_2326343,2026-01-23
26117c6a-afaa-4b11-84f8-ea450f55282b,us_boston_streets_10500,match,brad,2026-01-13 02:57:03.898527+00:00,fb1a3870,no_match,0.4989209412,0,1,1,1,1,0,1,0.00981159714,0.3920099788,True,0.9995194855,0,0,0.0006050757862,1,1,0.3821983817,0.3821983817,0.3821983817,2.401167664,1.912150176,2.401132232,0.6825111372,0.8772534444,0.8851767276,1,1.912150176,1.840215116,1,4,4,4,4,1,1,0,0,1,1,1,1,1,1,1,1,0,0,0,0,3,1.839795295,0.5679058876,2.348904496,1,1,1769196196249551211_35513514,1769182317238896786_2326343,2026-01-23
267abe13-9734-4483-af5a-6c25a6d230cb,us_boston_streets_2321,no_match,brad,2026-01-13 02:57:08.963910+00:00,fb1a3870,no_match,0.4988589557,0,0.75,0.7555555556,0.5,1,0.01082815615,0.9834667961,0,1,True,0.9990882856,0,0,1.762790641e-05,1,0.97263864,1,0.97263864,0.97263864,21.75216942,19.87337802,21.74417252,0,0.1779143547,2.84777553,1,19.87337802,20.42806629,1,5,4,3,4,0.875,0.3333333333,0,0,1,1,1,1,0,0.75,1,1,0,0,0,0,3,20.34256295,1.226435816,21.63022677,0.9,0.9,1769196196249551211_35513514,1769182317238896786_2326343,2026-01-23
e66dbb89-0607-49d2-ad56-d361805ef3d5,us_boston_streets_3399,match,brad,2026-01-13 02:59:08.674996+00:00,fb1a3870,no_match,0.4987067471,0,1,1,1,0.6,0.9687394964,1,0,0.05399907655,True,0.9992942508,0,0,8.684755968e-05,1,0.03126050359,0.05399907655,0.03126050359,0.5789081146,2.161927767,2.149055712,2.161833165,0.5812159995,0.834280368,1.346537478,1,2.149055712,2.149213547,1,3,3,3,3,1,1,0,0,1,1,1,1,1,1,1,1,0,0,0,0,3,2.148793063,0.01239887545,2.160025656,1,1,1769196196249551211_35513514,1769182317238896786_2326343,2026-01-23
0621ffba-51ad-4209-a218-091c25c988f6,us_boston_streets_4027,associated,brad,2026-01-13 02:59:26.269628+00:00,fb1a3870,no_match,0.4986843196,0,0.5,0.5,0.5,0.1,0,1,0.03975693834,0.9369403233,True,0.9994317744,0,0,2.772208485e-05,1,1,0.897183385,0.897183385,0.897183385,12.98299312,10.90223653,12.9663132,0,0.4536482754,0.9459383647,1,10.90223653,10.82091415,1,3,3,2,4,0.8333333333,0,0,0,1,1,1,1,0.5,0.5,0,1,0,0,0,0,4,10.84640493,0.6254922859,11.9244151,0.9,0.9,1769196196249551211_35513514,1769182317238896786_2326343,2026-01-23
1cfa3116-1483-4709-b1da-218992515363,us_boston_streets_8628,match,brad,2026-01-13 02:59:43.788568+00:00,beba151a,no_match,0.4981846494,0,1,1,1,0.6,0.4496691283,1,0,0.951270602,True,0.9991650531,0,0,9.101346726e-06,1,0.5503308717,0.951270602,0.5503308717,0.5785218954,2.087724095,1.488066503,2.058903,0.7192674111,0.9002800361,0.5939745237,1,1.488066503,1.672586114,1,3,4,2,4,0.9230769231,0.3333333333,0,0,1,1,1,1,1,1,1,1,0,0,0,0,4,1.622084683,0.429547946,2.043639098,0.95,0.95,1769196196249551211_35513514,1769182317238896786_2326343,2026-01-23
368c52a1-e898-4c48-b250-77c5fb6b67a4,us_boston_streets_9223,no_match,brad,2026-01-13 03:00:03.771307+00:00,beba151a,no_match,0.4979986485,0,1,1,1,1,0,0.04338096365,0.9635787485,1,True,0.9991124011,0,0,0.0002106014803,1,0.04338096365,0.03642125151,0.03642125151,0.8395675995,1.445964634,0.8108660687,1.445032539,0.7303491707,0.8906519364,1.843993577,1,0.8108660687,1.44264338,0.8065055108,4,4,3,3,0.8571428571,0,0,0,1,1,1,1,1,1,1,1,0,0,0,0,6,0.7677546952,0.6345554399,1.36941274,0.9,0.9,1769196196249551211_35513514,1769182317238896786_2326343,2026-01-23
aaffd895-0185-4f22-94ee-1c1b6a7df070,us_boston_streets_5708,match,brad,2026-01-13 03:00:32.803345+00:00,beba151a,no_match,0.497942759,0,1,1,1,0.6,0,0.7474238079,0,0.3694361374,True,0.9992468963,0,0,0.0001590613963,1,0.7474238079,0.3694361374,0.3694361374,0.4942793279,8.647507712,4.22756691,8.632712084,0.3825410203,0.7069747381,29.96633921,1,4.22756691,4.23122793,1,3,6,5,5,0.8421052632,0,0,0,1,1,1,1,1,1,1,1,0,0,0,0,6,4.529941576,3.953921975,8.203022266,0.85,0.85,1769196196249551211_35513514,1769182317238896786_2326343,2026-01-23
3fc99059-079e-44fc-a9b9-aa006c924e04,us_boston_streets_3600,match,brad,2026-01-13 03:00:37.984807+00:00,beba151a,no_match,0.4972878351,0,1,1,1,0.8,0,0.07089019379,0,0.06388208946,True,0.9987955059,0,0,0.0002014287089,1,0.07089019379,0.06388208946,0.06388208946,0.9011414139,2.949400878,2.853382902,2.949379035,0.4938727359,0.7886021663,3.810100705,1,2.853382902,2.854198821,1,4,4,4,4,1,1,0,0,1,1,1,1,1,1,1,1,0,0,0,0,5,2.853177288,0.09598157056,2.939730115,1,1,1769196196249551211_35513514,1769182317238896786_2326343,2026-01-23
73b04d61-5199-4263-bec2-f83b111b28c5,us_boston_streets_10619,match,brad,2026-01-13 03:00:40.636354+00:00,beba151a,no_match,0.4971009591,0,1,1,1,1,0,1,0.1250201278,0.4734135697,True,0.9992851951,0,0,0.0005438631167,1,1,0.3483934419,0.3483934419,0.3483934419,1.23308946,0.842838312,1.233083973,0.8930960017,0.9580511703,1.266911541,1,0.842838312,0.4071756518,1,3,3,3,3,1,1,0,0,1,1,1,1,1,1,1,1,0,0,0,0,5,0.5379348804,0.5853907561,1.150662393,1,1,1769196196249551211_35513514,1769182317238896786_2326343,2026-01-23
01bb3500-1d0a-4dda-b3d9-8308808ac925,us_boston_streets_2069,match,brad,2026-01-13 03:00:42.535399+00:00,beba151a,no_match,0.4968622191,0,1,1,1,0.8,0,0.4565668583,0.07107194935,1,True,0.9994610673,0,0,1.411231509e-05,1,0.4565668583,0.9289280506,0.4565668583,0.4914986236,0.8964394207,0.8178671009,0.8963867544,0.8478978208,0.9436439507,0.2581205016,1,0.8178671009,0.7871694641,1,3,3,4,3,0.9230769231,0.3333333333,0,0,1,1,1,1,1,1,1,1,0,0,0,0,5,0.7903722932,0.08280413864,0.8787272942,0.95,0.95,1769196196249551211_35513514,1769182317238896786_2326343,2026-01-23
8e56b798-50e2-4156-8108-e3baf22f460c,us_boston_streets_6974,match,brad,2026-01-13 03:00:47.303048+00:00,beba151a,no_match,0.4967910493,0,1,1,1,0.8,0,0.0507182087,0.9064536586,1,True,0.9994723283,0,0,6.124809036e-05,1,0.0507182087,0.09354634135,0.0507182087,0.5421720183,1.474087478,1.411764335,1.474075735,0.7061751962,0.8884967604,3.995041443,1,1.411764335,1.412212683,1,3,3,3,3,1,1,0,0,1,1,1,1,1,1,1,1,0,0,0,0,3,1.411601491,0.06226442842,1.467739768,1,1,1769196196249551211_35513514,1769182317238896786_2326343,2026-01-23
6fe9e79b-dae7-43a0-8294-85e3f5d52f29,us_boston_streets_563,match,brad,2026-01-13 03:00:49.518590+00:00,beba151a,no_match,0.4966571729,0,1,1,1,0.6,0,0.542518947,0.8777412562,1,True,0.9992801478,0,0,0.0001900592687,1,0.542518947,0.1222587438,0.1222587438,0.2253538692,0.2521245558,0.187434097,0.2521243471,0.9573294964,0.9848152487,1.385913375,1,0.187434097,0.1874433195,1,4,4,4,4,1,1,0,0,1,1,1,1,1,1,1,1,0,0,0,0,5,0.187433063,0.06469011074,0.2456551303,1,1,1769196196249551211_35513514,1769182317238896786_2326343,2026-01-23
b64e0f08-ca08-4f21-bbf5-7a32bc47f667,us_boston_streets_580,match,brad,2026-01-13 03:01:03.019695+00:00,beba151a,no_match,0.4960927023,0,1,1,1,0.6,0,0.06594581523,0.8382330349,1,True,0.9989971906,0,0,3.522670511e-05,1,0.06594581523,0.1617669651,0.06594581523,0.4076593463,2.118722133,1.992689287,2.118571266,0.6144012933,0.8477727005,7.714610308,0.9999999998,1.992689287,1.982171184,1,4,4,3,3,0.8571428571,0,0,0,1,1,1,1,1,1,1,1,0,0,0,0,5,1.975585901,0.143809407,2.104543145,0.9,0.9,1769196196249551211_35513514,1769182317238896786_2326343,2026-01-23
d7492f93-09f2-41db-b65d-c6fdda4d5b02,us_boston_streets_3388,match,brad,2026-01-13 03:01:05.205952+00:00,beba151a,no_match,0.4959537068,0,1,1,1,0.8,0.5066728753,1,0,0.9792747773,True,0.9992940621,0,0,4.82497558e-06,1,0.4933271247,0.9792747773,0.4933271247,0.5037678251,1.729598173,1.391243881,1.729595325,0.7445880017,0.9025069869,0.7723028077,1,1.391243881,1.410846771,1,4,4,4,4,1,1,0,0,1,1,1,1,1,1,1,1,0,0,0,0,6,1.410412603,0.3223111331,1.698380697,1,1,1769196196249551211_35513514,1769182317238896786_2326343,2026-01-23
44538cf4-9d1b-41ec-ad2e-0603d359bbfb,us_boston_streets_8071,match,brad,2026-01-13 03:01:11.637145+00:00,beba151a,no_match,0.4957020629,0,1,1,1,1,0,0.3841549546,0.48863947,1,True,0.9996367992,0,0,9.692258022e-05,1,0.3841549546,0.51136053,0.3841549546,0.7512409192,4.764533603,4.709702434,4.764519277,0.3391825488,0.7004466448,0.266089495,1,4.709702434,4.696202613,1,3,3,3,3,1,1,0,0,1,1,1,1,1,1,1,1,0,0,0,0,4,4.697946971,0.05755401146,4.756466096,1,1,1769196196249551211_35513514,1769182317238896786_2326343,2026-01-23
81c8bebf-74ab-4f60-8011-801699f91321,us_boston_streets_3662,match,brad,2026-01-13 03:01:13.105326+00:00,beba151a,no_match,0.4955042942,0,1,1,1,0.8,0.4981591443,1,0,0.9516734154,True,0.9991318746,0,0,1.433249321e-05,1,0.5018408557,0.9516734154,0.5018408557,0.5273246553,1.011402392,0.4745181935,0.9966772377,0.9246416721,0.9744182819,0.4315451478,1,0.4745181935,0.3972134946,1,3,4,2,4,0.9230769231,0.3333333333,0,0,1,1,1,1,1,1,1,1,0,0,0,0,4,0.3810378704,0.24103839,0.7954565661,0.95,0.95,1769196196249551211_35513514,1769182317238896786_2326343,2026-01-23
b142c74e-a09c-46a7-be25-42553f7729ef,us_boston_streets_2936,match,brad,2026-01-13 03:07:36.414488+00:00,d1e1f145,review,0.7499909534,0,1,1,1,1,0,1,0.4084731702,0.9896375626,True,0.9991790556,0,0,0.0002318875444,1,1,0.5811643924,0.5811643924,0.5811643924,1.642977556,0.8252211155,1.536449672,0.855739492,0.9478905196,0.8598284833,1,0.8252211155,0.7616592178,1,4,3,4,2,0.9230769231,0.3333333333,0,0,1,1,1,1,1,1,1,1,0,0,0,0,3,0.7595891559,1.023773593,1.516923809,0.95,0.95,1769196196249551211_35513514,1769182317238896786_2326343,2026-01-23
6afa9617-3757-4606-826d-f24285a1d1dc,us_boston_streets_1667,match,brad,2026-01-13 03:07:38.283255+00:00,d1e1f145,review,0.7496047086,0,1,1,1,1,0.409656375,1,0,0.9604208147,True,0.9989022197,0,0,9.222210045e-06,1,0.590343625,0.9604208147,0.590343625,0.6146718355,1.420642802,0.7059243203,1.420592662,0.8598395906,0.937323195,0.01624686802,1,0.7059243203,0.576996322,1,4,5,2,4,0.8,0.3333333333,0,0,1,1,1,1,1,1,1,1,0,0,0,0,4,0.6993432888,0.9038859902,1.407974837,0.85,0.85,1769196196249551211_35513514,1769182317238896786_2326343,2026-01-23
26a375ed-b74b-4da6-9535-be408b0e6a6a,us_boston_streets_10417,match,brad,2026-01-13 03:07:39.817198+00:00,d1e1f145,review,0.7493371872,0,1,1,1,0.6,0,1,0.424381435,0.9751652039,True,0.9993668311,0,0,0.0001897186117,1,1,0.5507837689,0.5507837689,0.5507837689,1.282319811,0.5258720079,1.279891113,0.909997642,0.9620818316,0.8738439853,1,0.5258720079,0.3961992555,1,7,2,2,5,0.875,0.3333333333,0,0,1,1,1,1,1,1,1,1,0,0,0,0,5,0.4346179803,0.03016356164,0.9409205261,0.9,0.9,1769196196249551211_35513514,1769182317238896786_2326343,2026-01-23
99e3e5fd-87c8-43c0-9bac-e22fa664d82a,us_boston_streets_3550,match,brad,2026-01-13 03:07:42.625070+00:00,d1e1f145,review,0.7486809117,0,1,1,1,0.8,0,0.9926396713,0,0.5428939188,True,0.9995574488,0,0,0.0002034502974,1,0.9926396713,0.5428939188,0.5428939188,0.5469194255,5.840526801,3.040557108,5.687824218,0.5802879605,0.8173957736,6.018825562,1,3.040557108,2.451185932,1,4,4,3,4,0.9333333333,0.3333333333,0,0,1,1,1,1,1,1,1,1,0,0,0,0,5,2.529954083,1.619130323,5.00606668,0.95,0.95,1769196196249551211_35513514,1769182317238896786_2326343,2026-01-23
4c5b9443-faa3-4ad1-b93d-4e0d857d54ef,us_boston_streets_6514,match,brad,2026-01-13 03:07:43.718271+00:00,d1e1f145,review,0.74850413,0,1,1,1,0.6,0,0.8030840971,0,0.9935189209,True,0.9991432347,0,0,1.123321743e-05,1,0.8030840971,0.9935189209,0.8030840971,0.8083229018,2.319147618,1.437332735,2.27936789,0.7503832242,0.9034178943,1.248207664,1,1.437332735,0.5894258963,1,4,4,2,4,0.8571428571,0.3333333333,0,0,1,1,1,1,1,1,1,1,0,0,0,0,4,1.397426138,1.092816481,2.305115641,0.9,0.9,1769196196249551211_35513514,1769182317238896786_2326343,2026-01-23
70fa4312-800c-4b83-a9c6-f4b9ad8d0983,us_boston_streets_10842,match,brad,2026-01-13 03:07:47.456219+00:00,d1e1f145,review,0.7480710903,0,1,1,1,0.6,0.3527556543,1,0,0.3264235683,True,0.9993863451,0,0,8.406173171e-05,1,0.6472443457,0.3264235683,0.3264235683,0.5043281883,2.848120523,1.924753207,2.848033157,0.6567932939,0.8632408659,9.938780207,1,1.924753207,1.904992416,1,4,4,4,4,1,1,0,0,1,1,1,1,1,1,1,1,0,0,0,0,4,1.870352832,1.003354912,2.755155417,1,1,1769196196249551211_35513514,1769182317238896786_2326343,2026-01-23
ad250dac-f1bc-4731-b8d5-d2884a1e7f25,us_boston_streets_2678,match,brad,2026-01-13 03:07:48.898889+00:00,d1e1f145,review,0.7476968674,0,1,1,1,1,0,0.9615266738,0.4805286735,1,True,0.9990006478,0,0,0.0002419631769,1,0.9615266738,0.5194713265,0.5194713265,0.5402568027,2.553148622,1.615846924,2.487596183,0.7850400815,0.9145232792,2.290918407,1,1.615846924,1.129803205,1,3,4,3,4,1,1,0,0,1,1,1,1,1,1,1,1,0,0,0,0,5,1.162814436,0.932681517,2.291816655,1,1,1769196196249551211_35513514,1769182317238896786_2326343,2026-01-23
c19abe7b-e4c6-4987-a0e7-973d5827a4fb,us_boston_streets_9569,match,brad,2026-01-13 03:07:50.962477+00:00,d1e1f145,review,0.7445309753,0,1,1,1,1,0,1,0.5950155989,0.9887638569,True,0.9994247456,0,0,0.0001878346551,1,1,0.393748258,0.393748258,0.393748258,0.5414882807,0.3018088855,0.54148392,0.9344137391,0.9760363235,0.8773151955,1,0.3018088855,0.3162773283,1,4,3,3,4,1,1,0,0,1,1,1,1,1,1,1,1,0,0,0,0,5,0.3213685821,0.2289213635,0.5192724965,1,1,1769196196249551211_35513514,1769182317238896786_2326343,2026-01-23
d9974e76-25db-48a9-9e17-5a4ecf11a415,us_boston_streets_2573,match,brad,2026-01-13 03:07:54.135140+00:00,d1e1f145,review,0.7434488049,0,1,1,1,1,0.04172306539,1,0.3499177848,1,True,0.9991046314,0,0,0.0003241450961,1,0.9582769346,0.6500822152,0.6500822152,0.678386583,9.758712863,2.12219807,8.20243364,0.7869677618,0.8840352989,3.957211695,1,2.12219807,0.5880129905,1,3,4,4,3,1,1,0,0,1,1,1,1,1,1,1,1,0,0,0,0,4,1.034332385,0.6186866214,3.801375658,1,1,1769196196249551211_35513514,1769182317238896786_2326343,2026-01-23
7fabb7d2-c6cb-41db-8529-2297ff52c39e,us_boston_streets_6842,match,brad,2026-01-13 03:07:55.319540+00:00,d1e1f145,review,0.7425050195,0,0.9142857143,0.9684210526,0.9142857143,0.8,0,0.9966285498,0.280788205,1,True,0.9995355774,0,0,0.0002855865268,1,0.9966285498,0.719211795,0.719211795,0.7216447844,1.914758569,1.15138942,1.914758367,0.7690198491,0.9148288024,0.5686891091,1,1.15138942,1.289450292,1,3,4,4,4,0.9333333333,0.3333333333,0,0,1,1,1,1,1,0.8888888889,1,1,0,0,0,0,6,1.287742115,0.6221534305,1.852543226,0.95,0.95,1769196196249551211_35513514,1769182317238896786_2326343,2026-01-23
421e2ef2-194f-455d-a149-5948eba7432a,us_boston_streets_2089,match,brad,2026-01-13 03:07:57.253217+00:00,d1e1f145,review,0.7411382212,0,1,1,1,1,0.006489274599,1,0.4247126789,1,True,0.999686286,0,0,0.0003634219463,1,0.9935107254,0.5752873211,0.5752873211,0.5790449024,0.7166463563,0.4111480052,0.7166434269,0.9316989049,0.9754747566,0.4794107015,1,0.4111480052,0.3378601221,1,3,3,3,3,1,1,0,0,1,1,1,1,1,1,1,1,0,0,0,0,4,0.344676425,0.3852896041,0.6824650236,1,1,1769196196249551211_35513514,1769182317238896786_2326343,2026-01-23
137082c6-b29f-4726-bdc4-678ece2c3f0c,us_boston_streets_9793,no_match,brad,2026-01-13 03:08:28.796333+00:00,d1e1f145,no_match,0.4996705151,0,1,1,1,1,0,0.8781541717,0.4395598554,1,True,0.9992376545,0,0,0.0001495112621,1,0.8781541717,0.5604401446,0.5604401446,0.6382024508,28.52302309,15.00952816,28.42130213,0.1336483904,0.3570353299,35.96966661,1,15.00952816,14.43663916,1,3,4,3,3,0.9230769231,0.3333333333,0,0,1,1,1,1,1,1,1,1,0,0,0,0,4,13.90187234,14.58532567,27.02543445,0.95,0.95,1769196196249551211_35513514,1769182317238896786_2326343,2026-01-23
ee1b1797-1b7d-45cf-b0ed-ef34b4b54a58,us_boston_streets_9384,no_match,brad,2026-01-13 03:08:32.733642+00:00,d1e1f145,no_match,0.4994208623,0,1,1,1,1,0,0.09546112999,0.9602912274,1,True,0.9989146421,0,0,0.0002789138352,1,0.09546112999,0.03970877259,0.03970877259,0.4159679714,0.3393889706,0.2998771126,0.3393884755,0.9307683224,0.975468507,1.439313574,1,0.2998771126,0.2998905114,1,3,3,3,3,1,1,0,0,1,1,1,1,1,1,1,1,0,0,0,0,5,0.2998725839,0.03950938267,0.3354336208,1,1,1769196196249551211_35513514,1769182317238896786_2326343,2026-01-23
1cfa3116-1483-4709-b1da-218992515363,us_boston_streets_41,match,brad,2026-01-13 03:08:35.287050+00:00,d1e1f145,no_match,0.4993917108,0,1,1,1,0.6,0.03855058481,0.4493375994,0,1,True,0.9993520434,0,0,3.24608889e-06,1,0.4107870146,1,0.4107870146,0.4107870146,2.045298504,1.780257223,2.045279848,0.6994079577,0.8838642964,0.6526036077,1,1.780257223,1.714346843,1,4,3,4,2,0.9230769231,0.3333333333,0,0,1,1,1,1,1,1,1,1,0,0,0,0,4,1.714356244,0.3308427945,2.012159518,0.95,0.95,1769196196249551211_35513514,1769182317238896786_2326343,2026-01-23
5f52792a-05dc-4f25-9470-cd748c56451f,us_boston_streets_8462,no_match,brad,2026-01-13 03:08:39.320948+00:00,d1e1f145,no_match,0.4988545163,0,1,1,1,0.8,0,0.03553014225,0.9552832133,1,True,0.9996626152,0,0,0.0001896721305,1,0.03553014225,0.04471678668,0.03553014225,0.7945593789,3.124121028,2.315435156,3.114914318,0.4987864663,0.7788933952,6.967215589,1,2.315435156,3.091821422,0,4,4,4,4,1,1,0,0,1,1,1,1,1,1,1,1,0,0,0,0,5,2.322952544,0.7933413547,3.042438753,1,1,1769196196249551211_35513514,1769182317238896786_2326343,2026-01-23
5073c2da-65b5-4a67-bc9b-75aaf3ddc953,us_boston_streets_9901,match,brad,2026-01-13 03:08:41.701136+00:00,d1e1f145,no_match,0.4985733611,0,1,1,1,0.6,0,0.2497137265,0.2097193508,1,True,0.9987967284,0,0,2.760841907e-05,1,0.2497137265,0.7902806492,0.2497137265,0.3159810718,1.316817489,0.6260471898,1.316807698,0.8640718807,0.9492587812,3.895357401,1,0.6260471898,0.672940785,1,3,3,2,2,0.8,0,0,0,1,1,0,0,1,1,1,1,0,0,0,0,2,0.6764931632,0.6367567238,1.252071536,0.9,0.9,1769196196249551211_35513514,1769182317238896786_2326343,2026-01-23
92ef6dd3-5690-4d46-bb26-2bbf5df897dd,us_boston_streets_738,no_match,brad,2026-01-13 03:08:45.911434+00:00,d1e1f145,no_match,0.4983899053,0,1,1,1,0.8,0,0.4811719176,0.06473084867,1,True,0.9992645282,0,0,0.0001756787391,1,0.4811719176,0.9352691513,0.4811719176,0.514474274,37.6308777,14.00162573,37.43856718,0.09193434094,0.2616303298,62.35047067,1,14.00162573,21.89089415,1,4,3,4,3,1,1,0,0,1,1,1,1,1,1,1,1,0,0,0,0,5,18.57253104,19.59352234,35.67019798,1,1,1769196196249551211_35513514,1769182317238896786_2326343,2026-01-23
0be77255-f8cb-422a-a629-0c7df4414a52,us_boston_streets_6171,no_match,brad,2026-01-13 03:08:48.186330+00:00,d1e1f145,no_match,0.4979323412,0,1,1,1,0.6,0.9355290358,1,0.9714263057,1,True,0.9997228457,0,0,0.0003409786028,1,0.06447096419,0.02857369431,0.02857369431,0.443202528,1.833457545,1.507550929,1.831872237,0.6547818144,0.8611385278,0.4644218392,1,1.507550929,1.828162704,1,3,3,3,3,1,1,0,0,1,1,1,1,1,1,1,1,0,0,0,0,4,1.423326338,0.3245163656,1.775321456,1,1,1769196196249551211_35513514,1769182317238896786_2326343,2026-01-23
22e41ab0-d13c-47f4-a82d-f10ddb3727fc,us_boston_streets_1768,match,brad,2026-01-13 03:08:56.200278+00:00,d1e1f145,no_match,0.4973866866,0,1,1,1,0.8,0.9448339649,1,0.948735836,1,True,0.9995872385,0,0,0.0002755642396,1,0.05516603506,0.05126416401,0.05126416401,0.9292704098,1.386765606,1.225570218,1.386742503,0.7456265682,0.903596636,5.426603334,1,1.225570218,1.226348848,1,4,4,4,4,1,1,0,0,1,1,1,1,1,1,1,1,0,0,0,0,5,1.225319781,0.1610798739,1.37044002,1,1,1769196196249551211_35513514,1769182317238896786_2326343,2026-01-23
0be77255-f8cb-422a-a629-0c7df4414a52,us_boston_streets_10051,no_match,brad,2026-01-13 03:08:58.267645+00:00,d1e1f145,no_match,0.4972891409,0,1,1,1,0.6,0,0.04988875509,0,0.03282618416,True,0.9988042741,0,0,0.0002225942475,1,0.04988875509,0.03282618416,0.03282618416,0.6579876386,4.805770199,4.508126309,4.793364411,0.2852832049,0.6698893761,3.466167555,1,4.508126309,4.764365216,0,4,4,4,4,1,1,0,0,1,1,1,1,1,1,1,1,0,0,0,0,6,4.466947405,0.2356149505,4.693352674,1,1,1769196196249551211_35513514,1769182317238896786_2326343,2026-01-23
f3d1b65f-ce63-41d5-976d-4693e5be8d7d,us_boston_streets_3645,match,brad,2026-01-13 03:09:00.504251+00:00,d1e1f145,no_match,0.4970613804,0,1,1,1,1,0,0.06555563213,0,0.08732773915,True,0.9990064071,0,0,0.0001411083436,1,0.06555563213,0.08732773915,0.06555563213,0.7506850947,1.265046389,1.224613321,1.265045481,0.7470596085,0.9039600721,1.212747035,1,1.224613321,1.224648761,1,3,3,2,2,0.8,0,0,0,1,1,0,0,1,1,1,1,0,0,0,0,2,1.224600244,0.04042852763,1.260994013,0.9,0.9,1769196196249551211_35513514,1769182317238896786_2326343,2026-01-23
aaffd895-0185-4f22-94ee-1c1b6a7df070,us_boston_streets_1007,no_match,brad,2026-01-13 03:09:03.949128+00:00,d1e1f145,no_match,0.4969343453,0,1,1,1,0.6,0,0.07065087036,0.9724926923,1,True,0.9995011036,0,0,0.0002874423785,1,0.07065087036,0.02750730771,0.02750730771,0.389341385,2.680152935,1.815276325,2.679743817,0.5604220958,0.8075628656,0.7245493939,0.9999999999,1.815276325,2.678766309,0,3,3,3,3,1,1,0,0,1,1,1,1,1,1,1,1,0,0,0,0,4,1.813014464,0.8641947467,2.592850343,1,1,1769196196249551211_35513514,1769182317238896786_2326343,2026-01-23
371a13b6-75de-4135-89aa-01f4664a69b9,us_boston_streets_5128,match,brad,2026-01-13 03:09:05.817161+00:00,d1e1f145,no_match,0.4967957196,0,1,1,1,0.6,0.2718542396,0.5117699759,0,1,True,0.9989098946,0,0,3.296432308e-06,1,0.2399157363,1,0.2399157363,0.2399157363,0.6754520147,0.3388784879,0.6721407633,0.9295435634,0.9735564888,0.9228076449,1,0.3388784879,0.1852644425,1,4,4,2,2,0.6666666667,0,0,0,1,1,0,0,1,1,1,1,0,0,0,0,2,0.3438582747,0.381443063,0.6378294567,0.8,0.8,1769196196249551211_35513514,1769182317238896786_2326343,2026-01-23
7db34ba7-2a30-4f5e-b6ab-0ea56557d560,us_boston_streets_3363,no_match,brad,2026-01-13 03:09:08.003625+00:00,d1e1f145,no_match,0.4967599716,0,1,1,1,1,0.967328542,1,0,0.05025042903,True,0.9998907333,0,0,0.0001893929638,1,0.03267145802,0.05025042903,0.03267145802,0.6501727178,1.944316897,1.763559587,1.94358045,0.6291255359,0.8517903402,0.1666737945,0.9999999999,1.763559587,1.941861298,1,3,3,3,3,1,1,0,0,1,1,1,1,1,1,1,1,0,0,0,0,4,1.704075961,0.1766097581,1.904129818,1,1,1769196196249551211_35513514,1769182317238896786_2326343,2026-01-23
726940dd-75a4-4716-9b65-6ee2ff806e5f,us_boston_streets_3194,no_match,brad,2026-01-13 03:09:12.553665+00:00,d1e1f145,no_match,0.4966977416,0,1,1,1,0.8,0,0.03623757734,0.9563555475,1,True,0.9997224391,0,0,0.000188901698,1,0.03623757734,0.04364445254,0.03623757734,0.8302905692,5.500581675,4.757627454,5.48281944,0.2584227103,0.6386059202,8.042059882,1,4.757627454,5.440413309,0,4,4,4,4,1,1,0,0,1,1,1,1,1,1,1,1,0,0,0,0,5,4.780218379,0.7133504952,5.427142785,1,1,1769196196249551211_35513514,1769182317238896786_2326343,2026-01-23
f4613d56-5202-4962-b602-24848e5fd3e4,us_boston_streets_7755,match,brad,2026-01-13 03:09:29.666459+00:00,d1e1f145,no_match,0.4965165591,0,1,1,1,0.8,0.7595037196,1,0.9305669968,1,True,0.9988009467,0,0,0.0002856255106,1,0.2404962804,0.06943300323,0.06943300323,0.2887071813,6.800543829,6.358435403,6.799667324,0.1711087555,0.5884574491,11.02243727,1,6.358435403,6.374253176,1,3,3,3,3,1,1,0,0,1,1,1,1,1,1,1,1,0,0,0,0,4,6.355809849,0.4406475841,6.755253151,1,1,1769196196249551211_35513514,1769182317238896786_2326343,2026-01-23
d496ff26-2d0a-41fb-b8dc-b7c979ebe8a8,us_boston_streets_7021,match,brad,2026-01-13 03:09:36.117160+00:00,d1e1f145,no_match,0.4963660196,0,1,1,1,0.6,0,0.05124320932,0.9677349645,1,True,0.9988023266,0,0,0.0003075203962,1,0.05124320932,0.03226503554,0.03226503554,0.6296450977,0.5745543952,0.3722973117,0.5689868065,0.8917442211,0.9573602103,2.257294464,0.9999999999,0.3722973117,0.5536095484,1,5,5,5,5,1,1,0,0,1,1,1,1,1,1,1,1,0,0,0,0,7,0.3162736391,0.1795451821,0.5069971242,1,1,1769196196249551211_35513514,1769182317238896786_2326343,2026-01-23
07bfc071-15ec-4e6f-a598-d02d8ace9a50,us_boston_streets_6564,no_match,brad,2026-01-13 03:09:39.599801+00:00,d1e1f145,no_match,0.4962071436,0,1,1,1,0.6,0.9497683591,1,0,0.03267940511,True,0.9989856332,0,0,0.000218309207,1,0.05023164094,0.03267940511,0.03267940511,0.6505741102,1.985404795,1.358784753,1.982844108,0.6443913736,0.8526567335,1.39212133,1,1.358784753,1.976756357,0.225321967,3,3,3,3,1,1,0,0,1,1,1,1,1,1,1,1,0,0,0,0,4,1.288094858,0.6135599949,1.886973942,1,1,1769196196249551211_35513514,1769182317238896786_2326343,2026-01-23
59daa9f5-d0db-48da-813d-5da0496edaab,us_boston_streets_2622,match,brad,2026-01-13 03:09:41.801252+00:00,d1e1f145,no_match,0.4960083055,0,1,1,1,0.6,0,1,0.00796318594,0.319816806,True,0.9997994797,0,0,0.0006875750163,1,1,0.3118536201,0.3118536201,0.3118536201,7.194787888,6.990450921,7.194769292,0.1700163685,0.6040144414,0.2516977072,1,6.990450921,6.995499535,1,3,5,4,4,0.875,0,0,0,1,1,1,1,1,1,1,1,0,0,0,0,6,6.996572157,0.199899543,7.174464328,0.9,0.9,1769196196249551211_35513514,1769182317238896786_2326343,2026-01-23
53c2fd51-3087-44aa-a539-46db5a75e2ba,us_boston_streets_7980,no_match,brad,2026-01-13 03:09:43.999352+00:00,d1e1f145,no_match,0.4954538221,0,1,1,1,0.8,0,0.05230816355,0.968143338,1,True,0.9995631812,0,0,0.0003052656654,1,0.05230816355,0.03185666203,0.03185666203,0.6090189345,3.138812322,2.852285565,3.129505432,0.4690266151,0.772905395,1.284167024,1,2.852285565,3.115576234,1,4,4,4,4,1,1,0,0,1,1,1,1,1,1,1,1,0,0,0,0,5,2.821295609,0.2047016608,3.051923524,1,1,1769196196249551211_35513514,1769182317238896786_2326343,2026-01-23
25e9a2af-df68-44a9-a840-09aec024542a,us_boston_streets_4110,no_match,brad,2026-01-13 03:09:45.519803+00:00,d1e1f145,no_match,0.4952750852,0,1,1,1,0.6,0.9593204377,1,0.9614282567,1,True,0.9989513838,0,0,0.0002779578681,1,0.04067956226,0.03857174328,0.03857174328,0.9481848167,4.270009753,3.167261336,4.26853917,0.4035958155,0.7147778493,2.284106115,1,3.167261336,4.264880233,0,4,4,4,4,1,1,0,0,1,1,1,1,1,1,1,1,0,0,0,0,4,3.16833797,1.100297445,4.159567707,1,1,1769196196249551211_35513514,1769182317238896786_2326343,2026-01-23
2d1def46-24ac-474b-b944-e491ce260545,us_boston_streets_7146,no_match,brad,2026-01-13 03:09:52.195173+00:00,d1e1f145,no_match,0.4946328697,0,1,1,1,0.6,0.4190835771,1,0.1734505663,1,True,0.9993231526,0,0,2.346501476e-05,1,0.5809164229,0.8265494337,0.5809164229,0.7028211492,16.23885769,15.282493,16.10087818,0,0.2952871352,1.781625882,1,15.282493,15.6466442,1,4,4,4,3,0.9333333333,0.3333333333,0,0,1,1,1,1,1,1,1,1,0,0,0,0,5,15.49640974,0.3888279445,16.0724801,0.95,0.95,1769196196249551211_35513514,1769182317238896786_2326343,2026-01-23
09df6c61-680a-4135-9bd0-f29443b8a95a,us_boston_streets_3291,no_match,brad,2026-01-13 03:09:54.015982+00:00,d1e1f145,no_match,0.4937399265,0,1,1,1,1,0,0.0353787443,0.9471072561,1,True,0.9994075716,0,0,0.0001805756901,1,0.0353787443,0.05289274394,0.0353787443,0.6688770833,0.7400855891,0.725463462,0.7400845218,0.8396644388,0.9415279422,0.6005089256,0.9999999998,0.725463462,0.7254686986,1,4,4,4,4,1,1,0,0,1,1,1,1,1,1,1,1,0,0,0,0,5,0.725464153,0.01462034825,0.7386232279,1,1,1769196196249551211_35513514,1769182317238896786_2326343,2026-01-23
a78071ab-6ec5-4d1e-8e84-c624d6a49c79,us_boston_streets_10318,no_match,brad,2026-01-13 03:09:58.633175+00:00,d1e1f145,no_match,0.493549366,0,0.5,0.5,0.5,0.8,0,1,0.6425806799,0.9803226095,True,0.9990414156,0,10000,0.0001602092562,1,1,0.3377419295,0.3377419295,0.3377419295,13.08855095,7.115522579,10.78919988,0.2990757678,0.5847635415,0.4870529295,1,7.115522579,9.575879379,1,2,2,1,1,0.6666666667,0,0,1,0,0,0,1,0.5,0.5,0,1,0,0,0,inf,1,5.7339641,4.312635388,11.90193159,0.9,0.9,1769196196249551211_35513514,1769182317238896786_2326343,2026-01-23
a37acead-1313-4d4a-87ac-0a3c7dd77c9f,us_boston_streets_1329,no_match,brad,2026-01-13 03:10:02.132614+00:00,d1e1f145,no_match,0.4934265872,0,1,1,1,0.8,0,0.03399143683,0.9525817101,1,True,0.998801306,0,0,0.0002721374481,1,0.03399143683,0.04741828992,0.03399143683,0.7168423173,1.876187614,1.017904372,1.874013426,0.6933589924,0.8659795519,3.48944651,1,1.017904372,1.867192528,1,3,3,3,3,1,1,0,0,1,1,1,1,1,1,1,1,0,0,0,0,5,0.8619498933,0.8668962639,1.745295551,1,1,1769196196249551211_35513514,1769182317238896786_2326343,2026-01-23
47d55f38-7b70-405d-a95e-d077ee897e52,us_boston_streets_7110,no_match,brad,2026-01-13 03:10:03.667244+00:00,d1e1f145,no_match,0.4932511938,0,1,1,1,0.6,0,0.03221603096,0,0.05136730471,True,0.9988062593,0,0,0.0001310502135,1,0.03221603096,0.05136730471,0.03221603096,0.6271699701,2.784832771,2.177035885,2.780220768,0.5244538447,0.7970954,3.428403862,1,2.177035885,2.769198529,0,3,3,2,2,0.8,0,0,0,1,1,0,0,1,1,1,1,0,0,0,0,4,2.176312482,0.6001102146,2.722298727,0.9,0.9,1769196196249551211_35513514,1769182317238896786_2326343,2026-01-23
b64e0f08-ca08-4f21-bbf5-7a32bc47f667,us_boston_streets_6196,no_match,brad,2026-01-13 03:10:08.084433+00:00,d1e1f145,no_match,0.4932413147,0,0.2142857143,0.5138888889,0.2142857143,0.6,0.8559875766,1,0,0.1547625785,True,0.999033755,0,0,8.372094967e-05,1,0.1440124234,0.1547625785,0.1440124234,0.9305377612,3.77990479,3.736154518,3.776765383,0.3975000016,0.7350562734,0.808559369,0.9999999998,3.736154518,3.756709766,1,4,4,4,4,1,1,0,0,1,1,1,1,0,0.3529411765,1,1,0,0,0,0,5,3.748501588,0.03827318579,3.776351505,1,1,1769196196249551211_35513514,1769182317238896786_2326343,2026-01-23
5e5a57ef-4d21-4fe2-a140-2016c5889ee9,us_boston_streets_7256,match,brad,2026-01-13 03:10:29.931177+00:00,d1e1f145,no_match,0.493234207,0,0.5,0.5,0.5,0.6,0.179127716,1,0,0.5780868603,True,0.9990304002,0,0,0.0001568067931,1,0.820872284,0.5780868603,0.5780868603,0.7042348384,11.97391648,9.368312111,10.60385158,0.03420806952,0.4637245154,1.878031969,1,9.368312111,9.780158799,1,3,3,3,4,0.9230769231,0.3333333333,0,0,1,1,1,1,0.5,0.5,0,1,0,0,0,0,5,9.765688852,0.8930724057,11.56698964,0.95,0.95,1769196196249551211_35513514,1769182317238896786_2326343,2026-01-23
10b668b7-40e3-4050-b125-494aa57ca6e7,us_boston_streets_3433,no_match,brad,2026-01-13 03:10:31.604977+00:00,d1e1f145,no_match,0.4930424671,0,1,1,1,1,0.9518067348,1,0.9663959252,1,True,0.9993006149,0,0,0.0001937486601,1,0.04819326519,0.03360407478,0.03360407478,0.6972774027,5.737370189,4.874668978,5.736616714,0.2574315719,0.6286676783,0.7346999052,0.9999999998,4.874668978,5.73484776,0,3,3,2,2,0.8,0,0,0,1,1,0,0,1,1,1,1,0,0,0,0,3,4.871458686,0.858933834,5.645867287,0.9,0.9,1769196196249551211_35513514,1769182317238896786_2326343,2026-01-23
704c80d5-afd9-4efe-82e7-f27ecd736dcd,us_boston_streets_9559,no_match,brad,2026-01-13 03:10:33.937116+00:00,d1e1f145,no_match,0.4929411966,0,1,1,1,0.6,0.973098057,1,0,0.07498473952,True,0.9995314173,0,0,5.644574366e-05,1,0.02690194297,0.07498473952,0.02690194297,0.358765572,3.281277506,3.179549882,3.263624026,0.4370644246,0.7619746045,5.909646488,0.9999999999,3.179549882,3.222404293,1,5,5,4,4,0.8888888889,0,0,0,1,1,1,1,1,1,1,1,0,0,0,0,4,3.145673963,0.02498881041,3.163211294,0.9,0.9,1769196196249551211_35513514,1769182317238896786_2326343,2026-01-23
44c160ce-b709-4c19-b630-b63f1d295e3f,us_boston_streets_6722,no_match,brad,2026-01-13 03:10:35.151006+00:00,d1e1f145,no_match,0.4928784942,0,1,1,1,1,0.971623338,1,0.9345029215,1,True,0.9995377912,0,0,0.0001175834291,1,0.02837666204,0.06549707853,0.02837666204,0.4332508056,2.447605297,1.710846708,2.446626466,0.5788320254,0.8208335561,0.6852173537,1,1.710846708,2.444323012,0,3,3,3,3,1,1,0,0,1,1,1,1,1,1,1,1,0,0,0,0,4,1.692558552,0.7351272045,2.368116715,1,1,1769196196249551211_35513514,1769182317238896786_2326343,2026-01-23
f6b3a067-b488-4c6a-80b0-b25e454197d4,us_boston_streets_7946,no_match,brad,2026-01-13 03:10:39.213855+00:00,d1e1f145,no_match,0.4924563798,0,1,1,1,0.8,0.006392588323,1,0,0.4679286522,True,0.9992856561,0,0,0.0005222213809,1,0.9936074117,0.4679286522,0.4679286522,0.4709391725,10.68238257,10.19779059,10.66518599,0.002349801553,0.4670682547,0.007570298524,1,10.19779059,10.31178303,1,4,4,2,2,0.6666666667,0,0,0,1,1,0,0,1,1,1,1,0,0,0,0,2,10.29386694,0.4800352684,10.65165615,0.8,0.8,1769196196249551211_35513514,1769182317238896786_2326343,2026-01-23
a56e7a46-8573-49d6-8d7e-b416d004aea0,us_boston_streets_6017,no_match,brad,2026-01-13 03:10:42.951853+00:00,d1e1f145,no_match,0.4924190539,0,0.6666666667,0.6722222222,0.6666666667,0.8,0,1,0.04794434754,0.817216411,True,0.9993452511,0,0,0.0001636792365,1,1,0.7692720634,0.7692720634,0.7692720634,29.9662202,16.07831405,29.79660134,0.08195718183,0.3053894577,33.14104685,1,16.07831405,16.45077041,1,3,3,3,3,1,1,0,0,1,1,1,1,0,0.6666666667,1,1,0,0,0,0,4,15.5283611,13.85578423,28.00056998,1,1,1769196196249551211_35513514,1769182317238896786_2326343,2026-01-23
4c551cad-4f1f-4e91-b894-686cbb2d34bb,us_boston_streets_2225,no_match,brad,2026-01-13 03:10:44.469122+00:00,d1e1f145,no_match,0.4922709699,0,1,1,1,0.8,0.942544797,1,0,0.03020854252,True,0.9990224827,0,0,0.0002933720798,1,0.05745520302,0.03020854252,0.03020854252,0.5257755769,1.91535007,1.230568831,1.912532172,0.6597557104,0.8583588608,1.935509523,0.9999999999,1.230568831,1.905707496,0.4488687066,4,4,4,4,1,1,0,0,1,1,1,1,1,1,1,1,0,0,0,0,5,1.169609412,0.6808082584,1.827789524,1,1,1769196196249551211_35513514,1769182317238896786_2326343,2026-01-23
991d7dce-3b84-4874-931e-3db427514a5b,us_boston_streets_999,no_match,brad,2026-01-13 03:10:48.434240+00:00,d1e1f145,no_match,0.4920968273,0,0.72,0.665954416,0.72,0.8,0.9670370643,1,0.9504238252,1,True,0.9989914889,0,0,0.0001662389186,1,0.03296293567,0.04957617484,0.03296293567,0.6648946953,1.945320994,1.402359023,1.873737359,0.6713168868,0.8692837978,23.57054281,0.9999999999,1.402359023,1.684627384,1,4,4,4,4,1,1,0,0,1,1,1,1,0,0.7058823529,1,1,0,0,0,0,6,1.434675165,0.4730052448,1.886728294,1,1,1769196196249551211_35513514,1769182317238896786_2326343,2026-01-23
23206f40-9809-4005-99b0-51d42caf243a,us_boston_streets_9174,no_match,brad,2026-01-13 03:10:51.265027+00:00,d1e1f145,no_match,0.4920370235,0,0.5,0.5,0.5,0.6,0,1,0.1439807687,0.4963467657,True,0.9993979209,0,0,0.0003082929185,1,1,0.352365997,0.352365997,0.352365997,9.624419526,5.448340059,9.504593113,0.2556687961,0.6950135058,0.9944811272,1,5.448340059,7.102136963,1,3,3,3,3,1,1,0,0,1,1,1,1,0.5,0.5,0,1,0,0,0,0,4,5.68410652,4.534817331,9.495442334,1,1,1769196196249551211_35513514,1769182317238896786_2326343,2026-01-23
07c9e418-25b7-4711-968c-2a28f0da9ce7,us_boston_streets_4942,no_match,brad,2026-01-13 03:10:52.817054+00:00,d1e1f145,no_match,0.4917076889,0,0.875,0.8306878307,0.875,0.6,0,0.02738562685,0.9285335408,1,True,0.9988425653,0,0,4.448760259e-05,1,0.02738562685,0.07146645925,0.02738562685,0.3831955177,2.151639423,2.024730289,2.1419645,0.5977880797,0.8419103002,12.71595381,0.9999999998,2.024730289,2.041161685,1,4,4,4,4,1,1,0,0,1,1,1,1,0,0.9,1,1,0,0,0,0,6,1.998081376,0.07816692062,2.07605575,1,1,1769196196249551211_35513514,1769182317238896786_2326343,2026-01-23
d86ac69b-7fe6-4657-ac6e-b1c10197a650,us_boston_streets_2606,no_match,brad,2026-01-13 03:10:54.202305+00:00,d1e1f145,no_match,0.4914024973,0,1,1,1,0.8,0.8935824693,1,0,0.02432431009,True,0.9993364324,0,0,0.0003770851738,1,0.1064175307,0.02432431009,0.02432431009,0.2285742766,3.835434215,3.580936361,3.831214971,0.388226305,0.7285936973,0.7350133855,1,3.580936361,3.821362082,1,4,4,4,4,1,1,0,0,1,1,1,1,1,1,1,1,0,0,0,0,4,3.524655561,0.2495586179,3.792112342,1,1,1769196196249551211_35513514,1769182317238896786_2326343,2026-01-23
57d78031-75dc-44c9-a9cb-54d993e9a742,us_boston_streets_1511,no_match,brad,2026-01-13 03:10:58.932005+00:00,d1e1f145,no_match,0.4911611055,0,1,1,1,0.6,0,0.1254407159,0.9629042064,1,True,0.9993010306,0,0,0.0002838146726,1,0.1254407159,0.03709579363,0.03709579363,0.2957237079,2.283788156,2.153225404,2.283747487,0.5919805783,0.8362684234,4.920705439,1,2.153225404,2.154280031,1,4,4,4,4,1,1,0,0,1,1,1,1,1,1,1,1,0,0,0,0,5,2.153004587,0.1304949712,2.27065208,1,1,1769196196249551211_35513514,1769182317238896786_2326343,2026-01-23
16c13e0b-15d8-4d87-97e7-8d9368754a1a,us_boston_streets_7459,no_match,brad,2026-01-13 03:11:00.166694+00:00,d1e1f145,no_match,0.4909741635,0,1,1,1,0.8,0,0.03962655821,0.9604312714,1,True,0.9996556617,0,0,0.0002201557194,1,0.03962655821,0.03956872864,0.03956872864,0.9985406361,2.37164776,1.908184406,2.370095273,0.5771431569,0.8240978107,0.4967978804,0.9999999999,1.908184406,2.366463389,0.4000952201,5,5,4,4,0.8888888889,0,0,0,1,1,1,1,1,1,1,1,0,0,0,0,6,1.843102146,0.4610448408,2.305293044,0.9,0.9,1769196196249551211_35513514,1769182317238896786_2326343,2026-01-23
88d83ff3-df9e-49c6-8b28-95c44d6477e9,us_boston_streets_10519,no_match,brad,2026-01-13 03:11:03.116232+00:00,d1e1f145,no_match,0.4908003469,0,0.7407407407,0.7866666667,0.7407407407,0.4,0.06254904417,1,0.03135045583,1,True,0.9989647298,0,0,1.540953881e-05,1,0.9374509558,0.9686495442,0.9374509558,0.9677916657,25.34078991,23.67195279,25.33787988,0,0.1053283859,4.637457496,1,23.67195279,23.39290629,1,4,4,3,3,0.8571428571,0,0,0,1,1,1,1,0,0.75,1,1,0,0,0,0,4,23.35622865,2.139881048,25.20300172,0.9,0.9,1769196196249551211_35513514,1769182317238896786_2326343,2026-01-23
57d78031-75dc-44c9-a9cb-54d993e9a742,us_boston_streets_3128,no_match,brad,2026-01-13 03:11:05.682772+00:00,d1e1f145,no_match,0.4898009643,0,1,1,1,0.6,0.9378027856,1,0,0.02904427544,True,0.9999696168,0,0,0.0001886299268,1,0.06219721443,0.02904427544,0.02904427544,0.4669706788,4.001921676,3.334864,3.994662697,0.3878075854,0.7215668395,4.207949096,0.9999999999,3.334864,3.977407919,0,3,3,3,3,1,1,0,0,1,1,1,1,1,1,1,1,0,0,0,0,3,3.313765121,0.6307627815,3.887752032,1,1,1769196196249551211_35513514,1769182317238896786_2326343,2026-01-23
4ec3586b-22f8-450e-861f-fcbc9705a03b,us_boston_streets_6054,no_match,brad,2026-01-13 03:11:07.182745+00:00,d1e1f145,no_match,0.4896349998,0,1,1,1,0.6,0.9516156984,1,0,0.03351181439,True,0.9990696276,0,0,0.0002181917911,1,0.04838430163,0.03351181439,0.03351181439,0.6926175073,1.258588558,0.866499278,1.256254527,0.7589874441,0.9042258275,1.192778834,0.9999999997,0.866499278,1.250669843,1,3,3,3,3,1,1,0,0,1,1,1,1,1,1,1,1,0,0,0,0,5,0.7527981755,0.3922832962,1.185308103,1,1,1769196196249551211_35513514,1769182317238896786_2326343,2026-01-23
88c439e0-e925-4443-b944-ed44f4a63c95,us_boston_streets_6007,no_match,brad,2026-01-13 03:11:10.132796+00:00,d1e1f145,no_match,0.48949154,0,0.5,0.5,0.5,0.8,0,1,0.2083200423,0.7037378356,True,0.9992006901,0,0,9.485198634e-05,1,1,0.4954177933,0.4954177933,0.4954177933,14.59414006,6.092882644,13.57945063,0.2795024075,0.5855340311,32.64027897,1,6.092882644,6.374596404,1,3,4,2,6,0.8,0,0,0,1,1,1,1,0.5,0.5,0,1,0,0,0,0,6,5.988167661,5.879984756,11.89364124,0.85,0.85,1769196196249551211_35513514,1769182317238896786_2326343,2026-01-23
cf21e744-3727-4822-a4ca-294884880e51,us_boston_streets_7943,match,brad,2026-01-13 03:11:13.468907+00:00,d1e1f145,no_match,0.4892905065,0,1,1,1,0.8,0,0.2799530894,0,0.8722325757,True,0.9994167944,10000,10000,7.581366738e-05,1,0.2799530894,0.8722325757,0.2799530894,0.3209615155,14.56500228,5.279874882,14.3596191,0.3914325233,0.6435203142,17.64934624,1,5.279874882,4.585586923,1,6,4,3,3,0.75,0,0,0,1,1,1,1,1,1,1,1,0,0,inf,inf,0,4.833612946,6.085825978,12.74146975,0.8,0.8,1769196196249551211_35513514,1769182317238896786_2326343,2026-01-23
83c13625-189e-4a67-87d3-7d8ae3d0ff22,us_boston_streets_8524,no_match,brad,2026-01-13 03:11:20.165736+00:00,d1e1f145,no_match,0.488708981,0,1,1,1,0.8,0,1,0.08951585079,0.5118539096,True,0.999562731,0,0,0.0002891877853,1,1,0.4223380588,0.4223380588,0.4223380588,12.52548108,10.16959457,12.51454506,0.02529347953,0.4653305627,4.846837853,1,10.16959457,10.30679077,1,3,6,4,4,0.8235294118,0,0,0,1,1,1,1,1,1,1,1,0,0,0,0,6,10.25788652,2.356203694,12.26357627,0.85,0.85,1769196196249551211_35513514,1769182317238896786_2326343,2026-01-23
859e3b0d-5b4e-4229-8569-12cd434919c8,us_boston_streets_8940,no_match,brad,2026-01-13 03:11:22.052521+00:00,d1e1f145,no_match,0.4887039356,0,1,1,1,0.6,0.9480181869,1,0,0.03197893421,True,0.9993202954,0,0,0.0002203112209,1,0.05198181305,0.03197893421,0.03197893421,0.6151946677,4.415010689,3.699109762,4.41400982,0.3569543001,0.6984410759,1.203463392,1,3.699109762,4.411648461,0,3,3,3,3,1,1,0,0,1,1,1,1,1,1,1,1,0,0,0,0,4,3.699199174,0.714232811,4.343113797,1,1,1769196196249551211_35513514,1769182317238896786_2326343,2026-01-23
ab3f416f-05aa-41a8-9e2d-6f09c5c2c19a,us_boston_streets_5260,no_match,brad,2026-01-13 03:11:27.700496+00:00,d1e1f145,no_match,0.4880764842,0,0.6451612903,0.7675070028,0.6451612903,0.6,0,1,0.04615893337,0.9514017982,True,0.9989682021,0,0,2.106282583e-05,1,1,0.9052428648,0.9052428648,0.9052428648,25.28476833,23.00926587,25.27909886,0,0.1217685305,2.337139027,1,23.00926587,22.98304582,1,3,5,3,4,0.9333333333,0.3333333333,0,0,1,1,1,1,0,0.6666666667,1,1,0,0,0,0,5,22.96493051,2.302649318,25.03596313,0.95,0.95,1769196196249551211_35513514,1769182317238896786_2326343,2026-01-23
8ab9d2f8-fbb7-4ab9-a293-5919533e6e4c,us_boston_streets_3491,no_match,brad,2026-01-13 03:11:29.284946+00:00,d1e1f145,no_match,0.4880656694,0,1,1,1,0.6,0.9668183782,1,0.9509104119,1,True,0.9992287899,0,0,0.0001364108003,1,0.03318162184,0.04908958814,0.03318162184,0.6759401149,4.23964799,4.139437551,4.229883547,0.335703333,0.7040425716,6.056952678,1,4.139437551,4.158538256,1,4,4,4,4,1,1,0,0,1,1,1,1,1,1,1,1,0,0,0,0,5,4.114978582,0.04854909719,4.166389584,1,1,1769196196249551211_35513514,1769182317238896786_2326343,2026-01-23
5da0d45a-4f25-4786-9de8-bdec8b8e554b,us_boston_streets_6552,no_match,brad,2026-01-13 03:11:30.798278+00:00,d1e1f145,no_match,0.4879286994,0,1,1,1,0.6,0,0.1107845438,0.9758928988,1,True,0.9996582225,0,0,0.0004118987153,1,0.1107845438,0.02410710117,0.02410710117,0.2176034702,2.025704793,1.303803895,2.024893116,0.6492758752,0.8515660858,0.4865159347,0.9999999997,1.303803895,2.022979346,1,4,4,4,4,1,1,0,0,1,1,1,1,1,1,1,1,0,0,0,0,5,1.210142517,0.7211180858,1.925259728,1,1,1769196196249551211_35513514,1769182317238896786_2326343,2026-01-23
77aeb5a1-260f-4693-bb43-3dd2d313c175,us_boston_streets_766,no_match,brad,2026-01-13 03:11:32.097481+00:00,d1e1f145,no_match,0.4878324023,0,1,1,1,0.6,0.967712428,1,0,0.05118646658,True,0.9997585813,0,0,0.0001457250239,1,0.03228757204,0.05118646658,0.03228757204,0.630783373,1.013860405,0.585882633,1.013628704,0.803702141,0.9221713061,0.3342662773,0.9999999999,0.585882633,1.013076364,1,3,3,3,3,1,1,0,0,1,1,1,1,1,1,1,1,0,0,0,0,4,0.46444055,0.4258131155,0.9331158024,1,1,1769196196249551211_35513514,1769182317238896786_2326343,2026-01-23
aacea58a-881c-4e03-86a1-80bb189bb9e2,us_boston_streets_9569,no_match,brad,2026-01-13 03:11:35.582951+00:00,d1e1f145,no_match,0.4873011002,0,1,1,1,1,0.9612149802,1,0.9595549961,1,True,0.9992819241,0,0,0.0002920299628,1,0.03878501985,0.04044500386,0.03878501985,0.958957007,2.121737827,1.325078303,2.119880025,0.6521477057,0.8483871197,0.9868895676,0.9999999999,1.325078303,2.115412295,1,4,4,4,4,1,1,0,0,1,1,1,1,1,1,1,1,0,0,0,0,5,1.159764585,0.7970016012,1.992546175,1,1,1769196196249551211_35513514,1769182317238896786_2326343,2026-01-23
fa0505a8-2b9e-4114-a050-932048fb8efd,us_boston_streets_7416,no_match,brad,2026-01-13 03:11:36.868893+00:00,d1e1f145,no_match,0.4869785922,0,1,1,1,0.8,0,0.04087060157,0,0.03840154569,True,0.9988210502,0,0,0.0002323874022,1,0.04087060157,0.03840154569,0.03840154569,0.9395884623,2.864769959,1.842043226,2.862316795,0.5469106456,0.7978899117,2.187441605,1,1.842043226,2.856298294,0,3,3,3,3,1,1,0,0,1,1,1,1,1,1,1,1,0,0,0,0,4,1.821493755,1.010460913,2.742431182,1,1,1769196196249551211_35513514,1769182317238896786_2326343,2026-01-23
4efec2f8-f11f-4e49-8234-cb1c02532e05,us_boston_streets_3662,no_match,brad,2026-01-13 03:11:43.483681+00:00,d1e1f145,no_match,0.4864916006,0,1,1,1,0.8,0,0.0421673059,0.9548696619,1,True,0.9999057527,0,0,0.0002682122747,1,0.0421673059,0.04513033813,0.0421673059,0.9343450025,0.4672979598,0.4638443043,0.4672979527,0.8941029269,0.9621595184,0.1513030617,1,0.4638443043,0.4638445087,1,4,4,4,4,1,1,0,0,1,1,1,1,1,1,1,1,0,0,0,0,4,0.463844221,0.003453618895,0.4669525278,1,1,1769196196249551211_35513514,1769182317238896786_2326343,2026-01-23
cbde399f-510c-45e7-bddc-39f824a64600,us_boston_streets_1294,match,brad,2026-01-13 03:11:46.166417+00:00,d1e1f145,no_match,0.4862579803,0,1,1,1,0.6,0.3892188956,1,0,0.979091349,True,0.9988879361,0,0,1.038494131e-05,1,0.6107811044,0.979091349,0.6107811044,0.6238244317,8.711070065,5.662024407,8.327543513,0.3010064614,0.6809786285,2.884523151,1,5.662024407,5.299620523,1,3,3,2,3,0.9090909091,0.3333333333,0,0,1,1,1,1,1,1,1,1,0,0,0,0,3,5.290473899,1.558909111,6.692639039,0.95,0.95,1769196196249551211_35513514,1769182317238896786_2326343,2026-01-23
231be841-6742-4abb-a135-8e3f216906ff,us_boston_streets_1511,no_match,brad,2026-01-13 03:12:40.099896+00:00,d1e1f145,no_match,0.4859732634,0,1,1,1,0.6,0,0.466225751,0,0.3011534068,True,0.9991934267,0,0,0.0001691391062,1,0.466225751,0.3011534068,0.3011534068,0.6459390244,12.92403265,10.55007201,12.907833,0.04554595039,0.4604803304,14.84294385,1,10.55007201,10.21720564,1,3,4,2,2,0.7272727273,0,0,0,1,1,0,0,1,1,1,1,0,0,0,0,5,9.957809996,3.345070366,12.68834253,0.85,0.85,1769196196249551211_35513514,1769182317238896786_2326343,2026-01-23
1546077b-54af-48fb-a76e-c35be5566516,us_boston_streets_4493,no_match,brad,2026-01-13 03:12:42.948389+00:00,d1e1f145,no_match,0.485873113,0,1,1,1,0.6,0,0.9726898523,0,0.4702906189,True,0.9996079532,0,0,0.0001584626687,1,0.9726898523,0.4702906189,0.4702906189,0.4834949371,13.45112333,13.23535214,13.45112,0,0.3465833563,0.6763660654,1,13.23535214,13.26147895,1,3,3,4,4,0.8571428571,0,0,0,1,1,1,1,1,1,1,1,0,0,0,0,6,13.26127921,0.189867423,13.43211995,0.9,0.9,1769196196249551211_35513514,1769182317238896786_2326343,2026-01-23
c19abe7b-e4c6-4987-a0e7-973d5827a4fb,us_boston_streets_1543,no_match,brad,2026-01-13 03:12:44.452340+00:00,d1e1f145,no_match,0.4858491227,0,1,1,1,1,0,0.07166528471,0,0.02735654347,True,0.9999817117,0,10000,0.000305322816,1,0.07166528471,0.02735654347,0.02735654347,0.3817265721,2.825185085,1.893036641,2.825164081,0.5447684447,0.7986743802,0.0206015301,0.9999999999,1.893036641,2.825115052,0,4,4,4,4,1,1,0,0,1,1,1,1,1,1,1,1,0,0,0,inf,3,1.882657841,0.9320434263,2.72873758,1,1,1769196196249551211_35513514,1769182317238896786_2326343,2026-01-23
5c54bf88-e86a-4285-ac5e-203905fdb708,us_boston_streets_10188,no_match,brad,2026-01-13 03:12:48.611976+00:00,d1e1f145,no_match,0.4857785458,0,1,1,1,0.8,0.9645129089,1,0,0.04478516562,True,0.9990168164,0,0,0.0001359912567,1,0.03548709108,0.04478516562,0.03548709108,0.7923849469,3.688175704,2.983395234,3.685982696,0.4238216873,0.7405850272,1.317176457,0.9999999999,2.983395234,3.680826089,0,3,3,3,3,1,1,0,0,1,1,1,1,1,1,1,1,0,0,0,0,4,2.978024841,0.701125457,3.615355537,1,1,1769196196249551211_35513514,1769182317238896786_2326343,2026-01-23
f5e7c12f-a024-4182-b61b-063c9603f3d9,us_boston_streets_69,no_match,brad,2026-01-13 03:12:49.898869+00:00,d1e1f145,no_match,0.4852817841,0,1,1,1,0.8,0,0.05802443864,0.9699464736,1,True,0.9990149744,0,0,0.0002559446278,1,0.05802443864,0.03005352636,0.03005352636,0.517946008,1.393358559,0.960355564,1.38620242,0.7374997799,0.8953287,3.630042512,0.9999999999,0.960355564,1.36843098,1,3,3,3,3,1,1,0,0,1,1,1,1,1,1,1,1,0,0,0,0,5,0.8624380348,0.4308461713,1.320251636,1,1,1769196196249551211_35513514,1769182317238896786_2326343,2026-01-23
e0664857-e9af-47e7-97ef-b555bd834f14,us_boston_streets_3290,no_match,brad,2026-01-13 03:12:51.235870+00:00,d1e1f145,no_match,0.4852603092,0,1,1,1,1,0.9437151537,1,0,0.03054245379,True,0.9988061468,0,0,0.0003236515456,1,0.05628484635,0.03054245379,0.03054245379,0.5426407954,3.568018631,3.13694388,3.553951641,0.4238999214,0.7474766496,3.284503887,0.9999999999,3.13694388,3.520929305,0,4,4,4,4,1,1,0,0,1,1,1,1,1,1,1,1,0,0,0,0,4,3.06040734,0.3607398003,3.422237249,1,1,1769196196249551211_35513514,1769182317238896786_2326343,2026-01-23
4810b029-c2b2-4211-89c2-1e33e6cb53e3,us_boston_streets_9719,no_match,brad,2026-01-13 03:12:54.386809+00:00,d1e1f145,no_match,0.4844795705,0,1,1,1,1,0,0.03224987666,0,0.05128149215,True,0.9988429388,0,0,0.0001264615946,1,0.03224987666,0.05128149215,0.03224987666,0.6288794516,2.682390141,1.800030568,2.682268922,0.5636447235,0.8082511592,1.671842137,1,1.800030568,2.681862546,0,3,3,3,3,1,1,0,0,1,1,1,1,1,1,1,1,0,0,0,0,4,1.799738395,0.8817534746,2.59337962,1,1,1769196196249551211_35513514,1769182317238896786_2326343,2026-01-23
eee2b09c-4bb6-44e4-8918-6010645e89f8,us_boston_streets_6063,no_match,brad,2026-01-13 03:12:57.052931+00:00,d1e1f145,no_match,0.4844263837,0,1,1,1,0.8,0,0.03986525135,0.9606664373,1,True,0.9995911171,0,0,0.0002451697432,1,0.03986525135,0.03933356269,0.03933356269,0.9866628544,8.292993266,7.914487982,8.289817604,0.06511365959,0.4942458328,0.5996626194,1,7.914487982,8.28240603,0,4,4,4,4,1,1,0,0,1,1,1,1,1,1,1,1,0,0,0,0,5,7.884902418,0.3626269703,8.228271646,1,1,1769196196249551211_35513514,1769182317238896786_2326343,2026-01-23
544c2ce7-7ed5-4e62-8a93-59816a54a97b,us_boston_streets_2534,no_match,brad,2026-01-13 03:13:12.064645+00:00,d1e1f145,no_match,0.4840106496,0,0.4137931034,0.6079365079,0.275862069,0.8,0.01504967602,0.7128350051,0,1,True,0.9991253899,0,0,6.419244977e-05,1,0.697785329,1,0.697785329,0.697785329,20.34404347,13.0629787,20.1561602,0.02529329917,0.355446148,18.17169434,1,13.0629787,13.30279053,1,4,3,4,2,0.9230769231,0.3333333333,0,0,1,1,1,1,0,0.25,1,1,0,0,0,0,4,13.35873905,6.975990326,19.61395531,0.95,0.95,1769196196249551211_35513514,1769182317238896786_2326343,2026-01-23
e8b13a29-0413-4720-9280-cfc59dfcc6cd,us_boston_streets_7263,no_match,brad,2026-01-13 03:13:13.399421+00:00,d1e1f145,no_match,0.4836387795,0,1,1,1,0.4,0,0.04076173083,0.9615018412,1,True,0.9988556885,0,0,0.0002669044629,1,0.04076173083,0.03849815883,0.03849815883,0.944468207,5.165280566,4.174190429,5.160789222,0.3103474158,0.6613597333,2.941617301,1,4.174190429,5.150051967,0,3,3,2,2,0.8,0,0,0,1,1,0,0,1,1,1,1,0,0,0,0,3,4.160568621,0.9686334147,5.036634058,0.9,0.9,1769196196249551211_35513514,1769182317238896786_2326343,2026-01-23
249857cc-a26e-4280-a273-0dec8e54a887,us_boston_streets_7459,no_match,brad,2026-01-13 03:13:14.681354+00:00,d1e1f145,no_match,0.4832472113,0,1,1,1,0.8,0.9649562029,1,0,0.04551171928,True,0.9993534907,0,0,0.0002217796232,1,0.03504379712,0.04551171928,0.03504379712,0.7699950183,3.487847251,2.551574795,3.485640829,0.4637980827,0.7568620293,1.021307617,0.9999999998,2.551574795,3.48044298,0,3,3,4,4,0.8571428571,0,0,0,1,1,1,1,1,1,1,1,0,0,0,0,6,2.52136458,0.9252403433,3.37265388,0.9,0.9,1769196196249551211_35513514,1769182317238896786_2326343,2026-01-23
e0d741bd-bef7-4c7f-8cda-d14af354d611,us_boston_streets_10109,no_match,brad,2026-01-13 03:13:18.532447+00:00,d1e1f145,no_match,0.4829387137,0,0.6315789474,0.7306878307,0.6315789474,0.8,0.04610389472,1,0,0.9270983819,True,0.9991529478,10000,10000,8.841534936e-06,1,0.9538961053,0.9270983819,0.9270983819,0.9719070838,22.91127605,21.39176729,22.91010067,0,0.1352000263,3.074193288,1,21.39176729,21.67728649,1,3,4,3,3,0.9230769231,0.3333333333,0,0,1,1,1,1,0,0.5,1,1,0,0,inf,inf,0,21.68098231,1.251040206,22.78147048,0.95,0.95,1769196196249551211_35513514,1769182317238896786_2326343,2026-01-23
eee2b09c-4bb6-44e4-8918-6010645e89f8,us_boston_streets_7094,no_match,brad,2026-01-13 03:13:29.332559+00:00,d1e1f145,no_match,0.4828312335,0,1,1,1,0.8,0,0.3959441242,0.0166347944,1,True,0.999907329,0,0,2.391492093e-05,1,0.3959441242,0.9833652056,0.3959441242,0.4026419909,14.29928585,11.03569954,14.29649085,0.02639002796,0.4185633572,17.58652284,1,11.03569954,11.02643466,1,4,4,4,2,0.8571428571,0.3333333333,0,0,1,1,1,1,1,1,1,1,0,0,0,0,4,10.9237292,3.36819051,13.95854835,0.9,0.9,1769196196249551211_35513514,1769182317238896786_2326343,2026-01-23
7b76731a-25a7-4080-a9a0-a36560d20916,us_boston_streets_5332,no_match,brad,2026-01-13 03:13:30.550911+00:00,d1e1f145,no_match,0.4824287737,0,1,1,1,0.8,0.942867815,1,0,0.03029861021,True,0.9992428359,0,0,0.0003258540004,1,0.05713218498,0.03029861021,0.03029861021,0.5303247237,3.596967814,2.510272853,3.57862158,0.4711265346,0.7563686088,25.27958553,0.9999999998,2.510272853,3.505883298,1,4,4,4,4,1,1,0,0,1,1,1,1,1,1,1,1,0,0,0,0,6,2.470913071,0.9949637935,3.372528394,1,1,1769196196249551211_35513514,1769182317238896786_2326343,2026-01-23
17e238f7-3de2-4d36-ad4a-929d9b112065,us_boston_streets_2584,no_match,brad,2026-01-13 03:13:33.846829+00:00,d1e1f145,no_match,0.4819969989,0,1,1,1,0.8,0.9634101482,1,0,0.04314417321,True,0.999839512,0,0,0.0001918606763,1,0.0365898518,0.04314417321,0.0365898518,0.848083277,5.599773146,5.003498325,5.599008904,0.2367798826,0.6285196455,0.2040710258,0.9999999999,5.003498325,5.597225097,0,4,4,4,4,1,1,0,0,1,1,1,1,1,1,1,1,0,0,0,0,4,4.982448825,0.5950010845,5.533576067,1,1,1769196196249551211_35513514,1769182317238896786_2326343,2026-01-23
a349046d-cf60-4ee6-ada4-5cd0575d69a8,us_boston_streets_1667,no_match,brad,2026-01-13 03:13:36.431921+00:00,d1e1f145,no_match,0.4818426159,0,0.5185185185,0.6318681319,0.5185185185,0.8,0,0.1297343462,0.9649175706,1,True,0.9988795159,0,0,0.0001814922808,1,0.1297343462,0.0350824294,0.0350824294,0.270417437,2.897785545,2.123202454,2.864700405,0.5738953397,0.8272192981,51.18943986,0.9999999998,2.123202454,2.277943978,1,5,5,4,4,0.8888888889,0,0,0,1,1,1,1,0,0.5555555556,1,1,0,0,0,0,4,2.027838741,0.6091573923,2.604235664,0.9,0.9,1769196196249551211_35513514,1769182317238896786_2326343,2026-01-23
1d761201-fc02-4ce6-8ff6-ee293812d7a8,us_boston_streets_7072,no_match,brad,2026-01-13 03:13:38.131186+00:00,d1e1f145,no_match,0.4816521248,0,1,1,1,0.8,0,0.04509415849,0.9647045476,1,True,0.999120901,0,0,0.0002230121213,1,0.04509415849,0.03529545242,0.03529545242,0.7827056453,5.449827197,4.778404277,5.445725858,0.2540585217,0.6382082828,1.241506579,0.9999999999,4.778404277,5.436131336,0,3,3,4,4,0.8571428571,0,0,0,1,1,1,1,1,1,1,1,0,0,0,0,6,4.752343653,0.6509162245,5.351625797,0.9,0.9,1769196196249551211_35513514,1769182317238896786_2326343,2026-01-23
ecef87be-24e5-4d3f-a7ca-d9c6c7eed71b,us_boston_streets_4798,no_match,brad,2026-01-13 03:13:44.182826+00:00,d1e1f145,no_match,0.4814731285,0,1,1,1,0.6,0,0.03194027006,0,0.05208429894,True,0.9992063393,0,0,0.000148751161,1,0.03194027006,0.05208429894,0.03194027006,0.613241816,2.973439021,2.300992843,2.970756442,0.5041703811,0.7852984051,1.432628133,0.9999999999,2.300992843,2.964438448,0,4,4,4,4,1,1,0,0,1,1,1,1,1,1,1,1,0,0,0,0,2,2.288070967,0.6679752128,2.901423647,1,1,1769196196249551211_35513514,1769182317238896786_2326343,2026-01-23
923b858a-1374-4474-a453-3b70859e8958,us_boston_streets_10316,no_match,brad,2026-01-13 03:13:46.264055+00:00,d1e1f145,no_match,0.4814226358,0,1,1,1,0.6,0,0.07272008311,0,0.02720590681,True,0.9989710347,0,10000,0.0001799855763,1,0.07272008311,0.02720590681,0.02720590681,0.3741182029,4.566422734,4.118200024,4.503143193,0.3316966231,0.700559868,27.0111848,0.9999999996,4.118200024,4.223660171,1,3,3,3,3,1,1,0,0,1,1,1,1,1,1,1,1,0,0,0,inf,2,3.989681405,0.1317286772,4.124441546,1,1,1769196196249551211_35513514,1769182317238896786_2326343,2026-01-23
ef054655-6cc9-4c87-b16b-4a7e9920c0fd,us_boston_streets_9721,match,brad,2026-01-13 03:13:48.518458+00:00,d1e1f145,no_match,0.4805099742,0,1,1,1,0.6,0,0.2481454483,0,0.07823088994,True,0.9992462127,0,0,0.0004273546552,1,0.2481454483,0.07823088994,0.07823088994,0.3152622402,2.99725228,2.915025024,2.997250416,0.5078526283,0.7915592982,1.056435343,1,2.915025024,2.91508875,1,3,3,3,3,1,1,0,0,1,1,1,1,1,1,1,1,0,0,0,0,5,2.915000805,0.0822179376,2.989011728,1,1,1769196196249551211_35513514,1769182317238896786_2326343,2026-01-23
fbb2256a-af6b-4b09-9153-92738a5b30f7,us_boston_streets_6389,no_match,brad,2026-01-13 03:13:50.099386+00:00,d1e1f145,no_match,0.4803542005,0,1,1,1,0.6,0.9432328842,1,0,0.03040229777,True,0.9994321027,0,0,0.0002883181882,1,0.05676711577,0.03040229777,0.03040229777,0.5355617837,5.126972888,4.156313892,5.126948938,0.3173196892,0.6652802802,0.8625480494,0.9999999998,4.156313892,5.126872234,0,3,3,3,3,1,1,0,0,1,1,1,1,1,1,1,1,0,0,0,0,4,4.15635377,0.9706190801,5.029910969,1,1,1769196196249551211_35513514,1769182317238896786_2326343,2026-01-23
09e4241c-11e4-4c36-8cef-fe7260728e03,us_boston_streets_3038,no_match,brad,2026-01-13 03:13:53.800156+00:00,d1e1f145,no_match,0.4802754403,0,1,1,1,0.8,0.9567268282,1,0,0.03649758008,True,0.9990688785,0,0,0.0003292996047,1,0.04327317175,0.03649758008,0.03649758008,0.8434228091,2.750114121,1.759613192,2.746729066,0.5632283257,0.8060342517,1.807510466,0.9999999999,1.759613192,2.73856307,0,4,4,3,3,0.8571428571,0,0,0,1,1,1,1,1,1,1,1,0,0,0,0,3,1.68826206,0.9735756534,2.61047671,0.9,0.9,1769196196249551211_35513514,1769182317238896786_2326343,2026-01-23
3fc99059-079e-44fc-a9b9-aa006c924e04,us_boston_streets_5330,no_match,brad,2026-01-13 03:13:57.698498+00:00,d1e1f145,no_match,0.4801797862,0,1,1,1,0.8,0.9736212732,1,0.9206270321,1,True,0.9987961684,0,0,5.301366568e-05,1,0.02637872675,0.07937296794,0.02637872675,0.3323389239,6.089876058,5.948411582,6.079311036,0.1735687388,0.5965678341,3.884608873,1,5.948411582,6.054650451,0,4,4,3,3,0.8571428571,0,0,0,1,1,1,1,1,1,1,1,0,0,0,0,4,5.958240462,0.1238561055,6.0751566,0.9,0.9,1769196196249551211_35513514,1769182317238896786_2326343,2026-01-23
6e9264bf-4b68-40cd-8b1f-c84b18fb46f7,us_boston_streets_1619,no_match,brad,2026-01-13 03:13:59.997689+00:00,d1e1f145,no_match,0.4798394298,0,1,1,1,0.8,0.9159046133,1,0,0.02589544881,True,0.9989121739,0,0,0.0003855940494,1,0.08409538666,0.02589544881,0.02589544881,0.3079294815,2.685041184,2.332174811,2.664644389,0.5343487086,0.8057868764,4.796016777,0.9999999999,2.332174811,2.616494375,1,4,4,3,3,0.8571428571,0,0,0,1,1,1,1,1,1,1,1,0,0,0,0,5,2.295943141,0.3282124039,2.633954252,0.9,0.9,1769196196249551211_35513514,1769182317238896786_2326343,2026-01-23
ae690996-0680-4e1e-ab5c-0de5c23cbb6d,us_boston_streets_10080,match,brad,2026-01-13 03:14:02.147971+00:00,d1e1f145,no_match,0.4793732836,0,1,1,1,1,0.3082501872,1,0,0.3198489029,True,0.9995103608,0,0,0.0007077077586,1,0.6917498128,0.3198489029,0.3198489029,0.4623765658,0.8733115863,0.6626990406,0.8733083393,0.917519998,0.9674842743,0.9894488563,1,0.6626990406,0.2336644001,1,3,3,2,2,0.8,0,0,0,1,1,0,0,1,1,1,1,0,0,0,0,2,0.4075930179,0.388654131,0.8291630554,0.9,0.9,1769196196249551211_35513514,1769182317238896786_2326343,2026-01-23
7ae06b66-2626-4d3c-be12-a59bd67a881a,us_boston_streets_9186,match,brad,2026-01-13 03:14:04.068546+00:00,d1e1f145,no_match,0.4793325499,0,0.5,0.5,0.5,1,0,0.6143863266,0.008945951617,1,True,0.99912133,0,0,4.260063456e-06,1,0.6143863266,0.9910540484,0.6143863266,0.6199322102,0.822257797,0.5421109319,0.8222562471,0.9269676441,0.9698245764,0.0297966914,1,0.5421109319,0.2620461439,1,4,4,4,2,0.8571428571,0.3333333333,0,0,1,1,1,1,0.5,0.5,1,1,0,0,0,0,5,0.3597347549,0.4466173368,0.7820139906,0.9,0.9,1769196196249551211_35513514,1769182317238896786_2326343,2026-01-23
07591b1b-ed5a-465d-9137-37e17b94db72,us_boston_streets_5974,no_match,brad,2026-01-13 03:14:05.331634+00:00,d1e1f145,no_match,0.4791462286,0,1,1,1,0.6,0.963372336,1,0.9569082807,1,True,0.9996566559,0,0,0.000200850107,1,0.036627664,0.04309171929,0.036627664,0.8499930987,1.001604881,0.5910939757,0.9955487156,0.8173967291,0.925922783,4.752565103,0.9999999999,0.5910939757,0.9766611855,1,4,4,4,4,1,1,0,0,1,1,1,1,1,1,1,1,0,0,0,0,4,0.4612969256,0.4298586567,0.9254842258,1,1,1769196196249551211_35513514,1769182317238896786_2326343,2026-01-23
41f531fb-d46d-475a-834b-0f68a5bd1c46,us_boston_streets_4289,no_match,brad,2026-01-13 03:14:07.034141+00:00,d1e1f145,no_match,0.4791032931,0,1,1,1,0.6,0.9361929254,1,0,0.02870606839,True,0.9993703316,0,0,0.0003234665145,1,0.06380707463,0.02870606839,0.02870606839,0.449888489,1.562604359,1.44663029,1.5586209,0.7000056053,0.8855546388,6.294696719,1,1.44663029,1.454730201,1,3,3,3,3,1,1,0,0,1,1,1,1,1,1,1,1,0,0,0,0,4,1.436805908,0.09451692949,1.525178736,1,1,1769196196249551211_35513514,1769182317238896786_2326343,2026-01-23
43a4da33-a356-4935-920f-b06970984bd9,us_boston_streets_1896,no_match,brad,2026-01-13 03:14:10.831525+00:00,d1e1f145,no_match,0.4789497022,0,1,1,1,0.8,0.9589311203,1,0,0.0382281323,True,0.9991129521,0,0,0.0002390217102,1,0.04106887966,0.0382281323,0.0382281323,0.9308296846,2.694543493,2.566036704,2.685974698,0.5179874012,0.8007223246,1.767795882,0.9999999999,2.566036704,2.665955075,1,4,4,3,3,0.8571428571,0,0,0,1,1,1,1,1,1,1,1,0,0,0,0,4,2.523248259,0.09322115959,2.621811443,0.9,0.9,1769196196249551211_35513514,1769182317238896786_2326343,2026-01-23
ed74bedb-d07b-4cae-a04d-b76fb54c32df,us_boston_streets_3290,no_match,brad,2026-01-13 03:14:13.282047+00:00,d1e1f145,no_match,0.4784367023,0,1,1,1,1,0,0.04395960576,0.9639768498,1,True,0.9990831015,0,0,0.00031872522,1,0.04395960576,0.0360231502,0.0360231502,0.8194602655,5.064156271,4.785506145,5.052935455,0.2702084562,0.6573963667,1.919173457,1,4.785506145,5.026722482,1,4,4,4,4,1,1,0,0,1,1,1,1,1,1,1,1,0,0,0,0,4,4.752971993,0.2626475069,5.023330489,1,1,1769196196249551211_35513514,1769182317238896786_2326343,2026-01-23
03f27113-548e-4e63-8ec8-217ccea8a4ce,us_boston_streets_2287,no_match,brad,2026-01-13 03:14:15.100305+00:00,d1e1f145,no_match,0.478403929,0,0.2307692308,0.4563492063,0.3076923077,0.6,0,1,0.2264107988,0.8898063184,True,0.9989204642,0,0,0.0001005439126,1,1,0.6633955195,0.6633955195,0.6633955195,25.35155462,11.42551659,25.34969564,0.1364037253,0.3907268719,30.36782856,1,11.42551659,13.08181556,1,3,3,3,3,1,1,0,0,1,1,1,1,0,0.3529411765,1,1,0,0,0,0,4,12.63499195,12.7268387,24.07218642,1,1,1769196196249551211_35513514,1769182317238896786_2326343,2026-01-23
907beb18-fa22-4eec-ac39-1253be6a0a26,us_boston_streets_1904,match,brad,2026-01-13 03:14:16.699112+00:00,d1e1f145,no_match,0.47814082,0,1,1,1,1,0,0.2790561489,0.7206884051,1,True,0.9994820688,0,0,0.0006651887749,1,0.2790561489,0.2793115949,0.2790561489,0.9990854444,0.9868409847,0.7303206476,0.9868348873,0.8516125631,0.9444450535,0.3201022964,1,0.7303206476,0.7613159976,1,4,4,4,2,0.8571428571,0.3333333333,0,0,1,1,1,1,1,1,1,1,0,0,0,0,2,0.7703834268,0.1922528655,0.9630427578,0.9,0.9,1769196196249551211_35513514,1769182317238896786_2326343,2026-01-23
645acedf-fd40-47aa-9d9d-425c1b5be307,us_boston_streets_6063,no_match,brad,2026-01-13 03:14:24.726802+00:00,d1e1f145,no_match,0.4775786897,0,1,1,1,0.8,0.9544810952,1,0,0.03503953807,True,0.9995058799,0,0,0.0002283794889,1,0.04551890478,0.03503953807,0.03503953807,0.7697799023,7.031694737,6.89709886,7.027905746,0.1196982776,0.5505048885,0.7441302701,0.9999999998,6.89709886,7.019063934,0.8986761306,3,3,3,3,1,1,0,0,1,1,1,1,1,1,1,1,0,0,0,0,5,6.879210558,0.1288688117,7.011723246,1,1,1769196196249551211_35513514,1769182317238896786_2326343,2026-01-23
001ca42e-96cc-4d20-869b-4e2e15e7d613,us_boston_streets_1461,match,brad,2026-01-13 03:14:26.633096+00:00,d1e1f145,no_match,0.4775575417,0,1,1,1,1,0.01554057855,1,0,0.3129449845,True,0.9994038007,0,0,0.0006098832168,1,0.9844594215,0.3129449845,0.3129449845,0.3178851029,1.139984871,0.1987905691,0.805376458,0.906954431,0.9719274334,0.06111130922,1,0.1987905691,0.5344931676,1,4,3,4,4,0.9333333333,0.3333333333,0,0,1,1,1,1,1,1,1,1,0,0,0,0,7,0.4879206634,0.5852683325,1.029602977,0.95,0.95,1769196196249551211_35513514,1769182317238896786_2326343,2026-01-23
08cb41f9-a859-4998-ba5c-3d627687b527,us_boston_streets_9996,match,brad,2026-01-14 02:46:21.578038+00:00,c94e464a,review,0.7409484053,,1,1,1,1,0.5807514082,1,0,0.7181264105,True,0.9994161442,0,0,4.073207171e-05,1,0.4192485918,0.7181264105,0.4192485918,0.5838089029,2.325649522,1.26086247,2.325623598,0.7807752729,0.9116067782,8.041493234,1,1.26086247,1.036210111,1,4,5,3,3,0.8,0,0,0,1,1,1,1,1,1,1,1,0,0,0,0,4,1.205794384,1.033616081,2.196325463,0.85,0.85,1769196196249551211_35513514,1769182317238896786_2326343,2026-01-23
a4c38d8a-f546-459f-ad4c-f01e3a6bde50,us_boston_streets_154,match,brad,2026-01-14 02:46:48.862294+00:00,c94e464a,review,0.7404918425,,1,1,1,0.8,0,1,0.2950562806,0.9605564986,True,0.9991906161,0,0,0.0001767353067,1,1,0.6655002181,0.6655002181,0.6655002181,5.34553273,3.741105052,5.291760549,0.5242467913,0.8116208847,2.27336189,1,3.741105052,3.154419837,1,3,4,4,3,1,1,0,0,1,1,1,1,1,1,1,1,0,0,0,0,5,3.092362154,2.833325652,5.201377881,1,1,1769196196249551211_35513514,1769182317238896786_2326343,2026-01-23
44538cf4-9d1b-41ec-ad2e-0603d359bbfb,us_boston_streets_9118,match,brad,2026-01-14 02:49:35.747188+00:00,c94e464a,review,0.7402442721,,1,1,1,1,0.3839700218,0.9838839997,0,1,True,0.9991778532,0,0,9.108943369e-07,1,0.5999139779,1,0.5999139779,0.5999139779,5.096261736,4.928066768,5.096017801,0.3261731799,0.6972698471,0.1318482912,1,4.928066768,4.932387314,1,3,3,3,3,1,1,0,0,1,1,1,1,1,1,1,1,0,0,0,0,4,4.914956717,0.1437186509,5.049243621,1,1,1769196196249551211_35513514,1769182317238896786_2326343,2026-01-23
6c92cd73-82cc-4370-a67b-f812a1aa62aa,us_boston_streets_4551,match,brad,2026-01-14 02:51:03.884144+00:00,c94e464a,review,0.7402287461,,1,1,1,1,0,1,0.247466237,0.5482813964,True,0.9988523542,0,0,0.0001401307582,1,1,0.3008151594,0.3008151594,0.3008151594,1.304754438,0.990298006,1.286022167,0.8201980696,0.9349553222,2.213077638,1,0.990298006,0.9675297646,1,3,3,3,3,1,1,0,0,1,1,1,1,1,1,1,1,0,0,0,0,4,0.917301907,0.4962368402,1.216543083,1,1,1769196196249551211_35513514,1769182317238896786_2326343,2026-01-23
f7a8fdc2-f9ef-4c26-a164-cf9d6e3a97a8,us_boston_streets_5681,match,brad,2026-01-14 02:51:43.817100+00:00,c94e464a,review,0.7388670954,,1,1,1,1,0.01003096748,1,0,0.511498529,True,0.9991864955,0,0,0.0003147967633,1,0.9899690325,0.511498529,0.511498529,0.5166813427,2.167780443,1.530741515,2.164909929,0.7225511674,0.8952109669,1.300236185,1,1.530741515,1.581653648,1,4,4,4,4,1,1,0,0,1,1,1,1,1,1,1,1,0,0,0,0,3,1.575362085,0.5948093687,2.142341657,1,1,1769196196249551211_35513514,1769182317238896786_2326343,2026-01-23
fb67a312-ec3b-438d-895c-0b08f833ce1e,us_boston_streets_4114,match,brad,2026-01-14 02:52:17.065974+00:00,c94e464a,review,0.7383150754,,1,1,1,0.6,0,1,0.01274604517,0.5792302918,True,0.9989005938,0,10000,0.0001939407838,1,1,0.5664842466,0.5664842466,0.5664842466,2.609455264,1.603037288,2.586305614,0.7542879981,0.8920200847,4.78870761,1,1.603037288,0.9259753274,1,4,2,4,3,0.9230769231,0.3333333333,0,0,1,1,1,1,1,1,1,1,0,0,0,inf,1,1.304639729,1.05169429,2.338417915,0.95,0.95,1769196196249551211_35513514,1769182317238896786_2326343,2026-01-23
0c63aead-3cac-4c24-9bb5-18390fb37ce9,us_boston_streets_283,match,brad,2026-01-14 02:52:24.507380+00:00,c94e464a,review,0.7381510855,,0.2142857143,0.5138888889,0.2142857143,0.6,0,0.9880443871,0,0.9573529378,True,0.9996928667,0,0,4.582703765e-06,1,0.9880443871,0.9573529378,0.9573529378,0.9689371757,6.06847837,5.431355574,5.917735427,0.2627810988,0.6591051498,0.09016888377,1,5.431355574,5.665746488,1,3,3,3,4,0.9230769231,0.3333333333,0,0,1,1,1,1,0,0.3529411765,1,1,0,0,0,0,5,5.531754197,0.5098617142,5.825776928,0.95,0.95,1769196196249551211_35513514,1769182317238896786_2326343,2026-01-23
15135b58-bfe0-48e3-a07a-125213581c21,us_boston_streets_2622,match,brad,2026-01-14 02:52:30.268493+00:00,c94e464a,review,0.7371373563,,1,1,1,0.6,0,0.9830622099,0.3164788432,1,True,0.999308302,0,0,0.0004087768876,1,0.9830622099,0.6835211568,0.6835211568,0.6952979679,7.194787888,1.619241637,6.289750806,0.7540816506,0.8930573544,2.502875419,1,1.619241637,0.421644518,1,3,6,4,4,0.8235294118,0,0,0,1,1,1,1,1,1,1,1,0,0,0,0,6,1.333662326,0.6151827623,3.883205603,0.85,0.85,1769196196249551211_35513514,1769182317238896786_2326343,2026-01-23
763ff3a9-a925-4b6e-b7dd-1f669ccc2da6,us_boston_streets_4205,match,brad,2026-01-14 02:52:33.701470+00:00,c94e464a,review,0.7367626226,,1,1,1,0.8,0,1,0.08410043216,0.6133311053,True,0.9991374119,0,0,0.0002225791486,1,1,0.5292306731,0.5292306731,0.5292306731,2.273565542,1.308015206,2.19475805,0.7351339539,0.905652767,1.567885423,1,1.308015206,1.555856611,1,3,3,3,6,0.8,0.3333333333,0,0,1,1,1,1,1,1,1,1,0,0,0,0,8,1.509842676,1.082716577,2.209579739,0.85,0.85,1769196196249551211_35513514,1769182317238896786_2326343,2026-01-23
83dcb964-9f9b-4415-9fa0-b046196e2284,us_boston_streets_8224,match,brad,2026-01-14 02:52:37.367674+00:00,c94e464a,review,0.7366645277,,1,1,1,1,0.002465247612,1,0.480848408,1,True,0.9995299427,0,0,0.0003433561746,1,0.9975347524,0.519151592,0.519151592,0.5204345921,1.753891891,1.002871915,1.75340918,0.8463176354,0.9432720554,1.158644018,1,1.002871915,0.804781732,1,4,4,4,4,1,1,0,0,1,1,1,1,1,1,1,1,0,0,0,0,6,0.8116096067,0.8612021928,1.603401998,1,1,1769196196249551211_35513514,1769182317238896786_2326343,2026-01-23
a822ef12-7e01-4616-b7f1-984e93db8730,us_boston_streets_5301,match,brad,2026-01-14 02:52:41.800969+00:00,c94e464a,review,0.7328305765,,1,1,1,0.6,0,0.945049618,0,0.4931022384,True,0.9992173392,10000,0,0.0001724171107,1,0.945049618,0.4931022384,0.4931022384,0.5217739143,2.715237132,2.318290484,2.715228298,0.6015133069,0.8388212253,1.011699903,1,2.318290484,2.382241785,1,3,3,3,3,1,1,0,0,1,1,1,1,1,1,1,1,0,0,0,inf,2,2.381745805,0.3337468034,2.682029352,1,1,1769196196249551211_35513514,1769182317238896786_2326343,2026-01-23
bc445275-76e1-4800-81f5-35ce8e20109c,us_boston_streets_5343,match,brad,2026-01-14 02:52:45.069501+00:00,c94e464a,review,0.730897031,,1,1,1,1,0.04816619482,1,0,0.4667687523,True,0.9997967149,0.0517520646,0,0.0003064261945,1,0.9518338052,0.4667687523,0.4667687523,0.4903889206,2.276413057,1.069576462,2.145067113,0.7521050573,0.9168605695,0.6929298015,1,1.069576462,1.504374563,1,6,3,6,6,0.8571428571,0.3333333333,0,0,1,1,1,1,1,1,1,1,0,0,0,0.0517520646,9,1.40068666,0.7001887707,2.103879709,0.85,0.85,1769196196249551211_35513514,1769182317238896786_2326343,2026-01-23
63fde31e-61a5-4c5b-9c24-fa7ea0e718ff,us_boston_streets_5000,match,brad,2026-01-14 02:52:54.984382+00:00,c94e464a,review,0.7305740281,,1,1,1,1,0.02042218332,1,0,0.6461230891,True,0.9992779157,0,0,0.0003215165195,1,0.9795778167,0.6461230891,0.6461230891,0.659593427,5.595285711,3.671016391,5.593071812,0.4103476708,0.7549762754,2.41874615,1,3.671016391,4.197521976,1,3,4,3,4,1,1,0,0,1,1,1,1,1,1,1,1,0,0,0,0,4,4.151235277,1.031597002,5.423553463,1,1,1769196196249551211_35513514,1769182317238896786_2326343,2026-01-23
eb2129a9-666f-47e5-8ef4-9244982d249b,us_boston_streets_8524,match,brad,2026-01-14 02:53:00.432308+00:00,c94e464a,review,0.7301476369,,0.5,0.5,0.5,0.8,0,0.9588193365,0.0780002355,1,True,0.9992102048,0,0,6.599700342e-05,1,0.9588193365,0.9219997645,0.9219997645,0.9615990515,7.861395492,3.141469429,7.700906438,0.5751698127,0.8049841869,1.663242755,1,3.141469429,2.218995364,1,6,5,4,4,0.8421052632,0,0,0,1,1,1,1,0.5,0.5,0,1,0,0,0,0,6,2.605005876,2.029303727,6.290971221,0.85,0.85,1769196196249551211_35513514,1769182317238896786_2326343,2026-01-23
f0f44754-405d-4715-961f-43b5ddde9f87,us_boston_streets_4258,match,brad,2026-01-14 02:53:03.765692+00:00,c94e464a,review,0.7296401525,,1,1,1,1,0,1,0.003685581896,0.6220455506,True,0.9993756244,10000,0,0.0004120905108,1,1,0.6183599687,0.6183599687,0.6183599687,5.51561311,2.771105993,4.926011588,0.4783029102,0.7943565231,1.324056351,1,2.771105993,3.809830421,1,3,4,3,4,1,1,0,0,1,1,1,1,1,1,1,1,0,0,0,inf,3,3.517849229,1.902039277,4.905310206,1,1,1769196196249551211_35513514,1769182317238896786_2326343,2026-01-23
29acb3ad-9e9c-4aca-85e6-482b4118b028,us_boston_streets_20,match,brad,2026-01-14 02:53:05.914906+00:00,c94e464a,review,0.7295434835,,1,1,1,1,0,1,0.5253632424,0.9656346227,True,0.9992285557,0,0,0.0002129887126,1,1,0.4402713804,0.4402713804,0.4402713804,2.48178589,1.949373292,2.481740214,0.6380982216,0.8572549442,1.607876364,1,1.949373292,2.134345367,1,3,4,4,3,1,1,0,0,1,1,1,1,1,1,1,1,0,0,0,0,3,2.109515099,0.420266322,2.454615007,1,1,1769196196249551211_35513514,1769182317238896786_2326343,2026-01-23
d9b579a4-de20-4939-b9fe-c5a2c7183416,us_boston_streets_6888,match,brad,2026-01-14 02:53:07.918247+00:00,c94e464a,review,0.7291229551,,1,1,1,1,0,1,0.2763783721,0.8204716485,True,0.9992625628,0,0,0.0002720420575,1,1,0.5440932764,0.5440932764,0.5440932764,1.669368056,1.202698197,1.639019689,0.8289475405,0.9323106981,0.1064556043,1,1.202698197,0.8620147417,1,4,4,4,4,1,1,0,0,1,1,1,1,1,1,1,1,0,0,0,0,5,0.9020065665,0.9105006525,1.608604916,1,1,1769196196249551211_35513514,1769182317238896786_2326343,2026-01-23
df28ce59-981b-4780-a983-ace3c1849972,us_boston_streets_8592,match,brad,2026-01-14 02:53:10.084451+00:00,c94e464a,review,0.728829409,,0.5,0.5,0.5,0.8,0,0.9779592653,0,0.8571135945,True,0.9998589605,0,10000,3.325135117e-05,1,0.9779592653,0.8571135945,0.8571135945,0.8764307726,4.033270878,3.364230045,4.003018532,0.4822123858,0.7864301069,0.1115317603,1,3.364230045,3.442378912,1,1,3,3,1,1,1,1,1,1,1,1,1,0.5,0.5,0,1,0,0,0,inf,2,3.39168808,0.5600750294,3.906728458,1,1,1769196196249551211_35513514,1769182317238896786_2326343,2026-01-23
e421ef49-1a86-4696-9790-8d35d62436d5,us_boston_streets_7000,match,brad,2026-01-14 02:53:12.718808+00:00,c94e464a,review,0.7284101657,,1,1,1,0.6,0,0.6963135568,0.007587581102,1,True,0.9996184339,0,0,1.300771056e-05,1,0.6963135568,0.9924124189,0.6963135568,0.7016372866,3.077116939,1.042934889,3.005913107,0.8839844115,0.9424141561,2.556192384,1,1.042934889,0.1427899841,1,4,4,4,2,0.8571428571,0.3333333333,0,0,1,1,1,1,1,1,1,1,0,0,0,0,4,0.532047902,0.4196069495,1.751801137,0.9,0.9,1769196196249551211_35513514,1769182317238896786_2326343,2026-01-23
be4c1031-a068-462e-b55b-d94e393ed0c9,us_boston_streets_10390,match,brad,2026-01-14 02:53:17.613888+00:00,c94e464a,review,0.727816667,,1,1,1,1,0.2801050461,1,0,0.7222671557,True,0.9996399264,0,0,0.0002866090287,1,0.7198949539,0.7222671557,0.7198949539,0.9967156172,1.703751142,0.8414679006,1.703749846,0.8093427884,0.9304436046,0.5570979844,1,0.8414679006,1.03820701,1,4,4,2,4,0.8571428571,0.3333333333,0,0,1,1,1,1,1,1,1,1,0,0,0,0,2,1.038386413,0.667790822,1.63734257,0.9,0.9,1769196196249551211_35513514,1769182317238896786_2326343,2026-01-23
3d2c02a3-9a5f-4fb5-95ca-140c0fadee38,us_boston_streets_1277,match,brad,2026-01-14 02:53:19.014073+00:00,c94e464a,review,0.7268629492,,1,1,1,0.6,0.4119337566,0.987217309,0,1,True,0.9995249609,0,0,5.908981267e-06,1,0.5752835524,1,0.5752835524,0.5752835524,1.719581772,1.150430274,1.718478747,0.7702630997,0.918302989,1.82504676,1,1.150430274,1.316122389,1,4,3,3,3,0.9230769231,0.3333333333,0,0,1,1,1,1,1,1,1,1,0,0,0,0,4,1.26720765,0.2164695833,1.677834913,0.95,0.95,1769196196249551211_35513514,1769182317238896786_2326343,2026-01-23
1fc0ff35-e6e4-42c1-8f30-3f5c8819e8bb,us_boston_streets_6468,match,brad,2026-01-14 02:53:25.428777+00:00,c94e464a,review,0.7267703499,,1,1,1,1,0,1,0.7287337307,0.9397914496,True,0.9988603687,0,0,8.517718604e-05,1,1,0.2110577189,0.2110577189,0.2110577189,1.881193344,1.679383037,1.880738253,0.6774027262,0.8727634207,3.470952349,1,1.679383037,1.680139338,1,5,3,2,2,0.6666666667,0,0,0,1,1,0,0,1,1,1,1,0,0,0,0,2,1.678119686,0.1995324801,1.858053985,0.8,0.8,1769196196249551211_35513514,1769182317238896786_2326343,2026-01-23
688d3808-cb07-4252-bfb3-71735638b007,us_boston_streets_8268,match,brad,2026-01-14 02:53:35.870153+00:00,c94e464a,review,0.7259230623,,1,1,1,0.6,0,1,0.002948029924,0.5223645675,True,0.9991260148,0,0,0.0001693691863,1,1,0.5194165376,0.5194165376,0.5194165376,4.318966023,4.149462403,4.314206332,0.3946846719,0.735424736,0.05724668449,1,4.149462403,4.190798545,1,4,3,4,3,1,1,0,0,1,1,1,1,1,1,1,1,0,0,0,0,5,4.17281055,0.1249727764,4.297863307,1,1,1769196196249551211_35513514,1769182317238896786_2326343,2026-01-23
da5806a4-4581-4667-88cc-2e87b5b5f16b,us_boston_streets_7747,match,brad,2026-01-14 02:53:37.498637+00:00,c94e464a,review,0.7257654798,,1,1,1,1,0,1,0.4284647776,0.9853285386,True,0.9988649197,0,10000,0.0003752851647,1,1,0.556863761,0.556863761,0.556863761,1.699001563,1.469081611,1.698859158,0.8450160393,0.9366684931,1.651223061,1,1.469081611,0.01807307965,1,4,4,4,3,0.9333333333,0.3333333333,0,0,1,1,1,1,1,1,1,1,0,0,0,inf,2,0.7960353284,0.7886074444,1.526596729,0.95,0.95,1769196196249551211_35513514,1769182317238896786_2326343,2026-01-23
66bf5de9-4427-40a2-af27-60fd9d5ae3e7,us_boston_streets_5343,match,brad,2026-01-14 02:53:38.831696+00:00,c94e464a,review,0.7249586943,,1,1,1,1,0,0.95621239,0.4655777445,1,True,0.9994043428,0.0517520646,0,0.0002747220159,1,0.95621239,0.5344222555,0.5344222555,0.5588949286,0.9867316948,0.6234005587,0.9867255552,0.9088687195,0.9628599621,1.481312276,1,0.6234005587,0.2171193106,1,3,4,6,4,0.8235294118,0.3333333333,0,0,1,1,1,1,1,1,1,1,0,0,0,0.0517520646,9,0.4462627974,0.3695330215,0.9095603719,0.85,0.85,1769196196249551211_35513514,1769182317238896786_2326343,2026-01-23
e6cb5447-5b4a-457b-a69d-6ce3b36d6ef1,us_boston_streets_5301,match,brad,2026-01-14 02:53:45.033535+00:00,c94e464a,review,0.7245840383,,1,1,1,0.6,0,1,0.4930191843,0.9801742437,True,0.9993068303,10000,0,0.0001564690082,1,1,0.4871550594,0.4871550594,0.4871550594,3.10328213,2.897426439,3.103218851,0.5346178083,0.8066586475,0.5923469695,1,2.897426439,2.902935163,1,3,3,3,3,1,1,0,0,1,1,1,1,1,1,1,1,0,0,0,inf,2,2.903591955,0.1837579271,3.079282528,1,1,1769196196249551211_35513514,1769182317238896786_2326343,2026-01-23
f39b7fda-9af9-4f40-8765-8b0d5e2550c6,us_boston_streets_8927,match,brad,2026-01-14 02:53:46.716371+00:00,c94e464a,review,0.7237558086,,1,1,1,1,0,1,0.4688657385,0.9960813249,True,0.9991586056,0,0,0.0003387764109,1,1,0.5272155863,0.5272155863,0.5272155863,1.541614624,0.7469920053,1.517114061,0.8775370922,0.9492149272,0.4663323413,1,0.7469920053,0.5662167147,1,4,3,4,4,0.9333333333,0.3333333333,0,0,1,1,1,1,1,1,1,1,0,0,0,0,5,0.6060222998,0.5301648611,1.075094963,0.95,0.95,1769196196249551211_35513514,1769182317238896786_2326343,2026-01-23
836c3ac2-d307-412e-a73f-3603e034e79f,us_boston_streets_4381,match,brad,2026-01-14 02:53:48.219271+00:00,c94e464a,review,0.7235653154,,1,1,1,1,0,1,0.4811525016,0.9974603201,True,0.9993332086,0,0,0.0003096107293,1,1,0.5163078185,0.5163078185,0.5163078185,1.645104273,0.7173780708,1.628394648,0.837582087,0.9485344452,0.490421949,1,0.7173780708,0.9363363986,1,3,4,4,3,1,1,0,0,1,1,1,1,1,1,1,1,0,0,0,0,5,0.9063393605,0.7082482171,1.56081919,1,1,1769196196249551211_35513514,1769182317238896786_2326343,2026-01-23
3ea6c68e-7f76-40ad-b7dd-c8cb2db0268d,us_boston_streets_6196,match,brad,2026-01-14 02:53:55.189459+00:00,c94e464a,review,0.7234864409,,1,1,1,0.6,0,0.9877040514,0,0.4247717038,True,0.999529983,0,0,4.781305803e-05,1,0.9877040514,0.4247717038,0.4247717038,0.4300596957,8.254245311,6.494885739,8.129292498,0.180717357,0.5864819978,13.29636994,1,6.494885739,6.468577088,1,3,3,4,4,0.8571428571,0,0,0,1,1,1,1,1,1,1,1,0,0,0,0,5,6.542148224,1.364206111,7.867679125,0.9,0.9,1769196196249551211_35513514,1769182317238896786_2326343,2026-01-23
a4e19b35-4e85-4223-ac1c-1c382cab9122,us_boston_streets_3290,match,brad,2026-01-14 02:54:02.267911+00:00,c94e464a,review,0.7224457358,,1,1,1,1,0,1,0.5300899514,0.992738272,True,0.9992123928,0,0,0.0001864259079,1,1,0.4626483205,0.4626483205,0.4626483205,4.630276778,4.298170746,4.608179633,0.381319421,0.7260299437,1.1004918,1,4.298170746,4.290105233,1,4,4,4,4,1,1,0,0,1,1,1,1,1,1,1,1,0,0,0,0,4,4.279261279,0.39806123,4.548307469,1,1,1769196196249551211_35513514,1769182317238896786_2326343,2026-01-23
31b1bfe8-a86a-4589-a7e1-7d9a87e384b3,us_boston_streets_8387,match,brad,2026-01-14 02:54:04.701252+00:00,c94e464a,review,0.7223935156,,1,1,1,1,0,0.6477036335,0.5914664499,1,True,0.9988525307,0,0,0.0001300143166,1,0.6477036335,0.4085335501,0.4085335501,0.6307414827,2.710907749,2.412588944,2.710100677,0.5870723505,0.8356128561,0.4666309733,1,2.412588944,2.532725205,1,3,3,2,2,0.8,0,0,0,1,1,0,0,1,1,1,1,0,0,0,0,2,2.46102327,0.2680474561,2.690827078,0.9,0.9,1769196196249551211_35513514,1769182317238896786_2326343,2026-01-23
1ee65477-ccf1-4a5e-9fe9-a6b63aff3f54,us_boston_streets_9760,match,brad,2026-01-14 02:54:06.466505+00:00,c94e464a,review,0.7223805742,,1,1,1,1,0,1,0.4715161291,0.9973800352,True,0.9991982135,0,0,0.0005282898636,1,1,0.5258639061,0.5258639061,0.5258639061,3.769012309,0.9125459076,3.559646307,0.8574790025,0.9374135237,0.8552799745,1,0.9125459076,0.4277290747,1,4,3,3,2,0.8333333333,0.3333333333,0,0,1,1,1,1,1,1,1,1,0,0,0,0,3,0.7368569005,0.5358232956,2.222218397,0.9,0.9,1769196196249551211_35513514,1769182317238896786_2326343,2026-01-23
578ed470-4be6-49e6-9df9-d01f68fbf140,us_boston_streets_9793,match,brad,2026-01-14 02:54:11.033999+00:00,c94e464a,review,0.7222372683,,1,1,1,1,0.005163475972,1,0,0.4405013034,True,0.9990974162,0,0,0.000206872578,1,0.994836524,0.4405013034,0.4405013034,0.4427876267,0.936419343,0.4343373613,0.8691798857,0.899989209,0.9679134679,0.8751497467,1,0.4343373613,0.5533262772,1,3,3,3,3,1,1,0,0,1,1,1,1,1,1,1,1,0,0,0,0,4,0.5199366572,0.3539815502,0.824836317,1,1,1769196196249551211_35513514,1769182317238896786_2326343,2026-01-23
231be841-6742-4abb-a135-8e3f216906ff,us_boston_streets_2837,match,brad,2026-01-14 02:54:12.463496+00:00,c94e464a,review,0.7216807868,,0.85,0.7757885763,0.85,0.6,0,1,0.4073980078,0.9332724806,True,0.9993711608,0,0,0.0001597357947,1,1,0.5258744728,0.5258744728,0.5258744728,3.913131599,1.57023391,3.90000683,0.8035637334,0.9087509909,3.774171399,1,1.57023391,0.4040975241,1,3,3,3,3,1,1,0,0,1,1,1,1,0,0.8461538462,1,1,0,0,0,0,3,0.9874389693,0.7197241016,3.215932434,1,1,1769196196249551211_35513514,1769182317238896786_2326343,2026-01-23
9a9a5918-7d76-4985-9b6f-4d16dd756d55,us_boston_streets_3087,match,brad,2026-01-14 02:54:26.852248+00:00,c94e464a,match,0.9872672601,,1,1,1,0.8,0.006768085833,1,0,0.9915774211,False,0.9998363568,0,0,3.591429083e-06,1,0.9932319142,0.9915774211,0.9915774211,0.9983342329,0.6118965242,0.4753449101,0.6118962044,0.9121478176,0.9687292597,0.2337977515,1,0.4753449101,0.4484674389,1,3,3,3,3,1,1,0,0,1,1,1,1,1,1,1,1,0,0,0,0,4,0.4484806697,0.1630462624,0.5953691325,1,1,1769196196249551211_35513514,1769182317238896786_2326343,2026-01-23
86adf09c-8c50-4a34-9132-0d0dede0ffb8,us_boston_streets_9719,match,brad,2026-01-14 02:54:28.481532+00:00,c94e464a,match,0.9795608039,,1,1,1,1,0,0.9733019648,0,0.9708141588,True,0.9999542725,0,0,3.98748657e-06,1,0.9733019648,0.9708141588,0.9708141588,0.9974439525,0.05483190117,0.04319057788,0.05483188815,0.9909512023,0.996798299,0.03993281966,1,0.04319057788,0.04319061204,1,3,3,3,3,1,1,0,0,1,1,1,1,1,1,1,1,0,0,0,0,4,0.04319053196,0.01164130358,0.05366768405,1,1,1769196196249551211_35513514,1769182317238896786_2326343,2026-01-23
b7bf2218-1277-4215-8912-94f631c2811f,us_boston_streets_3402,match,brad,2026-01-14 02:54:29.681490+00:00,c94e464a,match,0.9790239853,,1,1,1,1,0.002437380164,0.9982926995,0,1,False,0.9995885485,0,0,1.528290962e-06,1,0.9958553193,1,0.9958553193,0.9958553193,1.066957087,0.9204750676,1.06695529,0.821059639,0.9359478247,0.116503774,1,0.9204750676,0.97713416,1,4,4,4,4,1,1,0,0,1,1,1,1,1,1,1,1,0,0,0,0,6,0.9740573914,0.08518617177,1.059112422,1,1,1769196196249551211_35513514,1769182317238896786_2326343,2026-01-23
672ff5f8-dcd1-4a4b-861f-a029f7ff2f71,us_boston_streets_5240,match,brad,2026-01-14 02:54:31.314530+00:00,c94e464a,match,0.9771448617,,1,1,1,1,0,0.9993002778,0.00772315438,1,False,0.9995714565,0,0,1.006392635e-05,1,0.9993002778,0.9922768456,0.9922768456,0.9929716499,1.638159914,1.076056883,1.638099808,0.8663805095,0.9491430942,0.7386735602,1,1.076056883,0.2865558511,1,3,4,3,4,1,1,0,0,1,1,1,1,1,1,1,1,0,0,0,0,5,0.6948113122,0.6421370554,1.443575455,1,1,1769196196249551211_35513514,1769182317238896786_2326343,2026-01-23
9cf391a0-fb5c-41e5-bf96-78167941d55a,us_boston_streets_10835,no_match,brad,2026-01-14 02:54:38.803934+00:00,c94e464a,no_match,0.4774258212,,1,1,1,0.8,0.9344539399,1,0,0.02836747774,True,0.9993851145,0,0,0.0002324862693,1,0.0655460601,0.02836747774,0.02836747774,0.4327869241,6.414013641,5.680922919,6.413427859,0.1997027399,0.5919812532,0.9220941957,0.9999999999,5.680922919,6.412050149,0,4,4,3,3,0.8571428571,0,0,0,1,1,1,1,1,1,1,1,0,0,0,0,3,5.681380566,0.7321144182,6.340646602,0.9,0.9,1769196196249551211_35513514,1769182317238896786_2326343,2026-01-23
f9e9ca3a-570e-483d-b927-c1e09909bbcd,us_boston_streets_3304,no_match,brad,2026-01-14 02:55:16.530434+00:00,c94e464a,no_match,0.4774141324,,1,1,1,0.6,0,0.05427631964,0,0.05711278173,True,0.9998166075,0,0,0.0002510825318,1,0.05427631964,0.05711278173,0.05427631964,0.9503357742,0.07505116404,0.06675489117,0.07505111854,0.9841591571,0.9944852753,0.3004953589,1,0.06675489117,0.06675503032,1,3,3,2,2,0.8,0,0,0,1,1,0,0,1,1,1,1,0,0,0,0,2,0.06675475244,0.008296046687,0.07422123887,0.9,0.9,1769196196249551211_35513514,1769182317238896786_2326343,2026-01-23
6b07415f-f4b6-4dbd-87f3-d671b9c2c6cb,us_boston_streets_7240,no_match,brad,2026-01-14 02:55:22.731097+00:00,c94e464a,no_match,0.4771327663,,1,1,1,0.6,0,0.04790064921,0,0.03374782483,True,0.9999038068,0,0,0.0002186910603,1,0.04790064921,0.03374782483,0.03374782483,0.7045379423,3.664998971,2.701877953,3.6649895,0.4553553282,0.7483343061,0.09199231035,1,2.701877953,3.664967074,0,3,3,3,3,1,1,0,0,1,1,1,1,1,1,1,1,0,0,0,0,6,2.701809993,0.9630736609,3.56861281,1,1,1769196196249551211_35513514,1769182317238896786_2326343,2026-01-23
c98af621-ca07-4fd3-aeb1-a49c126bcaee,us_boston_streets_6516,no_match,brad,2026-01-14 02:55:24.930904+00:00,c94e464a,no_match,0.4770111153,,1,1,1,0.6,0,0.04884050263,0,0.04286161491,True,0.9988653961,0,0,0.00029571548,1,0.04884050263,0.04286161491,0.04286161491,0.8775834114,0.2455397474,0.1891265781,0.2455389271,0.9557836295,0.9844466666,2.041582976,0.9999999998,0.1891265781,0.1891460832,1,5,5,4,4,0.8888888889,0,0,0,1,1,1,1,1,1,1,1,0,0,0,0,6,0.1891248755,0.05641180222,0.2398976462,0.9,0.9,1769196196249551211_35513514,1769182317238896786_2326343,2026-01-23
98d792c6-8d86-47b1-93eb-1fbf20205585,us_boston_streets_283,no_match,brad,2026-01-14 02:55:27.946840+00:00,c94e464a,no_match,0.4767182875,,0.2142857143,0.5138888889,0.2142857143,0.6,0.929401954,1,0,0.02751532351,True,0.999629425,0,0,8.933032722e-05,1,0.07059804602,0.02751532351,0.02751532351,0.3897462473,3.529707218,3.185159474,3.509004145,0.4168514157,0.7479439057,22.50859098,1,3.185159474,3.458837124,1,4,4,3,3,0.8571428571,0,0,0,1,1,1,1,0,0.3529411765,1,1,0,0,0,0,5,3.218649471,0.3100426223,3.498398418,0.9,0.9,1769196196249551211_35513514,1769182317238896786_2326343,2026-01-23
44538cf4-9d1b-41ec-ad2e-0603d359bbfb,us_boston_streets_8181,no_match,brad,2026-01-14 02:55:30.096287+00:00,c94e464a,no_match,0.4766444349,,1,1,1,1,0.9660445884,1,0,0.04748857495,True,0.9994847685,0,0,0.0001665799903,1,0.03395541163,0.04748857495,0.03395541163,0.7150227537,5.044662173,4.871187568,5.017200916,0.2707111019,0.6607229425,5.188830937,0.9999999999,4.871187568,4.938572137,1,3,3,3,3,1,1,0,0,1,1,1,1,1,1,1,1,0,0,0,0,4,4.816343254,0.05337564975,4.858689095,1,1,1769196196249551211_35513514,1769182317238896786_2326343,2026-01-23
c03ee818-e2c6-4dad-9f59-6d583d830d4f,us_boston_streets_5920,match,brad,2026-01-14 02:55:38.166295+00:00,c94e464a,no_match,0.4764014038,,1,1,1,0.6,0.8704806009,1,0,0.06599472114,True,0.9991624413,0,0,0.0004067068664,1,0.1295193991,0.06599472114,0.06599472114,0.5095354177,0.6337742219,0.547346946,0.6337718143,0.8808984594,0.9564551383,1.698134167,1,0.547346946,0.5473818518,1,3,3,4,4,0.8571428571,0,0,0,1,1,1,1,1,1,1,1,0,0,0,0,4,0.5473331079,0.0864152381,0.6251137,0.9,0.9,1769196196249551211_35513514,1769182317238896786_2326343,2026-01-23
7736a28b-efad-498a-a48a-82d3cea4bf85,us_boston_streets_20,no_match,brad,2026-01-14 02:55:40.366874+00:00,c94e464a,no_match,0.4763120334,,1,1,1,1,0.9137886419,1,0.9655219834,1,True,0.9999752687,0,0,0.0003539141781,1,0.08621135808,0.03447801662,0.03447801662,0.3999242952,2.483505017,2.48264557,2.483504947,0.5424204735,0.813185445,0.03705522611,1,2.48264557,2.482645686,1,3,3,3,3,1,1,0,0,1,1,1,1,1,1,1,1,0,0,0,0,3,2.482645685,0.0008593311669,2.483419084,1,1,1769196196249551211_35513514,1769182317238896786_2326343,2026-01-23
be4c1031-a068-462e-b55b-d94e393ed0c9,us_boston_streets_10750,match,brad,2026-01-14 02:55:46.414597+00:00,c94e464a,no_match,0.4762501842,,1,1,1,1,0,0.2801274144,0.7190723177,1,True,0.9995888255,0,0,0.0006634953675,1,0.2801274144,0.2809276823,0.2801274144,0.9971513384,2.176798863,2.029386537,2.17425956,0.6635346297,0.8682915807,0.5030797255,1,2.029386537,1.959148282,1,4,4,4,2,0.8571428571,0.3333333333,0,0,1,1,1,1,1,1,1,1,0,0,0,0,2,1.956012365,0.2583727589,2.161951952,0.9,0.9,1769196196249551211_35513514,1769182317238896786_2326343,2026-01-23
1546077b-54af-48fb-a76e-c35be5566516,us_boston_streets_10662,no_match,brad,2026-01-14 02:55:49.500313+00:00,c94e464a,no_match,0.4762286173,,1,1,1,0.6,0.9355659939,1,0.9714190401,1,True,0.9991584743,0,0,0.0003640219018,1,0.06443400608,0.02858095995,0.02858095995,0.4435695014,1.244328927,0.7122398204,1.242907267,0.7733087893,0.9069818126,1.708412229,1,0.7122398204,1.239191977,1,3,3,4,4,0.8571428571,0,0,0,1,1,1,1,1,1,1,1,0,0,0,0,6,0.5553215671,0.5182321103,1.134638726,0.9,0.9,1769196196249551211_35513514,1769182317238896786_2326343,2026-01-23
9a9a5918-7d76-4985-9b6f-4d16dd756d55,us_boston_streets_9352,no_match,brad,2026-01-14 02:55:55.863956+00:00,c94e464a,no_match,0.4760015744,,0.5806451613,0.6972222222,0.5806451613,1,0.03773123469,0.972097593,0,1,True,0.9987971851,0,0,1.583000184e-05,1,0.9343663583,1,0.9343663583,0.9343663583,26.14017672,24.41001429,26.13291284,0,0.09678103806,3.16247132,1,24.41001429,24.06405942,1,3,3,3,2,0.9090909091,0.3333333333,0,0,1,1,1,1,0,0.6666666667,1,1,0,0,0,0,3,24.06404957,2.076381553,25.93272937,0.95,0.95,1769196196249551211_35513514,1769182317238896786_2326343,2026-01-23
d57eb661-196d-408d-9765-18732f6db72f,us_boston_streets_9730,no_match,brad,2026-01-14 02:55:57.298298+00:00,c94e464a,no_match,0.4754357577,,1,1,1,0.6,0,0.03302677471,0.9505675327,1,True,0.9990481132,0,0,0.000128949222,1,0.03302677471,0.04943246729,0.03302677471,0.6681190828,0.8338148494,0.5692889066,0.8317665602,0.8322724377,0.9353891133,1.165432103,1,0.5692889066,0.8268168695,1,3,3,2,2,0.8,0,0,0,1,1,0,0,1,1,1,1,0,0,0,0,3,0.4848181442,0.2662773344,0.7823713047,0.9,0.9,1769196196249551211_35513514,1769182317238896786_2326343,2026-01-23
43a4da33-a356-4935-920f-b06970984bd9,us_boston_streets_5285,no_match,brad,2026-01-14 02:56:01.530952+00:00,c94e464a,no_match,0.4754123067,,0.6,0.7333333333,0.6,0.8,0,0.8902425435,0.02610955603,1,True,0.9990452169,0,0,8.192126607e-05,1,0.8902425435,0.973890444,0.8902425435,0.9141095377,30.79023961,13.22477271,30.27803186,0.0312298134,0.2550850714,34.53227045,1,13.22477271,18.03445005,1,4,4,3,4,0.9333333333,0.3333333333,0,0,1,1,1,1,0,0.6,1,1,0,0,0,0,3,16.77884222,12.80707604,28.16483756,0.95,0.95,1769196196249551211_35513514,1769182317238896786_2326343,2026-01-23
31a708b5-22e2-4646-bf7f-0019b31800fb,us_boston_streets_461,match,brad,2026-01-14 02:56:07.148683+00:00,c94e464a,no_match,0.4751810882,,1,1,1,1,0,0.5952943563,0.6305635207,1,True,0.9999646593,0,10000,0.0005632578675,1,0.5952943563,0.3694364793,0.3694364793,0.6205946275,2.082732665,1.581831767,1.989406275,0.7404960268,0.898548838,0.6347327992,1,1.581831767,1.419008944,1,3,3,3,1,0.8,0.3333333333,0,1,0,1,1,1,1,1,1,1,0,0,0,inf,1,1.427331114,0.03053785274,1.518107882,0.9,0.9,1769196196249551211_35513514,1769182317238896786_2326343,2026-01-23
01a55bb5-8634-47ab-83ca-1a38932cbf44,us_boston_streets_3413,no_match,brad,2026-01-14 02:56:12.548782+00:00,c94e464a,no_match,0.4748591645,,0.5,0.5,0.5,0.6,0,0.04099254312,0.9617054881,1,True,0.9990122575,0,10000,7.592299088e-05,1,0.04099254312,0.03829451186,0.03829451186,0.934182389,3.176514364,2.778052338,3.112575675,0.4721974077,0.7793022601,45.82642299,0.9999999997,2.778052338,2.958158908,1,5,5,3,3,0.75,0,0,0,1,1,1,1,0.5,0.5,0,1,0,0,0,inf,1,2.882259209,0.2918975441,3.146617326,0.8,0.8,1769196196249551211_35513514,1769182317238896786_2326343,2026-01-23
616dc619-d070-4c6f-aa4f-a6887c6a0217,us_boston_streets_5708,no_match,brad,2026-01-14 02:56:23.314009+00:00,c94e464a,no_match,0.4747298872,,1,1,1,0.6,0.5168508471,1,0.389253151,1,True,0.9993849044,0,0,3.643123557e-05,1,0.4831491529,0.610746849,0.4831491529,0.7910792397,15.55057317,12.5652859,15.51532584,0.002896426322,0.3565290279,11.8968203,1,12.5652859,13.66455219,1,4,3,5,3,0.9333333333,0.3333333333,0,0,1,1,1,1,1,1,1,1,0,0,0,0,6,13.25362016,2.243745578,15.24118334,0.95,0.95,1769196196249551211_35513514,1769182317238896786_2326343,2026-01-23
08d47e16-405b-4194-9909-991ed1e10f94,us_boston_streets_10002,no_match,brad,2026-01-14 02:56:30.619434+00:00,c94e464a,no_match,0.4747049584,,0.5,0.5,0.5,0.8,0,0.6650271659,0.2657397861,1,True,0.9992035504,0,0,0.0001040208663,1,0.6650271659,0.7342602139,0.6650271659,0.9057104733,13.827989,11.38930208,13.7233579,0.1035029973,0.451219302,25.35507247,1,11.38930208,11.38418337,1,3,4,4,2,0.9230769231,0.3333333333,0,0,1,1,1,1,0.5,0.5,0,1,0,0,0,0,4,9.623209895,6.798418786,13.71526308,0.95,0.95,1769196196249551211_35513514,1769182317238896786_2326343,2026-01-23
e3260bcd-b5b0-40c1-97c4-14a8dda7e47d,us_boston_streets_4266,match,brad,2026-01-14 02:56:36.915012+00:00,c94e464a,no_match,0.4745565521,,1,1,1,1,0,0.9889720608,0,0.2199158776,True,0.9988752765,0,0,0.0008437994022,1,0.9889720608,0.2199158776,0.2199158776,0.2223681399,0.7933369256,0.4172486642,0.7762832962,0.9194630474,0.9698294444,0.3183824839,1,0.4172486642,0.3836708367,1,4,4,4,4,1,1,0,0,1,1,1,1,1,1,1,1,0,0,0,0,6,0.4169853103,0.4359034959,0.7023374962,1,1,1769196196249551211_35513514,1769182317238896786_2326343,2026-01-23
10991d41-8a6d-4b95-a691-fb9ed07126e5,us_boston_streets_2078,no_match,brad,2026-01-14 02:56:49.200296+00:00,c94e464a,no_match,0.4744432564,,0.8235294118,0.94,0.8235294118,0.6,0,1,0.3780007387,0.8916347926,True,0.9995704746,0,0.1305345696,0.0001681464404,1,1,0.5136340538,0.5136340538,0.5136340538,19.39982748,11.09074265,19.34580462,0.1099733071,0.4302862029,29.86817915,1,11.09074265,11.23596914,1,4,4,4,4,1,1,0,0,1,1,1,1,1,0.8571428571,1,1,0,0,0,0.1305345696,4,10.69029479,8.518967763,18.34294281,1,1,1769196196249551211_35513514,1769182317238896786_2326343,2026-01-23
c22b1185-040b-47ba-be85-f97fa45324b4,us_boston_streets_9432,no_match,brad,2026-01-14 02:56:50.749016+00:00,c94e464a,no_match,0.4744373346,,1,1,1,0.6,0,0.03556982653,0.9463757455,1,True,0.9991372968,0,0,0.0002060043549,1,0.03556982653,0.05362425454,0.03556982653,0.6633160094,1.670874892,1.634798566,1.670873088,0.6711448564,0.8727025827,1.660000512,0.9999999999,1.634798566,1.634886258,1,5,5,3,3,0.75,0,0,0,1,1,1,1,1,1,1,1,0,0,0,0,5,1.634766592,0.03606730804,1.667247447,0.8,0.8,1769196196249551211_35513514,1769182317238896786_2326343,2026-01-23
544c2ce7-7ed5-4e62-8a93-59816a54a97b,us_boston_streets_5981,no_match,brad,2026-01-14 02:56:52.132059+00:00,c94e464a,no_match,0.474070669,,1,1,1,0.8,0.9564380638,1,0,0.04635081412,True,0.9992297021,0,0,0.0001802394488,1,0.04356193619,0.04635081412,0.04356193619,0.9398310907,3.537446486,3.517939489,3.537444821,0.4114629798,0.7453659777,0.8516860888,0.9999999999,3.517939489,3.517988381,1,3,3,4,4,0.8571428571,0,0,0,1,1,1,1,1,1,1,1,0,0,0,0,4,3.517927071,0.01950422212,3.535491506,0.9,0.9,1769196196249551211_35513514,1769182317238896786_2326343,2026-01-23
eba74383-ee6a-43f6-9ee0-96814406f07c,us_boston_streets_9461,no_match,brad,2026-01-14 02:57:10.117917+00:00,c94e464a,no_match,0.473664316,,1,1,1,0.6,0,0.09593859455,0.7250068336,1,True,0.9996466491,0,0,5.99960686e-05,1,0.09593859455,0.2749931664,0.09593859455,0.348876286,4.069499225,3.704198294,4.069184363,0.4048727421,0.7380317177,7.698354602,1,3.704198294,3.708812095,1,6,6,5,5,0.9090909091,0,0,0,1,1,1,1,1,1,1,1,0,0,0,0,7,3.702236817,0.3637266199,4.03059647,0.9,0.9,1769196196249551211_35513514,1769182317238896786_2326343,2026-01-23
eee2b09c-4bb6-44e4-8918-6010645e89f8,us_boston_streets_8216,no_match,brad,2026-01-14 02:57:11.401716+00:00,c94e464a,no_match,0.4735460213,,1,1,1,0.8,0.9570812719,1,0,0.0367535833,True,0.9995203312,0,0,0.0002870266025,1,0.04291872807,0.0367535833,0.0367535833,0.856353041,2.197809418,2.034226317,2.193854994,0.5931891651,0.8350112937,0.7193286872,1,2.034226317,2.184614293,1,3,3,4,4,0.8571428571,0,0,0,1,1,1,1,1,1,1,1,0,0,0,0,6,1.980164661,0.1472828419,2.14351858,0.9,0.9,1769196196249551211_35513514,1769182317238896786_2326343,2026-01-23
62e33057-b8ac-436e-bdcb-501bd5474da6,us_boston_streets_4040,no_match,brad,2026-01-14 02:57:41.111477+00:00,c94e464a,no_match,0.4732444987,,0.5,0.5,0.5,0.8,0.008024739396,1,0.7328874488,1,True,0.9994641215,0,10000,0.0005787047825,1,0.9919752606,0.2671125512,0.2671125512,0.2692734,2.75566315,2.368068685,2.75295133,0.60773815,0.8472433982,0.1183449334,1,2.368068685,2.419927301,1,3,3,3,3,1,1,0,0,1,1,1,1,0.5,0.5,0,1,0,0,0,inf,2,2.33802827,0.3800823872,2.662805998,1,1,1769196196249551211_35513514,1769182317238896786_2326343,2026-01-23
716cf336-fa1d-4a0e-ac2b-88518bddc97a,us_boston_streets_2519,no_match,brad,2026-01-14 02:57:46.329073+00:00,c94e464a,no_match,0.4729213959,,1,1,1,0.8,0,0.04073914301,0.9614816706,1,True,0.9992998932,0,0,0.0002996252869,1,0.04073914301,0.03851832936,0.03851832936,0.9454869816,5.593527034,5.109812806,5.542899553,0.2400129546,0.6360014985,8.793504353,1,5.109812806,5.424041027,0,5,5,4,4,0.8888888889,0,0,0,1,1,1,1,1,1,1,1,0,0,0,0,6,4.977828824,0.2278598306,5.218127958,0.9,0.9,1769196196249551211_35513514,1769182317238896786_2326343,2026-01-23
4b8b740f-22df-4dc2-bb42-16eb61983030,us_boston_streets_10839,match,brad,2026-01-14 02:57:48.415255+00:00,c94e464a,no_match,0.4728454137,,1,1,1,1,0,0.2826218347,0.7346817115,1,True,0.9996633721,0,0,0.0007249930013,1,0.2826218347,0.2653182885,0.2653182885,0.9387749136,0.507703048,0.4481398905,0.5077016231,0.9132714883,0.9680406257,0.04735345942,1,0.4481398905,0.4289817004,1,4,4,4,2,0.8571428571,0.3333333333,0,0,1,1,1,1,1,1,1,1,0,0,0,0,2,0.4358257333,0.07225368461,0.4988817641,0.9,0.9,1769196196249551211_35513514,1769182317238896786_2326343,2026-01-23
d22ffb34-e694-4667-b15c-5424d7241ac9,us_boston_streets_8268,no_match,brad,2026-01-14 02:57:50.349421+00:00,c94e464a,no_match,0.4726312492,,1,1,1,0.6,0.9361639796,1,0,0.02870021362,True,0.9999498773,0,0,0.0003248492005,1,0.06383602044,0.02870021362,0.02870021362,0.4495927758,4.473152094,4.279153919,4.472781249,0.3147376347,0.6876948282,0.07678511768,1,4.279153919,4.47191591,1,4,4,4,4,1,1,0,0,1,1,1,1,1,1,1,1,0,0,0,0,5,4.241796859,0.1934479121,4.442435106,1,1,1769196196249551211_35513514,1769182317238896786_2326343,2026-01-23
25e9a2af-df68-44a9-a840-09aec024542a,us_boston_streets_9432,no_match,brad,2026-01-14 02:57:51.679701+00:00,c94e464a,no_match,0.4726165625,,1,1,1,0.6,0,0.03665435814,0,0.04305483029,True,0.9989114514,0,0,0.0002166910271,1,0.03665435814,0.04305483029,0.03665435814,0.8513413686,2.794968561,2.205887932,2.787412374,0.5261211688,0.7977456848,2.455755163,1,2.205887932,2.76956284,0,4,4,4,4,1,1,0,0,1,1,1,1,1,1,1,1,0,0,0,0,5,2.166161399,0.576486984,2.721623809,1,1,1769196196249551211_35513514,1769182317238896786_2326343,2026-01-23
0243ff00-7016-4624-9762-271387dfa3ac,us_boston_streets_7401,no_match,brad,2026-01-14 02:57:59.650307+00:00,c94e464a,no_match,0.4725119901,,1,1,1,0.6,0.9277107994,1,0.9727332899,1,True,0.999014818,0,0,0.0003050456965,1,0.0722892006,0.02726671009,0.02726671009,0.3771892601,2.739635522,1.82470765,2.73784932,0.5541563113,0.804208658,1.559999273,1,1.82470765,2.733555361,0,3,3,3,3,1,1,0,0,1,1,1,1,1,1,1,1,0,0,0,0,3,1.814164648,0.9119508686,2.644384433,1,1,1769196196249551211_35513514,1769182317238896786_2326343,2026-01-23
906347ca-a557-41ad-b616-e600349d470e,us_boston_streets_8524,match,brad,2026-01-14 02:58:14.700328+00:00,c94e464a,no_match,0.4720130703,,1,1,1,0.8,0.07338284192,1,0.4815082157,1,True,0.9990836744,0,0,0.0003544014265,1,0.9266171581,0.5184917843,0.5184917843,0.5595534032,12.97367505,11.39554818,12.96935076,0.004253935277,0.4219159486,3.454254398,1,11.39554818,11.93547146,1,5,3,4,4,0.875,0,0,0,1,1,1,1,1,1,1,1,0,0,0,0,6,11.66923227,1.74225964,12.88379656,0.9,0.9,1769196196249551211_35513514,1769182317238896786_2326343,2026-01-23
ad758497-0837-41dc-8e3c-749744993bb5,us_boston_streets_890,no_match,brad,2026-01-14 02:58:16.329690+00:00,c94e464a,no_match,0.4719778966,,1,1,1,0.6,0.973373546,1,0,0.07721143957,True,0.9988117464,0,0,0.0001020706975,1,0.02662645403,0.07721143957,0.02662645403,0.3448511539,2.60407128,1.854097005,2.599636034,0.559047621,0.8111373231,2.74617162,0.9999999999,1.854097005,2.588983042,0,4,4,3,3,0.8571428571,0,0,0,1,1,1,1,1,1,1,1,0,0,0,0,4,1.840607367,0.7425821976,2.523548546,0.9,0.9,1769196196249551211_35513514,1769182317238896786_2326343,2026-01-23
33183962-28bd-403e-98e1-95b30c9e5797,us_boston_streets_10188,no_match,brad,2026-01-14 02:58:18.081324+00:00,c94e464a,no_match,0.470922708,,1,1,1,0.8,0,0.03583783598,0.9334030396,1,True,0.9992703494,0,0,0.0001221072958,1,0.03583783598,0.06659696038,0.03583783598,0.5381302056,2.282162663,2.264372834,2.28216161,0.5722319722,0.8278658683,0.8498360826,0.9999999997,2.264372834,2.264404239,1,3,3,3,3,1,1,0,0,1,1,1,1,1,1,1,1,0,0,0,0,4,2.264360189,0.01778456505,2.280373921,1,1,1769196196249551211_35513514,1769182317238896786_2326343,2026-01-23
5a5f4ec6-83dc-431e-a63e-730cf471df9d,us_boston_streets_60,no_match,brad,2026-01-14 02:58:19.981772+00:00,c94e464a,no_match,0.470092914,,1,1,1,0.6,0,0.04001077183,0,0.03919291792,True,0.9988266593,0,0,0.0002384093547,1,0.04001077183,0.03919291792,0.03919291792,0.9795591568,1.19685277,0.9278954535,1.185730827,0.76877789,0.910090543,3.298183741,0.9999999998,0.9278954535,1.158727797,1,3,3,2,2,0.8,0,0,0,1,1,0,0,1,1,1,1,0,0,0,0,3,0.86015277,0.2679561677,1.149434003,0.9,0.9,1769196196249551211_35513514,1769182317238896786_2326343,2026-01-23
bbd8ffa5-fa5e-41d7-898a-d1cb144e6b50,us_boston_streets_5221,no_match,brad,2026-01-14 02:58:28.578800+00:00,c94e464a,no_match,0.4700836684,,1,1,1,1,0,0.03958966056,0.9603944127,1,True,0.9988657639,0,0,0.0001961682707,1,0.03958966056,0.03960558727,0.03958966056,0.9995978669,18.01925732,17.36540592,17.95923416,0,0.180489117,16.18945038,1,17.36540592,17.81865077,1,3,3,4,4,0.8571428571,0,0,0,1,1,1,1,1,1,1,1,0,0,0,0,5,17.46128351,0.5538127925,17.96262774,0.9,0.9,1769196196249551211_35513514,1769182317238896786_2326343,2026-01-23
ebda57b9-1c98-4648-b8db-9e243fa58367,us_boston_streets_4913,no_match,brad,2026-01-14 02:58:29.697249+00:00,c94e464a,no_match,0.4698920393,,1,1,1,0.6,0,0.03258613193,0.9495463762,1,True,0.9995324083,0,0,0.000165892239,1,0.03258613193,0.05045362385,0.03258613193,0.6458630609,3.498309663,2.942323773,3.49597157,0.4325391504,0.7501509477,0.8243803626,1,2.942323773,3.490502399,0,3,3,3,3,1,1,0,0,1,1,1,1,1,1,1,1,0,0,0,0,5,2.920543068,0.5520890685,3.435397498,1,1,1769196196249551211_35513514,1769182317238896786_2326343,2026-01-23
e5417e0e-11d8-4b0b-bddb-a72ed60082d8,us_boston_streets_7675,no_match,brad,2026-01-14 02:58:30.864522+00:00,c94e464a,no_match,0.4697059717,,1,1,1,0.6,0.9679624846,1,0.9481722325,1,True,0.9993134546,0,0,0.000121419955,1,0.03203751536,0.05182776754,0.03203751536,0.6181534896,1.825848177,1.68110008,1.810322891,0.6496376636,0.8627111658,3.625842064,0.9999999999,1.68110008,1.773911004,1,3,3,3,3,1,1,0,0,1,1,1,1,1,1,1,1,0,0,0,0,4,1.635466226,0.07959853737,1.712201963,1,1,1769196196249551211_35513514,1769182317238896786_2326343,2026-01-23
e6fd6afb-9eea-483e-8b0f-a4506534459a,us_boston_streets_4289,no_match,brad,2026-01-14 02:58:32.063383+00:00,c94e464a,no_match,0.4695715606,,1,1,1,0.6,0,0.05605850921,0.9693904832,1,True,0.9993519732,0,0,0.0003367582552,1,0.05605850921,0.03060951682,0.03060951682,0.5460280206,3.805776833,2.798189664,3.804368282,0.4387845413,0.7391390581,1.181688429,1,2.798189664,3.801022043,0,3,3,3,3,1,1,0,0,1,1,1,1,1,1,1,1,0,0,0,0,4,2.788882806,1.000544414,3.69424427,1,1,1769196196249551211_35513514,1769182317238896786_2326343,2026-01-23
68dfedd7-12c0-43ce-9ee8-e99af22b33fc,us_boston_streets_10186,no_match,brad,2026-01-14 02:58:33.198622+00:00,c94e464a,no_match,0.4692795133,,1,1,1,0.6,0,0.049531251,0.9670171742,1,True,0.9996641083,0,0,0.0003746768241,1,0.049531251,0.03298282583,0.03298282583,0.6658993094,3.910587851,2.806840052,3.909439029,0.4320249449,0.7339987195,0.5711498993,1,2.806840052,3.906740397,0,4,4,5,5,0.8888888889,0,0,0,1,1,1,1,1,1,1,1,0,0,0,0,7,2.78321813,1.098003691,3.786616505,0.9,0.9,1769196196249551211_35513514,1769182317238896786_2326343,2026-01-23
688d3808-cb07-4252-bfb3-71735638b007,us_boston_streets_1659,no_match,brad,2026-01-14 02:58:34.512499+00:00,c94e464a,no_match,0.4692193237,,1,1,1,1,0,0.05115939684,0.9677016479,1,True,0.9988031839,0,0,0.0002684035722,1,0.05115939684,0.03229835205,0.03229835205,0.6313278508,4.633587774,4.338464598,4.618930997,0.3044051006,0.6810608278,3.360481136,1,4.338464598,4.584664561,0,4,4,4,4,1,1,0,0,1,1,1,1,1,1,1,1,0,0,0,0,5,4.28183156,0.2218392919,4.504030477,1,1,1769196196249551211_35513514,1769182317238896786_2326343,2026-01-23
83413653-0c09-4b07-a901-0bf14d5ee98f,us_boston_streets_3603,no_match,brad,2026-01-14 02:58:41.016037+00:00,c94e464a,no_match,0.468738673,,0.5714285714,0.630952381,0.5714285714,0.6,0,0.334323857,0.8302172877,1,True,0.9998416775,0,0,0.0002610014118,1,0.334323857,0.1697827123,0.1697827123,0.5078390571,11.32338133,7.147480972,11.17189178,0.151861903,0.528964609,48.19308577,1,7.147480972,7.978353902,1,5,4,4,4,0.9411764706,0.3333333333,0,0,1,1,1,1,0,0.5,1,1,0,0,0,0,4,7.666358686,3.612575502,10.94878964,0.95,0.95,1769196196249551211_35513514,1769182317238896786_2326343,2026-01-23
9d01fd24-0f04-4eab-abd2-9fb5d5b49258,us_boston_streets_226,no_match,brad,2026-01-14 02:58:42.298469+00:00,c94e464a,no_match,0.4685763005,,1,1,1,0.8,0,0.08038246863,0.8993532371,1,True,0.9998210086,0,0,0.0002068517975,1,0.08038246863,0.1006467629,0.08038246863,0.7986592545,0.09124514003,0.0823841511,0.09124512407,0.9811877261,0.9933375987,0.1613839546,1,0.0823841511,0.0823842002,1,3,3,3,3,1,1,0,0,1,1,1,1,1,1,1,1,0,0,0,0,4,0.08238410186,0.008860909113,0.0903589359,1,1,1769196196249551211_35513514,1769182317238896786_2326343,2026-01-23
6d173603-6a99-4dea-9c82-58d1cacae0bb,us_boston_streets_1359,no_match,brad,2026-01-14 02:59:15.084912+00:00,c94e464a,no_match,0.4684427508,,1,1,1,1,0,1,0.2906729692,0.5493519279,True,0.9997257933,0,0,0.0003225693577,1,1,0.2586789587,0.2586789587,0.2586789587,21.05551793,9.908387989,20.66953084,0.1922471907,0.4759715673,31.71897428,1,9.908387989,9.964508413,1,3,3,4,4,0.8571428571,0,0,0,1,1,1,1,1,1,1,1,0,0,0,0,3,9.868228792,10.96540261,19.85976053,0.9,0.9,1769196196249551211_35513514,1769182317238896786_2326343,2026-01-23
ef054655-6cc9-4c87-b16b-4a7e9920c0fd,us_boston_streets_6516,no_match,brad,2026-01-14 02:59:17.165611+00:00,c94e464a,no_match,0.4683906058,,1,1,1,0.6,0.9395231571,1,0.9705647117,1,True,0.9996470745,0,0,0.0003087811497,1,0.06047684288,0.02943528831,0.02943528831,0.4867199892,4.807469549,3.80001071,4.806757316,0.3411062017,0.6807573011,0.431880421,0.9999999999,3.80001071,4.805089031,0,4,4,4,4,1,1,0,0,1,1,1,1,1,1,1,1,0,0,0,0,6,3.793704542,1.006271784,4.704594404,1,1,1769196196249551211_35513514,1769182317238896786_2326343,2026-01-23
f6b42284-807b-438b-8481-a1b07d0deae9,us_boston_streets_6528,no_match,brad,2026-01-14 02:59:18.830030+00:00,c94e464a,no_match,0.4681817325,,0.56,0.6596459096,0.4,0.8,0,0.0623517826,0.9709893075,1,True,0.9988225293,10000,0,0.0001549648893,1,0.0623517826,0.02901069249,0.02901069249,0.4652744681,7.095443311,6.953068325,7.085561546,0.1104121054,0.5455207267,3.632638109,0.9999999997,6.953068325,7.062497765,0,3,3,3,3,1,1,0,0,1,1,1,1,0,0.6666666667,1,1,0,0,0,inf,2,6.962918784,0.125905378,7.080867029,1,1,1769196196249551211_35513514,1769182317238896786_2326343,2026-01-23
baf32705-78dc-43cd-87cf-4fed3eed43cf,us_boston_streets_9780,no_match,brad,2026-01-14 02:59:20.579497+00:00,c94e464a,no_match,0.4678674785,,1,1,1,0.8,0.9738650893,1,0,0.08166540871,True,0.9988401127,0,0,5.190617956e-05,1,0.02613491074,0.08166540871,0.02613491074,0.3200242447,2.063021522,1.59327246,2.047745186,0.6199437628,0.8467503413,17.74136558,0.9999999999,1.59327246,2.007410721,1,4,4,4,4,1,1,0,0,1,1,1,1,1,1,1,1,0,0,0,0,6,1.560240928,0.3933673813,1.919571251,1,1,1769196196249551211_35513514,1769182317238896786_2326343,2026-01-23
e8647b8a-8b69-4d3c-935b-0e3759e4d75c,us_boston_streets_580,no_match,brad,2026-01-14 02:59:21.948537+00:00,c94e464a,no_match,0.4674551744,,1,1,1,0.6,0.96605982,1,0,0.1418226862,True,0.9997356538,0,0,3.896660361e-05,1,0.03394018004,0.1418226862,0.03394018004,0.2393141813,1.247273329,1.169104705,1.247255975,0.75054688,0.9068241176,4.762216369,0.9999999999,1.169104705,1.169643988,1,4,4,4,4,1,1,0,0,1,1,1,1,1,1,1,1,0,0,0,0,5,1.168908994,0.07808185297,1.239299412,1,1,1769196196249551211_35513514,1769182317238896786_2326343,2026-01-23
f102582f-6425-40c6-a57d-87456bda614e,us_boston_streets_793,match,brad,2026-01-14 02:59:27.965449+00:00,c94e464a,no_match,0.467381994,,1,1,1,0.6,0,0.2476833251,0.5350616147,1,True,0.998965035,0,0,0.0001637872438,1,0.2476833251,0.4649383853,0.2476833251,0.5327229004,6.66828302,3.162549279,6.641280441,0.5259525896,0.7688254961,16.7088117,1,3.162549279,1.706577812,1,3,3,3,2,0.9090909091,0.3333333333,0,0,1,1,1,1,1,1,1,1,0,0,0,0,4,2.918746784,2.545586018,6.05689967,0.95,0.95,1769196196249551211_35513514,1769182317238896786_2326343,2026-01-23
8e56b798-50e2-4156-8108-e3baf22f460c,us_boston_streets_8256,no_match,brad,2026-01-14 02:59:30.229689+00:00,c94e464a,no_match,0.466237478,,1,1,1,0.8,0.9434873698,1,0,0.03047579692,True,0.9993036133,0,0,0.0002479752954,1,0.05651263021,0.03047579692,0.03047579692,0.5392740844,4.949048223,4.122134209,4.947079759,0.3096721282,0.6686460336,0.8061000088,1,4.122134209,4.9424709,0,3,3,3,3,1,1,0,0,1,1,1,1,1,1,1,1,0,0,0,0,4,4.112140249,0.8236332407,4.862702479,1,1,1769196196249551211_35513514,1769182317238896786_2326343,2026-01-23
08e3c620-6376-4d96-8d49-8f79f4694265,us_boston_streets_9338,no_match,brad,2026-01-14 02:59:31.482782+00:00,c94e464a,no_match,0.4655695046,,1,1,1,0.8,0.9600921672,1,0,0.03929219722,True,0.9992449324,0,0,0.0003660646882,1,0.03990783285,0.03929219722,0.03929219722,0.9845735642,1.844060716,1.027927087,1.843018032,0.7182476178,0.8722546503,0.8925363319,0.9999999999,1.027927087,1.840348485,1,4,4,4,4,1,1,0,0,1,1,1,1,1,1,1,1,0,0,0,0,6,0.7562972004,0.8180380303,1.676473408,1,1,1769196196249551211_35513514,1769182317238896786_2326343,2026-01-23
f073281f-c7a9-45fb-9ca5-ed5558724d10,us_boston_streets_10051,no_match,brad,2026-01-14 02:59:32.573534+00:00,c94e464a,no_match,0.4654807347,,1,1,1,0.6,0.9677069973,1,0.9488271763,1,True,0.9991757066,0,0,0.0002194217439,1,0.03229300273,0.0511728237,0.03229300273,0.6310576668,2.579917777,2.43536739,2.570320061,0.5382848503,0.8095721327,1.65982324,1,2.43536739,2.547884623,1,5,5,4,4,0.8888888889,0,0,0,1,1,1,1,1,1,1,1,0,0,0,0,6,2.406922024,0.138518209,2.555722693,0.9,0.9,1769196196249551211_35513514,1769182317238896786_2326343,2026-01-23
99e3e5fd-87c8-43c0-9bac-e22fa664d82a,us_boston_streets_3093,no_match,brad,2026-01-14 02:59:33.713992+00:00,c94e464a,no_match,0.4653807013,,1,1,1,0.8,0,0.03662294302,0,0.04309825545,True,0.9987965194,0,0,0.0001631919367,1,0.03662294302,0.04309825545,0.03662294302,0.8497546512,6.462082202,5.791433809,6.335279971,0.1872867314,0.6008594922,30.1238546,1,5.791433809,6.036497617,1,4,4,3,3,0.8571428571,0,0,0,1,1,1,1,1,1,1,1,0,0,0,0,5,5.568595515,0.04779178487,5.611850809,0.9,0.9,1769196196249551211_35513514,1769182317238896786_2326343,2026-01-23
32a6f446-56f0-4bb1-a462-816cb849b23b,us_boston_streets_6136,no_match,brad,2026-01-14 02:59:34.779501+00:00,c94e464a,no_match,0.4649938502,,1,1,1,0.8,0,0.03645316702,0,0.04333577209,True,0.9988815828,0,0,0.0002442397078,1,0.03645316702,0.04333577209,0.03645316702,0.8411795904,5.999700751,4.804960598,5.994341064,0.2636243912,0.6224404043,3.729286927,1,4.804960598,5.981326947,0,4,4,4,4,1,1,0,0,1,1,1,1,1,1,1,1,0,0,0,0,6,4.790917919,1.167941719,5.845642373,1,1,1769196196249551211_35513514,1769182317238896786_2326343,2026-01-23
82e03239-1fc2-481b-82f5-ce0f5e4aae89,us_boston_streets_9093,no_match,brad,2026-01-14 02:59:36.069208+00:00,c94e464a,no_match,0.464902478,,1,1,1,0.8,0,0.02931420648,0.9390055359,1,True,0.9989877032,0,0,0.0001762335846,1,0.02931420648,0.06099446407,0.02931420648,0.4806043783,2.326746814,1.293064669,2.325478242,0.6197265142,0.8334527357,2.258575718,1,1.293064669,2.322124663,0,4,4,4,4,1,1,0,0,1,1,1,1,1,1,1,1,0,0,0,0,5,1.278924627,1.031567858,2.21871373,1,1,1769196196249551211_35513514,1769182317238896786_2326343,2026-01-23
56d359e6-1c08-4752-ad30-73a250a3653b,us_boston_streets_8723,no_match,brad,2026-01-14 02:59:37.494941+00:00,c94e464a,no_match,0.4648906864,,1,1,1,0.6,0,0.03400479766,0.9526076864,1,True,0.999693779,0,0,0.0001551766801,1,0.03400479766,0.0473923136,0.03400479766,0.7175171473,2.751206736,1.835659879,2.750924002,0.5533132757,0.8033244277,0.3128794898,0.9999999998,1.835659879,2.750259416,0,3,3,3,3,1,1,0,0,1,1,1,1,1,1,1,1,0,0,0,0,5,1.827773744,0.9150756333,2.657191965,1,1,1769196196249551211_35513514,1769182317238896786_2326343,2026-01-23
e5ad4952-b84b-4e29-9204-b32984fdedd2,us_boston_streets_1842,match,brad,2026-01-14 03:00:22.079044+00:00,c94e464a,no_match,0.4648434523,,1,1,1,0.8,0,0.07371165159,0.9314570901,1,True,0.9992829178,0,0,0.0002471014175,1,0.07371165159,0.06854290992,0.06854290992,0.9298789058,3.251315919,2.846191354,3.250753979,0.5012383749,0.7905164038,11.10593301,0.9999999999,2.846191354,2.853879149,1,3,3,4,4,0.8571428571,0,0,0,1,1,1,1,1,1,1,1,0,0,0,0,6,2.843019159,0.4023148642,3.206667476,0.9,0.9,1769196196249551211_35513514,1769182317238896786_2326343,2026-01-23
ff9ec614-23ff-4478-83a4-7ce094592b39,us_boston_streets_3095,match,brad,2026-01-14 03:00:25.365000+00:00,c94e464a,no_match,0.4647347342,,0.9830508475,0.9933333333,0.9830508475,0.6,0.2152436555,0.5183915948,0,1,True,0.9997339947,0,10000,3.240621199e-06,1,0.3031479392,1,0.3031479392,0.3031479392,1.393443585,0.7274516356,1.300442372,0.893421933,0.959649285,0.8683392354,1,0.7274516356,0.7728469346,1,4,3,2,1,0.6,0,0,1,0,1,0,0,1,1,1,1,0,0,0,inf,1,0.5198788047,0.3727816049,1.268940784,0.8,0.8,1769196196249551211_35513514,1769182317238896786_2326343,2026-01-23
325e84bd-0830-4f42-886e-8a74ae07e974,us_boston_streets_2273,no_match,brad,2026-01-14 03:00:26.945344+00:00,c94e464a,no_match,0.4646276027,,1,1,1,0.8,0,0.03617581397,0.9562656173,1,True,0.9999325625,0,0,0.0002449160666,1,0.03617581397,0.04373438274,0.03617581397,0.8271710199,4.041946352,3.349012232,4.041572276,0.384758776,0.7191027939,0.1024899709,0.9999999999,3.349012232,4.040699119,0,4,4,3,3,0.8571428571,0,0,0,1,1,1,1,1,1,1,1,0,0,0,0,4,3.309231092,0.6923106601,3.960593906,0.9,0.9,1769196196249551211_35513514,1769182317238896786_2326343,2026-01-23
d279f8ac-cce9-4c78-abff-4e95872c22f0,us_boston_streets_3862,no_match,brad,2026-01-14 03:00:30.818625+00:00,c94e464a,no_match,0.4645127299,,0.7407407407,0.7866666667,0.7407407407,0.4,0.2889958427,0.9524169938,0,1,True,0.9995719074,0,0,2.114617749e-06,1,0.6634211511,1,0.6634211511,0.6634211511,22.94924129,22.6979716,22.94867819,0,0.1139119061,0.8083752904,1,22.6979716,22.68223099,1,2,3,2,4,0.9090909091,0.3333333333,0,0,1,1,1,1,0,0.75,1,1,0,0,0,0,4,22.68059368,0.2855963828,22.92661339,0.95,0.95,1769196196249551211_35513514,1769182317238896786_2326343,2026-01-23
a4e19b35-4e85-4223-ac1c-1c382cab9122,us_boston_streets_10094,no_match,brad,2026-01-14 03:00:37.547733+00:00,c94e464a,no_match,0.4643680047,,1,1,1,1,0.929075613,1,0,0.02746606804,True,0.9999700104,0,0,0.0003878511074,1,0.07092438697,0.02746606804,0.02746606804,0.3872584483,5.227850976,4.891684274,5.227613501,0.2545569321,0.6463166399,0.04637333418,1,4.891684274,5.227059373,0,4,4,4,4,1,1,0,0,1,1,1,1,1,1,1,1,0,0,0,0,4,4.852316508,0.33577091,5.182344818,1,1,1769196196249551211_35513514,1769182317238896786_2326343,2026-01-23
43a4da33-a356-4935-920f-b06970984bd9,us_boston_streets_97,no_match,brad,2026-01-14 03:00:38.712632+00:00,c94e464a,no_match,0.4638046756,,1,1,1,0.8,0,0.05399058235,0.968736649,1,True,0.9994610228,0,0,0.0004018513168,1,0.05399058235,0.031263351,0.031263351,0.5790519317,8.439416965,7.31275582,8.28611964,0.103574306,0.5126674917,24.39036326,0.9999999999,7.31275582,8.041976001,1,4,4,3,3,0.8571428571,0,0,0,1,1,1,1,1,1,1,1,0,0,0,0,6,7.420815257,1.002275669,8.334291586,0.9,0.9,1769196196249551211_35513514,1769182317238896786_2326343,2026-01-23
16794a68-d5d4-4ab1-80cf-52286b43ecb6,us_boston_streets_10390,match,brad,2026-01-14 03:00:43.780209+00:00,c94e464a,no_match,0.4637928218,,1,1,1,1,0,0.2538461331,0.7222374718,1,True,0.9996570821,0,0,0.000667703304,1,0.2538461331,0.2777625282,0.2538461331,0.9138962505,0.9045938828,0.6052189516,0.9045912721,0.8755834664,0.9546675212,0.573045949,1,0.6052189516,0.6400697174,1,4,4,4,2,0.8571428571,0.3333333333,0,0,1,1,1,1,1,1,1,1,0,0,0,0,2,0.6404180208,0.265059483,0.8780748805,0.9,0.9,1769196196249551211_35513514,1769182317238896786_2326343,2026-01-23
790e2e60-faf4-4cd1-8d0c-42f00c8107a6,us_boston_streets_2519,no_match,brad,2026-01-14 03:00:45.549736+00:00,c94e464a,no_match,0.4637640551,,1,1,1,0.8,0,0.04410129026,0.9640714384,1,True,0.9991588969,0,0,0.0003007739233,1,0.04410129026,0.03592856161,0.03592856161,0.8146827767,5.189351874,4.75137968,5.129362523,0.2786348617,0.6652382961,16.80330166,1,4.75137968,4.861428366,1,5,5,4,4,0.8888888889,0,0,0,1,1,1,1,1,1,1,1,0,0,0,0,6,4.835990862,0.3488751769,5.153118606,0.9,0.9,1769196196249551211_35513514,1769182317238896786_2326343,2026-01-23
2c6feb55-b6b2-4bda-b8fa-90103209da56,us_boston_streets_4581,no_match,brad,2026-01-14 03:00:46.712599+00:00,c94e464a,no_match,0.4635123008,,1,1,1,0.8,0,0.03524022267,0.9548153669,1,True,0.9989390075,0,0,0.0002090809044,1,0.03524022267,0.0451846331,0.03524022267,0.7799160964,3.778259783,2.665741599,3.777985485,0.4549486503,0.744189778,3.675789738,0.9999999999,2.665741599,3.77667199,0,4,4,4,4,1,1,0,0,1,1,1,1,1,1,1,1,0,0,0,0,5,2.666198736,1.11206102,3.667053673,1,1,1769196196249551211_35513514,1769182317238896786_2326343,2026-01-23
b31f2702-5cc8-4dd3-9cc4-5695714b4628,us_boston_streets_1768,no_match,brad,2026-01-14 03:00:48.027413+00:00,c94e464a,no_match,0.4634901507,,1,1,1,0.8,0,0.07282062021,0,0.02719186187,True,0.9989068959,0,0,0.0002955170738,1,0.07282062021,0.02719186187,0.02719186187,0.37340882,6.354033291,5.509457342,6.350629513,0.2095524286,0.5957133839,2.118741798,0.9999999999,5.509457342,6.342608839,0,3,3,3,3,1,1,0,0,1,1,1,1,1,1,1,1,0,0,0,0,5,5.499605186,0.8275570618,6.247331977,1,1,1769196196249551211_35513514,1769182317238896786_2326343,2026-01-23
7fa900dd-a00d-430d-a565-3dc1f5bd43cb,us_boston_streets_2090,no_match,brad,2026-01-14 03:00:49.258837+00:00,c94e464a,no_match,0.4632336618,,1,1,1,0.6,0.9660536793,1,0.952493632,1,True,0.9994298107,0,0,0.0001525218184,1,0.03394632066,0.04750636797,0.03394632066,0.7145635861,0.2588730794,0.1695148384,0.2578174457,0.9461438007,0.9797553157,0.622147895,0.9999999999,0.1695148384,0.2551526833,1,3,3,3,3,1,1,0,0,1,1,1,1,1,1,1,1,0,0,0,0,5,0.1424356533,0.08473440897,0.2359624427,1,1,1769196196249551211_35513514,1769182317238896786_2326343,2026-01-23
f58c3a48-b4d9-4bef-b03f-477fec0fa14f,us_boston_streets_3862,no_match,brad,2026-01-14 03:00:51.178843+00:00,c94e464a,no_match,0.4631219831,,1,1,1,0.6,0.9664635552,1,0.9516669498,1,True,0.9997041762,0,0,0.0001892387441,1,0.03353644484,0.04833305018,0.03353644484,0.6938615443,5.276916337,4.33989813,5.276666417,0.301426513,0.6558565588,0.4753178504,1,4.33989813,5.276077517,0,4,4,4,4,1,1,0,0,1,1,1,1,1,1,1,1,0,0,0,0,4,4.338850256,0.9357686054,5.181483939,1,1,1769196196249551211_35513514,1769182317238896786_2326343,2026-01-23
bdaca25d-240e-4256-a804-83e63f4fa222,us_boston_streets_1126,match,brad,2026-01-14 03:00:57.416226+00:00,c94e464a,no_match,0.4629683314,,0.7096774194,0.7160353535,0.7096774194,1,0,0.3075989557,0.2997637305,1,True,0.9992432847,0,0,5.33034631e-05,1,0.3075989557,0.7002362695,0.3075989557,0.4392788108,8.138582674,7.379696663,8.137032994,0.1376997276,0.569466089,1.989966472,1,7.379696663,7.354307442,1,3,3,5,2,0.7692307692,0,0,0,1,1,1,1,0,0.7272727273,1,1,0,0,0,0,5,7.386073576,0.6402162887,8.039420166,0.85,0.85,1769196196249551211_35513514,1769182317238896786_2326343,2026-01-23
d86ac69b-7fe6-4657-ac6e-b1c10197a650,us_boston_streets_3519,no_match,brad,2026-01-14 03:00:58.779572+00:00,c94e464a,no_match,0.4627682046,,1,1,1,0.8,0,0.08173564453,0.9738722743,1,True,0.9989964866,0,0,0.0002723023858,1,0.08173564453,0.02612772566,0.02612772566,0.3196613401,4.63485204,3.943204764,4.630941668,0.3255070072,0.6840939898,1.320546745,1,3.943204764,4.621782527,0,3,3,3,3,1,1,0,0,1,1,1,1,1,1,1,1,0,0,0,0,3,3.916371803,0.6720954149,4.535478648,1,1,1769196196249551211_35513514,1769182317238896786_2326343,2026-01-23
6408c029-cccf-4d6e-a858-287c2f6713bb,us_boston_streets_234,no_match,brad,2026-01-14 03:00:59.982293+00:00,c94e464a,no_match,0.4627621656,,1,1,1,0.8,0,0.05870076577,0,0.02987524375,True,0.9990054886,0,0,0.0003198722816,1,0.05870076577,0.02987524375,0.02987524375,0.508941295,1.785418074,0.9450430661,1.783037132,0.6997847967,0.8708888533,6.173185295,0.9999999999,0.9450430661,1.773091825,1,4,4,4,4,1,1,0,0,1,1,1,1,1,1,1,1,0,0,0,0,4,0.8342166136,0.8512248818,1.670302612,1,1,1769196196249551211_35513514,1769182317238896786_2326343,2026-01-23
10991d41-8a6d-4b95-a691-fb9ed07126e5,us_boston_streets_9683,no_match,brad,2026-01-14 03:01:01.147020+00:00,c94e464a,no_match,0.4627205486,,1,1,1,1,0,0.06570279177,0.9716617786,1,True,0.9988230851,0,0,0.0002895317328,1,0.06570279177,0.02833822142,0.02833822142,0.4313092436,4.296650676,3.250225258,4.293180255,0.3923890398,0.7111382123,2.527093216,0.9999999998,3.250225258,4.284824466,0,4,4,4,4,1,1,0,0,1,1,1,1,1,1,1,1,0,0,0,0,5,3.236853088,1.029073317,4.168330769,1,1,1769196196249551211_35513514,1769182317238896786_2326343,2026-01-23
37a4db7f-ef23-439b-88dd-62d71848b325,us_boston_streets_1731,no_match,brad,2026-01-14 03:01:03.397197+00:00,c94e464a,no_match,0.4621216156,,0.5,0.5,0.5,0.6,0,1,0.07086287738,0.5638652513,True,0.9991677875,0,0,0.0001862559122,1,1,0.4930023739,0.4930023739,0.4930023739,12.89655057,7.537849084,12.62955143,0.1677325474,0.5973765159,0.9112453118,1,7.537849084,9.448598213,1,2,2,4,4,0.6666666667,0,0,0,1,0,1,0,0.5,0.5,0,1,0,0,0,0,4,6.953428653,5.82286303,11.50485924,0.8,0.8,1769196196249551211_35513514,1769182317238896786_2326343,2026-01-23
347f6c73-9c6a-41c3-be8c-a444b19b329e,us_boston_streets_10183,no_match,brad,2026-01-14 03:01:09.085155+00:00,c94e464a,no_match,0.4613418478,,1,1,1,0.6,0,1,0.3743789983,0.8082474577,True,0.9997186287,0,0,0.0002622834284,1,1,0.4338684594,0.4338684594,0.4338684594,12.42073621,12.17068315,12.41353941,0,0.39994078,0.07201191114,1,12.17068315,12.21487929,1,3,3,3,3,1,1,0,0,1,1,1,1,1,1,1,1,0,0,0,0,4,12.19361444,0.2553019958,12.40378505,1,1,1769196196249551211_35513514,1769182317238896786_2326343,2026-01-23
26a375ed-b74b-4da6-9535-be408b0e6a6a,us_boston_streets_2970,no_match,brad,2026-01-14 03:01:10.829158+00:00,c94e464a,no_match,0.4612398899,,1,1,1,0.6,0,0.03430721761,0,0.04681714184,True,0.9989040822,0,0,0.0001625244094,1,0.03430721761,0.04681714184,0.03430721761,0.7327917994,4.990794933,3.99798576,4.979814796,0.3247540003,0.6716247092,7.004536643,1,3.99798576,4.952726536,0,7,7,5,5,0.8333333333,0,0,0,1,1,1,1,1,1,1,1,0,0,0,0,5,4.011532917,0.9745089442,4.891918117,0.8,0.8,1769196196249551211_35513514,1769182317238896786_2326343,2026-01-23
78270948-95cd-4a09-98c9-37a3d725485f,us_boston_streets_605,no_match,brad,2026-01-14 03:01:14.766295+00:00,c94e464a,no_match,0.4611694125,,0.6206896552,0.7476190476,0.6206896552,1,0,1,0.152921962,0.7671859927,True,0.9990903581,0,0,0.0004839647671,1,1,0.6142640307,0.6142640307,0.6142640307,74.30460576,15.85949001,57.74384733,0.0784250455,0.2321597475,0.03084687271,1,15.85949001,44.41656152,1,3,4,3,3,0.9230769231,0.3333333333,0,0,1,1,1,1,0,0.7777777778,1,1,0,0,0,0,3,27.65218597,33.57987045,68.23068283,0.95,0.95,1769196196249551211_35513514,1769182317238896786_2326343,2026-01-23
b2c3e225-c3de-47a6-913b-ad93d8fd6138,us_boston_streets_1027,no_match,brad,2026-01-14 03:01:15.896480+00:00,c94e464a,no_match,0.4611482146,,1,1,1,0.6,0,0.03638207226,0.9565633217,1,True,0.9994266823,0,0,0.0002341333184,1,0.03638207226,0.04343667833,0.03638207226,0.8375887306,2.9701908,1.838508342,2.969879166,0.5448233399,0.7931766934,0.8828765808,0.9999999998,1.838508342,2.96910032,0,3,3,3,3,1,1,0,0,1,1,1,1,1,1,1,1,0,0,0,0,5,1.837386839,1.131163069,2.856582225,1,1,1769196196249551211_35513514,1769182317238896786_2326343,2026-01-23
1339129d-0c1e-4b52-ac10-72d5fb36aaee,us_boston_streets_3620,no_match,brad,2026-01-14 03:01:17.094940+00:00,c94e464a,no_match,0.460883534,,1,1,1,0.8,0,0.03525722974,0.9548432959,1,True,0.9996210159,0,0,0.0002355310249,1,0.03525722974,0.04515670409,0.03525722974,0.7807750909,3.338393444,2.783944398,3.335930317,0.4561214263,0.7615447539,0.6345451473,1,2.783944398,3.330170421,0,4,4,4,4,1,1,0,0,1,1,1,1,1,1,1,1,0,0,0,0,6,2.721666415,0.5421334089,3.250307422,1,1,1769196196249551211_35513514,1769182317238896786_2326343,2026-01-23
d19e3841-b97b-44bd-9423-df9d677836e2,us_boston_streets_2225,no_match,brad,2026-01-14 03:01:18.095934+00:00,c94e464a,no_match,0.4605840819,,1,1,1,0.8,0,0.04031971265,0.9610990591,1,True,0.9990372627,0,0,0.0002865161267,1,0.04031971265,0.03890094092,0.03890094092,0.9648119583,3.297540743,2.94115044,3.287805008,0.4561459664,0.7643421097,1.887067873,1,2.94115044,3.26499863,1,3,3,3,3,1,1,0,0,1,1,1,1,1,1,1,1,0,0,0,0,5,2.85138468,0.3035423174,3.178968956,1,1,1769196196249551211_35513514,1769182317238896786_2326343,2026-01-23
fc163120-e470-46b7-ba39-850fc62764c4,us_boston_streets_5285,no_match,brad,2026-01-14 03:01:20.663606+00:00,c94e464a,no_match,0.4605556352,,0.6,0.7333333333,0.6,0.8,0,0.1478184278,0,0.06358788377,True,0.9999619125,0,0,0.0001573100936,1,0.1478184278,0.06358788377,0.06358788377,0.4301756196,6.529124016,5.750599949,6.512144492,0.1999425448,0.6086008601,37.07738996,1,5.750599949,5.928820618,1,4,4,3,3,0.8571428571,0,0,0,1,1,1,1,0,0.6,1,1,0,0,0,0,3,5.746969072,0.7502248602,6.444522505,0.9,0.9,1769196196249551211_35513514,1769182317238896786_2326343,2026-01-23
958de271-0d62-49f5-94d1-d311e857c892,us_boston_streets_7596,no_match,brad,2026-01-14 03:01:22.012972+00:00,c94e464a,no_match,0.4605433534,,1,1,1,1,0,0.08568509187,0.974251651,1,True,0.9987964756,0,0,0.0004231145661,1,0.08568509187,0.02574834904,0.02574834904,0.3004997542,4.562262289,4.000520167,4.546258202,0.3273367346,0.6891440037,3.520366078,0.9999999999,4.000520167,4.508686328,0,4,4,4,4,1,1,0,0,1,1,1,1,1,1,1,1,0,0,0,0,5,3.984509254,0.5350686438,4.495950107,1,1,1769196196249551211_35513514,1769182317238896786_2326343,2026-01-23
3782ba8d-54b1-4f96-a57f-9d064ecf780b,us_boston_streets_5812,no_match,brad,2026-01-14 03:01:26.383406+00:00,c94e464a,no_match,0.460394226,,1,1,1,0.6,0,1,0.5396573208,0.9621503473,True,0.9993086092,0,10000,0.000294533358,1,1,0.4224930265,0.4224930265,0.4224930265,15.3298637,12.00426155,14.94246078,0,0.3906393018,5.881549757,1,12.00426155,11.45416144,1,4,3,1,1,0.4444444444,0,0,1,0,1,0,0,1,1,1,1,0,0,0,inf,3,11.54690871,0.4774471829,13.5130055,0.75,0.75,1769196196249551211_35513514,1769182317238896786_2326343,2026-01-23
baf32705-78dc-43cd-87cf-4fed3eed43cf,us_boston_streets_5332,no_match,brad,2026-01-14 03:01:27.662846+00:00,c94e464a,no_match,0.4598128689,,1,1,1,0.8,0,0.05786296427,0,0.03009702854,True,0.9988844339,0,0,0.0003258540004,1,0.05786296427,0.03009702854,0.03009702854,0.5201432198,3.460923907,2.365850044,3.39673716,0.4893545369,0.7711143323,34.6794032,1,2.365850044,3.193108505,1,4,4,4,4,1,1,0,0,1,1,1,1,1,1,1,1,0,0,0,0,6,2.464104587,0.9880959518,3.359497302,1,1,1769196196249551211_35513514,1769182317238896786_2326343,2026-01-23
1fed679a-4c1b-4540-a5db-dff45199257e,us_boston_streets_176,no_match,brad,2026-01-14 03:01:29.466897+00:00,c94e464a,no_match,0.4593605497,,1,1,1,0.6,0,0.06781299123,0,0.05993606904,True,0.9995200113,0,0,0.0003889725096,1,0.06781299123,0.05993606904,0.05993606904,0.8838434635,0.3005715123,0.2643534102,0.3005690472,0.9402318153,0.9786372815,0.801693133,1,0.2643534102,0.2643581856,1,3,3,4,4,0.8571428571,0,0,0,1,1,1,1,1,1,1,1,0,0,0,0,6,0.2643464974,0.03620577635,0.296933659,0.9,0.9,1769196196249551211_35513514,1769182317238896786_2326343,2026-01-23
742b2102-512d-46f9-a7ca-bb52b091b167,us_boston_streets_8289,match,brad,2026-01-14 03:01:34.349403+00:00,c94e464a,no_match,0.4591204331,,1,1,1,0.6,0.2292819233,0.4538248902,0,1,True,0.9988182151,0,0,2.649680366e-06,1,0.2245429669,1,0.2245429669,0.2245429669,0.6835748449,0.3364994404,0.6830181555,0.9377639812,0.9761690681,0.914030717,1,0.3364994404,0.1970626642,1,3,3,3,2,0.9090909091,0.3333333333,0,0,1,1,1,1,1,1,1,1,0,0,0,0,3,0.3086479497,0.2041659026,0.5743857142,0.95,0.95,1769196196249551211_35513514,1769182317238896786_2326343,2026-01-23
2d1def46-24ac-474b-b944-e491ce260545,us_boston_streets_1007,no_match,brad,2026-01-14 03:01:53.681168+00:00,c94e464a,no_match,0.4589839881,,1,1,1,0.6,0,0.4253055829,0,0.5425715194,True,0.9995037925,0,0,0.0001152755563,1,0.4253055829,0.5425715194,0.4253055829,0.7838700848,15.49222736,15.29745031,15.48496315,0,0.287162658,0.4410203771,1,15.29745031,15.33313214,1,3,4,3,3,0.9230769231,0.3333333333,0,0,1,1,1,1,1,1,1,1,0,0,0,0,4,15.30790774,0.1691031188,15.45754737,0.95,0.95,1769196196249551211_35513514,1769182317238896786_2326343,2026-01-23
be0ff5d9-28a9-488a-b1b3-afd303392c24,us_boston_streets_5543,no_match,brad,2026-01-14 03:01:55.615929+00:00,c94e464a,no_match,0.458929952,,1,1,1,0.6,0,0.06323240062,0.9711760788,1,True,0.9992533338,0,0,0.000289385729,1,0.06323240062,0.02882392117,0.02882392117,0.4558410069,1.920457343,1.153900036,1.916137216,0.6712466784,0.8603905727,3.496768558,0.9999999999,1.153900036,1.904887594,1,3,3,3,3,1,1,0,0,1,1,1,1,1,1,1,1,0,0,0,0,5,1.0447457,0.7392324339,1.785429741,1,1,1769196196249551211_35513514,1769182317238896786_2326343,2026-01-23
3af46e0f-c3ac-415d-8fb2-ac535f6cb194,us_boston_streets_2257,match,brad,2026-01-14 03:02:11.430121+00:00,c94e464a,review,0.7216279495,,1,1,1,1,0,0.9994472996,0.4025925227,1,True,0.9990589492,0,0,0.0005692110141,1,0.9994472996,0.5974074773,0.5974074773,0.5977378472,1.541311873,0.6825667147,1.537065891,0.9149625435,0.9667258116,0.4216802601,1,0.6825667147,0.1625498393,1,4,4,4,4,1,1,0,0,1,1,1,1,1,1,1,1,0,0,0,0,5,0.4278394553,0.4401943094,0.8188817116,1,1,1769196196249551211_35513514,1769182317238896786_2326343,2026-01-23
907beb18-fa22-4eec-ac39-1253be6a0a26,us_boston_streets_10750,match,brad,2026-01-14 03:02:22.564658+00:00,c94e464a,review,0.7212119818,,1,1,1,1,0.2790621817,1,0,0.7189939326,True,0.9997685479,0,0,0.0002900454469,1,0.7209378183,0.7189939326,0.7189939326,0.9973036708,2.168212591,1.759311863,2.16820365,0.7212022573,0.8952135146,0.4998351456,1,1.759311863,1.597883925,1,4,4,2,4,0.8571428571,0.3333333333,0,0,1,1,1,1,1,1,1,1,0,0,0,0,2,1.597060382,0.6095908802,2.139715415,0.9,0.9,1769196196249551211_35513514,1769182317238896786_2326343,2026-01-23
b2c3e225-c3de-47a6-913b-ad93d8fd6138,us_boston_streets_766,match,brad,2026-01-14 03:02:24.760767+00:00,c94e464a,review,0.7202501324,,1,1,1,0.6,0,0.5163957248,0.02083587318,1,True,0.9988990729,0,0,2.356987271e-06,1,0.5163957248,0.9791641268,0.5163957248,0.5273842359,0.992512545,0.6532300728,0.9924790276,0.9057865279,0.9632819896,2.036591484,1,0.6532300728,0.4155623645,1,3,3,3,3,1,1,0,0,1,1,1,1,1,1,1,1,0,0,0,0,4,0.4684746378,0.5087748734,0.9339412497,1,1,1769196196249551211_35513514,1769182317238896786_2326343,2026-01-23
6ffe34e3-a279-44f8-bb0b-e71c494b981c,us_boston_streets_3938,match,brad,2026-01-14 03:02:26.978761+00:00,c94e464a,review,0.7197198479,,1,1,1,1,0,1,0.3241993966,0.7838295892,True,0.9993031863,10000,0,0.0002610808881,1,1,0.4596301926,0.4596301926,0.4596301926,1.127098349,0.6247966684,1.024341525,0.853533951,0.9509946006,0.578298454,1,0.6247966684,0.8064570087,1,3,3,3,4,0.9230769231,0.3333333333,0,0,1,1,1,1,1,1,1,1,0,0,0,inf,3,0.7922608517,0.2864423836,1.066736161,0.95,0.95,1769196196249551211_35513514,1769182317238896786_2326343,2026-01-23
e18509db-aa26-4ad1-b72d-408643c9655c,us_boston_streets_5675,no_match,brad,2026-01-14 03:08:57.949741+00:00,c94e464a,review,0.7195165009,,1,1,1,0.8,0,0.939959371,0,0.9099335596,True,0.9991290007,0,0,9.114459327e-06,1,0.939959371,0.9099335596,0.9099335596,0.9680562667,14.2269295,10.3321169,11.59165482,0.00580655838,0.4466574151,2.19061859,1,10.3321169,11.19461785,1,3,4,2,4,0.9230769231,0.3333333333,0,0,1,1,1,1,1,1,1,1,0,0,0,0,2,10.04969042,0.4346863302,10.6884831,0.95,0.95,1769196196249551211_35513514,1769182317238896786_2326343,2026-01-23
fecb64bc-d8db-4816-9e2d-a5340e08afee,us_boston_streets_9960,match,brad,2026-01-14 03:09:05.578471+00:00,c94e464a,review,0.7186177812,,1,1,1,1,0.02232145667,1,0.599757096,1,True,0.9995179087,0,10000,0.0003313395142,1,0.9776785433,0.400242904,0.400242904,0.4093808816,1.516306458,0.9740242957,1.513219263,0.8577092086,0.9446010491,1.68145318,1,0.9740242957,0.2334144766,1,3,3,3,3,1,1,0,0,1,1,1,1,1,1,1,1,0,0,0,inf,3,0.7361343907,0.6721553689,1.365852685,1,1,1769196196249551211_35513514,1769182317238896786_2326343,2026-01-23
c43d7a80-a603-445a-a2be-1922497277b6,us_boston_streets_10416,match,brad,2026-01-14 03:09:08.831753+00:00,c94e464a,review,0.7182901825,,1,1,1,1,0,0.9672528119,0,0.284395297,True,0.9990159283,0,0,0.0001466509532,1,0.9672528119,0.284395297,0.284395297,0.2940237479,0.6682690993,0.4993869241,0.6682665412,0.8965316392,0.9619185446,1.26038497,1,0.4993869241,0.499407283,1,3,3,2,3,0.9090909091,0.3333333333,0,0,1,1,1,1,1,1,1,1,0,0,0,0,3,0.4993777562,0.1688693851,0.651363636,0.95,0.95,1769196196249551211_35513514,1769182317238896786_2326343,2026-01-23
5da0d45a-4f25-4786-9de8-bdec8b8e554b,us_boston_streets_98,match,brad,2026-01-14 03:09:10.846381+00:00,c94e464a,review,0.7182361766,,1,1,1,0.6,0.01365595225,1,0,0.3443921197,True,0.9999556311,0,0,0.0001742309067,1,0.9863440478,0.3443921197,0.3443921197,0.3491602352,0.6043894893,0.5947962578,0.6043894527,0.8794541911,0.9554447128,0.06105130656,1,0.5947962578,0.5954816472,1,4,3,4,4,0.9333333333,0.3333333333,0,0,1,1,1,1,1,1,1,1,0,0,0,0,5,0.5948550619,0.0104600386,0.6036210407,0.95,0.95,1769196196249551211_35513514,1769182317238896786_2326343,2026-01-23
ad6a9fff-e16c-4afc-9703-4c8f50cc8d6c,us_boston_streets_4640,match,brad,2026-01-14 03:09:13.045776+00:00,c94e464a,review,0.7181635931,,1,1,1,1,0,1,0.6011603764,0.9943836433,True,0.9998685189,0,10000,0.0002349593551,1,1,0.3932232669,0.3932232669,0.3932232669,0.06665298111,0.03837063915,0.06665290047,0.9923175711,0.9970479506,0.07298615435,1,0.03837063915,0.03355047503,1,3,3,3,3,1,1,0,0,1,1,1,1,1,1,1,1,0,0,0,inf,3,0.03623959329,0.02436128305,0.06310984581,1,1,1769196196249551211_35513514,1769182317238896786_2326343,2026-01-23
f37c1a58-91dd-40e9-80dc-c50de46319a6,us_boston_streets_985,match,brad,2026-01-14 03:09:15.979406+00:00,c94e464a,review,0.716768492,,1,1,1,1,0,1,0.5530339745,0.9932692675,True,0.9991356306,10000,0,0.0002688677538,1,1,0.4402352931,0.4402352931,0.4402352931,0.7435665079,0.594039018,0.7432685751,0.8799958096,0.9573201856,0.4642141966,1,0.594039018,0.6268303081,1,3,3,4,4,0.8571428571,0,0,0,1,1,1,1,1,1,1,1,0,0,0,inf,1,0.6185716327,0.1662204793,0.7304581912,0.9,0.9,1769196196249551211_35513514,1769182317238896786_2326343,2026-01-23
a36da67e-888c-4c4f-8200-e8d079f72008,us_boston_streets_10679,match,brad,2026-01-14 03:09:21.425672+00:00,c94e464a,review,0.7166013364,,1,1,1,1,0.06600667485,0.4788979458,0,1,True,0.9990264789,0,0,1.015484001e-06,1,0.4128912709,1,0.4128912709,0.4128912709,1.970041552,1.816615203,1.950809417,0.6733536339,0.8711570693,0.5363157915,1,1.816615203,1.836327844,1,4,4,3,2,0.7692307692,0,0,0,1,1,1,1,1,1,1,1,0,0,0,0,3,1.810645361,0.116691335,1.893076711,0.85,0.85,1769196196249551211_35513514,1769182317238896786_2326343,2026-01-23
08bca227-bcde-4a42-a73d-d430703f6129,us_boston_streets_4093,match,brad,2026-01-14 03:09:22.764887+00:00,c94e464a,review,0.7161935668,,1,1,1,1,0,1,0.4905101305,0.9963864304,True,0.999412973,0,0,0.0003107056295,1,1,0.5058762999,0.5058762999,0.5058762999,1.752026212,1.241391673,1.671091072,0.7781241289,0.9178494998,1.841280948,1,1.241391673,1.202707542,1,3,4,4,3,1,1,0,0,1,1,1,1,1,1,1,1,0,0,0,0,4,1.244987249,0.3203636327,1.598436476,1,1,1769196196249551211_35513514,1769182317238896786_2326343,2026-01-23
d9f2f158-f48c-4ed3-9d8f-d67ebbf41263,us_boston_streets_5681,match,brad,2026-01-14 03:09:24.228061+00:00,c94e464a,review,0.7156336995,,1,1,1,1,0,0.9901739308,0.5115313492,1,True,0.999337589,0,0,0.0003270211508,1,0.9901739308,0.4884686508,0.4884686508,0.493316008,1.736271447,1.030253232,1.675405063,0.784347745,0.9229814407,0.2926705712,1,1.030253232,1.214429704,1,4,3,4,3,1,1,0,0,1,1,1,1,1,1,1,1,0,0,0,0,3,1.186294564,0.6066818427,1.659592477,1,1,1769196196249551211_35513514,1769182317238896786_2326343,2026-01-23
74129703-100f-40c5-b128-ed8c70a5f4e1,us_boston_streets_9202,match,brad,2026-01-14 03:09:25.745220+00:00,c94e464a,review,0.713967073,,1,1,1,1,0.448045472,0.9810845516,0,1,True,0.9990418996,0,0,5.771500525e-06,1,0.5330390797,1,0.5330390797,0.5330390797,1.304270984,1.155075086,1.304243521,0.8622517819,0.9403221244,3.321882804,1,1.155075086,0.1489681006,1,4,3,3,2,0.8333333333,0.3333333333,0,0,1,1,1,1,1,1,1,1,0,0,0,0,3,0.6679538982,0.6523760698,1.205911549,0.9,0.9,1769196196249551211_35513514,1769182317238896786_2326343,2026-01-23
1aae62b6-47ac-4da2-9ea7-50106221a863,us_boston_streets_2240,match,brad,2026-01-14 03:09:36.597255+00:00,c94e464a,review,0.7137096547,,1,1,1,0.8,0.3762625165,1,0,0.9878100528,True,0.9989510262,0,0,8.252631336e-06,1,0.6237374835,0.9878100528,0.6237374835,0.6314346384,3.849097895,2.794670476,3.847442279,0.567736361,0.8252969511,2.04333052,1,2.794670476,2.690829898,1,4,4,2,4,0.8571428571,0.3333333333,0,0,1,1,1,1,1,1,1,1,0,0,0,0,2,2.688812661,1.062770059,3.687429666,0.9,0.9,1769196196249551211_35513514,1769182317238896786_2326343,2026-01-23
edc6031f-ee3d-4dbe-834c-de63e5a206c3,us_boston_streets_5075,match,brad,2026-01-14 03:09:42.382456+00:00,c94e464a,review,0.7129784057,,1,1,1,0.8,0,0.498529257,0.7209794434,1,True,0.9994072562,0,0,0.0001299007152,1,0.498529257,0.2790205566,0.2790205566,0.559687426,1.112890428,0.6545163304,1.112857059,0.8728573547,0.9447862392,7.147564835,1,0.6545163304,0.08293563894,1,3,4,3,3,0.9230769231,0.3333333333,0,0,1,1,1,1,1,1,1,1,0,0,0,0,4,0.5944261506,0.5237098807,1.062093121,0.95,0.95,1769196196249551211_35513514,1769182317238896786_2326343,2026-01-23
70f25f20-3c2f-483e-8542-23aff7887265,us_boston_streets_6192,match,brad,2026-01-14 03:09:46.944665+00:00,c94e464a,review,0.7118339527,,1,1,1,0.8,0,1,0.005181759464,0.526295147,True,0.9994466937,0,0,0.0005109075654,1,1,0.5211133875,0.5211133875,0.5211133875,3.655495891,1.189520771,3.652884694,0.8829602915,0.9453672188,2.067966897,1,1.189520771,0.3864299875,1,4,3,2,4,0.9230769231,0.3333333333,0,0,1,1,1,1,1,1,1,1,0,0,0,0,2,0.5599877148,0.1670242631,2.823884334,0.95,0.95,1769196196249551211_35513514,1769182317238896786_2326343,2026-01-23
351f73aa-db85-4c3e-a050-e056a650da4c,us_boston_streets_8268,match,brad,2026-01-14 03:10:02.317387+00:00,c94e464a,review,0.7110846826,,1,1,1,0.6,0,1,0.5254240801,0.9525777917,True,0.9988208957,0,0,0.0001898226427,1,1,0.4271537116,0.4271537116,0.4271537116,4.048381493,3.256311855,4.043918855,0.4912615454,0.7828932858,2.854435447,1,3.256311855,3.233905755,1,3,3,3,3,1,1,0,0,1,1,1,1,1,1,1,1,0,0,0,0,5,3.246055516,0.5830413677,3.940943536,1,1,1769196196249551211_35513514,1769182317238896786_2326343,2026-01-23
c6c8d93d-ca6d-4ad1-9a59-b7fff21e1cb4,us_boston_streets_8673,match,brad,2026-01-14 03:10:05.464661+00:00,c94e464a,review,0.7109591025,,1,1,1,1,0,0.4218204882,0.03099804529,1,True,0.9994018023,0,0,1.006211106e-06,1,0.4218204882,0.9690019547,0.4218204882,0.4353143831,0.7595505493,0.7258070797,0.7595042484,0.8593278498,0.9466411991,0.06331317492,1,0.7258070797,0.6906877998,1,3,4,3,2,0.8333333333,0.3333333333,0,0,1,1,1,1,1,1,1,1,0,0,0,0,3,0.7114069201,0.05458011997,0.7555280319,0.9,0.9,1769196196249551211_35513514,1769182317238896786_2326343,2026-01-23
d5bc85ea-3faa-4d8b-af03-f3f66c2c304f,us_boston_streets_7946,match,brad,2026-01-14 03:10:07.081697+00:00,c94e464a,review,0.7105108436,,1,1,1,0.8,0,1,0.4751950387,0.9967141742,True,0.9988093049,0,0,0.0005114425056,1,1,0.5215191356,0.5215191356,0.5215191356,6.07266397,2.372231112,6.069034506,0.7549537153,0.8896300087,3.676656547,1,2.372231112,1.070503433,1,3,3,2,2,0.8,0,0,0,1,1,0,0,1,1,1,1,0,0,0,0,2,1.311077493,1.235521471,5.158850485,0.9,0.9,1769196196249551211_35513514,1769182317238896786_2326343,2026-01-23
1fc0ff35-e6e4-42c1-8f30-3f5c8819e8bb,us_boston_streets_9278,no_match,brad,2026-01-14 03:10:09.327860+00:00,c94e464a,review,0.7105015291,,1,1,1,1,0.9086697672,1,0,0.0252788214,True,0.998799256,0,10000,0.0001002700374,1,0.09133023278,0.0252788214,0.0252788214,0.276784813,3.112463397,2.888307556,3.109249311,0.4539874251,0.7700439213,3.077564071,0.9999999993,2.888307556,3.101725506,0,3,3,2,2,0.8,0,0,0,1,1,0,0,1,1,1,1,0,0,0,inf,1,2.880131831,0.2080854078,3.069381937,0.9,0.9,1769196196249551211_35513514,1769182317238896786_2326343,2026-01-23
617ed031-8a11-4014-a924-56dbc5937032,us_boston_streets_10056,match,brad,2026-01-14 03:10:13.397417+00:00,c94e464a,review,0.7095751515,,1,1,1,0.6,0.02300344639,1,0,0.5167333905,True,0.9992568542,0,0,0.0002429252293,1,0.9769965536,0.5167333905,0.5167333905,0.5288999113,2.296287946,1.444472224,2.281682601,0.8024311878,0.9241956079,2.256140692,1,1.444472224,1.005064485,1,4,2,4,2,1,1,0,0,1,1,1,1,1,1,1,1,0,0,0,0,4,1.046979912,1.513107002,2.237032413,1,1,1769196196249551211_35513514,1769182317238896786_2326343,2026-01-23
59daa9f5-d0db-48da-813d-5da0496edaab,us_boston_streets_7676,match,brad,2026-01-14 03:10:20.180620+00:00,c94e464a,review,0.7093124722,,1,1,1,0.6,0,1,0.3273935788,0.9870914725,True,0.9997604206,0,0,0.0001583868227,1,1,0.6596978938,0.6596978938,0.6596978938,7.680658842,6.784693152,7.680038704,0.1854953621,0.614005695,1.215794267,1,6.784693152,6.775141581,1,3,5,3,4,0.9333333333,0.3333333333,0,0,1,1,1,1,1,1,1,1,0,0,0,0,5,6.775816794,1.569503905,7.659092052,0.95,0.95,1769196196249551211_35513514,1769182317238896786_2326343,2026-01-23
54dc9aa6-5cc8-44e4-a284-a5a37b946aee,us_boston_streets_1619,match,brad,2026-01-14 03:10:22.394766+00:00,c94e464a,review,0.7088407106,,1,1,1,1,0,1,0.003815465428,0.3911462397,True,0.9989814949,0,0,0.0002511598755,1,1,0.3873307743,0.3873307743,0.3873307743,2.540293835,2.041627486,2.520221671,0.6448878296,0.8628319556,0.8852745475,1,2.041627486,2.121468839,1,4,3,3,3,0.9230769231,0.3333333333,0,0,1,1,1,1,1,1,1,1,0,0,0,0,5,2.069841461,0.54500253,2.469334329,0.95,0.95,1769196196249551211_35513514,1769182317238896786_2326343,2026-01-23
b2c3e225-c3de-47a6-913b-ad93d8fd6138,us_boston_streets_5818,match,brad,2026-01-14 03:10:23.678720+00:00,c94e464a,review,0.7074914883,,1,1,1,0.6,0.5157536144,1,0,0.9355631723,True,0.9991248858,0,0,7.547590155e-06,1,0.4842463856,0.9355631723,0.4842463856,0.517598811,0.9923719408,0.5563098422,0.9923665443,0.8841118079,0.9574424073,1.549267111,1,0.5563098422,0.5825068895,1,3,3,3,3,1,1,0,0,1,1,1,1,1,1,1,1,0,0,0,0,4,0.5824412841,0.4099128816,0.9513552792,1,1,1769196196249551211_35513514,1769182317238896786_2326343,2026-01-23
c3178d45-0bc3-4af0-8f82-3eb0fc1fc03c,us_boston_streets_9877,match,brad,2026-01-14 03:10:25.445776+00:00,c94e464a,review,0.707208383,,1,1,1,0.6,0.07521942225,1,0,0.5677479773,True,0.9991640944,0,0,0.0002424589591,1,0.9247805778,0.5677479773,0.5677479773,0.6139272288,3.172353806,2.228672406,3.172041118,0.6361423041,0.8537963906,1.603165833,1,2.228672406,2.131997346,1,3,3,3,3,1,1,0,0,1,1,1,1,1,1,1,1,0,0,0,0,4,2.149412084,0.7897790184,3.042668823,1,1,1769196196249551211_35513514,1769182317238896786_2326343,2026-01-23
82c6efad-eafb-470e-aea9-f94f22933865,us_boston_streets_1896,no_match,brad,2026-01-14 03:10:29.580732+00:00,c94e464a,review,0.7062940866,,1,1,1,0.8,0.1151174129,1,0.127073781,1,True,0.9988875715,0,0,2.55360228e-05,1,0.8848825871,0.872926219,0.872926219,0.9864881869,11.30719223,10.10373547,11.30704759,0.007108228517,0.4586880587,2.611826645,1,10.10373547,10.26940977,1,4,3,3,3,0.9230769231,0.3333333333,0,0,1,1,1,1,1,1,1,1,0,0,0,0,4,10.26717362,1.039949465,11.20319728,0.95,0.95,1769196196249551211_35513514,1769182317238896786_2326343,2026-01-23
a40b572a-2bff-43cf-a473-19998ee1526a,us_boston_streets_9201,match,brad,2026-01-14 03:10:34.028736+00:00,c94e464a,review,0.7062810069,,1,1,1,1,0,1,0.00688270871,0.5395262765,True,0.9994352871,0,10000,0.0004017600398,1,1,0.5326435678,0.5326435678,0.5326435678,2.214314488,1.569600342,2.052035322,0.7048215553,0.8902883351,0.4463979346,1,1.569600342,1.726489039,1,4,4,4,4,1,1,0,0,1,1,1,1,1,1,1,1,0,0,0,inf,3,1.711801443,0.5857452128,2.173928997,1,1,1769196196249551211_35513514,1769182317238896786_2326343,2026-01-23
a01e84bb-74aa-423b-8eec-c43aadf412b7,us_boston_streets_8379,no_match,brad,2026-01-14 03:10:40.713654+00:00,c94e464a,no_match,0.458423693,,1,1,1,0.6,0,0.03803948607,0,0.04128885607,True,0.9999594292,0,0,0.000412194202,1,0.03803948607,0.04128885607,0.03803948607,0.9213015251,2.920214029,1.507455878,2.920199441,0.6160763485,0.8110604081,0.03767949233,0.9999999999,1.507455878,2.920165019,1,4,4,4,4,1,1,0,0,1,1,1,1,1,1,1,1,0,0,0,0,4,1.220651914,1.412415705,2.692760458,1,1,1769196196249551211_35513514,1769182317238896786_2326343,2026-01-23
364e3ae5-c0f2-4d0c-a7e6-af9318eb97f2,us_boston_streets_6334,no_match,brad,2026-01-14 03:10:42.645820+00:00,c94e464a,no_match,0.4584214964,,1,1,1,0.8,0,0.05577507941,0,0.03069468619,True,0.9988494224,0,0,0.0001032276789,1,0.05577507941,0.03069468619,0.03069468619,0.5503297623,17.01251091,16.67445438,17.01130032,0,0.1992148222,2.560606135,0.9999999997,16.67445438,17.00846904,0,4,4,3,3,0.8571428571,0,0,0,1,1,1,1,1,1,1,1,0,0,0,0,4,16.67640018,0.3360388825,16.97888547,0.9,0.9,1769196196249551211_35513514,1769182317238896786_2326343,2026-01-23
0c63aead-3cac-4c24-9bb5-18390fb37ce9,us_boston_streets_125,no_match,brad,2026-01-14 03:10:45.144566+00:00,c94e464a,no_match,0.4579283514,,0.5806451613,0.6097222222,0.5806451613,0.6,0,0.043816249,0,0.03611999104,True,0.9992562561,0,0,0.0001146664496,1,0.043816249,0.03611999104,0.03611999104,0.8243515102,6.052999985,5.590219535,5.992193162,0.1957952838,0.6090248733,27.25752033,0.9999999995,5.590219535,5.848592002,1,3,3,4,4,0.8571428571,0,0,0,1,1,1,1,0,0.6315789474,1,1,0,0,0,0,5,5.687316917,0.3614357457,6.015582214,0.9,0.9,1769196196249551211_35513514,1769182317238896786_2326343,2026-01-23
91dabea6-f38c-432c-9d26-7deebfd07983,us_boston_streets_9384,no_match,brad,2026-01-14 03:10:46.429414+00:00,c94e464a,no_match,0.4579282559,,1,1,1,1,0,0.05058204367,0,0.03253278648,True,0.9995103031,0,0,0.0002913558335,1,0.05058204367,0.03253278648,0.03253278648,0.6431686843,5.41556122,4.14900708,5.415107149,0.3156977653,0.6547463682,0.4808207757,0.9999999999,4.14900708,5.414037053,0,4,4,4,4,1,1,0,0,1,1,1,1,1,1,1,1,0,0,0,0,5,4.145707182,1.264283782,5.285342764,1,1,1769196196249551211_35513514,1769182317238896786_2326343,2026-01-23
bbd8ffa5-fa5e-41d7-898a-d1cb144e6b50,us_boston_streets_4540,no_match,brad,2026-01-14 03:10:48.312858+00:00,c94e464a,no_match,0.4577598342,,1,1,1,0.8,0.9444722751,1,0,0.03077011931,True,0.9990963228,0,0,0.0003867189272,1,0.05552772494,0.03077011931,0.03077011931,0.5541397446,3.228464024,2.021310632,3.226420466,0.520601254,0.7786113632,5.605733779,1,2.021310632,3.219490066,0,3,3,3,3,1,1,0,0,1,1,1,1,1,1,1,1,0,0,0,0,4,2.023740054,1.203747461,3.107796325,1,1,1769196196249551211_35513514,1769182317238896786_2326343,2026-01-23
617ed031-8a11-4014-a924-56dbc5937032,us_boston_streets_3196,no_match,brad,2026-01-14 03:10:51.628466+00:00,c94e464a,no_match,0.4577315934,,1,1,1,0.6,0,0.02468857333,0.900035138,1,True,0.9997137285,0,0,3.862308644e-05,1,0.02468857333,0.09996486202,0.02468857333,0.2469725145,2.312593671,2.288955532,2.311608548,0.5604012489,0.8236291738,0.2704427438,1,2.288955532,2.309309842,1,4,4,4,4,1,1,0,0,1,1,1,1,1,1,1,1,0,0,0,0,6,2.281511205,0.01922189545,2.302516068,1,1,1769196196249551211_35513514,1769182317238896786_2326343,2026-01-23
2c32ccb4-34ad-46f2-934d-2a9010cb949e,us_boston_streets_8656,no_match,brad,2026-01-14 03:10:53.463334+00:00,c94e464a,no_match,0.4575534822,,0.5,0.5,0.5,0.5,0.9648991553,1,0,0.04541585878,True,0.9994765862,0,0,6.313312431e-05,1,0.03510084475,0.04541585878,0.03510084475,0.7728763847,1.166116771,0.8564254315,1.140100086,0.7962497202,0.92582983,47.05574136,1,0.8564254315,0.912392941,1,3,3,2,2,0.8,0,0,0,1,1,0,0,0.5,0.5,0,1,0,0,0,0,4,0.7919735115,0.1796079141,0.9683841789,0.9,0.9,1769196196249551211_35513514,1769182317238896786_2326343,2026-01-23
91cb4548-5ddd-4e43-9889-10d2ae036660,us_boston_streets_9381,no_match,brad,2026-01-14 03:10:54.878319+00:00,c94e464a,no_match,0.4572131558,,1,1,1,0.6,0.9716513668,1,0,0.06564689071,True,0.9993305707,0,0,8.261883233e-05,1,0.02834863324,0.06564689071,0.02834863324,0.4318351248,5.097783251,4.416860778,5.096656017,0.2885798345,0.6579355433,0.6954507472,1,4.416860778,5.094018658,0,4,4,4,4,1,1,0,0,1,1,1,1,1,1,1,1,0,0,0,0,6,4.409914971,0.6752863033,5.021219602,1,1,1769196196249551211_35513514,1769182317238896786_2326343,2026-01-23
3385cbf1-fb5c-411a-8397-c1039a6adb36,us_boston_streets_3057,no_match,brad,2026-01-14 03:10:55.947001+00:00,c94e464a,no_match,0.4571089739,,1,1,1,0.6,0.9517993803,1,0,0.03360049998,True,0.9998594614,0,0,0.0003517446288,1,0.04820061967,0.03360049998,0.03360049998,0.6970968468,1.251844022,1.194951915,1.250500676,0.7424508271,0.9019804276,0.2234363249,1,1.194951915,1.24736466,1,4,4,4,4,1,1,0,0,1,1,1,1,1,1,1,1,0,0,0,0,5,1.177994172,0.05660954917,1.241010977,1,1,1769196196249551211_35513514,1769182317238896786_2326343,2026-01-23
616dc619-d070-4c6f-aa4f-a6887c6a0217,us_boston_streets_7146,no_match,brad,2026-01-14 03:10:57.278657+00:00,c94e464a,no_match,0.4570023122,,1,1,1,0.6,0,0.03762677358,0.9582136552,1,True,0.999846976,0,0,0.0002573841281,1,0.03762677358,0.04178634478,0.03762677358,0.9004562083,3.74207339,2.679790323,3.741690685,0.446551365,0.7432685121,0.2020934588,0.9999999999,2.679790323,3.740795521,0,3,3,3,3,1,1,0,0,1,1,1,1,1,1,1,1,0,0,0,0,5,2.66044817,1.061645225,3.629914869,1,1,1769196196249551211_35513514,1769182317238896786_2326343,2026-01-23
347f6c73-9c6a-41c3-be8c-a444b19b329e,us_boston_streets_10377,no_match,brad,2026-01-14 03:10:58.728510+00:00,c94e464a,no_match,0.4568351764,,1,1,1,0.6,0.967075062,1,0.9503376254,1,True,0.9998296777,0,0,0.0002252897067,1,0.03292493805,0.04966237461,0.03292493805,0.6629755083,0.893745809,0.602203115,0.8931473136,0.8272166358,0.9316519101,0.278125382,1,0.602203115,0.8917349028,1,3,3,3,3,1,1,0,0,1,1,1,1,1,1,1,1,0,0,0,0,4,0.5058068211,0.2923767485,0.8358394623,1,1,1769196196249551211_35513514,1769182317238896786_2326343,2026-01-23
99e3e5fd-87c8-43c0-9bac-e22fa664d82a,us_boston_streets_7459,no_match,brad,2026-01-14 03:11:00.162969+00:00,c94e464a,no_match,0.4562062836,,1,1,1,0.8,0.9601369764,1,0.9606642684,1,True,0.9989952996,0,0,0.0001743904994,1,0.03986302364,0.03933573161,0.03933573161,0.9867724024,11.09380327,11.00220614,11.08416984,0,0.3776050294,1.920397202,1,11.00220614,11.06169084,1,4,4,4,4,1,1,0,0,1,1,1,1,1,1,1,1,0,0,0,0,6,11.00337531,0.07829754339,11.08233439,1,1,1769196196249551211_35513514,1769182317238896786_2326343,2026-01-23
9ab196d7-6800-4fe6-ab2c-912a7b22b7fc,us_boston_streets_4501,match,brad,2026-01-14 03:11:13.797143+00:00,c94e464a,no_match,0.4560696661,,0.5,0.5,0.5,0.8,0,1,0.08157645482,0.3800708545,True,0.9995553111,10000,10000,0.0002767903536,1,1,0.2984943997,0.2984943997,0.2984943997,5.633318885,2.552539966,4.843663853,0.6737679077,0.8426470862,10.75373189,1,2.552539966,1.483065296,1,3,5,3,3,0.8571428571,0.3333333333,0,0,1,1,1,1,0.5,0.5,0,1,0,0,inf,inf,0,1.775383989,0.261257039,3.698645572,0.9,0.9,1769196196249551211_35513514,1769182317238896786_2326343,2026-01-23
39c3dd6b-5ad7-4d38-a86b-eaca1483a9f4,us_boston_streets_3519,no_match,brad,2026-01-14 03:11:15.200404+00:00,c94e464a,no_match,0.4559933259,,1,1,1,0.8,0.9538474863,1,0,0.0346731129,True,0.9990538197,0,0,0.0002742616297,1,0.04615251367,0.0346731129,0.0346731129,0.751272469,1.190794261,0.789003073,1.161170298,0.7910343084,0.9167870716,9.92129454,0.9999999999,0.789003073,1.073986067,1,4,4,4,4,1,1,0,0,1,1,1,1,1,1,1,1,0,0,0,0,3,0.7026475595,0.4211711217,1.128584475,1,1,1769196196249551211_35513514,1769182317238896786_2326343,2026-01-23
bdaca25d-240e-4256-a804-83e63f4fa222,us_boston_streets_10080,no_match,brad,2026-01-14 03:11:25.678778+00:00,c94e464a,no_match,0.4559452171,,1,1,1,1,0.3065283193,1,0,0.3189945497,True,0.9992373505,0,0,0.0006913780329,1,0.6934716807,0.3189945497,0.3189945497,0.4599965053,8.642204016,7.745065711,8.6375343,0.1361224977,0.577656003,1.255074487,1,7.745065711,7.488967195,1,3,4,2,2,0.7272727273,0,0,0,1,1,0,0,1,1,1,1,0,0,0,0,2,7.509344061,0.7621809886,8.394137783,0.85,0.85,1769196196249551211_35513514,1769182317238896786_2326343,2026-01-23
0a37db4e-ad3e-4136-8eef-23c464d782ae,us_boston_streets_2893,no_match,brad,2026-01-14 03:11:27.528439+00:00,c94e464a,no_match,0.4558033003,,1,1,1,1,0.9612731438,1,0.9594915529,1,True,0.9991272781,10000,0,0.0003460004778,1,0.03872685624,0.04050844713,0.03872685624,0.9560192747,25.93384746,24.20992692,25.88895124,0,0.07121913284,20.57336827,0.9999999999,24.20992692,25.89224602,1,2,2,1,1,0.6666666667,0,0,1,0,0,0,1,1,1,1,1,0,0,0,inf,1,24.02730721,1.906396438,25.74316467,0.9,0.9,1769196196249551211_35513514,1769182317238896786_2326343,2026-01-23
4c551cad-4f1f-4e91-b894-686cbb2d34bb,us_boston_streets_4676,no_match,brad,2026-01-14 03:11:29.215124+00:00,c94e464a,no_match,0.4557416222,,1,1,1,0.8,0,0.05800317761,0.9699407668,1,True,0.9995540095,0,0,0.0002987997228,1,0.05800317761,0.03005923319,0.03005923319,0.518234249,1.591044607,1.152282538,1.5894147,0.701134772,0.8796394205,0.7124644402,1,1.152282538,1.585575619,1,3,3,3,3,1,1,0,0,1,1,1,1,1,1,1,1,0,0,0,0,4,1.048413719,0.4290148595,1.506452081,1,1,1769196196249551211_35513514,1769182317238896786_2326343,2026-01-23
698b97a5-3dfa-4d67-9c2d-a89b0d2f0dff,us_boston_streets_4511,no_match,brad,2026-01-14 03:11:30.414225+00:00,c94e464a,no_match,0.4557245921,,1,1,1,1,0,0.02736414453,0,0.07161317328,True,0.9990581318,0,0,0.0001268233517,1,0.02736414453,0.07161317328,0.02736414453,0.3821104872,1.617017053,1.504108749,1.607631824,0.6820425713,0.8766331552,1.956439063,1,1.504108749,1.585658174,1,3,3,3,3,1,1,0,0,1,1,1,1,1,1,1,1,0,0,0,0,4,1.470124848,0.07195905665,1.543543469,1,1,1769196196249551211_35513514,1769182317238896786_2326343,2026-01-23
215c143a-f5d7-4e77-b075-2d24ae4d8190,us_boston_streets_5075,no_match,brad,2026-01-14 03:11:33.831431+00:00,c94e464a,no_match,0.4556630869,,0.6923076923,0.7976190476,0.6923076923,0.8,0.3988605751,1,0.6956717756,1,True,0.9991620598,0,0,0.0001502761561,1,0.6011394249,0.3043282244,0.3043282244,0.5062523132,15.229579,10.11388227,15.18466466,0.06183580226,0.4048370865,43.15852537,1,10.11388227,10.80822289,1,4,3,3,3,0.9230769231,0.3333333333,0,0,1,1,1,1,0,0.875,1,1,0,0,0,0,4,10.45022562,4.315472731,14.58900077,0.95,0.95,1769196196249551211_35513514,1769182317238896786_2326343,2026-01-23
ea9e0ad9-d8e3-414e-950d-602637da6b3e,us_boston_streets_7072,match,brad,2026-01-14 03:11:47.160153+00:00,c94e464a,no_match,0.4551847716,,1,1,1,0.8,0.6684061451,1,0,0.8162597199,True,0.9988986209,0,0,4.695229251e-05,1,0.3315938549,0.8162597199,0.3315938549,0.4062357199,1.317881195,0.5164312635,1.317813429,0.9161100191,0.9639640771,1.833808252,1,0.5164312635,0.3359340743,1,4,4,4,4,1,1,0,0,1,1,1,1,1,1,1,1,0,0,0,0,6,0.4111412111,0.4080812167,1.013519637,1,1,1769196196249551211_35513514,1769182317238896786_2326343,2026-01-23
05ccb40d-5572-40de-89c8-4738d9dfc29a,us_boston_streets_2262,no_match,brad,2026-01-14 03:13:06.884094+00:00,c94e464a,no_match,0.4547398067,,1,1,1,0.6,0.9662012693,1,0,0.04779846668,True,0.9987959205,0,0,0.0002507570074,1,0.03379873065,0.04779846668,0.03379873065,0.7071090978,1.75666078,1.42299672,1.740165079,0.6791186277,0.8710158761,3.709855671,1,1.42299672,1.700600695,1,4,4,5,5,0.8888888889,0,0,0,1,1,1,1,1,1,1,1,0,0,0,0,6,1.312017009,0.2713125518,1.600550219,0.9,0.9,1769196196249551211_35513514,1769182317238896786_2326343,2026-01-23
261ebab5-7bae-461c-bf6b-6198b79215ea,us_boston_streets_8538,no_match,brad,2026-01-14 03:13:08.639733+00:00,c94e464a,no_match,0.4544587396,,0.5454545455,0.7208754209,0.4848484848,0.6,0.2281613031,1,0.1614754703,1,True,0.9993114423,0,0,0.0001398653006,1,0.7718386969,0.8385245297,0.7718386969,0.9204724126,32.24001757,13.20961669,32.18666775,0.09204614221,0.2960855998,39.17943739,1,13.20961669,17.52866509,1,4,3,3,4,1,1,0,0,1,1,1,1,0,0.6,1,1,0,0,0,0,5,16.63320842,15.65579276,30.6674881,1,1,1769196196249551211_35513514,1769182317238896786_2326343,2026-01-23
b31fdbd3-0165-4072-b384-3a7ba8e1c85e,us_boston_streets_6923,no_match,brad,2026-01-14 03:13:09.812822+00:00,c94e464a,no_match,0.4535074443,,1,1,1,0.6,0.9440204806,1,0,0.03063311877,True,0.9997923644,0,0,0.0003901884643,1,0.05597951944,0.03063311877,0.03063311877,0.5472201098,7.762923747,6.557638743,7.762852787,0.1555950936,0.5406972509,0.3415338233,1,6.557638743,7.76268389,0,4,4,4,4,1,1,0,0,1,1,1,1,1,1,1,1,0,0,0,0,6,6.557454965,1.204930206,7.64193801,1,1,1769196196249551211_35513514,1769182317238896786_2326343,2026-01-23
32f8a658-9b4b-4733-b33f-67888fd7eac4,us_boston_streets_3217,no_match,brad,2026-01-14 03:13:10.876009+00:00,c94e464a,no_match,0.453382981,,1,1,1,1,0.9685111041,1,0,0.05333089681,True,0.9988080567,0,0,0.0002969075551,1,0.03148889591,0.05333089681,0.03148889591,0.5904437726,1.736209848,1.528882061,1.711317092,0.6828143333,0.8740743126,3.231341452,1,1.528882061,1.652433375,1,4,3,3,3,0.9230769231,0.3333333333,0,0,1,1,1,1,1,1,1,1,0,0,0,0,4,1.475956896,0.09512367467,1.560992502,0.95,0.95,1769196196249551211_35513514,1769182317238896786_2326343,2026-01-23
43c03d72-15e5-487e-8752-aa1df04eaa0d,us_boston_streets_8857,no_match,brad,2026-01-14 03:13:11.916162+00:00,c94e464a,no_match,0.4530422434,,1,1,1,0.8,0.9561330395,1,0,0.03608560235,True,0.9991633506,0,0,0.0003786447072,1,0.04386696053,0.03608560235,0.03608560235,0.8226146035,1.778144704,1.313435247,1.772240132,0.687125056,0.870003288,1.532999649,1,1.313435247,1.758121353,1,4,4,4,4,1,1,0,0,1,1,1,1,1,1,1,1,0,0,0,0,5,1.158685343,0.4446556863,1.653683362,1,1,1769196196249551211_35513514,1769182317238896786_2326343,2026-01-23
1edd2261-aaaa-497e-b2f9-d3901c3dd382,us_boston_streets_343,no_match,brad,2026-01-14 03:13:13.145915+00:00,c94e464a,no_match,0.4528028783,,1,1,1,0.8,0.8868404159,1,0,0.02399750094,True,0.9989902762,0,0,0.0002203970988,1,0.1131595841,0.02399750094,0.02399750094,0.2120677725,6.292137755,5.682818929,6.28896468,0.1927086975,0.5929883898,1.790808075,0.9999999998,5.682818929,6.281530813,0,3,3,4,4,0.8571428571,0,0,0,1,1,1,1,1,1,1,1,0,0,0,0,5,5.67316593,0.5934534527,6.210329216,0.9,0.9,1769196196249551211_35513514,1769182317238896786_2326343,2026-01-23
39c3dd6b-5ad7-4d38-a86b-eaca1483a9f4,us_boston_streets_684,no_match,brad,2026-01-14 03:13:15.076286+00:00,c94e464a,no_match,0.4527579986,,1,1,1,0.8,0,0.04019549166,0.9609827222,1,True,0.9991619964,0,0,0.0002038433675,1,0.04019549166,0.03901727777,0.03901727777,0.9706879094,6.003708175,5.151719406,5.975705191,0.2259401329,0.6149768858,7.728628502,1,5.151719406,5.909196918,0,3,3,4,4,0.8571428571,0,0,0,1,1,1,1,1,1,1,1,0,0,0,0,6,5.080961823,0.711973847,5.738598445,0.9,0.9,1769196196249551211_35513514,1769182317238896786_2326343,2026-01-23
96f30fe0-4a3c-4c2f-a9b9-9f240becc1aa,us_boston_streets_2155,no_match,brad,2026-01-14 03:13:16.311579+00:00,c94e464a,no_match,0.4526540994,,1,1,1,0.8,0,0.04649086579,0.9655154358,1,True,0.9988135134,0,0,0.0003056757524,1,0.04649086579,0.03448456422,0.03448456422,0.7417492368,3.473744013,2.920340884,3.461709356,0.4502855519,0.7566320962,2.326428692,1,2.920340884,3.433386171,1,4,4,4,4,1,1,0,0,1,1,1,1,1,1,1,1,0,0,0,0,4,2.801334507,0.4894755793,3.313754544,1,1,1769196196249551211_35513514,1769182317238896786_2326343,2026-01-23
5c54bf88-e86a-4285-ac5e-203905fdb708,us_boston_streets_5460,no_match,brad,2026-01-14 03:13:17.513357+00:00,c94e464a,no_match,0.45247126,,1,1,1,0.8,0,0.04629867622,0.9654089277,1,True,0.9990169481,0,0,0.0002779181184,1,0.04629867622,0.03459107226,0.03459107226,0.7471287537,1.517896741,1.101695933,1.479116444,0.7297098184,0.893313096,11.93361275,0.9999999999,1.101695933,1.377311323,1,4,2,4,4,0.8571428571,0.3333333333,0,0,1,1,1,1,1,1,1,1,0,0,0,0,5,1.053226648,0.4029862454,1.459092962,0.9,0.9,1769196196249551211_35513514,1769182317238896786_2326343,2026-01-23
0bbc8b14-fa43-48ea-ae32-40b971829602,us_boston_streets_730,no_match,brad,2026-01-14 03:13:19.501309+00:00,c94e464a,no_match,0.4521382532,,1,1,1,0.8,0,0.0453993245,0.9591613365,1,True,0.9998760889,0,0,0.0003359953595,1,0.0453993245,0.04083866348,0.04083866348,0.8995434168,4.245041011,4.239727358,4.245040785,0.3372323213,0.7019912026,0.1991776136,1,4.239727358,4.239730575,1,4,4,4,4,1,1,0,0,1,1,1,1,1,1,1,1,0,0,0,0,6,4.239725785,0.005312521921,4.244507892,1,1,1769196196249551211_35513514,1769182317238896786_2326343,2026-01-23
7b76731a-25a7-4080-a9a0-a36560d20916,us_boston_streets_9780,no_match,brad,2026-01-14 03:13:22.228406+00:00,c94e464a,no_match,0.4518024057,,1,1,1,0.8,0,0.04270336004,0,0.1360498601,True,0.9988676927,0,0,2.588113143e-05,1,0.04270336004,0.1360498601,0.04270336004,0.3138802202,9.742848987,9.55140925,9.741303713,0.008595373421,0.4328708429,17.93116519,0.9999999999,9.55140925,9.611659665,1,4,4,4,4,1,1,0,0,1,1,1,1,1,1,1,1,0,0,0,0,6,9.538486821,0.1837133678,9.711071733,1,1,1769196196249551211_35513514,1769182317238896786_2326343,2026-01-23
e555ca0c-c7ec-4d5e-aa35-31034630f1a4,us_boston_streets_3326,no_match,brad,2026-01-14 03:13:23.478266+00:00,c94e464a,no_match,0.4517217565,,1,1,1,0.6,0.9613739723,1,0,0.07769925438,True,0.9996090741,0,0,0.0001486740388,1,0.03862602773,0.07769925438,0.03862602773,0.4971222445,0.467226813,0.3171606548,0.4672057554,0.9263087131,0.9739559442,6.556868012,1,0.3171606548,0.3175436727,1,4,4,3,3,0.8571428571,0,0,0,1,1,1,1,1,1,1,1,0,0,0,0,3,0.3171611028,0.1500310623,0.4522133122,0.9,0.9,1769196196249551211_35513514,1769182317238896786_2326343,2026-01-23
0243ff00-7016-4624-9762-271387dfa3ac,us_boston_streets_3931,no_match,brad,2026-01-14 03:13:24.499603+00:00,c94e464a,no_match,0.4517215862,,1,1,1,0.6,0,0.08326879981,0,0.02597484697,True,0.9990062779,0,0,0.0003513752229,1,0.08326879981,0.02597484697,0.02597484697,0.3119397305,2.290488541,2.066558625,2.270381104,0.5864156509,0.832100934,3.923063788,1,2.066558625,2.223106034,1,3,3,3,3,1,1,0,0,1,1,1,1,1,1,1,1,0,0,0,0,5,2.036544953,0.2099445507,2.256294375,1,1,1769196196249551211_35513514,1769182317238896786_2326343,2026-01-23
16794a68-d5d4-4ab1-80cf-52286b43ecb6,us_boston_streets_5240,no_match,brad,2026-01-14 03:13:27.019069+00:00,c94e464a,no_match,0.4516323728,,1,1,1,1,0,1,0.005889872554,0.9978558797,False,0.9995573699,0,0,1.337567797e-05,1,1,0.9919660072,0.9919660072,0.9919660072,41.97853459,40.46879789,41.97719866,0,0,0.7727555976,1,40.46879789,40.64541081,1,4,3,3,4,1,1,0,0,1,1,1,1,1,1,1,1,0,0,0,0,5,40.64040117,1.340718902,41.84868878,1,1,1769196196249551211_35513514,1769182317238896786_2326343,2026-01-23
2c6feb55-b6b2-4bda-b8fa-90103209da56,us_boston_streets_891,no_match,brad,2026-01-14 03:13:28.163701+00:00,c94e464a,no_match,0.4515690044,,1,1,1,0.8,0.9682061145,1,0,0.05247830202,True,0.998807077,0,0,0.0001561557961,1,0.03179388553,0.05247830202,0.03179388553,0.6058482135,2.8885925,1.939444677,2.885487772,0.5385015797,0.7953287101,2.907407449,0.9999999999,1.939444677,2.877811803,0,4,4,4,4,1,1,0,0,1,1,1,1,1,1,1,1,0,0,0,0,5,1.934639996,0.9439732759,2.791201404,1,1,1769196196249551211_35513514,1769182317238896786_2326343,2026-01-23
bdb507dd-094e-43c9-b542-6d69b74a918c,us_boston_streets_6009,no_match,brad,2026-01-14 03:13:29.465559+00:00,c94e464a,no_match,0.4514904636,,1,1,1,0.4,0,0.03245960656,0.949240028,1,True,0.9996671609,0,0,0.0001637498962,1,0.03245960656,0.05075997203,0.03245960656,0.6394725068,6.863683827,6.065326455,6.85083512,0.1714982408,0.5697793972,6.933853991,1,6.065326455,6.820201924,0,3,3,3,3,1,1,0,0,1,1,1,1,1,1,1,1,0,0,0,0,4,6.083161541,0.7769428607,6.784915713,1,1,1769196196249551211_35513514,1769182317238896786_2326343,2026-01-23
c1721d9f-9deb-47db-9df7-4988c3f1d04c,us_boston_streets_3509,no_match,brad,2026-01-14 03:13:39.315547+00:00,c94e464a,no_match,0.4513359001,,0.5,0.5,0.5,0.6,0.1021233037,1,0,0.3208636284,True,0.9990865481,0,0,0.0003200714455,1,0.8978766963,0.3208636284,0.3208636284,0.3573582316,9.245771285,8.628678751,9.244631446,0.06888817828,0.5175849215,2.039338968,1,8.628678751,8.545183075,1,3,1,3,3,0.8,0.3333333333,1,0,0,1,1,1,0.5,0.5,0,1,0,0,0,0,4,8.569845828,0.5548857316,9.160859387,0.9,0.9,1769196196249551211_35513514,1769182317238896786_2326343,2026-01-23
1621b8ad-aa29-4f36-aebb-6f46b1632705,us_boston_streets_3524,match,brad,2026-01-16 03:47:23.226569+00:00,99b790ab,review,0.7499489316,,1,1,1,1,0.0001949607839,1,0,0.7044296669,True,0.9990389557,0,0,0.0005584121658,1,0.9998050392,0.7044296669,0.7044296669,0.7045670299,1.384127263,0.7606804586,1.326492193,0.8478145495,0.9459560894,0.3656531365,1,0.7606804586,0.6881080129,1,4,4,4,4,1,1,0,0,1,1,1,1,1,1,1,1,0,0,0,0,5,0.8173970442,0.7339166483,1.330086713,1,1,1769196196249551211_35513514,1769182317238896786_2326343,2026-01-23
4707dc04-f9a2-4e72-81ba-78f8618198c8,us_boston_streets_1476,match,brad,2026-01-16 03:47:35.843576+00:00,99b790ab,review,0.7498860503,,1,1,1,0.8,0,0.7004404414,0.4824966178,1,True,0.9990299486,0,0.557664208,3.896616252e-05,1,0.7004404414,0.5175033822,0.5175033822,0.7388256754,5.186434422,4.276788433,5.048338486,0.3643575835,0.6999835865,3.163129761,1,4.276788433,4.18975402,1,3,3,3,2,0.9090909091,0.3333333333,0,0,1,1,1,1,1,1,1,1,0,0,0,0.557664208,3,4.278216377,0.4046022832,4.643622803,0.95,0.95,1769196196249551211_35513514,1769182317238896786_2326343,2026-01-23
1af82d85-44bf-4308-aff7-a0b8a0ebc7c3,us_boston_streets_8305,no_match,brad,2026-01-16 03:47:46.042364+00:00,99b790ab,review,0.7498858974,,0.5,0.5,0.5,0.1,0,1,0.01342087409,0.9502796297,True,0.998926925,10000,10000,2.25024046e-05,1,1,0.9368587556,0.9368587556,0.9368587556,5.452026921,3.53574205,5.451930092,0.4980046858,0.7905269399,2.012337654,1,3.53574205,3.273714792,1,3,1,1,3,1,1,1,1,1,1,1,1,0.5,0.5,0,1,0,0,inf,inf,0,3.288576728,1.730177325,5.186581833,1,1,1769196196249551211_35513514,1769182317238896786_2326343,2026-01-23
8b23da18-4997-4667-801c-b374b433ddca,us_boston_streets_9101,no_match,brad,2026-01-16 03:47:53.549073+00:00,99b790ab,no_match,0.4999918524,,1,1,1,0.6,0.9432572663,1,0,0.03040929582,True,0.9989646724,0,0,0.0002061734194,1,0.05674273368,0.03040929582,0.03040929582,0.5359152414,2.67231625,1.832298797,2.671778169,0.5606467394,0.8079795232,1.339423575,0.9999999995,1.832298797,2.670449724,0,3,3,3,3,1,1,0,0,1,1,1,1,1,1,1,1,0,0,0,0,4,1.831881262,0.8391206502,2.588009884,1,1,1769196196249551211_35513514,1769182317238896786_2326343,2026-01-23
7f221f12-52aa-4e60-b465-c92fbe4db861,us_boston_streets_8592,no_match,brad,2026-01-16 03:47:57.197694+00:00,99b790ab,no_match,0.4999864607,,0.3125,0.5429738562,0.25,0.1,0,1,0.1058348615,0.9238206683,True,0.9993528511,0,10000,1.39031377e-05,1,1,0.8179858067,0.8179858067,0.8179858067,13.61941395,13.15505291,13.58976817,0,0.3549830205,1.209744519,1,13.15505291,13.49005965,1,3,2,3,1,0.8888888889,0.3333333333,0,1,0,1,1,1,0,0.2857142857,1,1,0,0,0,inf,2,13.42193624,0.06132028712,13.6098556,0.95,0.95,1769196196249551211_35513514,1769182317238896786_2326343,2026-01-23
3931d67e-fc5d-4913-89a8-a2c1ede8b793,us_boston_streets_409,match,brad,2026-01-16 03:48:11.207961+00:00,99b790ab,no_match,0.4999707573,,1,1,1,0.8,0.7918682838,1,0.9030255165,1,True,0.9999182304,0,0,0.0003062849572,1,0.2081317162,0.09697448351,0.09697448351,0.4659284288,1.721805167,1.314442062,1.721104293,0.781033486,0.9083670606,22.1583297,1,1.314442062,0.412897883,1,3,3,3,3,1,1,0,0,1,1,1,1,1,1,1,1,0,0,0,0,3,1.010524911,0.657221031,1.636594549,1,1,1769196196249551211_35513514,1769182317238896786_2326343,2026-01-23
a139bacf-2ac0-48f8-a6cb-92532697e282,us_boston_streets_3916,no_match,brad,2026-01-16 03:48:21.916721+00:00,99b790ab,no_match,0.4999646127,,0.5,0.5,0.5,0.1,0,1,0.4668059477,0.9577382058,True,0.9988586036,0,0,0.0003139421609,1,1,0.4909322581,0.4909322581,0.4909322581,9.124017925,7.761753478,9.122642124,0.130203794,0.5753472927,2.478130901,1,7.761753478,7.618850598,1,2,3,3,2,1,1,0,0,1,1,1,1,0.5,0.5,0,1,0,0,0,0,5,7.608727085,1.618668706,8.984527288,1,1,1769196196249551211_35513514,1769182317238896786_2326343,2026-01-23
5a85988b-dc29-4b0f-8d95-fab416464208,us_boston_streets_5890,no_match,brad,2026-01-16 03:48:23.660996+00:00,99b790ab,no_match,0.4999559464,,1,1,1,0.8,0.9610795538,1,0.95970122,1,True,0.9988421413,0,0,0.0002504146245,1,0.03892044623,0.04029878,0.03892044623,0.9657971341,1.753834055,1.131650154,1.749600943,0.6935269115,0.8715902206,2.225380419,1,1.131650154,1.739149269,1,3,3,3,3,1,1,0,0,1,1,1,1,1,1,1,1,0,0,0,0,4,0.990738543,0.6224601452,1.64939743,1,1,1769196196249551211_35513514,1769182317238896786_2326343,2026-01-23
5ca308f2-8aaa-4763-99fc-922bcb034159,us_boston_streets_2701,no_match,brad,2026-01-16 03:48:26.614644+00:00,99b790ab,no_match,0.4999383193,,0.5,0.5,0.5,0.1,0.04917623231,1,0,0.9680086944,True,0.9994403427,0,0,1.075881233e-05,1,0.9508237677,0.9680086944,0.9508237677,0.982247136,13.90463594,12.27622087,13.87425378,0,0.4252317953,0.4258814615,1,12.27622087,11.57596046,1,4,4,4,4,1,1,0,0,1,1,1,1,0.5,0.5,0,1,0,0,0,0,6,11.58048095,0.4028948914,12.52050805,1,1,1769196196249551211_35513514,1769182317238896786_2326343,2026-01-23
817ef25b-a61f-4dc0-80f9-b3bde10f2678,us_boston_streets_7581,no_match,brad,2026-01-16 03:48:32.114739+00:00,99b790ab,no_match,0.4999292623,,1,1,1,1,0,1,0.2569316831,0.8845041402,True,0.9993450083,0,0,0.0001243083346,1,1,0.6275724571,0.6275724571,0.6275724571,14.25239349,14.04424088,14.250624,0,0.3476488834,0.2244858593,1,14.04424088,14.00419565,1,3,3,4,3,0.9230769231,0.3333333333,0,0,1,1,1,1,1,1,1,1,0,0,0,0,5,14.00434746,0.2267728016,14.16381422,0.95,0.95,1769196196249551211_35513514,1769182317238896786_2326343,2026-01-23
98224be1-c998-451f-bfcb-ebda329c4982,us_boston_streets_346,no_match,brad,2026-01-16 03:48:36.097247+00:00,99b790ab,no_match,0.4998874788,,0.5,0.5,0.5,0.1,0,1,0.07387386992,0.9327558876,True,0.9991556915,0,0,9.947498802e-06,1,1,0.8588820177,0.8588820177,0.8588820177,11.74792685,10.98023132,11.74750651,0,0.4398648344,1.292563488,1,10.98023132,10.98093091,1,3,4,4,3,1,1,0,0,1,1,1,1,0.5,0.5,0,1,0,0,0,0,5,10.97834448,0.766995953,11.66842497,1,1,1769196196249551211_35513514,1769182317238896786_2326343,2026-01-23
91e2abb0-a126-4d59-86bf-98fe367f868c,us_boston_streets_5501,no_match,brad,2026-01-16 03:48:37.663159+00:00,99b790ab,no_match,0.4998697653,,1,1,1,0.6,0.959682286,1,0,0.03890280161,True,0.9990531159,0,0,0.0002992704101,1,0.04031771396,0.03890280161,0.03890280161,0.9649059379,2.191706773,1.427514736,2.188324038,0.6378599672,0.843107022,1.500902586,1,1.427514736,2.180155593,1,4,4,4,4,1,1,0,0,1,1,1,1,1,1,1,1,0,0,0,0,2,1.266558274,0.742635212,2.046903172,1,1,1769196196249551211_35513514,1769182317238896786_2326343,2026-01-23
ba99a3cb-1e7d-4b22-baeb-2c5a8256fd29,us_boston_streets_5261,no_match,brad,2026-01-16 03:48:39.035824+00:00,99b790ab,no_match,0.4998590799,,1,1,1,0.8,0.9597385381,1,0,0.03895531865,True,0.9990852602,0,0,0.0003330096478,1,0.04026146194,0.03895531865,0.03895531865,0.9675584734,2.368957081,1.693479602,2.363266033,0.6047510714,0.8300663231,1.778818094,1,1.693479602,2.349670335,1,4,4,4,4,1,1,0,0,1,1,1,1,1,1,1,1,0,0,0,0,5,1.559384442,0.6711184455,2.260308979,1,1,1769196196249551211_35513514,1769182317238896786_2326343,2026-01-23
78959f7c-19ee-4726-aa46-5638b42f3352,us_boston_streets_391,no_match,brad,2026-01-16 03:48:40.751094+00:00,99b790ab,no_match,0.4998554426,,1,1,1,0.6,0,0.04001777709,0.9608138016,1,True,0.9989425005,0,0,0.0002276949491,1,0.04001777709,0.03918619845,0.03918619845,0.9792197692,3.54669904,2.566586592,3.544457955,0.4680810163,0.7553992407,4.203631995,0.9999999999,2.566586592,3.538499477,0,3,3,3,3,1,1,0,0,1,1,1,1,1,1,1,1,0,0,0,0,4,2.569256743,0.9763773068,3.448741812,1,1,1769196196249551211_35513514,1769182317238896786_2326343,2026-01-23
5ec7fbb1-0cb7-4194-b977-e57e1cf03047,us_boston_streets_10004,match,brad,2026-01-16 03:48:44.920967+00:00,99b790ab,no_match,0.4998545368,,1,1,1,1,0.00901809101,1,0,0.2027194257,True,0.9999901252,0,0,0.001269976435,1,0.990981909,0.2027194257,0.2027194257,0.2045642043,0.6817091398,0.6627940246,0.6802437422,0.8726792805,0.9539767606,0.01433786887,1,0.6627940246,0.6628170777,1,5,3,4,3,0.9333333333,0.3333333333,0,0,1,1,1,1,1,1,1,1,0,0,0,0,6,0.6636880878,0.02868220764,0.6810682295,0.95,0.95,1769196196249551211_35513514,1769182317238896786_2326343,2026-01-23
5f782fb7-f020-4897-bdd2-c5f94a72a2f1,us_boston_streets_3549,no_match,brad,2026-01-16 03:48:47.424471+00:00,99b790ab,no_match,0.4998494987,,0.5,0.5,0.5,0.1,0,1,0.4427921284,0.8435175586,True,0.9993348159,0,0,0.0001302146379,1,1,0.4007254303,0.4007254303,0.4007254303,7.698143877,7.004126038,7.68442237,0.1658731109,0.5906747065,2.060005101,1,7.004126038,6.944281828,1,3,4,3,3,0.9230769231,0.3333333333,0,0,1,1,1,1,0.5,0.5,0,1,0,0,0,0,4,6.961322307,0.04595778683,7.474594585,0.95,0.95,1769196196249551211_35513514,1769182317238896786_2326343,2026-01-23
749f24d8-bed2-4099-923e-bf1ccab74fb6,us_boston_streets_4657,no_match,brad,2026-01-16 03:48:52.668362+00:00,99b790ab,no_match,0.4998379681,,0.5,0.5,0.5,0.1,0.03878744598,1,0,0.9311378447,True,0.9991060792,0,0,1.202269389e-05,1,0.961212554,0.9311378447,0.9311378447,0.9687116973,13.36666504,12.44163487,13.3620021,0,0.4109582219,2.073465845,1,12.44163487,11.77895461,1,4,4,4,4,1,1,0,0,1,1,1,1,0.5,0.5,0,1,0,0,0,0,6,11.795712,1.032004505,13.12764836,1,1,1769196196249551211_35513514,1769182317238896786_2326343,2026-01-23
46ee6f31-bc79-4a81-ab1a-155233368163,us_boston_streets_3101,match,brad,2026-01-16 03:48:58.098677+00:00,99b790ab,no_match,0.499836635,,1,1,1,1,0,1,0.3761146319,0.5846909133,True,0.9989586267,10000,0,0.0008278190745,1,1,0.2085762814,0.2085762814,0.2085762814,3.079059545,1.552262572,3.078387942,0.7771940809,0.910930536,2.16481433,1,1.552262572,0.975315565,1,4,4,4,4,1,1,0,0,1,1,1,1,1,1,1,1,0,0,0,inf,1,1.203564635,1.719992329,3.056500668,1,1,1769196196249551211_35513514,1769182317238896786_2326343,2026-01-23
215d3e8e-86b3-4c51-89f2-aea6c41e27fe,us_boston_streets_4219,no_match,brad,2026-01-16 03:48:59.796379+00:00,99b790ab,no_match,0.4998256649,,1,1,1,0.8,0.9726684762,1,0,0.07183755735,True,0.9998462828,0,0,7.313128916e-05,1,0.02733152384,0.07183755735,0.02733152384,0.3804628782,2.051007343,1.484512634,2.050835711,0.6238124735,0.8457132357,0.183832972,1,1.484512634,2.050434329,0,3,3,3,3,1,1,0,0,1,1,1,1,1,1,1,1,0,0,0,0,4,1.476473524,0.5662086568,1.991888929,1,1,1769196196249551211_35513514,1769182317238896786_2326343,2026-01-23
cb36f4b9-167e-4131-912e-27d492700cbf,us_boston_streets_6269,no_match,brad,2026-01-16 03:49:01.311306+00:00,99b790ab,no_match,0.4998061752,,1,1,1,0.8,0,0.0349862294,0,0.04560918372,True,0.9990945458,0,0,0.0001987874331,1,0.0349862294,0.04560918372,0.0349862294,0.7670873835,0.5234374595,0.4571208496,0.5159973081,0.8887260043,0.9596622518,1.639702694,1,0.4571208496,0.4983660105,1,3,3,3,3,1,1,0,0,1,1,1,1,1,1,1,1,0,0,0,0,4,0.4442554937,0.0668237789,0.5130476255,1,1,1769196196249551211_35513514,1769182317238896786_2326343,2026-01-23
27ac3e11-cb6b-4ac7-9e4d-ea12ca97dd37,us_boston_streets_2021,match,brad,2026-01-16 03:49:09.497668+00:00,99b790ab,no_match,0.4997776003,,1,1,1,1,0,0.3808091758,0.8581439269,1,True,0.9991098014,0,0,0.0005412295561,1,0.3808091758,0.1418560731,0.1418560731,0.3725122243,3.254004716,2.94812493,3.19664797,0.5199637677,0.8009364171,0.8204083797,1,2.94812493,3.024310707,1,4,4,2,2,0.6666666667,0,0,0,1,1,0,0,1,1,1,1,0,0,0,0,3,2.96660506,0.168764507,3.151721895,0.8,0.8,1769196196249551211_35513514,1769182317238896786_2326343,2026-01-23
bccae33b-5828-484b-b319-820b77fd021c,us_boston_streets_1303,no_match,brad,2026-01-16 03:49:12.468844+00:00,99b790ab,no_match,0.4997761073,,0.6060606061,0.7044117647,0.3636363636,0.6,0,1,0.1389958824,0.8131692265,True,0.9997789149,0,0,6.77476583e-06,1,1,0.674173344,0.674173344,0.674173344,12.15739809,11.11217506,12.14438117,0,0.4046313219,7.192735887,1,11.11217506,11.13383085,1,3,3,4,4,0.8571428571,0,0,0,1,1,1,1,0,0.5714285714,1,1,0,0,0,0,6,11.07603065,0.9800973559,11.96826171,0.9,0.9,1769196196249551211_35513514,1769182317238896786_2326343,2026-01-23
c299333f-32b4-4f79-b66f-2a483ba38280,us_boston_streets_9280,no_match,brad,2026-01-16 03:49:14.329899+00:00,99b790ab,no_match,0.4997149546,,0.5,0.5,0.5,0.1,0,0.4515884194,0.8372842342,1,True,0.9993521585,0,0,0.0001015333153,1,0.4515884194,0.1627157658,0.1627157658,0.36031873,9.908872744,9.630199689,9.908700372,0.01075486472,0.4420473035,6.029250727,1,9.630199689,9.637068026,1,3,4,4,4,0.9333333333,0.3333333333,0,0,1,1,1,1,0.5,0.5,0,1,0,0,0,0,4,9.628424679,0.278385769,9.880415478,0.95,0.95,1769196196249551211_35513514,1769182317238896786_2326343,2026-01-23
c4fb2d95-cbad-48bf-8f7c-c7ebe239121c,us_boston_streets_6587,no_match,brad,2026-01-16 03:49:15.697202+00:00,99b790ab,no_match,0.499699109,,1,1,1,1,0.9578353389,1,0,0.0373252152,True,0.9996535969,0,0,0.0002884503042,1,0.04216466113,0.0373252152,0.0373252152,0.8852250723,1.614360585,1.365341796,1.612036455,0.6907012785,0.8771506529,0.5462876283,1,1.365341796,1.606594007,1,3,3,3,3,1,1,0,0,1,1,1,1,1,1,1,1,0,0,0,0,4,1.282378298,0.2401342,1.551946798,1,1,1769196196249551211_35513514,1769182317238896786_2326343,2026-01-23
90336280-bb45-4efa-835f-af06e8879d96,us_boston_streets_4001,no_match,brad,2026-01-16 03:49:17.629343+00:00,99b790ab,no_match,0.4996936685,,1,1,1,0.6,0.9604080322,1,0,0.03960327845,True,0.9992571485,0,0,0.0002790477464,1,0.03959196779,0.03960327845,0.03959196779,0.9997144009,2.179923755,1.74135803,2.17564735,0.6184136218,0.8404296181,0.9379486207,0.9999999998,1.74135803,2.165589147,1,4,4,4,4,1,1,0,0,1,1,1,1,1,1,1,1,0,0,0,0,5,1.604812394,0.4124998932,2.069933771,1,1,1769196196249551211_35513514,1769182317238896786_2326343,2026-01-23
dacac891-555b-46c2-a2f0-bc5c91f70dda,us_boston_streets_8577,no_match,brad,2026-01-16 03:49:20.567595+00:00,99b790ab,no_match,0.4996735785,,0.6666666667,0.7560772561,0.6666666667,1,0,0.170271264,0.9567524731,1,True,0.9988565175,0,0,0.0003382512954,1,0.170271264,0.04324752688,0.04324752688,0.2539919295,1.281488692,0.9628960753,1.281054476,0.7934146881,0.923130063,11.65212345,1,0.9628960753,0.9662456698,1,4,4,4,4,1,1,0,0,1,1,1,1,0,0.75,1,1,0,0,0,0,4,0.9613491229,0.3164215358,1.246704786,1,1,1769196196249551211_35513514,1769182317238896786_2326343,2026-01-23
09491297-421e-4ed3-9229-21c8cfebdae3,us_boston_streets_4497,no_match,brad,2026-01-16 03:49:24.482474+00:00,99b790ab,no_match,0.4996591846,,0.5,0.5,0.5,0.1,0,0.9255847438,0,0.8760839321,True,0.9990757856,0,0,3.790547767e-05,1,0.9255847438,0.8760839321,0.8760839321,0.946519417,11.05115155,10.66565959,11.05084864,0,0.4571615317,0.4190430243,1,10.66565959,10.67147709,1,3,4,3,3,0.9230769231,0.3333333333,0,0,1,1,1,1,0.5,0.5,0,1,0,0,0,0,4,10.67102232,0.1598004314,10.97271279,0.95,0.95,1769196196249551211_35513514,1769182317238896786_2326343,2026-01-23
4c5f1724-bf36-4810-9387-f9862bb08546,us_boston_streets_391,no_match,brad,2026-01-16 03:49:27.366850+00:00,99b790ab,no_match,0.4996525795,,0.5,0.5,0.5,0.1,0.0560717579,1,0,0.9410327671,True,0.999532018,0,0,3.678398682e-06,1,0.9439282421,0.9410327671,0.9410327671,0.9969325264,13.08747786,12.69057877,13.07051506,0,0.3724541982,1.167709093,1,12.69057877,12.8162731,1,3,2,3,3,0.9090909091,0.3333333333,0,0,1,1,1,1,0.5,0.5,0,1,0,0,0,0,4,12.78577065,0.2811216465,13.05401971,0.95,0.95,1769196196249551211_35513514,1769182317238896786_2326343,2026-01-23
3d8891c2-7716-44a5-bfe6-5828050b6bc8,us_boston_streets_6761,no_match,brad,2026-01-16 03:49:28.746949+00:00,99b790ab,no_match,0.4996373152,,1,1,1,0.8,0.9669427632,1,0,0.08480346846,True,0.9988969624,0,0,7.930968444e-05,1,0.03305723684,0.08480346846,0.03305723684,0.3898099623,0.4700057026,0.4434695972,0.47000406,0.8975810088,0.9636420907,1.481518603,0.9999999999,0.4434695972,0.4434893335,1,3,3,3,3,1,1,0,0,1,1,1,1,1,1,1,1,0,0,0,0,4,0.443467404,0.02653336766,0.4673508865,1,1,1769196196249551211_35513514,1769182317238896786_2326343,2026-01-23
7e6d5c32-e928-48a0-bb0d-51b697080875,us_boston_streets_6007,no_match,brad,2026-01-16 03:49:31.279012+00:00,99b790ab,no_match,0.4996338098,,0.5,0.5,0.5,0.1,0,1,0.2781940505,0.8194938402,True,0.998812542,0,0,8.157705724e-05,1,1,0.5412997897,0.5412997897,0.5412997897,12.82209691,7.000341776,12.81235908,0.2626075759,0.5668822773,40.66182641,1,7.000341776,3.821477194,1,2,3,2,6,0.7692307692,0.3333333333,0,0,1,1,1,1,0.5,0.5,0,1,0,0,0,0,6,6.247100193,4.612455862,11.86741818,0.85,0.85,1769196196249551211_35513514,1769182317238896786_2326343,2026-01-23
1909e400-d1f1-464e-8d6b-e64a0e1501a0,us_boston_streets_2921,no_match,brad,2026-01-16 03:49:33.814941+00:00,99b790ab,no_match,0.499631877,,0.5,0.5,0.5,0.1,0.1473560941,1,0,0.4348312203,True,0.999423466,0,0,0.000167164992,1,0.8526439059,0.4348312203,0.4348312203,0.5099798607,10.31246262,5.144091408,8.583114181,0.3381870761,0.6588013372,33.57764831,1,5.144091408,3.777825394,1,4,3,3,3,0.9230769231,0.3333333333,0,0,1,1,1,1,0.5,0.5,0,1,0,0,0,0,4,5.617271732,2.127908567,9.516268914,0.95,0.95,1769196196249551211_35513514,1769182317238896786_2326343,2026-01-23
3c5415cb-1ae8-4ad9-a962-087255661fb3,us_boston_streets_4801,no_match,brad,2026-01-16 03:49:36.202070+00:00,99b790ab,no_match,0.4996209013,,1,1,1,0.8,0,0.0500058381,0,0.03277568981,True,0.9994261138,0,0,0.0001965866361,1,0.0500058381,0.03277568981,0.03277568981,0.655437266,2.276866336,1.522667966,2.25352823,0.6100490509,0.8369144631,16.54696766,0.9999999998,1.522667966,2.187711741,1,4,4,3,3,0.8571428571,0,0,0,1,1,1,1,1,1,1,1,0,0,0,0,4,1.452647749,0.6375078406,2.048191168,0.9,0.9,1769196196249551211_35513514,1769182317238896786_2326343,2026-01-23
c79d8cf1-6ad7-48c7-aa6b-b2c7a6578318,us_boston_streets_2077,no_match,brad,2026-01-16 03:49:37.615346+00:00,99b790ab,no_match,0.499599218,,1,1,1,0.8,0,0.06368733695,0.9712696306,1,True,0.999000827,0,0,0.0003298487075,1,0.06368733695,0.02873036937,0.02873036937,0.4511158851,2.046680551,1.497556026,2.04137841,0.6327464027,0.8484282807,2.186559741,1,1.497556026,2.02874431,0.8270573856,3,3,3,3,1,1,0,0,1,1,1,1,1,1,1,1,0,0,0,0,4,1.428607294,0.5418220168,1.969622977,1,1,1769196196249551211_35513514,1769182317238896786_2326343,2026-01-23
d98a1623-d854-4c22-81ba-3ec8aef5e300,us_boston_streets_4342,no_match,brad,2026-01-16 03:49:42.286012+00:00,99b790ab,no_match,0.4995924166,,0.5,0.5,0.5,0.1,0.4526172094,0.9477050309,0,1,True,0.9989843731,0,0,1.956747506e-05,1,0.4950878215,1,0.4950878215,0.4950878215,5.438945249,2.42971926,5.313755315,0.6558157882,0.8300195342,2.93629625,1,2.42971926,1.665220606,1,3,3,2,3,0.9090909091,0.3333333333,0,0,1,1,1,1,0.5,0.5,0,1,0,0,0,0,3,1.854068366,1.405776083,3.994757446,0.95,0.95,1769196196249551211_35513514,1769182317238896786_2326343,2026-01-23
218a329c-2a5d-49fb-983c-4b9bf5399a0d,us_boston_streets_1359,no_match,brad,2026-01-16 03:49:45.668988+00:00,99b790ab,no_match,0.499579098,,0.5,0.5,0.5,0.1,0,1,0.06592918997,0.5131609544,True,0.9994490945,0,0,0.0003749638102,1,1,0.4472317645,0.4472317645,0.4472317645,8.055073085,6.881163732,7.944882186,0.1650297491,0.5978835242,1.553541393,1,6.881163732,7.264558127,1,2,4,3,4,0.9230769231,0.3333333333,0,0,1,1,1,1,0.5,0.5,0,1,0,0,0,0,3,7.040730082,1.341007904,7.731816612,0.95,0.95,1769196196249551211_35513514,1769182317238896786_2326343,2026-01-23
7b7715d0-aaee-4a90-ab2b-8dcd2d3d1b47,us_boston_streets_8269,no_match,brad,2026-01-16 03:49:47.633463+00:00,99b790ab,no_match,0.4995727308,,0.5,0.5,0.5,0.1,0.3536224177,1,0.1479477485,1,True,0.9992645642,0,0,3.829319069e-05,1,0.6463775823,0.8520522515,0.6463775823,0.7586126099,10.45042558,9.745365108,10.45040648,0.015682376,0.483476165,1.377867098,1,9.745365108,9.745743523,1,3,3,4,2,0.8333333333,0,0,0,1,1,1,1,0.5,0.5,0,1,0,0,0,0,4,9.745155005,0.7053243394,10.37989315,0.9,0.9,1769196196249551211_35513514,1769182317238896786_2326343,2026-01-23
794c7508-4404-47b8-b684-e903955e2c39,us_boston_streets_240,no_match,brad,2026-01-16 03:49:49.905791+00:00,99b790ab,no_match,0.499536245,,0.5,0.5,0.5,0.1,0,0.68564855,0.09531952321,1,True,0.9990175445,0,0,6.25942337e-05,1,0.68564855,0.9046804768,0.68564855,0.7578902912,9.596786601,3.433774416,8.555356398,0.5499107164,0.7913917408,4.130707548,1,3.433774416,2.795916782,1,3,3,4,3,0.9230769231,0.3333333333,0,0,1,1,1,1,0.5,0.5,0,1,0,0,0,0,4,2.826893888,1.40808231,4.211523208,0.95,0.95,1769196196249551211_35513514,1769182317238896786_2326343,2026-01-23
36db7c45-545f-44fd-8b4d-cf61bb470729,us_boston_streets_9135,no_match,brad,2026-01-16 03:49:54.364776+00:00,99b790ab,no_match,0.499515237,,0.5,0.5,0.5,0.1,0,1,0.04900972166,0.5226193142,True,0.9989170137,10000,0,0.0004856831967,1,1,0.4736095926,0.4736095926,0.4736095926,7.559843993,6.077296771,7.437508605,0.2262727648,0.6503789543,1.213106251,1,6.077296771,6.344876176,1,4,3,3,4,1,1,0,0,1,1,1,1,0.5,0.5,0,1,0,0,0,inf,1,6.255588036,0.1558971497,7.337654855,1,1,1769196196249551211_35513514,1769182317238896786_2326343,2026-01-23
df261e37-fd10-4e32-9904-e5235640a17b,us_boston_streets_4095,match,brad,2026-01-16 03:50:07.880313+00:00,99b790ab,no_match,0.4995101253,,1,1,1,1,0,1,0.5264623714,0.7666133074,True,0.9997491515,0,0,0.001248462102,1,1,0.240150936,0.240150936,0.240150936,0.1213667289,0.1059271214,0.1213450436,0.9785798167,0.9926684431,0.0113153688,1,0.1059271214,0.1070823145,1,3,3,3,3,1,1,0,0,1,1,1,1,1,1,1,1,0,0,0,0,5,0.1070548385,0.01920121225,0.1189917667,1,1,1769196196249551211_35513514,1769182317238896786_2326343,2026-01-23
94ce86ba-1eaf-48a9-b16d-bc12a4b06401,us_boston_streets_5852,match,brad,2026-01-16 03:50:10.939148+00:00,99b790ab,no_match,0.4994985373,,1,1,1,1,0,1,0.2058726072,0.4083263915,True,0.999610444,10000,10000,0.0008074087116,1,1,0.2024537844,0.2024537844,0.2024537844,1.00930436,0.7788209153,1.001424972,0.8421966729,0.9438356926,0.3541286042,1,0.7788209153,0.8499168445,1,4,4,4,4,1,1,0,0,1,1,1,1,1,1,1,1,0,0,inf,inf,0,0.838305089,0.2161541177,0.9915103054,1,1,1769196196249551211_35513514,1769182317238896786_2326343,2026-01-23
e3430872-eaed-423c-b144-c46f17bafcc9,us_boston_streets_4643,match,brad,2026-01-16 03:50:14.593135+00:00,99b790ab,no_match,0.499494674,,1,1,1,0.8,0.8425162623,1,0,0.6785295025,True,0.9988083021,0,0,3.173132013e-05,1,0.1574837377,0.6785295025,0.1574837377,0.2320956379,0.6927195009,0.4487724803,0.6926988951,0.9227950163,0.968730581,4.26752713,1,0.4487724803,0.2429286294,1,3,3,2,3,0.9090909091,0.3333333333,0,0,1,1,1,1,1,1,1,1,0,0,0,0,3,0.380803848,0.2427894136,0.6476449919,0.95,0.95,1769196196249551211_35513514,1769182317238896786_2326343,2026-01-23
aa2d2a93-071f-4872-8f78-54208c69de42,us_boston_streets_6816,match,brad,2026-01-16 03:50:18.193742+00:00,99b790ab,no_match,0.4994756553,,1,1,1,1,0.1596550467,0.5844916615,0,1,True,0.99995449,0,0,2.539844815e-07,1,0.4248366148,1,0.4248366148,0.4248366148,0.8099296126,0.7427070485,0.8087705561,0.8608035475,0.9505389869,0.02109772262,1,0.7427070485,0.741464544,1,3,3,2,2,0.8,0,0,0,1,1,0,0,1,1,1,1,0,0,0,0,2,0.741059108,0.04237250586,0.8009668653,0.9,0.9,1769196196249551211_35513514,1769182317238896786_2326343,2026-01-23
27beb36f-bec9-480a-aace-52d461d2c4e5,us_boston_streets_6257,no_match,brad,2026-01-16 03:50:20.039160+00:00,99b790ab,no_match,0.4994722939,,1,1,1,1,0.9586664051,1,0,0.03800159083,True,0.9992166631,0,0,0.0002790408746,1,0.04133359487,0.03800159083,0.03800159083,0.9193875089,1.95976818,1.248245703,1.950016386,0.6644669738,0.8583918028,5.47507435,1,1.248245703,1.924398962,1,3,3,3,3,1,1,0,0,1,1,1,1,1,1,1,1,0,0,0,0,5,1.115262905,0.6517548473,1.791259198,1,1,1769196196249551211_35513514,1769182317238896786_2326343,2026-01-23
aaba1cfb-748c-4aee-96d4-b99098037c29,us_boston_streets_25,match,brad,2026-01-16 03:50:23.759696+00:00,99b790ab,no_match,0.4994689935,,1,1,1,1,0,1,0.2408169876,0.4478273274,True,0.999580928,0,0,0.001475909927,1,1,0.2070103398,0.2070103398,0.2070103398,1.689618225,1.165784879,1.689571619,0.7968304206,0.9258671559,0.3918861492,1,1.165784879,1.117348326,1,3,3,3,3,1,1,0,0,1,1,1,1,1,1,1,1,0,0,0,0,3,1.117253386,0.5716629185,1.630107133,1,1,1769196196249551211_35513514,1769182317238896786_2326343,2026-01-23
d07bbbff-e828-4118-8670-0f6d59ebf21a,us_boston_streets_1557,match,brad,2026-01-16 03:50:25.499740+00:00,99b790ab,no_match,0.4994418178,,1,1,1,1,0,1,0.6604379834,0.8806392716,True,0.9995649157,10000,0,0.001612203295,1,1,0.2202012882,0.2202012882,0.2202012882,2.309028733,1.089729249,2.306237413,0.8693128629,0.9487640402,1.006488315,1,1.089729249,0.2151096706,1,4,3,4,3,1,1,0,0,1,1,1,1,1,1,1,1,0,0,0,inf,3,0.671047445,0.3990132537,2.016722478,1,1,1769196196249551211_35513514,1769182317238896786_2326343,2026-01-23
cfe575d3-2e88-47a1-8616-55188773049d,us_boston_streets_5150,no_match,brad,2026-01-16 03:50:29.522935+00:00,99b790ab,no_match,0.4994256244,,0.5,0.5,0.5,0.1,0.9050900982,1,0.9723952773,1,True,0.9992768459,0,0,9.047935497e-05,1,0.09490990175,0.0276047227,0.0276047227,0.2908518731,8.115722909,8.108140763,8.115722057,0.05517705815,0.4950834119,1.04748441,0.9999999998,8.108140763,8.108310306,1,2,2,4,4,0.6666666667,0,0,0,1,0,1,0,0.5,0.5,0,1,0,0,0,0,5,8.108086251,0.007580725034,8.114948057,0.8,0.8,1769196196249551211_35513514,1769182317238896786_2326343,2026-01-23
c481c0a8-13bb-4613-b0b8-29c3c84e84d8,us_boston_streets_8781,no_match,brad,2026-01-16 03:50:34.323441+00:00,99b790ab,no_match,0.4993969895,,1,1,1,0.6,0,0.9926571746,0,0.8290831705,True,0.9989323294,0,0,9.687006838e-05,1,0.9926571746,0.8290831705,0.8290831705,0.8352160159,22.3453696,20.21131546,22.3444417,0,0.1896558695,2.735584898,1,20.21131546,20.28006492,1,3,4,4,5,0.875,0.3333333333,0,0,1,1,1,1,1,1,1,1,0,0,0,0,5,20.18472225,1.598769429,22.1803368,0.9,0.9,1769196196249551211_35513514,1769182317238896786_2326343,2026-01-23
798a4132-39d7-4818-a43c-42087c80e1f0,us_boston_streets_2393,no_match,brad,2026-01-16 03:50:36.819086+00:00,99b790ab,no_match,0.4993893447,,1,1,1,0.8,0,0.04505554009,0.9646808527,1,True,0.998831739,0,10000,1.682712411e-05,1,0.04505554009,0.03531914731,0.03531914731,0.783902429,25.07710044,25.06358558,25.07608061,0,0.04115788104,4.452312122,1,25.06358558,25.07006615,1,3,3,3,3,1,1,0,0,1,1,1,1,1,1,1,1,0,0,0,inf,2,25.06158282,0.008415666262,25.06936904,1,1,1769196196249551211_35513514,1769182317238896786_2326343,2026-01-23
5f517239-02c7-479f-8693-72aa6381ff78,us_boston_streets_1185,match,brad,2026-01-16 03:50:39.354984+00:00,99b790ab,no_match,0.4993890631,,1,1,1,1,0,1,0.002945805473,0.2586611382,True,0.9994452518,0,0,0.001086252914,1,1,0.2557153327,0.2557153327,0.2557153327,1.456189069,1.071418154,1.376500036,0.7914505131,0.9245269484,1.393448331,1,1.071418154,1.112102336,1,3,3,3,3,1,1,0,0,1,1,1,1,1,1,1,1,0,0,0,0,5,1.155369728,0.2788740021,1.401271127,1,1,1769196196249551211_35513514,1769182317238896786_2326343,2026-01-23
c57d7ead-f772-4826-a183-671577708efc,us_boston_streets_4581,no_match,brad,2026-01-16 03:50:42.369042+00:00,99b790ab,no_match,0.4993863247,,0.5,0.5,0.5,0.1,0.4706722399,1,0,0.9929101828,True,0.9988760969,0,0,1.889419534e-06,1,0.5293277601,0.9929101828,0.5293277601,0.5331073941,7.820198158,7.619882252,7.819324641,0.1286998184,0.5688138235,0.3518032117,1,7.619882252,7.562326342,1,4,3,3,4,1,1,0,0,1,1,1,1,0.5,0.5,0,1,0,0,0,0,5,7.575521223,0.07534583182,7.740947269,1,1,1769196196249551211_35513514,1769182317238896786_2326343,2026-01-23
39642fd9-8641-42a0-a2d0-3e73de9f6f34,us_boston_streets_10381,no_match,brad,2026-01-16 03:50:44.135980+00:00,99b790ab,no_match,0.4993637032,,1,1,1,0.8,0.9108018301,1,0,0.02544717636,True,0.9989699591,0,0,0.0003727671808,1,0.08919816991,0.02544717636,0.02544717636,0.2852880994,1.54399838,0.8227514291,1.543251524,0.7279165139,0.8859277784,2.068834687,0.9999999999,0.8227514291,1.541069246,1,3,3,3,3,1,1,0,0,1,1,1,1,1,1,1,1,0,0,0,0,5,0.7230100402,0.7245685864,1.442615596,1,1,1769196196249551211_35513514,1769182317238896786_2326343,2026-01-23
13d18108-3b0d-435c-8e19-0b8d7e7ce904,us_boston_streets_4899,no_match,brad,2026-01-16 03:50:50.112921+00:00,99b790ab,no_match,0.4993527657,,0.5,0.5,0.5,0.1,0,0.4284588794,0,0.1724772621,True,0.9993440738,0,0,3.2464468e-05,1,0.4284588794,0.1724772621,0.1724772621,0.4025526613,10.0902506,9.946542477,10.09019169,0.001631797292,0.4244611284,4.884438892,0.9999999999,9.946542477,9.951129557,1,3,4,3,3,0.9230769231,0.3333333333,0,0,1,1,1,1,0.5,0.5,0,1,0,0,0,0,3,9.945189192,0.1436099443,10.07545417,0.95,0.95,1769196196249551211_35513514,1769182317238896786_2326343,2026-01-23
9fda925d-8633-49b3-ab7c-06addaadf30a,us_boston_streets_6328,no_match,brad,2026-01-16 03:50:54.412046+00:00,99b790ab,no_match,0.4993413202,,0.380952381,0.6426282051,0.4285714286,0.7,0,0.7539402964,0.8284102494,1,True,0.9990598192,0,0,0.0001953757572,1,0.7539402964,0.1715897506,0.1715897506,0.2275906348,9.881922464,8.3310505,9.879099607,0.07036086465,0.5000815521,16.17477795,1,8.3310505,8.460174386,1,5,4,4,4,0.9411764706,0.3333333333,0,0,1,1,1,1,0,0.3333333333,1,1,0,0,0,0,5,8.432723242,1.400930903,9.727348878,0.95,0.95,1769196196249551211_35513514,1769182317238896786_2326343,2026-01-23
b1927bda-9a04-40f8-a7dd-3b2da867f20e,us_boston_streets_1103,no_match,brad,2026-01-16 03:50:58.850509+00:00,99b790ab,no_match,0.4993245427,,1,1,1,1,0,0.04026358553,0,0.03895333083,True,0.999695985,0,0,0.0003191076217,1,0.04026358553,0.03895333083,0.03895333083,0.9674580721,3.034650543,2.014250554,3.033605666,0.5270945775,0.7873682085,0.4928931313,1,2.014250554,3.031149319,0,3,3,2,2,0.8,0,0,0,1,1,0,0,1,1,1,1,0,0,0,0,3,1.957891923,1.015175608,2.90978199,0.9,0.9,1769196196249551211_35513514,1769182317238896786_2326343,2026-01-23
82b3657f-288e-40e0-bed3-5dda82e78862,us_boston_streets_3846,no_match,brad,2026-01-16 03:51:00.380957+00:00,99b790ab,no_match,0.4993153336,,1,1,1,1,0.9563661409,1,0,0.03624488351,True,0.9990900423,0,0,0.0002269918931,1,0.04363385911,0.03624488351,0.03624488351,0.8306595898,3.169716809,2.200131887,3.167944076,0.5045005293,0.7773395448,1.17905466,1,2.200131887,3.163736089,0,3,3,3,3,1,1,0,0,1,1,1,1,1,1,1,1,0,0,0,0,4,2.186395164,0.9666303668,3.068046389,1,1,1769196196249551211_35513514,1769182317238896786_2326343,2026-01-23
3dc31768-a5da-4a17-8cf3-1f3c9aa77e4e,us_boston_streets_5192,no_match,brad,2026-01-16 03:51:02.419023+00:00,99b790ab,no_match,0.4993150923,,0.5,0.5,0.5,0.1,0.3347385338,1,0,0.9321043283,True,0.9988376329,0,0,4.056386964e-05,1,0.6652614662,0.9321043283,0.6652614662,0.7137199625,5.701399314,5.180483437,5.698021218,0.3131010551,0.6982812547,0.3549886046,1,5.180483437,5.192962749,1,4,3,4,4,0.9333333333,0.3333333333,0,0,1,1,1,1,0.5,0.5,0,1,0,0,0,0,4,5.190142552,0.2989903606,5.496953567,0.95,0.95,1769196196249551211_35513514,1769182317238896786_2326343,2026-01-23
a3b24405-9015-4641-998f-87ce86184d72,us_boston_streets_7860,no_match,brad,2026-01-16 03:51:04.417878+00:00,99b790ab,no_match,0.4992799563,,1,1,1,0.8,0,0.05471423431,0,0.03102573862,True,0.998795544,0,0,0.0002674632022,1,0.05471423431,0.03102573862,0.03102573862,0.5670505859,2.775843585,1.858411808,2.772503834,0.5498967058,0.8021401859,2.832612716,1,1.858411808,2.764301201,0,3,3,3,3,1,1,0,0,1,1,1,1,1,1,1,1,0,0,0,0,4,1.837655697,0.9007330234,2.65894832,1,1,1769196196249551211_35513514,1769182317238896786_2326343,2026-01-23
55668e11-1dd5-440c-aee3-535814fb8b93,us_boston_streets_2620,no_match,brad,2026-01-16 03:51:06.256545+00:00,99b790ab,no_match,0.4992732355,,0.5,0.5,0.5,0.1,0,0.6226260551,0,0.252597107,True,0.9990637987,0,0,0.0002909848808,1,0.6226260551,0.252597107,0.252597107,0.4056963324,12.54393252,5.39278165,10.37451605,0.3222920748,0.6194533008,47.4774598,1,5.39278165,5.489727108,1,3,4,4,4,0.9333333333,0.3333333333,0,0,1,1,1,1,0.5,0.5,0,1,0,0,0,0,5,6.672013946,4.885041911,11.75936533,0.95,0.95,1769196196249551211_35513514,1769182317238896786_2326343,2026-01-23
db07eb5c-857e-4668-a7d2-405993bec6e3,us_boston_streets_8561,no_match,brad,2026-01-16 03:51:07.682288+00:00,99b790ab,no_match,0.4992118484,,1,1,1,0.8,0,0.03107502955,0.945438389,1,True,0.9995355122,0,0,0.0001001873561,1,0.03107502955,0.05456161101,0.03107502955,0.5695401763,3.000952103,2.78535874,2.999146486,0.4753102427,0.7787950039,0.4968033957,0.9999999997,2.78535874,2.994931254,0.5336207678,3,3,3,3,1,1,0,0,1,1,1,1,1,1,1,1,0,0,0,0,4,2.74550014,0.2063785668,2.957166017,1,1,1769196196249551211_35513514,1769182317238896786_2326343,2026-01-23
00c74c00-45e2-43a5-be92-a3f2ba77a53e,us_boston_streets_20,no_match,brad,2026-01-16 03:51:09.403882+00:00,99b790ab,no_match,0.499203374,,0.5,0.5,0.5,0.1,0.4448400446,1,0.6253914026,1,True,0.9993539415,0,0,0.0002354574461,1,0.5551599554,0.3746085974,0.3746085974,0.6747759699,4.034436805,3.779615461,4.034415206,0.4266070799,0.7502088014,0.8922810683,1,3.779615461,3.825600541,1,4,4,4,3,0.9333333333,0.3333333333,0,0,1,1,1,1,0.5,0.5,0,1,0,0,0,0,3,3.820198192,0.2072006735,4.013716738,0.95,0.95,1769196196249551211_35513514,1769182317238896786_2326343,2026-01-23
00b1f8ad-a783-4121-a7e0-51dee6d0af79,us_boston_streets_6680,no_match,brad,2026-01-16 03:51:17.441947+00:00,99b790ab,no_match,0.4991922625,,0.5,0.5,0.5,0.1,0,0.5490520565,0,0.143190746,True,0.9993554963,0,0,0.0002065514841,1,0.5490520565,0.143190746,0.143190746,0.2607963021,4.084039352,4.015098175,4.084037419,0.3824989321,0.7239037078,0.8953341542,1,4.015098175,4.015160548,1,3,4,4,4,0.9333333333,0.3333333333,0,0,1,1,1,1,0.5,0.5,0,1,0,0,0,0,4,4.015082383,0.06893795434,4.077139852,0.95,0.95,1769196196249551211_35513514,1769182317238896786_2326343,2026-01-23
d9c7fbd5-9fa3-4edf-99d5-ea4905bdb00c,us_boston_streets_9284,no_match,brad,2026-01-16 03:51:21.927992+00:00,99b790ab,no_match,0.499175445,,0.5,0.5,0.5,0.1,0,1,0.1664385705,0.9876617242,True,0.9989279144,0,10000,6.055671543e-05,1,1,0.8212231537,0.8212231537,0.8212231537,20.4627617,13.5188622,18.82747574,0.01313369136,0.3902099974,1.775484539,1,13.5188622,11.10770547,1,3,3,2,1,0.6666666667,0,0,1,0,1,0,0,0.5,0.5,0,1,0,0,0,inf,1,10.78042281,2.01750892,14.43461649,0.85,0.85,1769196196249551211_35513514,1769182317238896786_2326343,2026-01-23
6e25a5de-4ad3-4f00-9046-66516592d000,us_boston_streets_7029,no_match,brad,2026-01-16 03:51:23.266346+00:00,99b790ab,no_match,0.4991652939,,1,1,1,0.8,0,0.03897862956,0.9597634081,1,True,0.9991788143,0,0,0.0002548518628,1,0.03897862956,0.0402365919,0.03897862956,0.9687358626,2.564157748,1.758874994,2.560927571,0.5709509686,0.8149822569,1.603915314,1,1.758874994,2.55324133,0,3,3,2,2,0.8,0,0,0,1,1,0,0,1,1,1,1,0,0,0,0,3,1.704140435,0.7891318689,2.448904768,0.9,0.9,1769196196249551211_35513514,1769182317238896786_2326343,2026-01-23
805eb8bc-b3a2-4cfa-acaf-27274508ed2f,us_boston_streets_1040,match,brad,2026-01-16 03:51:40.475114+00:00,99b790ab,no_match,0.4991467416,,1,1,1,1,0.7832865297,0.9978871885,0,1,True,0.9995954507,0,0,5.534297987e-07,1,0.2146006589,1,0.2146006589,0.2146006589,0.432002313,0.3787180459,0.4308164233,0.9205478866,0.9721419436,0.1609471107,1,0.3787180459,0.4062686976,1,4,4,2,4,0.8571428571,0.3333333333,0,0,1,1,1,1,1,1,1,1,0,0,0,0,4,0.399960488,0.01456412226,0.4283535353,0.9,0.9,1769196196249551211_35513514,1769182317238896786_2326343,2026-01-23
196ce58a-00dd-44ba-92ff-21c041f12116,us_boston_streets_6150,no_match,brad,2026-01-16 03:51:41.998612+00:00,99b790ab,no_match,0.4991459273,,1,1,1,0.8,0,0.03723205233,0.9577158163,1,True,0.9988492653,0,0,0.0002604937022,1,0.03723205233,0.04228418374,0.03723205233,0.8805195947,2.636925016,1.654637423,2.632765256,0.5807505645,0.8140794538,2.337295901,0.9999999999,1.654637423,2.622560484,0.2560371725,3,3,3,3,1,1,0,0,1,1,1,1,1,1,1,1,0,0,0,0,4,1.564877887,0.960810549,2.488060775,1,1,1769196196249551211_35513514,1769182317238896786_2326343,2026-01-23
67da6444-0792-4a52-a0ac-36ed70af5fa2,us_boston_streets_2911,no_match,brad,2026-01-16 03:51:44.102733+00:00,99b790ab,no_match,0.4991301999,,0.5,0.5,0.5,0.1,0.5665551448,1,0,0.8670950973,True,0.9998646644,0,0,7.113321372e-06,1,0.4334448552,0.8670950973,0.4334448552,0.4998815661,7.572091816,6.54732322,7.394346288,0.212140898,0.6110021728,3.241891775,1,6.54732322,6.150567661,1,4,3,2,4,0.9230769231,0.3333333333,0,0,1,1,1,1,0.5,0.5,0,1,0,0,0,0,2,6.193835403,0.02317714177,6.508753819,0.95,0.95,1769196196249551211_35513514,1769182317238896786_2326343,2026-01-23
76c03cc9-10ff-45f0-89c6-424cc3b69af6,us_boston_streets_5437,no_match,brad,2026-01-16 03:51:45.586635+00:00,99b790ab,no_match,0.4991299549,,0.5,0.5,0.5,0.1,0.3295775219,1,0.6468301503,1,True,0.9989465404,0,0,0.0003175387136,1,0.6704224781,0.3531698497,0.3531698497,0.5267870055,20.23790652,6.933882457,15.91488572,0.2736941151,0.5282175649,71.26404409,1,6.933882457,9.096315571,1,4,4,4,4,1,1,0,0,1,1,1,1,0.5,0.5,0,1,0,0,0,0,5,8.855546083,9.442660817,18.83924085,1,1,1769196196249551211_35513514,1769182317238896786_2326343,2026-01-23
b5f5a829-1c4c-41a0-932a-3f603b6b9c1d,us_boston_streets_2356,no_match,brad,2026-01-16 03:51:47.532712+00:00,99b790ab,no_match,0.499123591,,0.5,0.5,0.5,0.1,0.102101538,1,0,0.8973806083,True,0.9987848633,0,0,0.0001880281488,1,0.897898462,0.8973806083,0.8973806083,0.9994232603,34.20375071,14.33967622,30.53276151,0.1162607557,0.3735928548,57.55227455,1,14.33967622,16.42287197,1,4,2,4,3,0.9230769231,0.3333333333,0,0,1,1,1,1,0.5,0.5,0,1,0,0,0,0,5,12.31964127,9.794898641,30.43885629,0.95,0.95,1769196196249551211_35513514,1769182317238896786_2326343,2026-01-23
776639f1-723c-4add-8c6a-abc616dc1306,us_boston_streets_5963,no_match,brad,2026-01-16 03:51:49.032407+00:00,99b790ab,no_match,0.499105114,,0.3428571429,0.530579922,0.2857142857,0.8,0.9534685715,1,0,0.0344622808,True,0.9991362149,0,0,0.0001171520646,1,0.04653142853,0.0344622808,0.0344622808,0.7406237437,3.531638354,3.088439602,3.506257642,0.4231288481,0.7498881123,12.08199767,0.9999999999,3.088439602,3.445900238,0,3,3,3,3,1,1,0,0,1,1,1,1,0,0.3,1,1,0,0,0,0,4,3.033019056,0.3162951932,3.326868282,1,1,1769196196249551211_35513514,1769182317238896786_2326343,2026-01-23
21b8c1e6-f307-440a-bec9-957d3a1c1a76,us_boston_streets_10022,no_match,brad,2026-01-16 03:51:53.780458+00:00,99b790ab,no_match,0.4990951019,,0.5,0.5,0.5,0.1,0,1,0.3908958453,0.9453635167,True,0.999362202,0,0,0.0003624175161,1,1,0.5544676714,0.5544676714,0.5544676714,9.553952766,6.783972887,7.965057781,0.2011037023,0.6204616282,1.258929273,1,6.783972887,6.571494853,1,3,3,3,4,0.9230769231,0.3333333333,0,0,1,1,1,1,0.5,0.5,0,1,0,0,0,0,4,6.563613068,0.2873225415,6.773959039,0.95,0.95,1769196196249551211_35513514,1769182317238896786_2326343,2026-01-23
73590df8-f3ea-43d6-89cc-0eac5c0172a0,us_boston_streets_8269,no_match,brad,2026-01-16 03:51:55.568179+00:00,99b790ab,no_match,0.4990935701,,0.5,0.5,0.5,0.1,0.335088567,1,0,0.1462161667,True,0.9998829798,0,0,0.0002793415813,1,0.664911433,0.1462161667,0.1462161667,0.2199032224,3.07801527,3.066406144,3.07801291,0.491918289,0.7831009121,0.1399505412,1,3.066406144,3.063720509,1,4,3,4,4,0.9333333333,0.3333333333,0,0,1,1,1,1,0.5,0.5,0,1,0,0,0,0,4,3.064886366,0.01228761214,3.07652586,0.95,0.95,1769196196249551211_35513514,1769182317238896786_2326343,2026-01-23
8c2372cb-7d84-4c0a-9d86-3d4243cff32a,us_boston_streets_681,no_match,brad,2026-01-16 03:51:58.001080+00:00,99b790ab,no_match,0.4990847278,,1,1,1,0.8,0,0.03979006522,0.9605929681,1,True,0.9997596358,0,0,0.0002971396277,1,0.03979006522,0.03940703193,0.03940703193,0.9903736449,2.995278162,1.751512508,2.995122244,0.5492140823,0.7931303937,0.3508545606,1,1.751512508,2.994748529,0,4,4,4,4,1,1,0,0,1,1,1,1,1,1,1,1,0,0,0,0,4,1.747661613,1.24350579,2.869694355,1,1,1769196196249551211_35513514,1769182317238896786_2326343,2026-01-23
187e38b4-6f6c-492c-9129-2c114686f8b9,us_boston_streets_9419,no_match,brad,2026-01-16 03:52:03.532467+00:00,99b790ab,no_match,0.4990813862,,0.5,0.5,0.5,0.1,0.941657233,1,0.9700311657,1,True,0.9994382786,0,0,0.0002865337211,1,0.05834276701,0.02996883431,0.02996883431,0.5136683747,5.721831611,5.375072021,5.718259272,0.220557661,0.6215239031,0.5621027931,0.9999999999,5.375072021,5.709920295,0.2436274423,4,4,4,4,1,1,0,0,1,1,1,1,0.5,0.5,0,1,0,0,0,0,3,5.313092622,0.3287335704,5.648285712,1,1,1769196196249551211_35513514,1769182317238896786_2326343,2026-01-23
4d52d3a0-849e-453f-b3b3-d25bb4f532cc,us_boston_streets_2086,match,brad,2026-01-16 03:52:08.629181+00:00,99b790ab,no_match,0.4990593855,,1,1,1,1,0,1,0.04595197379,0.2513002307,True,0.9997042763,0,0,0.0007250987293,1,1,0.2053482569,0.2053482569,0.2053482569,4.284637347,1.965174218,4.284131441,0.6711198365,0.8590121755,4.251899675,1,1.965174218,1.759957943,1,3,3,3,3,1,1,0,0,1,1,1,1,1,1,1,1,0,0,0,0,3,1.8479907,1.659637092,3.943605498,1,1,1769196196249551211_35513514,1769182317238896786_2326343,2026-01-23
e7540a27-7b01-479e-ac2a-cc3ee4fc785e,us_boston_streets_6324,no_match,brad,2026-01-16 03:52:24.202715+00:00,99b790ab,no_match,0.4990546881,,1,1,1,0.6,0.9228461325,1,0.9524597481,1,True,0.9989790456,0,0,0.0002257345942,1,0.07715386751,0.04754025193,0.04754025193,0.6161745802,5.000401502,4.911078332,4.992151362,0.2773153114,0.6648953662,3.202254261,0.9999999999,4.911078332,4.94246096,1,5,5,6,6,0.9090909091,0,0,0,1,1,1,1,1,1,1,1,0,0,0,0,5,4.908994793,0.09218912491,4.972166987,0.9,0.9,1769196196249551211_35513514,1769182317238896786_2326343,2026-01-23
4a8505e4-92db-4a35-a232-2c0a91bf06a3,us_boston_streets_634,no_match,brad,2026-01-16 03:52:25.891344+00:00,99b790ab,no_match,0.4990269678,,1,1,1,1,0,0.037438234,0.9579786407,1,True,0.9997021102,0,0,0.0001990510227,1,0.037438234,0.04202135929,0.037438234,0.8909334355,5.183589038,4.973231569,5.181523061,0.2525808009,0.6476231067,0.4072247705,0.9999999998,4.973231569,5.176701635,0.4344475398,3,3,4,4,0.8571428571,0,0,0,1,1,1,1,1,1,1,1,0,0,0,0,6,4.940723522,0.2070765292,5.152144689,0.9,0.9,1769196196249551211_35513514,1769182317238896786_2326343,2026-01-23
2a2b9ce8-27bc-4574-9e9a-e07574026be2,us_boston_streets_4983,no_match,brad,2026-01-16 03:52:27.935172+00:00,99b790ab,no_match,0.499007513,,0.5,0.5,0.5,0.1,0.3639955965,1,0.8422433587,1,True,0.9991244108,0,0,0.0001364501559,1,0.6360044035,0.1577566413,0.1577566413,0.2480433161,8.996033657,8.802844472,8.993283373,0.0447131312,0.4816595487,3.740937087,0.9999999999,8.802844472,8.763098893,1,4,3,3,3,0.9230769231,0.3333333333,0,0,1,1,1,1,0.5,0.5,0,1,0,0,0,0,4,8.761686953,0.2199085494,8.960085361,0.95,0.95,1769196196249551211_35513514,1769182317238896786_2326343,2026-01-23
a3220425-132c-4002-8fe3-26f7b5fb6a6d,us_boston_streets_7811,no_match,brad,2026-01-16 03:52:29.959696+00:00,99b790ab,no_match,0.4989993716,,0.5,0.5,0.5,0.1,0,0.5203658526,0.1211253737,1,True,0.9996303028,0,0,3.980854562e-06,1,0.5203658526,0.8788746263,0.5203658526,0.5920820069,9.131468554,8.867646513,9.131449747,0.05158724733,0.5091460248,0.5912100709,1,8.867646513,8.908652781,1,4,4,4,4,1,1,0,0,1,1,1,1,0.5,0.5,0,1,0,0,0,0,6,8.911378708,0.2735617891,9.117667321,1,1,1769196196249551211_35513514,1769182317238896786_2326343,2026-01-23
9d53c586-466d-4731-969b-175b6b18d562,us_boston_streets_9062,no_match,brad,2026-01-16 03:52:31.498103+00:00,99b790ab,no_match,0.4989972133,,1,1,1,1,0,0.03392338372,0.9524486376,1,True,0.9988281156,10000,0,0.0001533465627,1,0.03392338372,0.04755136235,0.03392338372,0.7134050854,2.299314328,1.545255802,2.223876626,0.6299130872,0.8471644453,27.19870944,0.9999999999,1.545255802,2.006615777,1,4,4,4,4,1,1,0,0,1,1,1,1,1,1,1,1,0,0,0,inf,3,1.33236195,0.3531028531,1.727806576,1,1,1769196196249551211_35513514,1769182317238896786_2326343,2026-01-23
03ae3487-67fa-428a-b383-d64082b1424f,us_boston_streets_10172,no_match,brad,2026-01-16 03:52:32.770313+00:00,99b790ab,no_match,0.4989962907,,1,1,1,0.8,0,0.04137620639,0,0.03796564357,True,0.9997471525,0,0,0.0002713585234,1,0.04137620639,0.03796564357,0.03796564357,0.9175718822,3.017243646,1.880979091,3.01688045,0.5368534361,0.7896996029,0.2961170861,0.9999999999,1.880979091,3.016026427,0,3,3,3,3,1,1,0,0,1,1,1,1,1,1,1,1,0,0,0,0,5,1.857723698,1.134448579,2.894582466,1,1,1769196196249551211_35513514,1769182317238896786_2326343,2026-01-23
a16d80f3-0c5f-4f9c-b007-7e5d4f5b3f6d,us_boston_streets_6467,no_match,brad,2026-01-16 03:52:34.434334+00:00,99b790ab,no_match,0.4989532828,,1,1,1,0.8,0.956882979,1,0,0.06089250292,True,0.9995143007,0,0,0.0001790339218,1,0.04311702105,0.06089250292,0.04311702105,0.7080842301,1.275799656,1.257673797,1.275798548,0.7363740981,0.9005268425,0.8613330325,1,1.257673797,1.257691865,1,3,3,3,3,1,1,0,0,1,1,1,1,1,1,1,1,0,0,0,0,4,1.257665483,0.01812031768,1.273978296,1,1,1769196196249551211_35513514,1769182317238896786_2326343,2026-01-23
b4b4f74b-719a-48c0-a4d5-bcd0d9217dd3,us_boston_streets_1874,no_match,brad,2026-01-16 03:52:36.635959+00:00,99b790ab,no_match,0.498932021,,1,1,1,0.8,0.9440371206,1,0,0.03063810392,True,0.9993617041,0,0,0.0002438201714,1,0.05596287939,0.03063810392,0.03063810392,0.5474719002,1.520168688,1.092339347,1.490253071,0.7211526445,0.8903889876,12.57266507,0.9999999999,1.092339347,1.411977789,1,3,3,3,3,1,1,0,0,1,1,1,1,1,1,1,1,0,0,0,0,4,0.9664735418,0.2798579992,1.270425529,1,1,1769196196249551211_35513514,1769182317238896786_2326343,2026-01-23
18637422-a7e0-4e28-8711-566f1a7bcaa5,us_boston_streets_6041,no_match,brad,2026-01-16 03:52:38.270301+00:00,99b790ab,no_match,0.4989307143,,1,1,1,1,0,0.03444455048,0.9534362086,1,True,0.9988607487,0,0,0.0002082544142,1,0.03444455048,0.04656379137,0.03444455048,0.7397282194,2.004964871,1.455102627,1.998036532,0.6416401492,0.8520525534,2.7735761,1,1.455102627,1.981391997,1,3,3,3,3,1,1,0,0,1,1,1,1,1,1,1,1,0,0,0,0,5,1.376151498,0.5417721015,1.924675279,1,1,1769196196249551211_35513514,1769182317238896786_2326343,2026-01-23
9f548ae0-9ac3-455e-88a6-7045ce3215e1,us_boston_streets_4052,no_match,brad,2026-01-16 03:52:39.804821+00:00,99b790ab,no_match,0.4989262286,,0.5,0.5,0.5,0.1,0.4164829335,1,0,0.3915046969,True,0.9993312213,0,10000,0.0001914162267,1,0.5835170665,0.3915046969,0.3915046969,0.6709395823,18.85819752,8.099021087,15.84954711,0.2018083608,0.4937368554,66.75089492,1,8.099021087,8.599955588,1,4,4,4,4,1,1,0,0,1,1,1,1,0.5,0.5,0,1,0,0,0,inf,1,9.429363716,8.019004703,17.64214885,1,1,1769196196249551211_35513514,1769182317238896786_2326343,2026-01-23
731f4f08-6bdf-48e3-b41a-9f365264145a,us_boston_streets_5285,no_match,brad,2026-01-16 03:52:42.930516+00:00,99b790ab,no_match,0.4989204371,,0.5,0.5,0.5,0.1,0,1,0.04584758637,0.37891346,True,0.9991874332,0,0,0.0001013760659,1,1,0.3330658736,0.3330658736,0.3330658736,5.994686142,4.111977179,5.992351647,0.4372187515,0.7147932402,42.78102582,1,4.111977179,1.039789787,1,4,3,3,3,0.9230769231,0.3333333333,0,0,1,1,1,1,0.5,0.5,0,1,0,0,0,0,3,3.691963627,2.499597608,5.803788909,0.95,0.95,1769196196249551211_35513514,1769182317238896786_2326343,2026-01-23
9704048e-f710-44c3-ba91-68956f8a2d7e,us_boston_streets_2361,no_match,brad,2026-01-16 03:52:47.555190+00:00,99b790ab,no_match,0.4989107603,,0.5,0.5,0.5,0.1,0.4015715907,1,0,0.2873383868,True,0.9988829942,0,0,0.0002707868721,1,0.5984284093,0.2873383868,0.2873383868,0.4801549898,14.60163418,6.275079026,12.1026415,0.27835777,0.5763710738,45.53870127,1,6.275079026,6.923673456,1,4,3,3,3,0.9230769231,0.3333333333,0,0,1,1,1,1,0.5,0.5,0,1,0,0,0,0,5,7.047735612,5.192855797,13.55350379,0.95,0.95,1769196196249551211_35513514,1769182317238896786_2326343,2026-01-23
bd58c5ad-81d6-492e-8754-352634164a44,us_boston_streets_5789,no_match,brad,2026-01-16 03:52:52.551354+00:00,99b790ab,no_match,0.4989064208,,1,1,1,1,0.9544790567,1,0,0.0350383302,True,0.9992471198,0,0,0.0002971878098,1,0.04552094334,0.0350383302,0.0350383302,0.7697188949,0.9793403015,0.8136790771,0.9743671043,0.8037056781,0.924804842,1.087777438,0.9999999998,0.8136790771,0.9626062045,1,4,4,4,4,1,1,0,0,1,1,1,1,1,1,1,1,0,0,0,0,5,0.762056187,0.1441002263,0.9197668586,1,1,1769196196249551211_35513514,1769182317238896786_2326343,2026-01-23
a94190b4-b8d7-453a-b934-4e4d74ec1233,us_boston_streets_1921,no_match,brad,2026-01-16 03:52:53.795367+00:00,99b790ab,no_match,0.4989042244,,1,1,1,0.8,0.9434123349,1,0,0.03045402003,True,0.9999529044,0,0,0.0002302739257,1,0.05658766512,0.03045402003,0.03045402003,0.5381741758,2.897025669,1.944444833,2.897023833,0.542016355,0.7954991693,0.04125600275,0.9999999997,1.944444833,2.89701947,0,3,3,3,3,1,1,0,0,1,1,1,1,1,1,1,1,0,0,0,0,4,1.944423191,0.9525716581,2.801750691,1,1,1769196196249551211_35513514,1769182317238896786_2326343,2026-01-23
a86b083f-f506-43e6-8766-1991255f946d,us_boston_streets_4379,no_match,brad,2026-01-16 03:52:54.967986+00:00,99b790ab,no_match,0.4988944008,,1,1,1,0.6,0.9525875244,1,0,0.0339944252,True,0.9990590871,0,0,0.0002181056111,1,0.04741247563,0.0339944252,0.0339944252,0.7169932543,2.724009944,1.881750013,2.722187712,0.549964362,0.8040940427,1.2756125,0.9999999998,1.881750013,2.717859822,0,3,3,3,3,1,1,0,0,1,1,1,1,1,1,1,1,0,0,0,0,4,1.866500582,0.8392228778,2.634601711,1,1,1769196196249551211_35513514,1769182317238896786_2326343,2026-01-23
d3bbbc5b-903f-4cb5-8b02-6c0a92e91782,us_boston_streets_6176,match,brad,2026-01-16 03:52:57.920139+00:00,99b790ab,no_match,0.4988940179,,1,1,1,1,0,1,0.4771604403,0.7039313007,True,0.9994058024,0,10000,0.001044385278,1,1,0.2267708605,0.2267708605,0.2267708605,0.6625814415,0.6539773076,0.6617275248,0.8747080634,0.9551765477,0.0070451719,1,0.6539773076,0.6566039929,1,4,3,4,3,1,1,0,0,1,1,1,1,1,1,1,1,0,0,0,inf,3,0.6563241026,0.005400426805,0.6614699952,1,1,1769196196249551211_35513514,1769182317238896786_2326343,2026-01-23
d34ed4d7-3dc6-4473-a208-76b1ed4d9214,us_boston_streets_7569,no_match,brad,2026-01-16 03:53:00.615896+00:00,99b790ab,no_match,0.49889093,,0.5,0.5,0.5,0.1,0.6353832041,1,0.3271377864,1,True,0.9996868073,0,0,3.67479347e-05,1,0.3646167959,0.6728622136,0.3646167959,0.5418892435,5.349368073,5.276734119,5.349367528,0.2827565937,0.6648702979,0.4149757327,1,5.276734119,5.276751669,1,3,3,4,3,0.9230769231,0.3333333333,0,0,1,1,1,1,0.5,0.5,0,1,0,0,0,0,5,5.276724218,0.07264021869,5.342099516,0.95,0.95,1769196196249551211_35513514,1769182317238896786_2326343,2026-01-23
3ec72f1b-b3f5-40a2-a412-4c7049b89af2,us_boston_streets_1779,no_match,brad,2026-01-16 03:53:01.831252+00:00,99b790ab,no_match,0.4988875065,,1,1,1,0.6,0.9577885272,1,0,0.03728860913,True,0.9989290497,0,0,0.0002789019045,1,0.04221147275,0.03728860913,0.03728860913,0.8833761699,2.761022765,1.8724335,2.756456348,0.5505765587,0.8032376067,2.341768445,1,1.8724335,2.745472364,0,3,3,3,3,1,1,0,0,1,1,1,1,1,1,1,1,0,0,0,0,4,1.839336789,0.8809785693,2.660712686,1,1,1769196196249551211_35513514,1769182317238896786_2326343,2026-01-23
e69aa12a-303f-4c58-894b-ab0cf2f85a13,us_boston_streets_99,no_match,brad,2026-01-16 03:53:03.345141+00:00,99b790ab,no_match,0.4988766727,,1,1,1,0.8,0.93306478,1,0,0.02811495006,True,0.9988765466,0,0,0.0003066721371,1,0.06693521998,0.02811495006,0.02811495006,0.4200322352,1.718759434,1.301450794,1.712012604,0.6790332885,0.8710324303,2.580491956,0.9999999999,1.301450794,1.695897439,1,3,3,3,3,1,1,0,0,1,1,1,1,1,1,1,1,0,0,0,0,4,1.202336174,0.3786809959,1.608083446,1,1,1769196196249551211_35513514,1769182317238896786_2326343,2026-01-23
e57168a9-a5e6-4268-9ca9-5170c0a9e309,us_boston_streets_10772,no_match,brad,2026-01-16 03:53:07.797147+00:00,99b790ab,no_match,0.498859755,,1,1,1,0.1,0.9492680431,1,0,0.03247107303,True,0.9989040409,0,0,4.029968777e-05,1,0.05073195689,0.03247107303,0.03247107303,0.6400516562,17.58703728,17.4721335,17.57085499,0,0.1793709894,18.61027193,0.9999999995,17.4721335,17.52041407,1,3,3,3,3,1,1,0,0,1,1,1,1,1,1,1,1,0,0,0,0,5,17.49808347,0.08793330289,17.5779378,1,1,1769196196249551211_35513514,1769182317238896786_2326343,2026-01-23
0aaadd5d-5753-405e-b0c8-a9924b88b41a,us_boston_streets_1842,no_match,brad,2026-01-16 03:53:10.514005+00:00,99b790ab,no_match,0.4988338367,,0.5,0.5,0.5,0.1,0,0.6015499349,0.1377754569,1,True,0.9996820177,0,0,4.875832558e-05,1,0.6015499349,0.8622245431,0.6015499349,0.6976720155,9.536348045,6.27589271,9.515085902,0.2123694541,0.6154842377,4.956938772,1,6.27589271,6.335767948,1,4,3,4,4,0.9333333333,0.3333333333,0,0,1,1,1,1,0.5,0.5,0,1,0,0,0,0,6,6.324547174,3.246139482,9.126687689,0.95,0.95,1769196196249551211_35513514,1769182317238896786_2326343,2026-01-23
28715ad6-2aca-4703-89df-f5bf5fd9b955,us_boston_streets_2997,no_match,brad,2026-01-16 03:53:11.949696+00:00,99b790ab,no_match,0.4988196427,,0.5,0.5,0.5,0.1,0,0.6333862152,0,0.5497145916,True,0.9988495294,0,0,0.0001202890645,1,0.6333862152,0.5497145916,0.5497145916,0.8678979403,16.48455349,7.243681156,13.47161245,0.2249729357,0.5287911949,57.00622936,1,7.243681156,7.475735926,1,4,4,4,2,0.8571428571,0.3333333333,0,0,1,1,1,1,0.5,0.5,0,1,0,0,0,0,4,8.242142884,5.929422706,15.35667774,0.9,0.9,1769196196249551211_35513514,1769182317238896786_2326343,2026-01-23
c5ed6091-74aa-4b3a-8590-83b2aa6c285f,us_boston_streets_5418,match,brad,2026-01-16 03:53:14.386831+00:00,99b790ab,no_match,0.4987918968,,1,1,1,1,0,1,0.2674038556,0.5220106518,True,0.9994148753,0,0,0.0006488548295,1,1,0.2546067961,0.2546067961,0.2546067961,0.1002977116,0.06841108611,0.1002946792,0.9930190142,0.9971388135,0.09040787744,1,0.06841108611,0.006965140229,1,3,4,4,3,1,1,0,0,1,1,1,1,1,1,1,1,0,0,0,0,4,0.03314890369,0.02807357279,0.06462242507,1,1,1769196196249551211_35513514,1769182317238896786_2326343,2026-01-23
b9ff70d0-4e30-4b61-9142-f09233ef0c85,us_boston_streets_5483,match,brad,2026-01-16 03:53:16.971721+00:00,99b790ab,no_match,0.498786538,,1,1,1,1,0.748840841,0.9972337573,0,1,True,0.9998768192,10000,0,5.986987886e-07,1,0.2483929163,1,0.2483929163,0.2483929163,0.9637178332,0.8841207573,0.9625220494,0.8290294636,0.9364272117,0.3087958589,1,0.8841207573,0.899079105,1,3,3,1,3,0.8,0.3333333333,0,1,0,1,1,1,1,1,1,1,0,0,0,inf,2,0.8919704794,0.1131238883,0.9565074872,0.9,0.9,1769196196249551211_35513514,1769182317238896786_2326343,2026-01-23
55c8f44e-8e68-4293-b860-e5d990852c5f,us_boston_streets_5954,no_match,brad,2026-01-16 03:53:19.898710+00:00,99b790ab,no_match,0.4987745111,,0.5,0.5,0.5,0.1,0,1,0.01428913377,0.7044766475,True,0.9995563349,0,0,0.0005374992028,1,1,0.6901875138,0.6901875138,0.6901875138,7.260166867,6.252358186,7.260096999,0.2458831183,0.6585843763,0.3178019069,1,6.252358186,6.010753177,1,1,1,4,3,0.4444444444,0,1,0,0,0,1,0,0.5,0.5,0,1,0,0,0,0,5,6.018838429,0.5164084491,7.043491362,0.75,0.75,1769196196249551211_35513514,1769182317238896786_2326343,2026-01-23
6d8c3c93-0aca-4296-b122-bbaf12eaed59,us_boston_streets_10779,no_match,brad,2026-01-16 03:53:21.379670+00:00,99b790ab,no_match,0.4987683241,,1,1,1,1,0.9670637056,1,0.9277004013,1,True,0.9988840143,0,0,0.000117350036,1,0.03293629442,0.07229959868,0.03293629442,0.4555529356,1.597699054,1.066733119,1.59425341,0.7672840608,0.9129857517,29.23555031,1,1.066733119,1.093263878,1,6,6,4,4,0.8,0,0,0,1,1,1,1,1,1,1,1,0,0,0,0,5,1.055818073,0.5137377165,1.521802632,0.8,0.8,1769196196249551211_35513514,1769182317238896786_2326343,2026-01-23
c5ccc511-b572-44fd-a536-4232fd5c51cf,us_boston_streets_1166,no_match,brad,2026-01-16 03:53:23.029735+00:00,99b790ab,no_match,0.4987376816,,0.5,0.5,0.5,0.1,0.1821856982,1,0,0.4974275068,True,0.9989588642,0,0,0.0001298237893,1,0.8178143018,0.4974275068,0.4974275068,0.6082401662,14.71693545,6.188391848,12.30692344,0.2661913929,0.5600170377,55.31141613,1,6.188391848,7.282523595,1,4,4,4,4,1,1,0,0,1,1,1,1,0.5,0.5,0,1,0,0,0,0,4,8.024331393,5.360990052,13.78135224,1,1,1769196196249551211_35513514,1769182317238896786_2326343,2026-01-23
eea7dae6-fa51-4399-8067-4b11908f7201,us_boston_streets_4818,no_match,brad,2026-01-16 03:53:26.889803+00:00,99b790ab,no_match,0.4987062219,,0.5,0.5,0.5,0.1,0.817780417,1,0.8448018522,1,True,0.9992265287,10000,0,0.0001218117759,1,0.182219583,0.1551981478,0.1551981478,0.8517094882,2.892613048,1.804584066,2.723778055,0.6510721254,0.850113558,29.30871269,0.9999999999,1.804584066,1.919058055,1,3,3,2,2,0.8,0,0,0,1,1,0,0,0.5,0.5,0,1,0,0,0,inf,1,1.626606439,1.413543099,2.795519685,0.9,0.9,1769196196249551211_35513514,1769182317238896786_2326343,2026-01-23
6097226f-8766-43f6-9ceb-c736ba975778,us_boston_streets_2978,no_match,brad,2026-01-16 03:53:31.099436+00:00,99b790ab,no_match,0.4986831109,,0.5,0.5,0.5,0.1,0.5112756513,1,0,0.09989509481,True,0.999266456,0,0,0.0001260856269,1,0.4887243487,0.09989509481,0.09989509481,0.2043996684,9.402709302,9.364347721,9.402212296,0.01722620138,0.4494234372,1.370169936,1,9.364347721,9.358060836,1,4,3,4,4,0.9333333333,0.3333333333,0,0,1,1,1,1,0.5,0.5,0,1,0,0,0,0,4,9.355594797,0.04534951003,9.395905331,0.95,0.95,1769196196249551211_35513514,1769182317238896786_2326343,2026-01-23
fa1fadb8-1344-4a9f-b37e-ecdea93887ca,us_boston_streets_3408,no_match,brad,2026-01-16 03:53:33.195603+00:00,99b790ab,no_match,0.4986789921,,0.5,0.5,0.5,0.1,0.6200499959,1,0,0.6361426415,True,0.9995166087,10000,0,1.931943507e-05,1,0.3799500041,0.6361426415,0.3799500041,0.5972717112,7.560244959,6.911291535,7.557785827,0.1670561957,0.5848828236,5.206917245,1,6.911291535,6.761826682,1,4,3,1,3,0.7272727273,0.3333333333,0,1,0,1,1,1,0.5,0.5,0,1,0,0,0,inf,2,6.787565496,0.7311933334,7.467794216,0.85,0.85,1769196196249551211_35513514,1769182317238896786_2326343,2026-01-23
fdaac776-4e66-480c-8d63-5b194369e580,us_boston_streets_5390,no_match,brad,2026-01-16 03:53:34.786170+00:00,99b790ab,no_match,0.4986738172,,1,1,1,0.8,0.9112820496,1,0,0.02548653343,True,0.9995105583,0,0,0.0002245498713,1,0.08871795035,0.02548653343,0.02548653343,0.2872759496,2.530561638,1.761837098,2.528482916,0.5734126777,0.8163809369,3.919154377,0.9999999998,1.761837098,2.523079754,0,3,3,3,3,1,1,0,0,1,1,1,1,1,1,1,1,0,0,0,0,5,1.755359515,0.7583309319,2.439966487,1,1,1769196196249551211_35513514,1769182317238896786_2326343,2026-01-23
23037a83-9e17-46fd-a963-b89e3015f8e4,us_boston_streets_5584,no_match,brad,2026-01-16 03:53:35.929754+00:00,99b790ab,no_match,0.4986699218,,1,1,1,0.6,0,0.04097077682,0.9616864732,1,True,0.9990871329,0,0,0.0001877359088,1,0.04097077682,0.03831352677,0.03831352677,0.9351427954,2.891406929,2.010553792,2.890176166,0.5326848977,0.7937997462,1.165770908,0.9999999999,2.010553792,2.887244519,0,3,3,3,3,1,1,0,0,1,1,1,1,1,1,1,1,0,0,0,0,4,1.999256177,0.8746993217,2.792958007,1,1,1769196196249551211_35513514,1769182317238896786_2326343,2026-01-23
c6447995-dbcc-430d-a052-20b0a91a9e01,us_boston_streets_770,no_match,brad,2026-01-16 03:53:39.800529+00:00,99b790ab,no_match,0.4986468358,,0.5,0.5,0.5,0.1,0,0.6117014627,0.1501811143,1,True,0.9994755785,0,0,5.959742183e-05,1,0.6117014627,0.8498188857,0.6117014627,0.7198021519,9.462049388,7.732288789,8.943946513,0.1228436905,0.5699309283,1.44600641,1,7.732288789,7.741141419,1,3,3,4,3,0.9230769231,0.3333333333,0,0,1,1,1,1,0.5,0.5,0,1,0,0,0,0,5,7.72284876,0.7225584778,8.26741402,0.95,0.95,1769196196249551211_35513514,1769182317238896786_2326343,2026-01-23
d7663089-c740-4e11-ad34-26918df496d3,us_boston_streets_4276,no_match,brad,2026-01-16 03:53:42.621397+00:00,99b790ab,no_match,0.498644929,,1,1,1,0.8,0.9652623958,1,0,0.04603874378,True,0.9992745971,0,0,0.0001856536332,1,0.03473760421,0.04603874378,0.03473760421,0.7545298016,0.8165147554,0.5021487564,0.8149865941,0.840077229,0.9372872868,1.293546489,1,0.5021487564,0.8111538876,1,3,3,3,3,1,1,0,0,1,1,1,1,1,1,1,1,0,0,0,0,8,0.3985732381,0.3111720544,0.7462352919,1,1,1769196196249551211_35513514,1769182317238896786_2326343,2026-01-23
d1acd985-bb6e-40bf-be2e-fd68ed67b1a6,us_boston_streets_1779,no_match,brad,2026-01-16 03:53:44.547889+00:00,99b790ab,no_match,0.4986448848,,0.5,0.5,0.5,0.1,0,1,0.04132259826,0.8902106346,True,0.9988047322,0,0,1.084299564e-05,1,1,0.8488880363,0.8488880363,0.8488880363,12.67214985,11.06416845,12.66866819,0.0002447380531,0.4242804502,3.210811833,1,11.06416845,11.26355428,1,3,3,3,3,1,1,0,0,1,1,1,1,0.5,0.5,0,1,0,0,0,0,4,11.24789045,1.408594459,12.5138821,1,1,1769196196249551211_35513514,1769182317238896786_2326343,2026-01-23
b2f04f28-3424-4954-b085-4cd27b5d967e,us_boston_streets_10480,no_match,brad,2026-01-16 03:53:46.380431+00:00,99b790ab,no_match,0.4986266117,,1,1,1,0.8,0,0.04383279002,0.9638912418,1,True,0.9994954846,0,0,0.000262859781,1,0.04383279002,0.03610875823,0.03610875823,0.823784163,1.617257983,0.92878266,1.61672625,0.7237878537,0.8821582965,0.5256619211,0.9999999997,0.92878266,1.61544321,1,3,3,3,3,1,1,0,0,1,1,1,1,1,1,1,1,0,0,0,0,5,0.7494684379,0.6835660799,1.491152913,1,1,1769196196249551211_35513514,1769182317238896786_2326343,2026-01-23
ae72ba1a-6476-4aa3-9beb-b7a109c09575,us_boston_streets_6036,no_match,brad,2026-01-16 03:53:48.121197+00:00,99b790ab,no_match,0.498618908,,1,1,1,0.8,0.9681761872,1,0,0.05239697092,True,0.9995257714,0,0,0.0002038127825,1,0.03182381275,0.05239697092,0.03182381275,0.6073597804,2.20173899,1.359734934,2.200662754,0.6303480937,0.8406964202,0.7554960052,1,1.359734934,2.198102417,0.6925575306,3,3,2,2,0.8,0,0,0,1,1,0,0,1,1,1,1,0,0,0,0,3,1.276915525,0.8360990941,2.086489332,0.9,0.9,1769196196249551211_35513514,1769182317238896786_2326343,2026-01-23
4625ae19-eb5c-49a5-bbd4-c814c46227f7,us_boston_streets_10479,no_match,brad,2026-01-16 03:53:49.507993+00:00,99b790ab,no_match,0.4985969773,,1,1,1,0.8,0,0.03788380585,0.9585261522,1,True,0.9991436754,0,0,0.0002638557275,1,0.03788380585,0.04147384783,0.03788380585,0.9134384156,2.035132917,1.209525285,2.029779024,0.6692225099,0.8555504928,3.619572421,1,1.209525285,2.015376447,1,4,4,3,3,0.8571428571,0,0,0,1,1,1,1,1,1,1,1,0,0,0,0,4,1.041420105,0.8302587384,1.903070822,0.9,0.9,1769196196249551211_35513514,1769182317238896786_2326343,2026-01-23
bfa4ba88-3b7a-4696-9cc3-9b82ab234839,us_boston_streets_1614,no_match,brad,2026-01-16 03:53:51.028810+00:00,99b790ab,no_match,0.4985847035,,1,1,1,0.8,0.9724845306,1,0,0.07059708589,True,0.9996193753,0,0,7.782756542e-05,1,0.02751546936,0.07059708589,0.02751546936,0.3897536139,2.400250934,1.656063596,2.400208712,0.5908549911,0.824883263,0.3637110364,0.9999999998,1.656063596,2.40010554,0,3,3,3,3,1,1,0,0,1,1,1,1,1,1,1,1,0,0,0,0,4,1.656014021,0.7441169685,2.325803254,1,1,1769196196249551211_35513514,1769182317238896786_2326343,2026-01-23
fc5c3531-63c1-4ac3-abdd-64fb54356d6d,us_boston_streets_9177,no_match,brad,2026-01-16 03:53:52.368157+00:00,99b790ab,no_match,0.4985809356,,1,1,1,0.8,0,0.02956147603,0.9366492007,1,True,0.9988957644,0,0,9.821695416e-05,1,0.02956147603,0.06335079931,0.02956147603,0.466631461,0.5975258665,0.5796002326,0.5975254478,0.8671372969,0.9525690217,1.303632948,0.9999999998,0.5796002326,0.5796195733,1,4,4,2,2,0.6666666667,0,0,0,1,1,0,0,1,1,1,1,0,0,0,0,2,0.579593242,0.01792353984,0.5957288326,0.8,0.8,1769196196249551211_35513514,1769182317238896786_2326343,2026-01-23
2ec667f2-00fc-4cf8-bf89-e52ddd3a5e1c,us_boston_streets_3913,no_match,brad,2026-01-16 03:53:53.607440+00:00,99b790ab,no_match,0.4985768655,,1,1,1,0.8,0.9670324684,1,0.9504342175,1,True,0.9999334655,0,0,0.0001783065565,1,0.03296753159,0.04956578246,0.03296753159,0.6651268265,1.827761648,1.479448722,1.827463058,0.6564052584,0.8614655041,0.09198473544,0.9999999999,1.479448722,1.826765911,1,3,3,3,3,1,1,0,0,1,1,1,1,1,1,1,1,0,0,0,0,4,1.389942734,0.3465923914,1.76434103,1,1,1769196196249551211_35513514,1769182317238896786_2326343,2026-01-23
acfb54cb-ec4b-44c7-8ce9-c289b13fbb9d,us_boston_streets_8902,no_match,brad,2026-01-16 03:53:55.046718+00:00,99b790ab,no_match,0.4985729977,,0.5,0.5,0.5,0.1,0,0.9848296329,0.02029864183,1,True,0.9989215532,0,0,6.683676616e-06,1,0.9848296329,0.9797013582,0.9797013582,0.9947927291,12.1946054,11.26613632,12.17677641,0,0.4429043526,0.5732837584,1,11.26613632,11.23158014,1,2,3,4,4,0.7692307692,0,0,0,1,1,1,1,0.5,0.5,0,1,0,0,0,0,2,11.21438335,0.8405353835,12.09184139,0.85,0.85,1769196196249551211_35513514,1769182317238896786_2326343,2026-01-23
3a4ff50e-19fd-46ff-a6c8-606dfcec3a8b,us_boston_streets_4780,no_match,brad,2026-01-16 03:53:58.047911+00:00,99b790ab,no_match,0.4985449698,,0.5,0.5,0.5,0.1,0.367642785,0.9662963556,0,1,True,0.9992522742,0,0,4.311088776e-05,1,0.5986535705,1,0.5986535705,0.5986535705,11.97347295,6.378272175,11.5509841,0.2245604937,0.5516871747,60.5062296,1,6.378272175,3.902906079,1,3,3,4,4,0.8571428571,0,0,0,1,1,1,1,0.5,0.5,0,1,0,0,0,0,6,6.74527391,4.765209635,10.69571126,0.9,0.9,1769196196249551211_35513514,1769182317238896786_2326343,2026-01-23
7f7d17c5-5eec-4a81-ba75-5b8691f8f35b,us_boston_streets_5459,no_match,brad,2026-01-16 03:53:59.899107+00:00,99b790ab,no_match,0.4985400107,,0.5,0.5,0.5,0.1,0,1,0.3296822866,0.9635125512,True,0.9994791643,0,0,0.0005563179481,1,1,0.6338302647,0.6338302647,0.6338302647,8.801699761,7.783319078,8.801352747,0.1215643461,0.5787194195,0.3283761642,1,7.783319078,7.795143989,1,4,3,4,4,0.9333333333,0.3333333333,0,0,1,1,1,1,0.5,0.5,0,1,0,0,0,0,6,7.801906889,0.4738697417,8.608721868,0.95,0.95,1769196196249551211_35513514,1769182317238896786_2326343,2026-01-23
68eca339-2396-4352-bdd2-59baccd51e8c,us_boston_streets_1673,no_match,brad,2026-01-16 03:54:01.577789+00:00,99b790ab,no_match,0.4985392401,,0.5,0.5,0.5,0.1,0,1,0.01862261269,0.9172540828,True,0.9996929961,0,0,2.368471477e-05,1,1,0.8986314701,0.8986314701,0.8986314701,11.4571263,11.12015532,11.43250861,0,0.4510408427,0.1598289362,1,11.12015532,10.86331716,1,4,3,4,3,1,1,0,0,1,1,1,1,0.5,0.5,0,1,0,0,0,0,5,10.87434566,0.2540078362,11.0942619,1,1,1769196196249551211_35513514,1769182317238896786_2326343,2026-01-23
fb98d9e9-41d8-4048-a698-1e6d79c44e31,us_boston_streets_3323,no_match,brad,2026-01-16 03:54:05.275565+00:00,99b790ab,no_match,0.4985084256,,1,1,1,0.8,0.9601012062,1,0.9606990366,1,True,0.999234786,0,0,0.0002815198729,1,0.03989879384,0.03930096344,0.03930096344,0.9850163289,4.615183445,3.791827183,4.610294515,0.3390741585,0.6885135088,1.184331061,1,3.791827183,4.598837507,0,4,3,3,3,0.9230769231,0.3333333333,0,0,1,1,1,1,1,1,1,1,0,0,0,0,4,3.736591755,0.7989116105,4.488573252,0.95,0.95,1769196196249551211_35513514,1769182317238896786_2326343,2026-01-23
f212c4ba-d046-4dc5-ad30-c4d0ebded68a,us_boston_streets_10500,no_match,brad,2026-01-16 03:54:07.127726+00:00,99b790ab,no_match,0.4985036601,,0.5,0.5,0.5,0.1,0,1,0.4110857222,0.7493429929,True,0.9993589165,0,0,0.0003834990282,1,1,0.3382572706,0.3382572706,0.3382572706,4.377963819,3.487106046,4.125836951,0.4868252649,0.7791297822,0.7530619346,1,3.487106046,3.29380329,1,3,3,4,4,0.8571428571,0,0,0,1,1,1,1,0.5,0.5,0,1,0,0,0,0,3,3.311401851,0.2422458374,3.511445775,0.9,0.9,1769196196249551211_35513514,1769182317238896786_2326343,2026-01-23
64146c95-131a-4823-8b32-37d78197f3e1,us_boston_streets_8163,no_match,brad,2026-01-16 03:54:09.076382+00:00,99b790ab,no_match,0.4984695509,,0.5,0.5,0.5,0.1,0,0.4672783498,0.5185410168,1,True,0.9993950158,0,0,0.0003159904173,1,0.4672783498,0.4814589832,0.4672783498,0.970546539,3.648732745,2.884088024,3.529548166,0.5506700594,0.8138025355,1.441425168,1,2.884088024,2.782034808,1,4,4,4,2,0.8571428571,0.3333333333,0,0,1,1,1,1,0.5,0.5,0,1,0,0,0,0,4,2.796099651,0.2448351549,3.144893921,0.9,0.9,1769196196249551211_35513514,1769182317238896786_2326343,2026-01-23
b330661c-53f3-4b13-8abd-e6524d56b5d8,us_boston_streets_6468,no_match,brad,2026-01-16 03:54:10.503729+00:00,99b790ab,no_match,0.4984526897,,0.5,0.5,0.5,0.1,0.5564312047,1,0,0.1602935034,True,0.9989505719,0,0,0.0001022673337,1,0.4435687953,0.1602935034,0.1602935034,0.3613723622,6.990172918,6.310881273,6.987136672,0.1757857694,0.5908558302,16.04271656,0.9999999999,6.310881273,6.345546047,1,4,3,4,4,0.9333333333,0.3333333333,0,0,1,1,1,1,0.5,0.5,0,1,0,0,0,0,2,6.308351906,0.6742312351,6.920472862,0.95,0.95,1769196196249551211_35513514,1769182317238896786_2326343,2026-01-23
146e0356-ef47-41a3-a6c5-67e01df5dcbd,us_boston_streets_853,no_match,brad,2026-01-16 03:54:12.276459+00:00,99b790ab,no_match,0.4984459608,,0.5,0.5,0.5,0.1,0,0.1699781656,0,0.05523723582,True,0.9993142346,0,0,0.0001072183979,1,0.1699781656,0.05523723582,0.05523723582,0.3249666545,5.196230503,5.103140046,5.196174949,0.2506502072,0.6496533356,5.714845063,0.9999999997,5.103140046,5.106374909,1,3,3,3,3,1,1,0,0,1,1,1,1,0.5,0.5,0,1,0,0,0,0,3,5.101978141,0.0928126871,5.18625808,1,1,1769196196249551211_35513514,1769182317238896786_2326343,2026-01-23
c41efff8-df75-4e43-8d0f-1f91deacc3fb,us_boston_streets_718,no_match,brad,2026-01-16 03:54:14.548391+00:00,99b790ab,no_match,0.4984161019,,1,1,1,0.6,0.9584073148,1,0.9622148078,1,True,0.9993368508,0,0,0.0002923279397,1,0.04159268523,0.03778519219,0.03778519219,0.9084576286,2.029781024,1.310974441,2.027918145,0.6582882261,0.8533385508,0.8970632368,0.9999999999,1.310974441,2.023471998,1,4,4,4,4,1,1,0,0,1,1,1,1,1,1,1,1,0,0,0,0,5,1.15192618,0.7065590285,1.899042939,1,1,1769196196249551211_35513514,1769182317238896786_2326343,2026-01-23
55bc82e7-4cb0-40ae-8e1d-4b632892b1c7,us_boston_streets_900,no_match,brad,2026-01-16 03:54:16.142299+00:00,99b790ab,no_match,0.4984135601,,1,1,1,1,0,0.04008525072,0.9608782849,1,True,0.9999193798,0,0,0.00037928491,1,0.04008525072,0.03912171511,0.03912171511,0.9759628393,2.473680889,1.7343476,2.47326686,0.5973846945,0.8238024783,0.1276585869,1,1.7343476,2.472298806,1,4,4,4,4,1,1,0,0,1,1,1,1,1,1,1,1,0,0,0,0,4,1.567737905,0.7390951031,2.349717014,1,1,1769196196249551211_35513514,1769182317238896786_2326343,2026-01-23
1081a75a-0444-4144-beb3-931e6bca0619,us_boston_streets_3815,match,brad,2026-01-16 03:54:24.116621+00:00,99b790ab,no_match,0.4983969763,,1,1,1,0.8,0.9141244634,1,0,0.06639852811,True,0.9990002552,0,0,0.000228170603,1,0.08587553658,0.06639852811,0.06639852811,0.7731949138,0.2634991739,0.2129777585,0.2634986104,0.9511140419,0.9826565819,1.329704614,0.9999999999,0.2129777585,0.2129866502,1,3,3,2,2,0.8,0,0,0,1,1,0,0,1,1,1,1,0,0,0,0,3,0.2129771744,0.05052047625,0.2584466693,0.9,0.9,1769196196249551211_35513514,1769182317238896786_2326343,2026-01-23
78c2dbc9-b938-4a46-909e-40435bb999ec,us_boston_streets_2469,no_match,brad,2026-01-16 03:54:26.186832+00:00,99b790ab,no_match,0.4983872562,,1,1,1,0.8,0,0.07341733817,0.972890415,1,True,0.9988366912,0,0,0.0002707659321,1,0.07341733817,0.02710958497,0.02710958497,0.3692531716,4.799440742,4.022730574,4.797367725,0.327623667,0.6781742878,2.754555958,1,4.022730574,4.792385388,0,3,3,3,3,1,1,0,0,1,1,1,1,1,1,1,1,0,0,0,0,4,4.025133643,0.7732551404,4.72179964,1,1,1769196196249551211_35513514,1769182317238896786_2326343,2026-01-23
18b9be8e-44d7-4470-b970-d924f4ef8c92,us_boston_streets_521,no_match,brad,2026-01-16 03:54:29.700501+00:00,99b790ab,no_match,0.49838245,,1,1,1,0.8,0,0.07348073478,0.960340928,1,True,0.9988274032,0,0,0.0002914315122,1,0.07348073478,0.03965907199,0.03965907199,0.5397206779,0.4649643745,0.3711868111,0.4649544708,0.9140958601,0.9695611764,4.40577496,1,0.3711868111,0.3713590629,1,3,3,3,3,1,1,0,0,1,1,1,1,1,1,1,1,0,0,0,0,3,0.3711744264,0.09376105686,0.4555796017,1,1,1769196196249551211_35513514,1769182317238896786_2326343,2026-01-23
faa68d1d-da12-4388-ae97-78601cf7cd1f,us_boston_streets_5430,no_match,brad,2026-01-16 03:54:31.072201+00:00,99b790ab,no_match,0.4983640381,,0.5,0.5,0.5,0.1,0,0.3387742829,0.9043151064,1,True,0.9990240855,0,0,0.000181821961,1,0.3387742829,0.09568489362,0.09568489362,0.2824443839,5.824282368,5.753946119,5.824278688,0.2131101846,0.6197601156,1.814113982,1,5.753946119,5.754311109,1,3,4,4,4,0.9333333333,0.3333333333,0,0,1,1,1,1,0.5,0.5,0,1,0,0,0,0,2,5.753835585,0.07033011619,5.817214356,0.95,0.95,1769196196249551211_35513514,1769182317238896786_2326343,2026-01-23
726368b1-fe84-432d-bf84-a3892a0af23b,us_boston_streets_277,no_match,brad,2026-01-16 03:54:32.693905+00:00,99b790ab,no_match,0.4983552859,,1,1,1,0.1,0,0.8030286158,0,0.2794127514,True,0.9994618616,1.14875152,0,6.235344355e-05,1,0.8030286158,0.2794127514,0.2794127514,0.3479486856,16.05152511,15.71714177,16.05090924,0,0.250986333,3.038843407,1,15.71714177,15.73813457,1,3,3,4,4,0.8571428571,0,0,0,1,1,1,1,1,1,1,1,0,0,0,1.14875152,5,15.73561035,0.3123880598,16.01779127,0.9,0.9,1769196196249551211_35513514,1769182317238896786_2326343,2026-01-23
8fdb5c6b-736d-494c-be34-90b9c97612a4,us_boston_streets_9914,no_match,brad,2026-01-16 03:54:36.734470+00:00,99b790ab,no_match,0.4983434113,,0.5,0.5,0.5,0.1,0.186102061,0.816777905,0,1,True,0.9993251169,10000,0,2.922563105e-05,1,0.630675844,1,0.630675844,0.630675844,10.35633172,5.825253637,9.587304252,0.5008739239,0.7539503303,0.8925292143,1,5.825253637,3.081561984,1,2,1,3,3,0.6666666667,0,1,0,0,0,1,0,0.5,0.5,0,1,0,0,0,inf,2,3.123643351,0.2028645457,5.256866998,0.85,0.85,1769196196249551211_35513514,1769182317238896786_2326343,2026-01-23
595f97af-916a-4875-a5af-082790117043,us_boston_streets_9033,match,brad,2026-01-16 03:54:46.739075+00:00,99b790ab,no_match,0.4983406191,,1,1,1,0.8,0,0.9966521863,0.7426146876,1,True,0.999621839,10000,0,0.001193549616,1,0.9966521863,0.2573853124,0.2573853124,0.2582498849,3.943503103,3.354623299,3.943492768,0.4788534568,0.7828801025,0.6171970553,1,3.354623299,3.453456046,1,4,3,2,2,0.7272727273,0,0,0,1,1,0,0,1,1,1,1,0,0,0,inf,1,3.454272443,0.492732556,3.894289818,0.85,0.85,1769196196249551211_35513514,1769182317238896786_2326343,2026-01-23
79f6cd5f-da22-4ac9-8583-252214b36d13,us_boston_streets_1409,no_match,brad,2026-01-16 03:54:48.845403+00:00,99b790ab,no_match,0.4983403668,,1,1,1,0.6,0.9604963287,1,0.9603079787,1,True,0.9993148048,0,0,0.0001857934912,1,0.03950367129,0.03969202129,0.03950367129,0.995254714,4.440376142,3.523112232,4.439180055,0.3666679552,0.6997784795,0.7401227286,0.9999999999,3.523112232,4.436372205,0,3,3,4,4,0.8571428571,0,0,0,1,1,1,1,1,1,1,1,0,0,0,0,4,3.513143268,0.9112834791,4.33888124,0.9,0.9,1769196196249551211_35513514,1769182317238896786_2326343,2026-01-23
c7d00d75-f2eb-4992-91d3-ef09ca25b284,us_boston_streets_479,no_match,brad,2026-01-16 03:54:50.448591+00:00,99b790ab,no_match,0.4983365555,,0.5,0.5,0.5,0.1,0.3552798985,1,0.8458099444,1,True,0.9991947036,0,0,0.0001194518147,1,0.6447201015,0.1541900556,0.1541900556,0.2391581327,8.99412992,8.174813352,8.985135736,0.06970757189,0.5006038067,14.21868036,1,8.174813352,8.198630117,1,4,3,4,4,0.9333333333,0.3333333333,0,0,1,1,1,1,0.5,0.5,0,1,0,0,0,0,5,8.180618543,0.6887012537,8.856337114,0.95,0.95,1769196196249551211_35513514,1769182317238896786_2326343,2026-01-23
3d24c618-c9a6-472d-8446-714911372ef3,us_boston_streets_8297,no_match,brad,2026-01-16 03:54:53.218489+00:00,99b790ab,no_match,0.4983195958,,0.5,0.5,0.5,0.1,0.3329779466,1,0,0.9170612183,True,0.9989908345,0,0,8.684363682e-06,1,0.6670220534,0.9170612183,0.6670220534,0.7273473572,11.25502055,9.960333076,11.25467528,0.006662903352,0.4601820459,2.166186663,1,9.960333076,10.24646276,1,4,3,3,3,0.9230769231,0.3333333333,0,0,1,1,1,1,0.5,0.5,0,1,0,0,0,0,4,10.25345634,1.025899811,11.15127966,0.95,0.95,1769196196249551211_35513514,1769182317238896786_2326343,2026-01-23
b6acd059-923e-4f84-b7fd-a4ee14f998b4,us_boston_streets_1829,no_match,brad,2026-01-16 03:54:54.478214+00:00,99b790ab,no_match,0.4983164264,,0.5,0.5,0.5,0.1,0,0.6471948268,0.8097377807,1,True,0.9995180137,0,0,0.0001023910399,1,0.6471948268,0.1902622193,0.1902622193,0.2939798209,9.281967561,9.242663796,9.281964659,0.02613790116,0.4645792378,0.4843570199,1,9.242663796,9.245321372,1,3,4,4,4,0.9333333333,0.3333333333,0,0,1,1,1,1,0.5,0.5,0,1,0,0,0,0,5,9.245595257,0.03604178272,9.278254072,0.95,0.95,1769196196249551211_35513514,1769182317238896786_2326343,2026-01-23
1d96de00-120c-440d-880b-62c3779e1d9d,us_boston_streets_7162,no_match,brad,2026-01-16 03:54:55.711671+00:00,99b790ab,no_match,0.4983045975,,1,1,1,0.8,0.9608618511,1,0.9599319879,1,True,0.9988188261,0,0,0.0003092057543,1,0.03913814893,0.04006801209,0.03913814893,0.97679288,4.56013579,3.477932861,4.550954383,0.365230795,0.6970418231,2.449805353,0.9999999999,3.477932861,4.529197717,0,4,4,4,4,1,1,0,0,1,1,1,1,1,1,1,1,0,0,0,0,3,3.443192606,1.066900583,4.438432951,1,1,1769196196249551211_35513514,1769182317238896786_2326343,2026-01-23
f1f4176e-0a2a-4438-ae84-be220290de68,us_boston_streets_9346,no_match,brad,2026-01-16 03:54:57.075393+00:00,99b790ab,no_match,0.498281885,,1,1,1,0.8,0,0.1181225978,0,0.1341274519,True,0.9992958895,0,0,0.0001764509356,1,0.1181225978,0.1341274519,0.1181225978,0.880674285,7.895861742,7.829456688,7.895861005,0.08825103227,0.5219347403,1.179207071,1,7.829456688,7.829665732,1,4,4,4,4,1,1,0,0,1,1,1,1,1,1,1,1,0,0,0,0,4,7.829389818,0.06640382688,7.88920093,1,1,1769196196249551211_35513514,1769182317238896786_2326343,2026-01-23
09e81068-be11-4bf2-9c68-083b5a2cffba,us_boston_streets_6624,no_match,brad,2026-01-16 03:54:58.328819+00:00,99b790ab,no_match,0.4982628688,,0.5,0.5,0.5,0.1,0,0.507891966,0.8943503921,1,True,0.9990623125,0,0,0.0001122627059,1,0.507891966,0.1056496079,0.1056496079,0.2080159069,8.130658631,8.012118306,8.130639569,0.07352744255,0.50886993,3.168613956,0.9999999999,8.012118306,8.013673123,1,3,4,3,3,0.9230769231,0.3333333333,0,0,1,1,1,1,0.5,0.5,0,1,0,0,0,0,4,8.011657686,0.118508556,8.118660059,0.95,0.95,1769196196249551211_35513514,1769182317238896786_2326343,2026-01-23
d16ef0ce-298f-4511-9404-fce49468cc0d,us_boston_streets_4812,no_match,brad,2026-01-16 03:54:59.895001+00:00,99b790ab,no_match,0.4982405971,,0.5,0.5,0.5,0.1,0.4697778142,1,0,0.8732227106,True,0.9989351033,0,0,1.798353216e-05,1,0.5302221858,0.8732227106,0.5302221858,0.6072015528,8.367192592,7.71606052,8.367169568,0.1131517336,0.5571812616,1.466578177,1,7.71606052,7.817182934,1,4,4,4,4,1,1,0,0,1,1,1,1,0.5,0.5,0,1,0,0,0,0,6,7.816246448,0.5504830687,8.312144285,1,1,1769196196249551211_35513514,1769182317238896786_2326343,2026-01-23
3bf2f29e-d87f-4935-95e1-5ef8caff3d4e,us_boston_streets_10192,match,brad,2026-01-16 03:55:07.600001+00:00,99b790ab,no_match,0.4982381645,,1,1,1,1,0.008060676298,1,0,0.2088665428,True,0.9999769425,10000,10000,0.00161896474,1,0.9919393237,0.2088665428,0.2088665428,0.2105638297,0.3960141253,0.3198577376,0.3795713095,0.9343157621,0.9771829895,0.04231196497,1,0.3198577376,0.3358812717,1,3,4,3,4,1,1,0,0,1,1,1,1,1,1,1,1,0,0,inf,inf,0,0.334968614,0.05129171047,0.3902410467,1,1,1769196196249551211_35513514,1769182317238896786_2326343,2026-01-23
ac05e0a6-9de3-425d-ae82-30397a7846a4,us_boston_streets_8266,match,brad,2026-01-16 03:55:09.981814+00:00,99b790ab,no_match,0.4982340037,,1,1,1,1,0,0.9385767964,0.8085968802,1,True,0.9996763514,0,0,0.0006469069739,1,0.9385767964,0.1914031198,0.1914031198,0.2039290983,2.037085007,1.708458222,2.037055655,0.7974424101,0.909909157,5.797163362,1,1.708458222,0.3289554907,1,3,3,3,3,1,1,0,0,1,1,1,1,1,1,1,1,0,0,0,0,3,1.025074933,0.6966438267,1.872673775,1,1,1769196196249551211_35513514,1769182317238896786_2326343,2026-01-23
14f49515-1e2c-4a1e-bcba-0e7263b08ed7,us_boston_streets_1953,no_match,brad,2026-01-16 03:55:11.639623+00:00,99b790ab,no_match,0.4982259473,,0.5,0.5,0.5,0.1,0,1,0.05741639908,0.3688996357,True,0.9992631224,0,0,0.0002173485957,1,1,0.3114832366,0.3114832366,0.3114832366,9.79283192,8.259946876,9.529454891,0.08352894373,0.5204163575,6.775882286,1,8.259946876,8.332904578,1,1,3,4,4,0.6666666667,0,1,0,0,1,1,1,0.5,0.5,0,1,0,0,0,0,5,8.162129325,0.6042326894,8.837733628,0.8,0.8,1769196196249551211_35513514,1769182317238896786_2326343,2026-01-23
86a7cc29-9b84-4ed0-a6ce-e0a37b1feb43,us_boston_streets_2111,no_match,brad,2026-01-16 03:55:13.687286+00:00,99b790ab,no_match,0.4982091169,,0.5,0.5,0.5,0.1,0.31413002,1,0.04465284504,1,True,0.9991951725,0,9.827769096,1.459654283e-05,1,0.68586998,0.955347155,0.68586998,0.7179274847,6.201509292,5.631792453,6.108366586,0.2738568821,0.6725405928,0.03500331438,1,5.631792453,5.68077751,1,3,3,2,1,0.6666666667,0,0,1,0,1,0,0,0.5,0.5,0,1,0,0,0,9.827769096,1,5.632957226,0.4173377355,6.018201825,0.85,0.85,1769196196249551211_35513514,1769182317238896786_2326343,2026-01-23
4d0487ad-3d58-46f2-8041-75937d315a69,us_boston_streets_232,no_match,brad,2026-01-16 03:55:14.947902+00:00,99b790ab,no_match,0.4981882079,,1,1,1,0.8,0,0.03497796918,0,0.04562322925,True,0.9995088724,0,0,0.000159187607,1,0.03497796918,0.04562322925,0.03497796918,0.7666701756,1.468702362,1.209193693,1.450214639,0.7173875837,0.8904601505,5.615349598,0.9999999999,1.209193693,1.405819417,1,3,3,3,3,1,1,0,0,1,1,1,1,1,1,1,1,0,0,0,0,3,1.123199189,0.185190088,1.315813386,1,1,1769196196249551211_35513514,1769182317238896786_2326343,2026-01-23
28f3023c-0db4-420d-89af-ffed4038f62a,us_boston_streets_4655,no_match,brad,2026-01-16 03:55:16.395892+00:00,99b790ab,no_match,0.4981834607,,1,1,1,1,0,0.0364552216,0,0.04333286879,True,0.9994733118,0,0,0.0001465952902,1,0.0364552216,0.04333286879,0.0364552216,0.8412833634,6.022342593,5.159357472,6.022205767,0.2383589206,0.615636475,0.5210599145,0.9999999999,5.159357472,6.021881392,0,3,3,3,3,1,1,0,0,1,1,1,1,1,1,1,1,0,0,0,0,3,5.159002474,0.8623009929,5.935162236,1,1,1769196196249551211_35513514,1769182317238896786_2326343,2026-01-23
c8ca801e-efb2-4498-8cf2-2480c799257e,us_boston_streets_5464,no_match,brad,2026-01-16 03:55:17.931242+00:00,99b790ab,no_match,0.4981690313,,1,1,1,0.8,0,0.02725336327,0.9276168193,1,True,0.9990552163,0,0,8.93441194e-05,1,0.02725336327,0.07238318069,0.02725336327,0.3765151381,3.550832296,2.887879539,3.5502676,0.4434578889,0.7499429786,1.968338593,0.9999999998,2.887879539,3.548877008,0,3,3,3,3,1,1,0,0,1,1,1,1,1,1,1,1,0,0,0,0,4,2.888611618,0.6620115972,3.484568412,1,1,1769196196249551211_35513514,1769182317238896786_2326343,2026-01-23
64bbaa21-0c11-499a-ac01-609a3eecc860,us_boston_streets_7864,no_match,brad,2026-01-16 03:55:19.442809+00:00,99b790ab,no_match,0.4981345524,,1,1,1,1,0,0.06449613086,0.9714312464,1,True,0.9994160637,0,0,0.0003106159909,1,0.06449613086,0.02856875365,0.02856875365,0.4429529844,2.988353943,1.993535015,2.987507409,0.5293329365,0.7892689012,0.766213467,0.9999999999,1.993535015,2.985499853,0,3,3,3,3,1,1,0,0,1,1,1,1,1,1,1,1,0,0,0,0,4,1.980134397,0.990586257,2.880054838,1,1,1769196196249551211_35513514,1769182317238896786_2326343,2026-01-23
528d057e-2f3e-44c5-9b3f-96c05d1b061a,us_boston_streets_269,no_match,brad,2026-01-16 03:55:20.784614+00:00,99b790ab,no_match,0.4981336163,,1,1,1,0.8,0.9146580913,1,0,0.06283108137,True,0.998842065,0,0,0.0002457809846,1,0.08534190868,0.06283108137,0.06283108137,0.7362277496,0.08788749511,0.07106088553,0.08788401615,0.9859339086,0.9945381117,1.757513607,1,0.07106088553,0.01683398072,1,3,3,2,2,0.8,0,0,0,1,1,0,0,1,1,1,1,0,0,0,0,3,0.05297506257,0.03553044285,0.08450361897,0.9,0.9,1769196196249551211_35513514,1769182317238896786_2326343,2026-01-23
276f6976-47bb-41e1-986b-55d738c9af70,us_boston_streets_8582,no_match,brad,2026-01-16 03:55:22.165647+00:00,99b790ab,no_match,0.4981042306,,0.5,0.5,0.5,0.1,0,0.4691572854,0.8701335415,1,True,0.9989861788,0,0,0.0001489037314,1,0.4691572854,0.1298664585,0.1298664585,0.2768079331,7.430219836,7.326088096,7.430217259,0.1150354608,0.5445148809,1.689026816,0.9999999999,7.326088096,7.338349295,1,4,4,4,4,1,1,0,0,1,1,1,1,0.5,0.5,0,1,0,0,0,0,5,7.337185414,0.09335359197,7.420971208,1,1,1769196196249551211_35513514,1769182317238896786_2326343,2026-01-23
30dddcf5-effc-4385-b811-273344ae966d,us_boston_streets_6988,no_match,brad,2026-01-16 03:55:23.585601+00:00,99b790ab,no_match,0.4981026484,,0.5,0.5,0.5,0.1,0.8653374109,1,0,0.1613955626,True,0.9991606069,10000,5.795126309,0.0001103351394,1,0.1346625891,0.1613955626,0.1346625891,0.8343636402,5.936624764,4.971627506,5.831987871,0.2640407401,0.6477081736,20.03694412,0.9999999999,4.971627506,4.96698482,1,3,3,1,1,0.5,0,0,1,0,1,0,0,0.5,0.5,0,1,0,0,5.795126309,inf,0,4.912848073,0.5328378097,5.443076018,0.8,0.8,1769196196249551211_35513514,1769182317238896786_2326343,2026-01-23
b1f33d91-493a-40e6-86ed-567302352f39,us_boston_streets_9196,no_match,brad,2026-01-16 03:55:25.232130+00:00,99b790ab,no_match,0.4980950338,,0.5,0.5,0.5,0.1,0.05029230808,0.9493929119,0,1,True,0.9994621683,0,0,3.372669348e-06,1,0.8991006038,1,0.8991006038,0.8991006038,12.48526027,12.09565661,12.48522816,0,0.4126767578,0.3078499092,1,12.09565661,11.79277722,1,4,4,2,3,0.7692307692,0,0,0,1,1,1,1,0.5,0.5,0,1,0,0,0,0,3,11.81361561,0.5660781088,12.3650409,0.85,0.85,1769196196249551211_35513514,1769182317238896786_2326343,2026-01-23
d6fb24e7-f56d-43ad-8c49-68c2fecbaa0e,us_boston_streets_9274,no_match,brad,2026-01-16 03:55:26.858323+00:00,99b790ab,no_match,0.4980927728,,1,1,1,1,0,0.0399900386,0.9607871674,1,True,0.9989366175,10000,0,0.0003030195906,1,0.0399900386,0.03921283263,0.03921283263,0.9805650108,2.2673846,1.504061462,2.262446185,0.623269019,0.8374414354,2.13778548,1,1.504061462,2.250451629,1,3,3,3,3,1,1,0,0,1,1,1,1,1,1,1,1,0,0,0,inf,2,1.379848346,0.7597848906,2.153080702,1,1,1769196196249551211_35513514,1769182317238896786_2326343,2026-01-23
47eb019f-23fc-4160-a8dd-91fc1f37f554,us_boston_streets_4686,no_match,brad,2026-01-16 03:55:28.310968+00:00,99b790ab,no_match,0.4980707713,,1,1,1,0.8,0.9627555998,1,0,0.04226826872,True,0.9995851859,0,10000,0.0002467337225,1,0.03724440022,0.04226826872,0.03724440022,0.8811432631,3.321470945,2.249412567,3.321223852,0.5003491274,0.7705807809,0.687302692,1,2.249412567,3.320622253,0,3,3,3,3,1,1,0,0,1,1,1,1,1,1,1,1,0,0,0,inf,2,2.247945491,1.070822916,3.212424794,1,1,1769196196249551211_35513514,1769182317238896786_2326343,2026-01-23
b54a3362-2af3-4603-8eb3-d4df87e7f9ae,us_boston_streets_9069,no_match,brad,2026-01-16 03:55:29.700972+00:00,99b790ab,no_match,0.4980699993,,0.5,0.5,0.5,0.1,0.675740749,1,0.9232424168,1,True,0.9988250005,0,0,7.541217441e-05,1,0.324259251,0.07675758321,0.07675758321,0.2367167104,8.518894144,8.215277769,8.515460852,0.05341049988,0.48884032,25.62018873,0.9999999999,8.215277769,8.323352101,1,3,3,4,4,0.8571428571,0,0,0,1,1,1,1,0.5,0.5,0,1,0,0,0,0,6,8.194640871,0.2864499136,8.462886113,0.9,0.9,1769196196249551211_35513514,1769182317238896786_2326343,2026-01-23
73ea9467-8c4a-4d85-a427-02ce06a94154,us_boston_streets_3297,no_match,brad,2026-01-16 03:55:31.528950+00:00,99b790ab,no_match,0.4980621624,,0.5,0.5,0.5,0.1,0,1,0.6388367649,0.9885701811,True,0.9989419369,0,0,0.0002947032145,1,1,0.3497334162,0.3497334162,0.3497334162,7.318044828,5.396467255,7.308480754,0.3031924645,0.6696238969,3.51676282,1,5.396467255,5.043949601,1,3,3,3,3,1,1,0,0,1,1,1,1,0.5,0.5,0,1,0,0,0,0,4,5.161993135,1.109434878,6.96149841,1,1,1769196196249551211_35513514,1769182317238896786_2326343,2026-01-23
68c25d92-d032-4d86-9010-8a27cd1f20a1,us_boston_streets_1671,no_match,brad,2026-01-16 03:55:33.140732+00:00,99b790ab,no_match,0.4980501291,,1,1,1,0.8,0,0.03332151253,0.9512134214,1,True,0.9996987358,0,0,0.0001643875191,1,0.03332151253,0.04878657865,0.03332151253,0.6830057252,1.566331638,1.20427856,1.565210816,0.698444794,0.8802311754,0.4517556834,0.9999999998,1.20427856,1.562584794,1,3,3,2,2,0.8,0,0,0,1,1,0,0,1,1,1,1,0,0,0,0,4,1.118787007,0.3555881824,1.497955384,0.9,0.9,1769196196249551211_35513514,1769182317238896786_2326343,2026-01-23
8ea9fd46-ad6f-4fd2-9d61-155100ff3e9a,us_boston_streets_10497,no_match,brad,2026-01-16 03:55:34.828241+00:00,99b790ab,no_match,0.4980484981,,1,1,1,0.1,0.4103305401,0.9213158899,0,1,True,0.9993830314,0,0,1.938957571e-06,1,0.5109853498,1,0.5109853498,0.5109853498,12.09338047,11.60113182,12.01618231,0,0.4206220754,0.1782506962,1,11.60113182,11.58649743,1,3,4,2,2,0.7272727273,0,0,0,1,1,0,0,1,1,1,1,0,0,0,0,2,11.58812466,0.3121443652,12.00292213,0.85,0.85,1769196196249551211_35513514,1769182317238896786_2326343,2026-01-23
28cd3949-00a3-4e1d-aeae-a78d3b5d0675,us_boston_streets_5333,no_match,brad,2026-01-16 03:55:37.154409+00:00,99b790ab,no_match,0.4980439316,,1,1,1,1,0,1,0.1431852283,0.7616372842,True,0.9992563735,0,0,0.0001784327204,1,1,0.6184520559,0.6184520559,0.6184520559,16.18957827,14.57869044,16.15267477,0,0.3204713442,1.220495763,1,14.57869044,15.22427228,1,5,3,5,4,0.9411764706,0.3333333333,0,0,1,1,1,1,1,1,1,1,0,0,0,0,8,15.14939976,0.9198331954,16.14148853,0.95,0.95,1769196196249551211_35513514,1769182317238896786_2326343,2026-01-23
78f9dd97-e029-4c80-8616-73762cc50fbe,us_boston_streets_3029,match,brad,2026-01-16 03:55:53.329844+00:00,99b790ab,review,0.7498266887,,1,1,1,1,0,1,0.3783379637,0.994078382,True,0.9998124293,0,0,0.0002445503776,1,1,0.6157404182,0.6157404182,0.6157404182,0.5173065048,0.3280587923,0.5089586588,0.9393919022,0.978733639,0.1050921708,1,0.3280587923,0.3090696028,1,3,3,3,3,1,1,0,0,1,1,1,1,1,1,1,1,0,0,0,0,4,0.3047011837,0.1462340546,0.5089497024,1,1,1769196196249551211_35513514,1769182317238896786_2326343,2026-01-23
92d24655-5109-45e5-8222-884b6e0a7551,us_boston_streets_7314,no_match,brad,2026-01-16 03:55:55.865805+00:00,99b790ab,review,0.7497527129,,0.5,0.5,0.5,0.1,0,1,0.07205987866,0.938758781,True,0.9991690832,0,0,3.148671638e-05,1,1,0.8666989023,0.8666989023,0.8666989023,2.951310248,2.530472707,2.950533019,0.617279817,0.8444373859,0.1477411276,1,2.530472707,2.270207707,1,3,3,3,4,0.9230769231,0.3333333333,0,0,1,1,1,1,0.5,0.5,0,1,0,0,0,0,5,2.300862745,0.5098686868,2.727369387,0.95,0.95,1769196196249551211_35513514,1769182317238896786_2326343,2026-01-23
349a3013-5adb-4284-985c-342e5f147e6b,us_boston_streets_2525,match,brad,2026-01-16 03:56:02.696652+00:00,99b790ab,review,0.7496781311,,1,1,1,0.1,0,1,0.04210940096,0.6119379318,True,0.9992693435,0,10000,0.0004268662205,1,1,0.5698285308,0.5698285308,0.5698285308,2.854029079,1.475123124,2.69244459,0.8074334679,0.9343341082,0.2389023862,1,1.475123124,1.070089688,1,4,3,3,1,0.7272727273,0.3333333333,0,1,0,1,1,1,1,1,1,1,0,0,0,inf,2,1.061714522,1.241558443,2.35599017,0.85,0.85,1769196196249551211_35513514,1769182317238896786_2326343,2026-01-23
2d131c0c-6cb5-4804-927b-135dd6e4dc4e,us_boston_streets_2709,match,brad,2026-01-16 03:56:05.616682+00:00,99b790ab,review,0.7495831722,,1,1,1,0.8,0,0.9717923576,0.382148956,1,True,0.9998688628,0,0,0.0003160458867,1,0.9717923576,0.617851044,0.617851044,0.635785041,0.4333096144,0.1748740437,0.3756341734,0.9590219506,0.9865325026,0.1613596262,1,0.1748740437,0.1614318827,1,3,3,4,3,0.9230769231,0.3333333333,0,0,1,1,1,1,1,1,1,1,0,0,0,0,5,0.2081306582,0.1721088987,0.3901555066,0.95,0.95,1769196196249551211_35513514,1769182317238896786_2326343,2026-01-23
0a71eace-e4a5-4dba-9a12-1a69c814ce82,us_boston_streets_7132,match,brad,2026-01-16 03:56:09.628799+00:00,99b790ab,review,0.7495781245,,1,1,1,1,0,1,0.4648114963,0.9940713461,True,0.9999362022,0,0,0.000258259944,1,1,0.5292598497,0.5292598497,0.5292598497,0.6191887104,0.5729488399,0.6191884635,0.887456261,0.9593239996,0.07776700649,1,0.5729488399,0.5779448455,1,4,4,4,4,1,1,0,0,1,1,1,1,1,1,1,1,0,0,0,0,2,0.5779865207,0.0413488057,0.6150525952,1,1,1769196196249551211_35513514,1769182317238896786_2326343,2026-01-23
4df649cb-0875-41eb-93ee-970296bfe080,us_boston_streets_9450,match,brad,2026-01-16 03:56:12.229665+00:00,99b790ab,review,0.7495472888,,1,1,1,1,0,1,0.5490813547,0.9862382212,True,0.9994519922,0,0,0.0001672781154,1,1,0.4371568665,0.4371568665,0.4371568665,1.558594044,1.515934056,1.555380418,0.7211618657,0.8924737504,0.1676943406,1,1.515934056,1.54799526,1,4,3,3,4,1,1,0,0,1,1,1,1,1,1,1,1,0,0,0,0,6,1.53330527,0.008482663659,1.555313554,1,1,1769196196249551211_35513514,1769182317238896786_2326343,2026-01-23
bf081afe-a4b9-400f-b8c5-e27d8981e8ed,us_boston_streets_4174,match,brad,2026-01-16 03:56:14.061062+00:00,99b790ab,review,0.7495119469,,1,1,1,1,0,0.9783528002,0.4136790397,1,True,0.9991946733,0,10000,0.0003507559139,1,0.9783528002,0.5863209603,0.5863209603,0.5992939972,1.646104216,1.047719427,1.629417384,0.880743366,0.9536464478,0.2225040418,1,1.047719427,0.5839743141,1,3,3,3,3,1,1,0,0,1,1,1,1,1,1,1,1,0,0,0,inf,1,0.6033252181,0.52658247,1.5685795,1,1,1769196196249551211_35513514,1769182317238896786_2326343,2026-01-23
093fe516-1059-479f-a967-6825c059c021,us_boston_streets_10486,match,brad,2026-01-16 03:56:21.001849+00:00,99b790ab,review,0.7495062367,,1,1,1,0.8,0,1,0.01381539292,0.4089015341,True,0.9996568283,0,0,0.0001335944149,1,1,0.3950861412,0.3950861412,0.3950861412,3.161766718,2.44155253,3.157911423,0.6444368389,0.8340018957,18.60149521,1,2.44155253,0.6234272439,1,4,3,4,4,0.9333333333,0.3333333333,0,0,1,1,1,1,1,1,1,1,0,0,0,0,5,2.190030951,1.147146069,3.099675202,0.95,0.95,1769196196249551211_35513514,1769182317238896786_2326343,2026-01-23
f4cdf843-6cf6-4a48-bc44-f1c55db38913,us_boston_streets_9604,match,brad,2026-01-16 03:56:23.360217+00:00,99b790ab,review,0.7492952225,,1,1,1,1,0.007479966954,1,0,0.5298083894,True,0.9994959236,0,0,0.0002852684549,1,0.992520033,0.5298083894,0.5298083894,0.5338012048,0.9815492406,0.9064780553,0.978626244,0.8276362489,0.9367582975,0.1328599589,1,0.9064780553,0.917912656,1,3,3,3,2,0.9090909091,0.3333333333,0,0,1,1,1,1,1,1,1,1,0,0,0,0,3,0.9148791894,0.08521343536,0.9750940481,0.95,0.95,1769196196249551211_35513514,1769182317238896786_2326343,2026-01-23
b64bab6c-dfad-43f4-a398-ded46c0ece5b,us_boston_streets_7125,match,brad,2026-01-16 03:56:25.498512+00:00,99b790ab,review,0.7492436513,,1,1,1,1,0,1,0.008015324699,0.4128114038,True,0.9992386556,0,0,0.0001597832105,1,1,0.4047960791,0.4047960791,0.4047960791,0.3840561256,0.2381211317,0.3786564369,0.952125339,0.9839851159,0.2493575334,1,0.2381211317,0.2483654617,1,3,3,2,3,0.9090909091,0.3333333333,0,0,1,1,1,1,1,1,1,1,0,0,0,0,2,0.2324963259,0.05572881369,0.3383673114,0.95,0.95,1769196196249551211_35513514,1769182317238896786_2326343,2026-01-23
fdc65b99-33f8-4b19-b259-e8d16f7e95b7,us_boston_streets_8765,match,brad,2026-01-16 03:56:31.473781+00:00,99b790ab,review,0.749218395,,1,1,1,1,0.2972414609,1,0,0.702419869,True,0.9993219454,0,0,0.0002972590664,1,0.7027585391,0.702419869,0.702419869,0.9995180846,1.423837342,1.030144625,1.411351226,0.8130864771,0.9319381886,0.9279661854,1,1.030144625,0.5823684932,1,4,4,2,3,0.7692307692,0,0,0,1,1,1,1,1,1,1,1,0,0,0,0,2,1.013735636,0.359486923,1.402615917,0.85,0.85,1769196196249551211_35513514,1769182317238896786_2326343,2026-01-23
dfcd84a0-d10e-45d5-b680-d5642c830b2b,us_boston_streets_1952,match,brad,2026-01-16 03:56:35.271972+00:00,99b790ab,review,0.74902452,,1,1,1,0.8,0.2437613395,0.9030375673,0,1,True,0.9995000932,0,0,1.851082139e-07,1,0.6592762278,1,0.6592762278,0.6592762278,0.1889582241,0.1590731676,0.188951211,0.969106018,0.9891940744,0.01630321357,1,0.1590731676,0.1533464219,1,5,4,2,3,0.7142857143,0,0,0,1,1,1,1,1,1,1,1,0,0,0,0,3,0.1546262762,0.04511723866,0.1855320049,0.8,0.8,1769196196249551211_35513514,1769182317238896786_2326343,2026-01-23
599ba133-cbb9-481a-927d-2626d4698934,us_boston_streets_7992,no_match,brad,2026-01-16 03:56:40.985037+00:00,99b790ab,review,0.7489907651,,0.5,0.5,0.5,0.1,0,1,0.02425402083,0.952339184,True,0.9991000004,0,0,1.254645697e-05,1,1,0.9280851632,0.9280851632,0.9280851632,4.71599026,2.975612913,4.704150693,0.5107719087,0.7977018142,2.910023478,1,2.975612913,2.811980995,1,3,4,3,3,0.9230769231,0.3333333333,0,0,1,1,1,1,0.5,0.5,0,1,0,0,0,0,4,3.193486168,1.706655435,4.591167786,0.95,0.95,1769196196249551211_35513514,1769182317238896786_2326343,2026-01-23
bf56f475-e8d2-48fb-a1b0-0cd571a68906,us_boston_streets_8908,no_match,brad,2026-01-16 03:56:46.823376+00:00,99b790ab,review,0.7489755821,,0.5,0.5,0.5,0.1,0,1,0.03870660257,0.9389844655,True,0.9993266079,0,0,4.20040731e-05,1,1,0.9002778629,0.9002778629,0.9002778629,4.168803942,2.752197535,4.168001352,0.6190846253,0.8469300639,1.059704668,1,2.752197535,2.281112268,1,3,3,4,4,0.8571428571,0,0,0,1,1,1,1,0.5,0.5,0,1,0,0,0,0,4,2.304542268,1.008515294,3.767104343,0.9,0.9,1769196196249551211_35513514,1769182317238896786_2326343,2026-01-23
5e828d5f-f5e4-41d5-a7f2-6085f05b3b7e,us_boston_streets_4260,match,brad,2026-01-16 03:56:56.254393+00:00,99b790ab,review,0.7489340558,,1,1,1,0.8,0.02430805658,1,0,0.5157289615,True,0.99915366,0,0,0.0002300030784,1,0.9756919434,0.5157289615,0.5157289615,0.528577657,3.4057528,1.353599324,3.404350871,0.7972784766,0.9108755077,4.547598571,1,1.353599324,0.5082795881,1,5,3,6,3,0.9411764706,0.3333333333,0,0,1,1,1,1,1,1,1,1,0,0,0,0,8,1.04883007,1.008566834,2.99671835,0.95,0.95,1769196196249551211_35513514,1769182317238896786_2326343,2026-01-23
5a6f490b-c18a-405e-ad7f-e24426b34864,us_boston_streets_1901,no_match,brad,2026-01-16 03:56:59.186090+00:00,99b790ab,review,0.748929681,,0.5,0.5,0.5,0.1,0,1,0.09586895644,0.9367590743,True,0.9990543092,0,0,1.358254306e-05,1,1,0.8408901178,0.8408901178,0.8408901178,6.78357578,3.692214572,6.282989648,0.5050277605,0.7669956888,3.047783754,1,3.692214572,4.355918259,1,3,3,3,3,1,1,0,0,1,1,1,1,0.5,0.5,0,1,0,0,0,0,4,3.077578817,0.4662772509,4.055715741,1,1,1769196196249551211_35513514,1769182317238896786_2326343,2026-01-23
e9533b07-664d-42fa-998a-12a2ad5bf733,us_boston_streets_9850,match,brad,2026-01-16 03:57:02.374642+00:00,99b790ab,review,0.7489287166,,1,1,1,0.8,0,0.7036003128,0,0.9968776387,True,0.9996133329,0,0,4.382229649e-06,1,0.7036003128,0.9968776387,0.7036003128,0.7058040882,1.211815237,0.6663396091,1.211814221,0.8671742456,0.9524094376,0.4921913849,1,0.6663396091,0.6996390373,1,4,3,2,4,0.9230769231,0.3333333333,0,0,1,1,1,1,1,1,1,1,0,0,0,0,4,0.6996376582,0.5118943495,1.160373399,0.95,0.95,1769196196249551211_35513514,1769182317238896786_2326343,2026-01-23
a4a91019-5bad-495f-a108-f7d85835e827,us_boston_streets_5983,no_match,brad,2026-01-16 03:57:04.763621+00:00,99b790ab,review,0.7489101633,,0.5,0.5,0.5,0.1,0,1,0.0236837327,0.9735412643,True,0.9993728494,0,0,1.906039928e-05,1,1,0.9498575316,0.9498575316,0.9498575316,5.415130337,3.88210594,5.41508003,0.4435248114,0.7620244863,0.1340053399,1,3.88210594,3.765037276,1,4,3,4,3,1,1,0,0,1,1,1,1,0.5,0.5,0,1,0,0,0,0,5,3.795187248,1.59259634,5.229217162,1,1,1769196196249551211_35513514,1769182317238896786_2326343,2026-01-23
c710c04b-e43c-464b-b947-caf66b4f7544,us_boston_streets_529,no_match,brad,2026-01-16 03:57:07.071496+00:00,99b790ab,review,0.7488681348,,1,1,1,0.6,0.03325577277,1,0,0.5409250305,True,0.9995286612,0,0,0.0001026871103,1,0.9667442272,0.5409250305,0.5409250305,0.5595327236,5.34069204,5.154571668,5.34067045,0.3025949261,0.6811338312,0.6827960591,1,5.154571668,5.163899301,1,3,3,3,2,0.9090909091,0.3333333333,0,0,1,1,1,1,1,1,1,1,0,0,0,0,3,5.157210679,0.2528422573,5.335835435,0.95,0.95,1769196196249551211_35513514,1769182317238896786_2326343,2026-01-23
e5e09ece-faad-46a5-ba86-ab88335d0cab,us_boston_streets_4017,match,brad,2026-01-16 03:57:10.090593+00:00,99b790ab,review,0.7488532366,,1,1,1,0.6,0.3824066299,1,0.2276486912,1,True,0.9998769289,0,0,8.631127341e-05,1,0.6175933701,0.7723513088,0.6175933701,0.7996275309,0.8909844483,0.6940261116,0.8909826927,0.8604906052,0.948873523,0.3280866915,1,0.6940261116,0.7235563175,1,3,3,2,2,0.8,0,0,0,1,1,0,0,1,1,1,1,0,0,0,0,2,0.725088251,0.1757847169,0.8746194888,0.9,0.9,1769196196249551211_35513514,1769182317238896786_2326343,2026-01-23
a21ce561-e83a-4b2a-b85a-72fda94a93c9,us_boston_streets_9960,no_match,brad,2026-01-16 03:57:12.449638+00:00,99b790ab,review,0.748704672,,0.5,0.5,0.5,0.1,0,1,0.07239030078,0.9540558329,True,0.9994308538,0,10000,2.67817494e-05,1,1,0.8816655321,0.8816655321,0.8816655321,4.169748586,3.011048859,4.122331846,0.5428040439,0.8099554727,0.1478606163,1,3.011048859,2.85834864,1,4,3,4,3,1,1,0,0,1,1,1,1,0.5,0.5,0,1,0,0,0,inf,3,2.891919309,1.957452048,4.134937507,1,1,1769196196249551211_35513514,1769182317238896786_2326343,2026-01-23
ce5b85e6-aaf9-42a0-98b8-98f7060c4a7e,us_boston_streets_4471,match,brad,2026-01-16 03:57:15.162460+00:00,99b790ab,review,0.7486269061,,1,1,1,1,0.01394442402,1,0,0.5720159626,True,0.9993593222,0,0,0.0002569580858,1,0.986055576,0.5720159626,0.5720159626,0.5801051954,1.514715011,1.105187733,1.513444703,0.8326636818,0.9352568504,0.4916975314,1,1.105187733,0.8550031408,1,3,3,3,4,0.9230769231,0.3333333333,0,0,1,1,1,1,1,1,1,1,0,0,0,0,4,0.8766789907,0.01126950897,1.043296181,0.95,0.95,1769196196249551211_35513514,1769182317238896786_2326343,2026-01-23
603d933d-bc71-4678-9ca2-3ec6dda67853,us_boston_streets_3788,match,brad,2026-01-16 03:57:20.178615+00:00,99b790ab,review,0.7485503046,,1,1,1,1,0.0151136664,1,0,0.5173404893,True,0.9998164982,0,0,0.0002366655179,1,0.9848863336,0.5173404893,0.5173404893,0.5252793867,0.3155489261,0.2826910213,0.3155485635,0.9457245407,0.9802874382,0.03616433038,1,0.2826910213,0.2650566962,1,3,3,3,3,1,1,0,0,1,1,1,1,1,1,1,1,0,0,0,0,4,0.2683708753,0.03649033724,0.3095242371,1,1,1769196196249551211_35513514,1769182317238896786_2326343,2026-01-23
bb958f1c-25f6-4d70-a0fc-8beff54763f0,us_boston_streets_10596,match,brad,2026-01-16 03:57:23.120981+00:00,99b790ab,review,0.7485308522,,1,1,1,0.6,0,0.982070789,0.3322071459,1,True,0.9993604441,0,0,0.0003682490645,1,0.982070789,0.6677928541,0.6677928541,0.6799844386,1.821423061,1.365770455,1.821400867,0.7668625805,0.9134501925,0.2644810561,1,1.365770455,1.29878298,1,3,4,3,3,0.9230769231,0.3333333333,0,0,1,1,1,1,1,1,1,1,0,0,0,0,4,1.30167919,0.3869431525,1.752779949,0.95,0.95,1769196196249551211_35513514,1769182317238896786_2326343,2026-01-23
14a6cc9b-2bdd-4644-a815-da4e56d1ed41,us_boston_streets_3547,match,brad,2026-01-16 03:57:25.504963+00:00,99b790ab,review,0.7485262513,,1,1,1,1,0,1,0.4001150871,0.9929740198,True,0.9988880328,0,0,0.0002475679854,1,1,0.5928589328,0.5928589328,0.5928589328,0.8029862931,0.4549684835,0.7802420235,0.9268873254,0.9716837552,0.3947875255,1,0.4549684835,0.3464586055,1,4,3,4,3,1,1,0,0,1,1,1,1,1,1,1,1,0,0,0,0,4,0.3713442236,0.01876663041,0.6167119273,1,1,1769196196249551211_35513514,1769182317238896786_2326343,2026-01-23
0bd2edf8-a60d-4458-afaa-83073cafbe22,us_boston_streets_3878,match,brad,2026-01-16 03:57:28.838761+00:00,99b790ab,review,0.7484314431,,1,1,1,1,0,1,0.4551481118,0.9931811282,True,0.9995504672,0,0,0.0002616019378,1,1,0.5380330164,0.5380330164,0.5380330164,0.3912594543,0.2677978635,0.3894998482,0.9501963047,0.9817349778,0.1437113325,1,0.2677978635,0.2412605384,1,3,3,3,3,1,1,0,0,1,1,1,1,1,1,1,1,0,0,0,0,5,0.2489788707,0.05504623173,0.3208317039,1,1,1769196196249551211_35513514,1769182317238896786_2326343,2026-01-23
7b202f4c-7069-4018-be51-793b8c872c8e,us_boston_streets_3439,no_match,brad,2026-01-16 03:57:31.152887+00:00,99b790ab,review,0.7483952247,,0.5,0.5,0.5,0.1,0,0.9902321721,0,0.9515094126,True,0.9994210901,0,0,3.115823321e-05,1,0.9902321721,0.9515094126,0.9515094126,0.9608952722,5.798720787,3.326641844,5.060934459,0.4845071266,0.7845309703,2.034751204,1,3.326641844,3.414895309,1,4,3,3,3,0.9230769231,0.3333333333,0,0,1,1,1,1,0.5,0.5,0,1,0,0,0,0,4,3.457204072,0.6853600426,3.936297568,0.95,0.95,1769196196249551211_35513514,1769182317238896786_2326343,2026-01-23
f155b47e-503b-4d17-ad03-44fd7d4e1453,us_boston_streets_6903,match,brad,2026-01-16 03:57:32.964515+00:00,99b790ab,review,0.7483379975,,1,1,1,1,0,1,0.3600357036,0.9972603054,True,0.9993842474,0,0,0.0005241019512,1,1,0.6372246018,0.6372246018,0.6372246018,0.3607346188,0.2761690634,0.3351663854,0.9456309858,0.9812166058,0.005641083322,1,0.2761690634,0.2766914101,1,3,3,3,3,1,1,0,0,1,1,1,1,1,1,1,1,0,0,0,0,4,0.2766943503,0.05471193958,0.3459420082,1,1,1769196196249551211_35513514,1769182317238896786_2326343,2026-01-23
dcd0284e-d59f-4880-bfbb-f4b3dccd1b68,us_boston_streets_7706,match,brad,2026-01-16 03:57:34.946327+00:00,99b790ab,review,0.748272695,,1,1,1,1,0,1,0.3680522895,0.9954764704,True,0.9995924929,0,0,0.0003203106175,1,1,0.6274241808,0.6274241808,0.6274241808,0.03372453153,0.02688259482,0.03345937279,0.9934350922,0.9978064897,0.00638642874,1,0.02688259482,0.0330320768,1,3,4,3,4,1,1,0,0,1,1,1,1,1,1,1,1,0,0,0,0,5,0.03240994174,0.0006962342369,0.03360776787,1,1,1769196196249551211_35513514,1769182317238896786_2326343,2026-01-23
56ec7bff-906d-48ca-a3e6-cc0b0f8651de,us_boston_streets_8695,no_match,brad,2026-01-16 03:57:40.267100+00:00,99b790ab,review,0.7482723154,,1,1,1,1,0,0.9716223067,0,0.998109733,True,0.9992537903,0,0,9.414569874e-06,1,0.9716223067,0.998109733,0.9716223067,0.9734624105,10.80638635,10.01776775,10.74846944,0.01493514209,0.4922135789,0.5453152439,1,10.01776775,10.05888281,1,3,3,3,3,1,1,0,0,1,1,1,1,1,1,1,1,0,0,0,0,4,9.962552569,0.9083966417,10.75078506,1,1,1769196196249551211_35513514,1769182317238896786_2326343,2026-01-23
cb144984-032c-4078-976b-1c93c3d7ced9,us_boston_streets_205,match,brad,2026-01-16 03:57:42.863143+00:00,99b790ab,review,0.7482307705,,1,1,1,0.8,0,1,0.3710665459,0.9944318995,True,0.9996490036,0,0,0.0006555393228,1,1,0.6233653536,0.6233653536,0.6233653536,3.087811172,0.8037798073,3.087158353,0.9245159117,0.9664834847,0.8080212162,1,0.8037798073,0.1401895891,1,3,5,3,6,0.9411764706,0.3333333333,0,0,1,1,1,1,1,1,1,1,0,0,0,0,8,0.3654703044,0.1653761376,1.495192817,0.95,0.95,1769196196249551211_35513514,1769182317238896786_2326343,2026-01-23
2d4e18e9-e057-40c0-8db0-973e7bd65c16,us_boston_streets_7279,match,brad,2026-01-16 03:57:45.384610+00:00,99b790ab,review,0.7482238976,,1,1,1,1,0.0186932634,1,0,0.4656879009,True,0.9999605427,0,0,0.0002117666761,1,0.9813067366,0.4656879009,0.4656879009,0.4745589565,0.6831797335,0.6687771017,0.6831796704,0.8696278361,0.9521471044,0.04581704252,1,0.6687771017,0.6672947618,1,3,3,3,3,1,1,0,0,1,1,1,1,1,1,1,1,0,0,0,0,4,0.6672917483,0.01591448793,0.6815953248,1,1,1769196196249551211_35513514,1769182317238896786_2326343,2026-01-23
d9834588-2110-426e-aefc-433079875bca,us_boston_streets_4768,match,brad,2026-01-16 03:57:53.011037+00:00,99b790ab,review,0.7481976582,,1,1,1,1,0.197201314,1,0.3992761385,1,True,0.9992041095,0,0,0.0001728974756,1,0.802798686,0.6007238615,0.6007238615,0.7482870512,5.889349811,5.482623937,5.889289396,0.2772258089,0.6678435131,0.6801025954,1,5.482623937,5.508638761,1,4,3,3,2,0.8333333333,0.3333333333,0,0,1,1,1,1,1,1,1,1,0,0,0,0,2,5.518428385,0.3830131089,5.851048501,0.9,0.9,1769196196249551211_35513514,1769182317238896786_2326343,2026-01-23
6a2a4de4-8a7d-4899-9913-a26597b862b5,us_boston_streets_9258,no_match,brad,2026-01-16 03:57:56.864887+00:00,99b790ab,review,0.7481350364,,0.5,0.5,0.5,0.1,0,1,0.01714363135,0.9806231015,True,0.9996641339,0,10000,1.137052649e-05,1,1,0.9634794702,0.9634794702,0.9634794702,4.545635522,4.069713334,4.545588318,0.4170899025,0.7564779665,0.1950289326,1,4.069713334,4.093684633,1,4,3,3,3,0.9230769231,0.3333333333,0,0,1,1,1,1,0.5,0.5,0,1,0,0,0,inf,2,4.091907308,0.4569038643,4.445646424,0.95,0.95,1769196196249551211_35513514,1769182317238896786_2326343,2026-01-23
4e9d409b-e5f2-4389-8988-88008e8c9262,us_boston_streets_2765,match,brad,2026-01-16 03:57:59.496231+00:00,99b790ab,review,0.7480919848,,1,1,1,0.6,0,0.9851487677,0.3570588614,1,True,0.9992396865,0,0,0.0004672185749,1,0.9851487677,0.6429411386,0.6429411386,0.6526335511,2.581119833,1.328542949,2.541959984,0.7917718165,0.917216584,1.48648967,1,1.328542949,0.4638065087,1,3,4,3,4,1,1,0,0,1,1,1,1,1,1,1,1,0,0,0,0,5,1.122724268,1.40669014,2.197395574,1,1,1769196196249551211_35513514,1769182317238896786_2326343,2026-01-23
8ef981cb-fc24-4506-ad9b-f5d5d4196d79,us_boston_streets_7735,match,brad,2026-01-16 03:58:02.220445+00:00,99b790ab,review,0.7480559225,,1,1,1,0.8,0.4129137998,1,0,0.9804557828,True,0.9990829141,0,0,9.946716678e-06,1,0.5870862002,0.9804557828,0.5870862002,0.5987890637,2.765644231,1.565656362,2.762824666,0.7390561206,0.8967270923,2.689656669,1,1.565656362,1.40725836,1,3,4,2,6,0.8,0,0,0,1,1,1,1,1,1,1,1,0,0,0,0,6,1.438855101,1.00301645,2.480623784,0.85,0.85,1769196196249551211_35513514,1769182317238896786_2326343,2026-01-23
ce15d93f-c0e7-4cc6-89c5-c3d651212a24,us_boston_streets_6341,match,brad,2026-01-16 03:58:08.036495+00:00,99b790ab,review,0.7479506362,,1,1,1,1,0,0.9820328102,0,0.5034055705,True,0.9999826704,0,10000,0.0002217578448,1,0.9820328102,0.5034055705,0.5034055705,0.5126158366,0.1789306891,0.1656406626,0.178930459,0.9660520937,0.9879864743,0.02431768709,1,0.1656406626,0.1664204718,1,3,3,3,3,1,1,0,0,1,1,1,1,1,1,1,1,0,0,0,inf,2,0.1665801879,0.01271337323,0.1776589657,1,1,1769196196249551211_35513514,1769182317238896786_2326343,2026-01-23
2e9fe065-c6c2-4cb7-a325-513aae185217,us_boston_streets_8742,no_match,brad,2026-01-16 03:58:09.836621+00:00,99b790ab,review,0.7479223948,,0.5,0.5,0.5,0.1,0,0.9798965701,0.0718190813,1,True,0.9990583844,0,10000,3.705635948e-05,1,0.9798965701,0.9281809187,0.9281809187,0.9472233571,4.113647131,3.481964231,4.111509641,0.4877863096,0.787027621,0.5119193197,1,3.481964231,3.381076624,1,4,3,4,1,0.8333333333,0.3333333333,0,1,0,1,1,1,0.5,0.5,0,1,0,0,0,inf,3,3.37363174,0.3622935073,3.922516704,0.9,0.9,1769196196249551211_35513514,1769182317238896786_2326343,2026-01-23
a374826e-6c16-4971-99c7-6655723d85ae,us_boston_streets_432,match,brad,2026-01-16 03:58:12.649098+00:00,99b790ab,review,0.7478391934,,1,1,1,1,0,1,6.344478698e-05,0.5768188835,True,0.999437891,0,0,0.0004254757064,1,1,0.5767554387,0.5767554387,0.5767554387,1.785766957,0.9431580235,1.785747922,0.8674630303,0.949246819,0.7552260128,1,0.9431580235,0.6671755313,1,3,3,3,3,1,1,0,0,1,1,1,1,1,1,1,1,0,0,0,0,4,0.6847620661,0.571183755,1.613863814,1,1,1769196196249551211_35513514,1769182317238896786_2326343,2026-01-23
80b8dbf9-f4cf-41e8-8ba4-eadf5a6ee376,us_boston_streets_3175,match,brad,2026-01-16 03:58:15.088796+00:00,99b790ab,review,0.7478336334,,1,1,1,0.6,0,0.9973213595,0.4066429752,1,True,0.9996566336,0,0,0.0003241572269,1,0.9973213595,0.5933570248,0.5933570248,0.5949506838,0.6302656929,0.3072770849,0.630263036,0.9564743938,0.9832336175,0.4409844507,1,0.3072770849,0.1728591068,1,3,4,2,3,0.8333333333,0.3333333333,0,0,1,1,1,1,1,1,1,1,0,0,0,0,3,0.211892249,0.2702150629,0.5591368942,0.9,0.9,1769196196249551211_35513514,1769182317238896786_2326343,2026-01-23
8081f3a8-4d77-46c1-b30e-40ef1dcd262b,us_boston_streets_2840,match,brad,2026-01-16 03:58:17.343562+00:00,99b790ab,review,0.747766094,,1,1,1,1,0.01660318345,0.5402260041,0,1,True,0.9997932687,0,0,6.134921047e-07,1,0.5236228207,1,0.5236228207,0.5236228207,1.551564066,1.47373173,1.54169048,0.7282839989,0.8956945441,0.1479856727,1,1.47373173,1.509248393,1,3,3,2,2,0.8,0,0,0,1,1,0,0,1,1,1,1,0,0,0,0,2,1.502556694,0.04271960947,1.545592406,0.9,0.9,1769196196249551211_35513514,1769182317238896786_2326343,2026-01-23
fd49d8a7-a7fe-427e-9513-c224ff434ae5,us_boston_streets_9380,match,brad,2026-01-16 03:58:19.931809+00:00,99b790ab,review,0.7477540559,,1,1,1,1,0,1,0.001285156385,0.6570167396,True,0.9988927118,0,0,0.0002657587716,1,1,0.6557315832,0.6557315832,0.6557315832,4.409040622,4.161565553,4.408558369,0.4120264419,0.7468188866,0.02720589686,1,4.161565553,4.071816382,1,3,4,4,3,1,1,0,0,1,1,1,1,1,1,1,1,0,0,0,0,5,4.088265456,0.1617311546,4.363004387,1,1,1769196196249551211_35513514,1769182317238896786_2326343,2026-01-23
434de6bc-83ea-4ef3-9405-4f5b57b31356,us_boston_streets_5761,match,brad,2026-01-16 03:58:23.152423+00:00,99b790ab,review,0.7477516253,,1,1,1,0.6,0.394572361,1,0,0.9723246637,True,0.9998297366,0,0,3.543702491e-06,1,0.605427639,0.9723246637,0.605427639,0.6226599629,0.857268244,0.8234761019,0.8572681536,0.8431525303,0.9418468153,0.03834110708,1,0.8234761019,0.8163200975,1,3,4,3,4,1,1,0,0,1,1,1,1,1,1,1,1,0,0,0,0,3,0.8192644012,0.03360283149,0.8527878663,1,1,1769196196249551211_35513514,1769182317238896786_2326343,2026-01-23
f7fbac07-8f99-4463-970d-4553dd5b8c8c,us_boston_streets_612,match,brad,2026-01-16 03:58:26.103746+00:00,99b790ab,review,0.7476983132,,1,1,1,1,0.01939041983,1,0,0.5334361332,True,0.9994032591,0,0,0.0002438217201,1,0.9806095802,0.5334361332,0.5334361332,0.5439842155,0.7687576852,0.649915049,0.7687268094,0.9035932374,0.9623863972,1.298347817,1,0.649915049,0.2148944485,1,4,4,4,4,1,1,0,0,1,1,1,1,1,1,1,1,0,0,0,0,5,0.4804747102,0.2733725719,0.6780312681,1,1,1769196196249551211_35513514,1769182317238896786_2326343,2026-01-23
58268efe-e3d4-4eeb-93c8-4fce64718c2a,us_boston_streets_7754,match,brad,2026-01-16 03:58:29.400399+00:00,99b790ab,review,0.7476774211,,1,1,1,0.6,0.3727320293,1,0,0.9311718081,True,0.9993857216,0,0,1.069496597e-05,1,0.6272679707,0.9311718081,0.6272679707,0.6736329056,2.667238394,2.013699436,2.650877238,0.6533469883,0.8673519981,4.003610829,1,2.013699436,1.985645089,1,4,6,3,2,0.6666666667,0,0,0,1,1,1,1,1,1,1,1,0,0,0,0,3,2.053530553,0.9192394188,2.639380308,0.75,0.75,1769196196249551211_35513514,1769182317238896786_2326343,2026-01-23
d28bdf1d-d48a-4904-aaa0-1bf33f54623c,us_boston_streets_2683,match,brad,2026-01-16 03:58:31.503617+00:00,99b790ab,review,0.7476745226,,1,1,1,1,0,0.9927390934,0.3322682984,1,True,0.9992957948,0,10000,0.0003848527153,1,0.9927390934,0.6677317016,0.6677317016,0.6726155,1.258879792,0.8636841455,1.245562514,0.8184961135,0.9355910304,0.3054655798,1,0.8636841455,0.9981619772,1,3,3,3,3,1,1,0,0,1,1,1,1,1,1,1,1,0,0,0,inf,1,0.9904411407,0.4672201171,1.252004128,1,1,1769196196249551211_35513514,1769182317238896786_2326343,2026-01-23
63e789ca-b535-49c4-ba3d-3f92fce7d91e,us_boston_streets_2711,no_match,brad,2026-01-16 03:58:36.484681+00:00,99b790ab,review,0.7476680748,,0.5,0.5,0.5,0.1,0,1,0.0280573016,0.9659173448,True,0.99931462,0,0,2.039627081e-05,1,1,0.9378600432,0.9378600432,0.9378600432,4.948319404,3.802057084,4.862646881,0.4544978277,0.7699514679,0.3166871075,1,3.802057084,3.678788393,1,3,3,2,3,0.9090909091,0.3333333333,0,0,1,1,1,1,0.5,0.5,0,1,0,0,0,0,3,3.699501985,0.4661586289,4.451417253,0.95,0.95,1769196196249551211_35513514,1769182317238896786_2326343,2026-01-23
b66f9d26-e41d-4bd1-bb0a-8b9fff5183ce,us_boston_streets_2423,no_match,brad,2026-01-16 03:58:37.938153+00:00,99b790ab,review,0.7475619367,,0.5,0.5,0.5,0.1,0,1,0.05450682124,0.9897824074,True,0.9997408997,0,0,2.974057963e-05,1,1,0.9352755862,0.9352755862,0.9352755862,5.366232334,4.22553747,5.33618339,0.414447102,0.7473438314,0.9543969923,1,4.22553747,4.044474116,1,3,3,3,2,0.9090909091,0.3333333333,0,0,1,1,1,1,0.5,0.5,0,1,0,0,0,0,3,4.066127459,0.2832180563,4.277494609,0.95,0.95,1769196196249551211_35513514,1769182317238896786_2326343,2026-01-23
2f745186-6a0e-4560-8ddc-49a886b4c07f,us_boston_streets_7592,no_match,brad,2026-01-16 03:58:39.397297+00:00,99b790ab,review,0.7474240901,,0.5,0.5,0.5,0.1,0,1,0.03851255024,0.8498425982,True,0.998795665,10000,0,5.051372618e-05,1,1,0.8113300479,0.8113300479,0.8113300479,1.642338953,1.120594101,1.64233068,0.8463866647,0.9354387189,2.500213228,1,1.120594101,0.2543554247,1,3,4,3,3,0.9230769231,0.3333333333,0,0,1,1,1,1,0.5,0.5,0,1,0,0,0,inf,2,0.7784422229,0.7551139476,1.503501808,0.95,0.95,1769196196249551211_35513514,1769182317238896786_2326343,2026-01-23
a84ee23d-b594-4f48-96f0-78f6b1aaee94,us_boston_streets_1806,match,brad,2026-01-16 03:58:48.042359+00:00,99b790ab,review,0.7473537606,,1,1,1,0.8,0.02206872446,1,0.5807251038,1,True,0.9994655261,0,0,0.0001834678907,1,0.9779312755,0.4192748962,0.4192748962,0.4287365653,1.489004011,1.033590262,1.488921222,0.8399786088,0.9289349131,5.341604728,1,1.033590262,0.2147817062,1,4,4,4,3,0.9333333333,0.3333333333,0,0,1,1,1,1,1,1,1,1,0,0,0,0,4,0.8084851797,0.6689503886,1.407059868,0.95,0.95,1769196196249551211_35513514,1769182317238896786_2326343,2026-01-23
2d4163da-ea71-4b04-9e9d-b712fe41b7e4,us_boston_streets_7857,match,brad,2026-01-16 03:58:53.097081+00:00,99b790ab,review,0.7473278363,,1,1,1,1,0.1455585201,1,0,0.6018189514,True,0.9989706599,0,0,0.0002564273732,1,0.8544414799,0.6018189514,0.6018189514,0.7043419188,6.531975706,3.707738798,6.468256658,0.3306502708,0.7144642974,4.236089865,1,3.707738798,5.196263353,1,2,2,2,4,0.8,0.3333333333,0,0,1,0,1,0,1,1,1,1,0,0,0,0,5,5.011467562,1.225608065,6.363256668,0.9,0.9,1769196196249551211_35513514,1769182317238896786_2326343,2026-01-23
a5212859-3f29-4470-80c7-d71166e598fd,us_boston_streets_6011,no_match,brad,2026-01-16 03:59:00.740200+00:00,99b790ab,review,0.7472981383,,1,1,1,0.8,0.3035180746,1,0.3006139722,1,True,0.9994207387,0,0,6.098363319e-05,1,0.6964819254,0.6993860278,0.6964819254,0.9958476402,12.17807218,6.466036804,12.10422507,0.1766871789,0.566525658,23.87735898,1,6.466036804,7.525724704,1,4,3,4,3,1,1,0,0,1,1,1,1,1,1,1,1,0,0,0,0,6,7.430747755,4.804761902,11.71532616,1,1,1769196196249551211_35513514,1769182317238896786_2326343,2026-01-23
7a2f9440-93ac-4ca1-972d-2c6cef37e45b,us_boston_streets_3810,match,brad,2026-01-16 03:59:04.899679+00:00,99b790ab,review,0.7472762017,,1,1,1,1,0,1,0.4956510443,0.9968571228,True,0.9989953516,10000,0,0.0002764461994,1,1,0.5012060785,0.5012060785,0.5012060785,2.674100375,1.486580862,2.65437707,0.7565707351,0.9057724744,2.593339248,1,1.486580862,1.330689374,1,4,4,1,4,0.7692307692,0.3333333333,0,1,0,1,1,1,1,1,1,1,0,0,0,inf,3,1.340340906,1.207858504,2.574744791,0.85,0.85,1769196196249551211_35513514,1769182317238896786_2326343,2026-01-23
8aa37390-7208-44b7-9d32-dfa723b91d63,us_boston_streets_5421,match,brad,2026-01-16 03:59:08.742808+00:00,99b790ab,review,0.7472448397,,1,1,1,1,0.0004510886331,0.7595349135,0,1,True,0.9994722298,0,0,5.423973375e-06,1,0.7590838249,1,0.7590838249,0.7590838249,1.738486664,0.9335341454,1.539284067,0.8384657883,0.9395439617,0.2201839699,1,0.9335341454,0.860313429,1,3,3,3,2,0.9090909091,0.3333333333,0,0,1,1,1,1,1,1,1,1,0,0,0,0,3,0.8697524454,0.08078551201,1.002290948,0.95,0.95,1769196196249551211_35513514,1769182317238896786_2326343,2026-01-23
d7b6c136-d92a-4b43-822d-8b812aff00d0,us_boston_streets_3601,match,brad,2026-01-16 03:59:21.417292+00:00,99b790ab,review,0.7471524009,,1,1,1,1,0,1,0.1723412305,0.8072042928,True,0.9988825208,0,0,0.0001967160202,1,1,0.6348630623,0.6348630623,0.6348630623,4.569514655,3.00725531,4.481708976,0.4409516803,0.7788126681,0.0767421629,1,3.00725531,4.031443216,1,4,4,4,3,0.9333333333,0.3333333333,0,0,1,1,1,1,1,1,1,1,0,0,0,0,6,3.901539437,0.5117203104,4.521170669,0.95,0.95,1769196196249551211_35513514,1769182317238896786_2326343,2026-01-23
de490660-5553-4a1e-8f42-a0a8b610ac61,us_boston_streets_9611,no_match,brad,2026-01-16 03:59:24.455899+00:00,99b790ab,review,0.7471362945,,1,1,1,0.6,0,0.1140389888,0,0.05735123441,True,0.9988351442,0,0,5.23994369e-05,1,0.1140389888,0.05735123441,0.05735123441,0.5029090052,3.064829974,2.981920115,3.064687391,0.4636730688,0.7768012127,10.40528792,0.9999999993,2.981920115,2.988260697,1,3,3,3,3,1,1,0,0,1,1,1,1,1,1,1,1,0,0,0,0,4,2.980245304,0.08267222022,3.055989017,1,1,1769196196249551211_35513514,1769182317238896786_2326343,2026-01-23
b40aef36-ac79-4629-8663-af96e979a51c,us_boston_streets_10096,no_match,brad,2026-01-16 03:59:27.638369+00:00,99b790ab,review,0.7470975594,,0.5,0.5,0.5,0.1,0,1,0.03886511257,0.9755136394,True,0.9992952729,0,0,3.889917219e-05,1,1,0.9366485268,0.9366485268,0.9366485268,5.375337301,3.558109852,5.263275479,0.5061437565,0.7963501646,0.8373100362,1,3.558109852,3.223857271,1,2,4,4,2,1,1,0,0,1,1,1,1,0.5,0.5,0,1,0,0,0,0,4,3.237987437,0.7861447619,4.045112139,1,1,1769196196249551211_35513514,1769182317238896786_2326343,2026-01-23
2f15282b-e0f9-4302-a9df-1103fd1131c2,us_boston_streets_1378,no_match,brad,2026-01-16 03:59:42.489166+00:00,99b790ab,review,0.7470868937,,0.7142857143,0.7452991453,0.4285714286,1,0,0.993324817,0.1714300636,1,True,0.9989064089,0,0,8.185751116e-05,1,0.993324817,0.8285699364,0.8285699364,0.8341379599,6.685346526,5.390106396,6.545208939,0.2624771073,0.6763405901,0.7423322463,1,5.390106396,5.896168927,1,3,4,2,4,0.9230769231,0.3333333333,0,0,1,1,1,1,0,0.75,1,1,0,0,0,0,4,5.805008253,0.9438189206,6.621207169,0.95,0.95,1769196196249551211_35513514,1769182317238896786_2326343,2026-01-23
b8513e15-9c1b-4629-bb1b-6330de10f5c8,us_boston_streets_6522,no_match,brad,2026-01-16 03:59:44.861454+00:00,99b790ab,review,0.7469912637,,0.5,0.5,0.5,0.1,0.1199380708,1,0,0.9410353482,True,0.9991047342,0,0,1.164496741e-05,1,0.8800619292,0.9410353482,0.8800619292,0.9352060269,4.680923923,3.571856603,4.680812115,0.453572653,0.7666832778,1.723614528,1,3.571856603,3.64291736,1,4,4,4,3,0.9333333333,0.3333333333,0,0,1,1,1,1,0.5,0.5,0,1,0,0,0,0,3,3.653506443,1.052320584,4.575132825,0.95,0.95,1769196196249551211_35513514,1769182317238896786_2326343,2026-01-23
f94a0f4c-999f-49c9-9044-cd311611978c,us_boston_streets_4483,match,brad,2026-01-16 03:59:47.647341+00:00,99b790ab,review,0.7468397679,,1,1,1,1,0,1,0.4066829913,0.994087705,True,0.999675863,10000,0,0.0002785583881,1,1,0.5874047137,0.5874047137,0.5874047137,2.102318746,1.148826796,2.101810916,0.805522452,0.926338157,1.079124721,1,1.148826796,1.034555987,1,3,3,3,3,1,1,0,0,1,1,1,1,1,1,1,1,0,0,0,inf,2,1.049824989,0.3496688089,1.647477926,1,1,1769196196249551211_35513514,1769182317238896786_2326343,2026-01-23
3597cb75-9245-4949-a62c-8c0b3d72cb9b,us_boston_streets_10790,match,brad,2026-01-16 03:59:49.991087+00:00,99b790ab,review,0.7467687096,,1,1,1,0.8,0,0.6123402345,0,0.9688937235,True,0.9990881125,0,0,1.089706087e-05,1,0.6123402345,0.9688937235,0.6123402345,0.6319993821,2.005241857,1.362008876,2.005193955,0.7482212347,0.90471158,1.252936792,1,1.362008876,1.39926774,1,3,3,2,3,0.9090909091,0.3333333333,0,0,1,1,1,1,1,1,1,1,0,0,0,0,3,1.396081293,0.6394538859,1.957406106,0.95,0.95,1769196196249551211_35513514,1769182317238896786_2326343,2026-01-23
7041483e-2aad-47d0-a6fc-3ad70433969f,us_boston_streets_897,match,brad,2026-01-16 03:59:58.786535+00:00,99b790ab,review,0.74676423,,1,1,1,0.8,0,0.6669539114,0,0.3655187696,True,0.9989545635,0,0,0.0001104556735,1,0.6669539114,0.3655187696,0.3655187696,0.5480420212,4.932191855,4.076687517,4.924472494,0.3893287223,0.7309123456,8.471189942,1,4.076687517,4.171163017,1,6,3,5,5,0.8421052632,0,0,0,1,1,1,1,1,1,1,1,0,0,0,0,6,4.036528116,1.024002763,4.868293286,0.85,0.85,1769196196249551211_35513514,1769182317238896786_2326343,2026-01-23
c7f20ea3-644d-4fea-b570-a0d9b878e9bf,us_boston_streets_2207,match,brad,2026-01-16 04:00:03.320656+00:00,99b790ab,review,0.7466956232,,1,1,1,0.8,0,1,0.01164640665,0.5516427971,True,0.9992518816,0,0,0.000202552489,1,1,0.5399963905,0.5399963905,0.5399963905,3.333681305,1.906555507,3.333009206,0.6677466901,0.8595482236,6.212084965,1,1.906555507,1.132851662,1,5,3,6,3,0.9411764706,0.3333333333,0,0,1,1,1,1,1,1,1,1,0,0,0,0,8,1.903911238,0.4110199123,2.907263383,0.95,0.95,1769196196249551211_35513514,1769182317238896786_2326343,2026-01-23
2e579ee6-3cdf-4e25-bdde-f91e6fbd0c3f,us_boston_streets_4972,match,brad,2026-01-16 04:00:05.628876+00:00,99b790ab,review,0.746688704,,1,1,1,1,0,1,0.003505463679,0.6133399442,True,0.9998553599,0,0,0.0003861986051,1,1,0.6098344805,0.6098344805,0.6098344805,0.7410239161,0.6703812168,0.7405702829,0.87006171,0.9534865365,0.009911648296,1,0.6703812168,0.6842855848,1,3,3,3,3,1,1,0,0,1,1,1,1,1,1,1,1,0,0,0,0,4,0.6881386498,0.0803062526,0.7400278088,1,1,1769196196249551211_35513514,1769182317238896786_2326343,2026-01-23
29a483e0-5326-4219-8a23-88ceed32cbdd,us_boston_streets_5855,match,brad,2026-01-16 04:00:10.064796+00:00,99b790ab,review,0.746631508,,1,1,1,1,0.007712751026,1,0,0.6590243825,True,0.9992541821,0,0,0.0004152549053,1,0.992287249,0.6590243825,0.6590243825,0.6641467813,2.247737358,1.377016079,2.2477227,0.771499911,0.9104194455,0.13640004,1,1.377016079,1.223999952,1,4,4,4,4,1,1,0,0,1,1,1,1,1,1,1,1,0,0,0,0,6,1.251765578,0.9223412431,2.083918999,1,1,1769196196249551211_35513514,1769182317238896786_2326343,2026-01-23
9fdb790c-30c4-4312-aa31-12e99b51d7b1,us_boston_streets_9179,match,brad,2026-01-16 04:00:12.339417+00:00,99b790ab,review,0.7466240398,,1,1,1,1,0,1,0.4550868622,0.9970868232,True,0.9990994229,0,0,0.0003519602092,1,1,0.541999961,0.541999961,0.541999961,2.88881927,1.031060887,2.872998242,0.8340871306,0.9313332116,1.602279523,1,1.031060887,0.7929631183,1,4,4,4,4,1,1,0,0,1,1,1,1,1,1,1,1,0,0,0,0,5,0.8507815032,0.2224063605,2.452466203,1,1,1769196196249551211_35513514,1769182317238896786_2326343,2026-01-23
73edfbe5-594f-494f-a373-e0d75d40c57c,us_boston_streets_10775,match,brad,2026-01-16 04:00:14.529764+00:00,99b790ab,review,0.7466170232,,1,1,1,1,0.01468505428,1,0,0.5258778821,True,0.9996500579,0,0,0.0002669023897,1,0.9853149457,0.5258778821,0.5258778821,0.5337155236,0.2218300162,0.1009457418,0.2195266655,0.9854303109,0.9946002867,0.06216362948,1,0.1009457418,0.04821946073,1,4,3,4,3,1,1,0,0,1,1,1,1,1,1,1,1,0,0,0,0,2,0.07723405827,0.0327094505,0.2171229665,1,1,1769196196249551211_35513514,1769182317238896786_2326343,2026-01-23
33ee2de9-afe7-4dcb-b9b0-7a7a3221f766,us_boston_streets_10044,match,brad,2026-01-16 04:00:17.032778+00:00,99b790ab,review,0.7465868482,,1,1,1,1,0,1,0.3843451863,0.995120572,True,0.9993940675,10000,10000,0.0002951993226,1,1,0.6107753857,0.6107753857,0.6107753857,0.6210469665,0.6025131115,0.619693104,0.8831193572,0.9583001785,0.01053892499,1,0.6025131115,0.6095087468,1,3,3,3,3,1,1,0,0,1,1,1,1,1,1,1,1,0,0,inf,inf,0,0.6082313206,0.01615486348,0.620042312,1,1,1769196196249551211_35513514,1769182317238896786_2326343,2026-01-23
4f26cae3-ec68-49f5-b932-d0227471853c,us_boston_streets_7333,match,brad,2026-01-16 04:00:22.173100+00:00,99b790ab,review,0.74656867,,1,1,1,1,0,1,0.4662165195,0.9900306374,True,0.9995305158,10000,0,0.0003241285453,1,1,0.5238141179,0.5238141179,0.5238141179,1.146177032,0.6087107517,1.146154012,0.8680854651,0.953123093,0.9321570268,1,0.6087107517,0.6970282395,1,3,3,3,3,1,1,0,0,1,1,1,1,1,1,1,1,0,0,0,inf,2,0.690554843,0.5884629206,1.116981535,1,1,1769196196249551211_35513514,1769182317238896786_2326343,2026-01-23
54c7eae6-ecfe-482e-a8f1-4504a13a4ab9,us_boston_streets_5586,no_match,brad,2026-01-16 04:00:25.087205+00:00,99b790ab,review,0.7465213075,,1,1,1,0.8,0.1774180294,1,0.08043140658,1,True,0.999054883,0,0,2.589508297e-05,1,0.8225819706,0.9195685934,0.8225819706,0.8945303009,11.08387796,8.619716673,11.03702522,0.07240793518,0.5041718511,17.86184304,1,8.619716673,9.017778143,1,4,4,3,4,0.9333333333,0.3333333333,0,0,1,1,1,1,1,1,1,1,0,0,0,0,5,8.754655285,2.603888589,10.90588887,0.95,0.95,1769196196249551211_35513514,1769182317238896786_2326343,2026-01-23
95560141-a1c1-4caf-bc78-f731950ede4c,us_boston_streets_4800,no_match,brad,2026-01-16 04:00:26.431305+00:00,99b790ab,review,0.7464973703,,1,1,1,0.6,0.9681546041,1,0,0.05233856681,True,0.9989757723,0,0,3.41011107e-05,1,0.03184539588,0.05233856681,0.03184539588,0.6084499026,0.4965061006,0.3073067198,0.4955555781,0.886716152,0.9595694224,3.297301695,0.9999999994,0.3073067198,0.4931733595,0,4,4,4,4,1,1,0,0,1,1,1,1,1,1,1,1,0,0,0,0,6,0.2993899078,0.1876151767,0.4748942781,1,1,1769196196249551211_35513514,1769182317238896786_2326343,2026-01-23
1f3cec1c-ba4e-4511-801c-306018aef13e,us_boston_streets_801,no_match,brad,2026-01-16 04:00:30.826256+00:00,99b790ab,review,0.7463716593,,1,1,1,0.6,0,0.8568319035,0,0.9835850829,True,0.9994309301,0,0,1.067795992e-05,1,0.8568319035,0.9835850829,0.8568319035,0.8711314541,10.17423985,8.957783435,10.15666864,0.08149217254,0.543946894,0.8723478844,1,8.957783435,8.44390937,1,4,4,4,3,0.9333333333,0.3333333333,0,0,1,1,1,1,1,1,1,1,0,0,0,0,5,8.465272833,0.7766585793,9.979464424,0.95,0.95,1769196196249551211_35513514,1769182317238896786_2326343,2026-01-23
a99c8091-8877-47d3-bb5f-5ee2b4439d19,us_boston_streets_6441,match,brad,2026-01-16 04:00:33.981698+00:00,99b790ab,review,0.7463293027,,1,1,1,1,0,1,0.005672224103,0.4946426974,True,0.9998948846,0,10000,0.0002548049025,1,1,0.4889704733,0.4889704733,0.4889704733,0.8529157844,0.8138759193,0.8529137381,0.8451759897,0.9426769322,0.07823578602,1,0.8138759193,0.8048096931,1,3,3,3,3,1,1,0,0,1,1,1,1,1,1,1,1,0,0,0,inf,2,0.8068636147,0.01117468708,0.8420672281,1,1,1769196196249551211_35513514,1769182317238896786_2326343,2026-01-23
052c2f68-d6e4-432c-82b8-7ed5acb0f39c,us_boston_streets_6418,match,brad,2026-01-16 04:00:36.962331+00:00,99b790ab,review,0.7462842783,,1,1,1,1,0.007597263412,1,0,0.5718516278,True,0.9996061514,0,0,0.0003295817881,1,0.9924027366,0.5718516278,0.5718516278,0.5762293943,1.941737983,1.117469239,1.94161864,0.7903729303,0.9205346682,0.783407645,1,1.117469239,1.127706891,1,4,4,4,4,1,1,0,0,1,1,1,1,1,1,1,1,0,0,0,0,5,1.138756895,0.796386594,1.851677979,1,1,1769196196249551211_35513514,1769182317238896786_2326343,2026-01-23
7cf3ea1d-1e6f-42a7-96d4-0f91cd9248a0,us_boston_streets_3216,match,brad,2026-01-16 04:00:42.117539+00:00,99b790ab,review,0.7462710816,,1,1,1,0.8,0.3732960244,1,0,0.7553565659,True,0.9993905236,0,0,0.0001112281817,1,0.6267039756,0.7553565659,0.6267039756,0.8296796557,1.459304422,0.8987631078,1.459294786,0.8338149247,0.9389012866,0.9997468042,1,0.8987631078,0.8802174509,1,4,3,2,2,0.7272727273,0,0,0,1,1,0,0,1,1,1,1,0,0,0,0,2,0.8806075389,0.5686353855,1.399665376,0.85,0.85,1769196196249551211_35513514,1769182317238896786_2326343,2026-01-23
9aa12673-2ab9-47f8-b113-a8a78fbbf191,us_boston_streets_9768,match,brad,2026-01-16 04:00:51.200318+00:00,99b790ab,review,0.746166011,,1,1,1,0.6,0,1,0.008137918955,0.6150884028,True,0.9991786413,0,0,0.0002278652258,1,1,0.6069504838,0.6069504838,0.6069504838,2.266562162,1.012513415,2.097649247,0.8819608941,0.9625553026,0.04859009005,1,1.012513415,0.3707510565,1,4,3,4,5,0.875,0.3333333333,0,0,1,1,1,1,1,1,1,1,0,0,0,0,7,0.6382787994,0.6787278181,1.792768721,0.9,0.9,1769196196249551211_35513514,1769182317238896786_2326343,2026-01-23
bfdea5e7-d6d5-4950-91d9-5c56520aecf8,us_boston_streets_9062,no_match,brad,2026-01-16 04:00:57.280193+00:00,99b790ab,review,0.7461098386,,0.5,0.5,0.5,0.1,0,0.8390346922,0,0.8252653265,True,0.9990801284,10000,0,1.622509378e-05,1,0.8390346922,0.8252653265,0.8252653265,0.983589039,5.017064776,4.700661505,5.017055791,0.3469149998,0.7065600699,1.160309384,1,4.700661505,4.658557356,1,3,4,1,4,0.8333333333,0.3333333333,0,1,0,1,1,1,0.5,0.5,0,1,0,0,0,inf,3,4.658326744,0.3587686225,4.981155949,0.9,0.9,1769196196249551211_35513514,1769182317238896786_2326343,2026-01-23
89767bd5-e887-493d-9978-c486e58f5f7f,us_boston_streets_487,match,brad,2026-01-16 04:01:01.999444+00:00,99b790ab,review,0.7459832492,,1,1,1,1,0,1,0.4809947424,0.991644549,True,0.9993506734,0,0,0.0002336538375,1,1,0.5106498066,0.5106498066,0.5106498066,0.06802903191,0.04507485166,0.06792791333,0.9920255243,0.9970430273,0.09865150531,1,0.04507485166,0.03621813715,1,3,3,3,3,1,1,0,0,1,1,1,1,1,1,1,1,0,0,0,0,4,0.03908896127,0.00721497509,0.05711189584,1,1,1769196196249551211_35513514,1769182317238896786_2326343,2026-01-23
3a251699-3df3-4a8e-a882-95ac5127650f,us_boston_streets_4561,match,brad,2026-01-16 04:01:04.330396+00:00,99b790ab,review,0.7458477113,,1,1,1,1,0,0.9887041148,0.4470792585,1,True,0.9996437997,10000,10000,0.0002754393478,1,0.9887041148,0.5529207415,0.5529207415,0.5592378278,0.86338375,0.3647731557,0.863380497,0.9235129567,0.972140046,0.6347997694,1,0.3647731557,0.373928084,1,3,1,3,1,1,1,1,1,1,1,1,1,1,1,1,1,0,0,inf,inf,0,0.3850343132,0.4937990661,0.8140038434,1,1,1769196196249551211_35513514,1769182317238896786_2326343,2026-01-23
b723d83f-ebd2-4c32-adb2-037760983f73,us_boston_streets_6880,no_match,brad,2026-01-16 04:01:12.534273+00:00,99b790ab,review,0.7457301877,,1,1,1,1,2.037745867e-05,1,0.2840814121,1,True,0.999542937,0,0,1.327349564e-07,1,0.9999796225,0.7159185879,0.7159185879,0.7159331768,3.345004364,0.9135853069,2.022803555,0.8649631717,0.9483828201,0.9581979442,1,0.9135853069,1.007744252,1,3,3,1,1,0.5,0,0,1,0,1,0,0,1,1,1,1,0,0,0,0,1,0.6909409136,0.06396238655,0.7742107716,0.8,0.8,1769196196249551211_35513514,1769182317238896786_2326343,2026-01-23
b204415b-2f83-4796-80e9-64e7a8b0d700,us_boston_streets_3543,match,brad,2026-01-16 04:01:15.696264+00:00,99b790ab,review,0.7457016197,,1,1,1,0.6,0,1,0.02069711068,0.6297239641,True,0.9995748966,0,0,0.0002387972859,1,1,0.6090268534,0.6090268534,0.6090268534,1.662680547,1.227789562,1.66266245,0.7716588634,0.9147469656,0.5572949771,1,1.227789562,1.259518482,1,5,3,2,2,0.6666666667,0,0,0,1,1,0,0,1,1,1,1,0,0,0,0,2,1.25945968,0.4032874335,1.6223317,0.8,0.8,1769196196249551211_35513514,1769182317238896786_2326343,2026-01-23
28712174-624c-4951-a2ef-eb46cad500a2,us_boston_streets_5865,no_match,brad,2026-01-16 04:01:18.690868+00:00,99b790ab,review,0.7456964758,,0.5,0.5,0.5,0.1,0,1,0.02491496218,0.9428670385,True,0.9994126905,10000,0,1.649542582e-05,1,1,0.9179520764,0.9179520764,0.9179520764,5.368993232,3.723057654,5.368589152,0.487716927,0.7817919114,2.269518575,1,3.723057654,3.320202826,1,3,3,3,3,1,1,0,0,1,1,1,1,0.5,0.5,0,1,0,0,0,inf,2,3.354296647,1.173662288,5.06395961,1,1,1769196196249551211_35513514,1769182317238896786_2326343,2026-01-23
