gers_id,target_id,ref_geometry_wkt,target_geometry_wkt,ref_attributes,target_attributes
bb02a84e-afce-47f0-b164-6a5f7fd44487,us_boston_streets_7215,"LINESTRING (-71.0752018000000021 42.3506692999999999, -71.0751197999999960 42.3506926000000021, -71.0742843000000022 42.3509162000000003, -71.0737304999999964 42.3510643999999985, -71.0731969999999933 42.3512130000000013, -71.0731628999999998 42.3512224999999987, -71.0730623999999978 42.3512496999999968)","LINESTRING (-71.0730679520420949 42.3512519424965035, -71.0740183720021008 42.3510123857881027, -71.0752126789389962 42.3506853867334030)","{""name"": ""Boylston Street"", ""class"": ""primary"", ""names_lr"": [{""between"": [0.0, 1.0], ""value"": ""Boylston Street""}], ""subclass_lr"": [{""between"": [0.0, 1.0], ""value"": null}], ""level_lr"": [{""between"": [0.0, 1.0], ""value"": 0}], ""road_flags_lr"": [{""start"": 0.0, ""end"": 1.0, ""value"": []}]}","{""name"": ""BOYLSTON STREET"", ""class"": ""tertiary""}"
81a82e27-344f-421f-904a-d0ee0d3b197c,us_boston_streets_3595,"LINESTRING (-71.0575886999999966 42.3534110000000013, -71.0574813000000063 42.3533721000000014, -71.0573909999999955 42.3533456999999984, -71.0572350000000057 42.3533084000000031, -71.0570342000000039 42.3532743000000025, -71.0569380999999964 42.3532506999999967, -71.0568688999999978 42.3532314999999997)","LINESTRING (-71.0569831325039019 42.3532456950805027, -71.0574778810541972 42.3533485110200019, -71.0576247996163062 42.3533938342973997)","{""name"": ""Summer Street"", ""class"": ""secondary"", ""names_lr"": [{""between"": [0.0, 1.0], ""value"": ""Summer Street""}], ""subclass_lr"": [{""between"": [0.0, 1.0], ""value"": null}], ""level_lr"": [{""between"": [0.0, 1.0], ""value"": 0}], ""road_flags_lr"": [{""start"": 0.0, ""end"": 1.0, ""value"": []}]}","{""name"": ""SUMMER STREET"", ""class"": ""tertiary""}"
1a111ac3-5d1c-4dd7-9df4-78e1d6eb78d4,us_boston_streets_9306,"LINESTRING (-71.0528249000000045 42.3635345000000001, -71.0528297999999978 42.3635719999999978, -71.0530935000000028 42.3638981000000001)","LINESTRING (-71.0527558907259049 42.3634862779157970, -71.0531160413680993 42.3639179408308024)","{""class"": ""footway"", ""subclass"": ""sidewalk"", ""names_lr"": [{""between"": [0.0, 1.0], ""value"": null}], ""subclass_lr"": [{""between"": [0.0, 1.0], ""value"": ""sidewalk""}], ""level_lr"": [{""between"": [0.0, 1.0], ""value"": 0}], ""road_flags_lr"": [{""start"": 0.0, ""end"": 1.0, ""value"": []}]}","{""name"": ""SUN COURT"", ""class"": ""residential""}"
ae5b7a29-b28e-40d2-a5f8-26c02d9b988b,us_boston_streets_2672,"LINESTRING (-71.0516362000000044 42.3571584999999970, -71.0515927000000005 42.3570226000000005, -71.0515855999999957 42.3569829999999996, -71.0515520000000009 42.3568487000000005, -71.0515450999999985 42.3568095999999983, -71.0515381999999960 42.3567704000000020, -71.0515240000000006 42.3566835000000026)","LINESTRING (-71.0516035444667011 42.3571667085692027, -71.0515329748969009 42.3569334370682995, -71.0514922258159061 42.3566875832007028)","{""name"": ""John F. Fitzgerald Surface Road"", ""class"": ""primary"", ""names_lr"": [{""between"": [0.0, 1.0], ""value"": ""John F. Fitzgerald Surface Road""}], ""subclass_lr"": [{""between"": [0.0, 1.0], ""value"": null}], ""level_lr"": [{""between"": [0.0, 1.0], ""value"": 0}], ""road_flags_lr"": [{""start"": 0.0, ""end"": 1.0, ""value"": []}]}","{""name"": ""PURCHASE STREET"", ""class"": ""tertiary""}"
47229b83-55ba-4329-bb44-c4ba1967c6ab,us_boston_streets_7933,"LINESTRING (-71.0711067000000014 42.3583145999999999, -71.0711124999999981 42.3583957999999967, -71.0711191000000042 42.3584825000000009, -71.0711251999999973 42.3587425999999994, -71.0711232999999964 42.3587811000000016)","LINESTRING (-71.0710964507807006 42.3583384441957023, -71.0711294817115942 42.3587878535465023)","{""name"": ""River Street"", ""class"": ""service"", ""subclass"": ""alley"", ""names_lr"": [{""between"": [0.0, 1.0], ""value"": ""River Street""}], ""subclass_lr"": [{""between"": [0.0, 1.0], ""value"": ""alley""}], ""level_lr"": [{""between"": [0.0, 1.0], ""value"": 0}], ""road_flags_lr"": [{""start"": 0.0, ""end"": 1.0, ""value"": []}]}","{""name"": ""PUBLIC ALLEY NO 301"", ""class"": ""residential""}"
7d81b7ff-1ea4-4671-aee0-904a784dad60,us_boston_streets_10742,"LINESTRING (-71.0716294000000062 42.3566907000000015, -71.0703625999999957 42.3569601000000020)","LINESTRING (-71.0716772012358007 42.3566406390610979, -71.0703498404834022 42.3569229695040974)","{""class"": ""footway"", ""subclass"": ""sidewalk"", ""names_lr"": [{""between"": [0.0, 1.0], ""value"": null}], ""subclass_lr"": [{""between"": [0.0, 1.0], ""value"": ""sidewalk""}], ""level_lr"": [{""between"": [0.0, 1.0], ""value"": 0}], ""road_flags_lr"": [{""start"": 0.0, ""end"": 1.0, ""value"": []}]}","{""name"": ""CHESTNUT STREET"", ""class"": ""residential""}"
cdbc9a68-3298-494b-b5fc-88c1dfa08caa,us_boston_streets_4978,"LINESTRING (-71.0686309999999963 42.3623990000000035, -71.0688684999999936 42.3624158000000008, -71.0689402999999942 42.3624183000000016, -71.0690381000000002 42.3624268000000015, -71.0692025000000029 42.3624263999999968, -71.0693954999999988 42.3624217999999999, -71.0696633000000020 42.3624282999999977, -71.0699106000000000 42.3624337999999980, -71.0704944000000012 42.3624889999999965, -71.0705339000000009 42.3624940999999993, -71.0705671000000052 42.3624992000000020, -71.0706974999999943 42.3625223000000020)","LINESTRING (-71.0706936916471932 42.3625248723455030, -71.0702461153797032 42.3624596142913035, -71.0698610108397020 42.3624396026151970, -71.0695530667342013 42.3624249497836018, -71.0687993252919057 42.3624176231310017)","{""name"": ""Fruit Street"", ""class"": ""unclassified"", ""names_lr"": [{""between"": [0.0, 1.0], ""value"": ""Fruit Street""}], ""subclass_lr"": [{""between"": [0.0, 1.0], ""value"": null}], ""level_lr"": [{""between"": [0.0, 1.0], ""value"": 0}], ""road_flags_lr"": [{""start"": 0.0, ""end"": 1.0, ""value"": []}]}","{""name"": ""FRUIT STREET"", ""class"": ""residential""}"
81e4a02d-6660-41de-9e62-4bd2b8787caf,us_boston_streets_8216,"LINESTRING (-71.0616550000000018 42.3650933999999992, -71.0616073999999998 42.3651187999999976, -71.0611621000000042 42.3653596999999991)","LINESTRING (-71.0617768486540058 42.3651181881368970, -71.0612505507795049 42.3653950481280006, -71.0611208029764043 42.3654633019085978)","{""class"": ""footway"", ""subclass"": ""sidewalk"", ""names_lr"": [{""between"": [0.0, 1.0], ""value"": null}], ""subclass_lr"": [{""between"": [0.0, 1.0], ""value"": ""sidewalk""}], ""level_lr"": [{""between"": [0.0, 1.0], ""value"": 0}], ""road_flags_lr"": [{""start"": 0.0, ""end"": 1.0, ""value"": []}]}","{""name"": ""CAUSEWAY STREET"", ""class"": ""tertiary""}"
dd5873d0-1256-4252-9ea5-d4bbfc4f4f80,us_boston_streets_2273,"LINESTRING (-71.0614343000000019 42.3633987999999988, -71.0611779999999982 42.3633330999999984, -71.0611234999999937 42.3633207000000027, -71.0610666999999978 42.3633091000000022, -71.0610128999999944 42.3632994000000025, -71.0609666000000004 42.3632929999999988, -71.0609179000000069 42.3632889000000006, -71.0608849000000049 42.3632873000000032, -71.0608509999999995 42.3632875999999996, -71.0608182999999940 42.3632915999999966, -71.0607902999999936 42.3632974000000004)","LINESTRING (-71.0607218055368008 42.3633252558857976, -71.0613141737215983 42.3634782558930993)","{""name"": ""Merrimac Street"", ""class"": ""secondary"", ""names_lr"": [{""between"": [0.0, 1.0], ""value"": ""Merrimac Street""}], ""subclass_lr"": [{""between"": [0.0, 1.0], ""value"": null}], ""level_lr"": [{""between"": [0.0, 1.0], ""value"": 0}], ""road_flags_lr"": [{""start"": 0.0, ""end"": 1.0, ""value"": []}]}","{""name"": ""MERRIMAC STREET"", ""class"": ""tertiary""}"
411bd3a0-d08f-4f33-8d79-dd3ac2a1fa0f,us_boston_streets_9469,"LINESTRING (-71.0686057000000062 42.3592812999999992, -71.0686077999999952 42.3593246000000008, -71.0686144000000013 42.3594927999999982, -71.0686163000000022 42.3595275999999998)","LINESTRING (-71.0686048024387986 42.3591262561900024, -71.0686132683615028 42.3592481584161007, -71.0686283604914024 42.3593080050898010)","{""name"": ""Grove Street"", ""class"": ""residential"", ""names_lr"": [{""between"": [0.0, 1.0], ""value"": ""Grove Street""}], ""subclass_lr"": [{""between"": [0.0, 1.0], ""value"": null}], ""level_lr"": [{""between"": [0.0, 1.0], ""value"": 0}], ""road_flags_lr"": [{""start"": 0.0, ""end"": 1.0, ""value"": []}]}","{""name"": ""GROVE SQUARE"", ""class"": ""residential""}"
3d25ab3a-09b2-4d56-8e41-e88f3ffc02f3,us_boston_streets_9069,"LINESTRING (-71.0613556999999929 42.3525956000000008, -71.0613457999999980 42.3525611999999967, -71.0613333999999952 42.3525624999999977, -71.0611767999999984 42.3525788999999975, -71.0611655999999954 42.3525970000000029)","LINESTRING (-71.0614259146506981 42.3524923577443033, -71.0612187864232965 42.3525102495581010, -71.0611423704653049 42.3525168496904030)","{""class"": ""footway"", ""subclass"": ""sidewalk"", ""names_lr"": [{""between"": [0.0, 1.0], ""value"": null}], ""subclass_lr"": [{""between"": [0.0, 1.0], ""value"": ""sidewalk""}], ""level_lr"": [{""between"": [0.0, 1.0], ""value"": 0}], ""road_flags_lr"": [{""start"": 0.0, ""end"": 1.0, ""value"": []}]}","{""name"": ""ESSEX STREET"", ""class"": ""tertiary""}"
4d059def-e85a-4d9f-b6d8-68f7d2797ab7,us_boston_streets_590,"LINESTRING (-71.0582864999999941 42.3645259999999979, -71.0582969000000020 42.3645728999999989, -71.0583101999999940 42.3646177999999978, -71.0583299000000039 42.3646589000000020, -71.0583493000000033 42.3647003000000026, -71.0583794000000069 42.3647542000000001)","LINESTRING (-71.0581925998360049 42.3643834523200979, -71.0581943009721044 42.3643854908082034, -71.0582909094766961 42.3645297794560989)","{""name"": ""North Washington Street"", ""class"": ""primary"", ""names_lr"": [{""between"": [0.0, 1.0], ""value"": ""North Washington Street""}], ""subclass_lr"": [{""between"": [0.0, 1.0], ""value"": null}], ""level_lr"": [{""between"": [0.0, 1.0], ""value"": 0}], ""road_flags_lr"": [{""start"": 0.0, ""end"": 1.0, ""value"": []}]}","{""name"": ""NORTH WASHINGTON STREET"", ""class"": ""tertiary""}"
67a1e96d-62c4-423c-a1ba-ebed62e893a1,us_boston_streets_4644,"LINESTRING (-71.0585800000000063 42.3655730999999989, -71.0593944000000022 42.3662927999999965)","LINESTRING (-71.0583754396286054 42.3654811599568006, -71.0594377411258051 42.3664069922680966)","{""class"": ""footway"", ""subclass"": ""sidewalk"", ""names_lr"": [{""between"": [0.0, 1.0], ""value"": null}], ""subclass_lr"": [{""between"": [0.0, 1.0], ""value"": ""sidewalk""}], ""level_lr"": [{""between"": [0.0, 1.0], ""value"": 0}], ""road_flags_lr"": [{""start"": 0.0, ""end"": 1.0, ""value"": []}]}","{""name"": ""MEDFORD STREET"", ""class"": ""residential""}"
0e16294c-c81d-4e45-a74b-fcf809b5649a,us_boston_streets_6110,"LINESTRING (-71.0606202999999965 42.3492217000000011, -71.0602432000000022 42.3501544000000010)","LINESTRING (-71.0602546284193011 42.3502838039269989, -71.0606369894209990 42.3492542965486010)","{""class"": ""footway"", ""subclass"": ""sidewalk"", ""names_lr"": [{""between"": [0.0, 1.0], ""value"": null}], ""subclass_lr"": [{""between"": [0.0, 1.0], ""value"": ""sidewalk""}], ""level_lr"": [{""between"": [0.0, 1.0], ""value"": 0}], ""road_flags_lr"": [{""start"": 0.0, ""end"": 1.0, ""value"": []}]}","{""name"": ""HUDSON STREET"", ""class"": ""tertiary""}"
261ebab5-7bae-461c-bf6b-6198b79215ea,us_boston_streets_176,"LINESTRING (-71.0597996999999992 42.3630331000000027, -71.0600359999999966 42.3629777000000018, -71.0600928000000067 42.3629646999999991, -71.0605263000000065 42.3628429999999980)","LINESTRING (-71.0609495338250952 42.3627212963714967, -71.0607542037657964 42.3627754763404027, -71.0605624578281976 42.3628286622479990, -71.0600957868122975 42.3629690187369974, -71.0599738180844014 42.3630057017279995)","{""name"": ""New Chardon Street"", ""class"": ""primary"", ""names_lr"": [{""between"": [0.0, 1.0], ""value"": ""New Chardon Street""}], ""subclass_lr"": [{""between"": [0.0, 1.0], ""value"": null}], ""level_lr"": [{""between"": [0.0, 1.0], ""value"": 0}], ""road_flags_lr"": [{""start"": 0.0, ""end"": 1.0, ""value"": []}]}","{""name"": ""NEW CHARDON STREET"", ""class"": ""tertiary""}"
8011068c-a29f-4191-a074-1c8f1d706f8a,us_boston_streets_4551,"LINESTRING (-71.0539670000000001 42.3669160000000034, -71.0542085000000014 42.3670230999999973, -71.0542968999999971 42.3670577999999978)","LINESTRING (-71.0546856454502063 42.3672347715217015, -71.0545391921163940 42.3671658364620001, -71.0543826540935015 42.3671048170999995, -71.0543122131087017 42.3670773590415024, -71.0541790314011052 42.3670182232745987, -71.0539675633535950 42.3669243342277966)","{""name"": ""Charter Street"", ""class"": ""residential"", ""names_lr"": [{""between"": [0.0, 1.0], ""value"": ""Charter Street""}], ""subclass_lr"": [{""between"": [0.0, 1.0], ""value"": null}], ""level_lr"": [{""between"": [0.0, 1.0], ""value"": 0}], ""road_flags_lr"": [{""start"": 0.0, ""end"": 1.0, ""value"": []}]}","{""name"": ""CHARTER STREET"", ""class"": ""residential""}"
68dfedd7-12c0-43ce-9ee8-e99af22b33fc,us_boston_streets_5626,"LINESTRING (-71.0637703999999957 42.3612875999999972, -71.0638947999999999 42.3612851000000035, -71.0639532000000003 42.3612838999999965, -71.0643835999999993 42.3612727000000007)","LINESTRING (-71.0637324887517963 42.3611545397958977, -71.0638183233274958 42.3611556143981005, -71.0641506522344031 42.3611597759152971)","{""name"": ""Cambridge Street"", ""class"": ""primary"", ""names_lr"": [{""between"": [0.0, 1.0], ""value"": ""Cambridge Street""}], ""subclass_lr"": [{""between"": [0.0, 1.0], ""value"": null}], ""level_lr"": [{""between"": [0.0, 1.0], ""value"": 0}], ""road_flags_lr"": [{""start"": 0.0, ""end"": 1.0, ""value"": []}]}","{""name"": ""CAMBRIDGE STREET"", ""class"": ""tertiary""}"
02d2b67a-3d89-4b6d-ab56-8bec360f6edd,us_boston_streets_6034,"LINESTRING (-71.0526160000000004 42.3574855000000028, -71.0525734000000000 42.3574671000000009, -71.0525101000000063 42.3574399000000028, -71.0523216999999931 42.3573659999999990)","LINESTRING (-71.0523377747986018 42.3573059685152984, -71.0526841375650946 42.3574487628103000)","{""class"": ""footway"", ""subclass"": ""sidewalk"", ""names_lr"": [{""between"": [0.0, 1.0], ""value"": null}], ""subclass_lr"": [{""between"": [0.0, 1.0], ""value"": ""sidewalk""}], ""level_lr"": [{""between"": [0.0, 1.0], ""value"": -1}], ""road_flags_lr"": [{""start"": 0.0, ""end"": 1.0, ""value"": []}]}","{""name"": ""BROAD STREET"", ""class"": ""tertiary""}"
7880b3fd-23df-400f-a11d-02646dc47f94,us_boston_streets_3290,"LINESTRING (-71.0701702000000068 42.3577579999999969, -71.0698363999999998 42.3578090999999972, -71.0695388999999977 42.3578436000000025, -71.0695087000000001 42.3578471000000008)","LINESTRING (-71.0702932870367050 42.3578047276772978, -71.0702000224804067 42.3578252001777997, -71.0700403040963948 42.3578561142237007, -71.0699111770671976 42.3578786968326000, -71.0698555461062966 42.3578843154528997, -71.0695364107689045 42.3579318756955985, -71.0694811840763947 42.3579372966839998)","{""class"": ""footway"", ""subclass"": ""sidewalk"", ""names_lr"": [{""between"": [0.0, 1.0], ""value"": null}], ""subclass_lr"": [{""between"": [0.0, 1.0], ""value"": ""sidewalk""}], ""level_lr"": [{""between"": [0.0, 1.0], ""value"": 0}], ""road_flags_lr"": [{""start"": 0.0, ""end"": 1.0, ""value"": []}]}","{""name"": ""MOUNT VERNON STREET"", ""class"": ""residential""}"
c67b5ede-fcb3-4db3-9e21-e371115f8c6f,us_boston_streets_20,"LINESTRING (-71.0698746999999997 42.3570179000000024, -71.0699919000000051 42.3569900999999973, -71.0701236000000023 42.3569594000000009, -71.0702552999999995 42.3569286999999974, -71.0702931999999947 42.3569198000000000)","LINESTRING (-71.0703498404834022 42.3569229695040974, -71.0701774205223984 42.3569642112316984, -71.0698778379832987 42.3570315834580029, -71.0694571526928058 42.3571306392620031)","{""name"": ""Chestnut Street"", ""class"": ""residential"", ""names_lr"": [{""between"": [0.0, 1.0], ""value"": ""Chestnut Street""}], ""subclass_lr"": [{""between"": [0.0, 1.0], ""value"": null}], ""level_lr"": [{""between"": [0.0, 1.0], ""value"": 0}], ""road_flags_lr"": [{""start"": 0.0, ""end"": 1.0, ""value"": []}]}","{""name"": ""CHESTNUT STREET"", ""class"": ""residential""}"
4e21199d-7809-4376-903c-4fc8d5f0416b,us_boston_streets_10091,"LINESTRING (-71.0619776000000059 42.3652180999999999, -71.0619178000000034 42.3651628000000002, -71.0618694000000062 42.3651213999999996, -71.0618175999999977 42.3650750999999985, -71.0617704000000003 42.3650329000000028)","LINESTRING (-71.0617768486540058 42.3651181881368970, -71.0618752173889021 42.3652035339829993)","{""class"": ""footway"", ""subclass"": ""crosswalk"", ""names_lr"": [{""between"": [0.0, 1.0], ""value"": null}], ""subclass_lr"": [{""between"": [0.0, 1.0], ""value"": ""crosswalk""}], ""level_lr"": [{""between"": [0.0, 1.0], ""value"": 0}], ""road_flags_lr"": [{""start"": 0.0, ""end"": 1.0, ""value"": []}]}","{""name"": ""FRIEND STREET"", ""class"": ""residential""}"
c770fdd7-146b-42b3-8d22-5228e7b0540b,us_boston_streets_7416,"LINESTRING (-71.0551722999999953 42.3615668999999997, -71.0552002999999957 42.3615368000000032, -71.0552262000000070 42.3615066999999996, -71.0552425999999997 42.3614851999999971, -71.0553309000000013 42.3613688000000010)","LINESTRING (-71.0555260477600967 42.3611238227435010, -71.0554143208363058 42.3612516768896015, -71.0552568362325019 42.3614318913372969, -71.0551493633411013 42.3615548748951980)","{""name"": ""North Street"", ""class"": ""secondary"", ""names_lr"": [{""between"": [0.0, 1.0], ""value"": ""North Street""}], ""subclass_lr"": [{""between"": [0.0, 1.0], ""value"": null}], ""level_lr"": [{""between"": [0.0, 1.0], ""value"": 0}], ""road_flags_lr"": [{""start"": 0.0, ""end"": 1.0, ""value"": []}]}","{""name"": ""NORTH STREET"", ""class"": ""tertiary""}"
02511dc2-14d2-4a32-b85d-4a23cfac1908,us_boston_streets_9823,"LINESTRING (-71.0649214000000029 42.3510875999999996, -71.0649415999999974 42.3510176999999999, -71.0649451999999968 42.3510052999999971, -71.0649624999999929 42.3509454000000005, -71.0649808999999948 42.3508733000000035, -71.0650616000000070 42.3505895999999993, -71.0651792000000029 42.3502341000000015, -71.0652211000000023 42.3500834999999967, -71.0652450000000044 42.3499983999999969, -71.0652881999999977 42.3498167999999993, -71.0652934000000016 42.3497956000000002, -71.0653298999999947 42.3496471999999997, -71.0653530000000018 42.3495334999999997, -71.0653609000000017 42.3494945999999999, -71.0653863000000001 42.3493698999999992, -71.0655160999999964 42.3487499000000014, -71.0655217000000050 42.3487232000000020, -71.0655366000000015 42.3486286999999990)","LINESTRING (-71.0655412855744970 42.3486174784024030, -71.0654872772440029 42.3488810230777020, -71.0653497465713997 42.3495521267347996, -71.0652927854733036 42.3498300719860978, -71.0651822446154995 42.3502105658403991, -71.0650646637578944 42.3506152850003019)","{""name"": ""Tremont Street"", ""class"": ""primary"", ""names_lr"": [{""between"": [0.0, 1.0], ""value"": ""Tremont Street""}], ""subclass_lr"": [{""between"": [0.0, 1.0], ""value"": null}], ""level_lr"": [{""between"": [0.0, 1.0], ""value"": 0}], ""road_flags_lr"": [{""start"": 0.0, ""end"": 1.0, ""value"": []}]}","{""name"": ""TREMONT STREET"", ""class"": ""tertiary""}"
7a18513b-b9cc-4f93-bd44-b9a37b3caaf0,us_boston_streets_4118,"LINESTRING (-71.0533089000000047 42.3568694000000008, -71.0532350999999949 42.3569047000000012, -71.0531747999999936 42.3569334999999967)","LINESTRING (-71.0532769190820943 42.3569262673147975, -71.0534544917555024 42.3568453365304975)","{""class"": ""footway"", ""subclass"": ""crosswalk"", ""names_lr"": [{""between"": [0.0, 1.0], ""value"": null}], ""subclass_lr"": [{""between"": [0.0, 1.0], ""value"": ""crosswalk""}], ""level_lr"": [{""between"": [0.0, 1.0], ""value"": 0}], ""road_flags_lr"": [{""start"": 0.0, ""end"": 1.0, ""value"": []}]}","{""name"": ""FRANKLIN STREET"", ""class"": ""tertiary""}"
50f29b7c-6754-4fb8-94ea-a0a0dd66e60b,us_boston_streets_9328,"LINESTRING (-71.0727116999999993 42.3553880999999990, -71.0728218999999939 42.3554096000000015, -71.0728471999999982 42.3554180000000002, -71.0728770999999995 42.3554293999999985, -71.0729187999999965 42.3554503000000011, -71.0729553000000038 42.3554772000000028, -71.0729840999999993 42.3555072999999993, -71.0730096000000060 42.3555442999999983, -71.0731643000000020 42.3558617999999996, -71.0731712000000044 42.3558862000000005, -71.0731743999999992 42.3559112000000013, -71.0731695999999999 42.3559343000000013, -71.0731578999999982 42.3559573000000000, -71.0730831000000052 42.3560505000000020)","LINESTRING (-71.0728059483649020 42.3553859081417983, -71.0729147264050027 42.3554171507246977, -71.0730164802741058 42.3554980145505979, -71.0730511892117960 42.3555637115797978, -71.0731326786100936 42.3557375901079993)","{""name"": ""David G. Mugar Way"", ""class"": ""primary"", ""names_lr"": [{""between"": [0.0, 1.0], ""value"": ""David G. Mugar Way""}], ""subclass_lr"": [{""between"": [0.0, 1.0], ""value"": null}], ""level_lr"": [{""between"": [0.0, 1.0], ""value"": 0}], ""road_flags_lr"": [{""start"": 0.0, ""end"": 1.0, ""value"": []}]}","{""name"": ""DAVID G MUGAR WAY"", ""class"": ""primary""}"
a37b491e-cb37-4a26-9c8b-b9bca9293c2f,us_boston_streets_10067,"LINESTRING (-71.0559130999999979 42.3589983999999973, -71.0563214999999957 42.3589326000000028, -71.0564856000000020 42.3589061999999998, -71.0565256000000005 42.3589004000000031, -71.0565687999999938 42.3588950999999980, -71.0566084000000018 42.3588917000000009, -71.0566520999999938 42.3588889999999978, -71.0568042999999960 42.3588803000000027)","LINESTRING (-71.0559619992112061 42.3589815600391972, -71.0567408017836044 42.3588936448620004, -71.0568258327688937 42.3588840459501981)","{""name"": ""State Street"", ""class"": ""primary"", ""names_lr"": [{""between"": [0.0, 1.0], ""value"": ""State Street""}], ""subclass_lr"": [{""between"": [0.0, 1.0], ""value"": null}], ""level_lr"": [{""between"": [0.0, 1.0], ""value"": 0}], ""road_flags_lr"": [{""start"": 0.0, ""end"": 1.0, ""value"": []}]}","{""name"": ""STATE STREET"", ""class"": ""tertiary""}"
43bd06be-0ff5-45e5-80aa-c4874fc363ef,us_boston_streets_9293,"LINESTRING (-71.0572264000000047 42.3616572999999974, -71.0570368999999999 42.3613450000000000, -71.0570107000000064 42.3612944999999996, -71.0569428000000016 42.3611646000000022, -71.0568849000000000 42.3610371999999984, -71.0568642000000068 42.3609871999999967, -71.0568568000000056 42.3609672999999987, -71.0568506000000042 42.3609469000000018, -71.0568466000000001 42.3609287000000023, -71.0568427999999983 42.3609093000000030, -71.0568401000000023 42.3608934000000019, -71.0568269000000043 42.3607946999999996, -71.0568231000000026 42.3607761999999965, -71.0568185000000057 42.3607591999999968, -71.0568130000000053 42.3607428999999982, -71.0568054999999958 42.3607238000000024, -71.0566984000000019 42.3605074999999971)","LINESTRING (-71.0567248971341030 42.3603868020396988, -71.0568246537308994 42.3606395415031969, -71.0568785477527030 42.3607702777717989, -71.0568802677923941 42.3607744500426975, -71.0569134542753034 42.3609186153623014, -71.0569582378281979 42.3610549469007012, -71.0570161301659056 42.3612000419177974, -71.0570805961643970 42.3612922674602004, -71.0573009756696052 42.3617024293114000)","{""class"": ""footway"", ""subclass"": ""sidewalk"", ""names_lr"": [{""between"": [0.0, 1.0], ""value"": null}], ""subclass_lr"": [{""between"": [0.0, 1.0], ""value"": ""sidewalk""}], ""level_lr"": [{""between"": [0.0, 1.0], ""value"": 0}], ""road_flags_lr"": [{""start"": 0.0, ""end"": 1.0, ""value"": []}]}","{""name"": ""UNION STREET"", ""class"": ""residential""}"
84d9e2ee-c51f-4daf-8c14-68f63279a205,us_boston_streets_2360,"LINESTRING (-71.0506771999999955 42.3567200999999969, -71.0506369999999947 42.3568500000000014, -71.0506397000000050 42.3569966000000022, -71.0506405000000001 42.3570727000000034)","LINESTRING (-71.0507705067338975 42.3566817052608968, -71.0507731254054988 42.3569115635249034, -71.0507849489268040 42.3570407124134007)","{""class"": ""footway"", ""subclass"": ""sidewalk"", ""names_lr"": [{""between"": [0.0, 1.0], ""value"": null}], ""subclass_lr"": [{""between"": [0.0, 1.0], ""value"": ""sidewalk""}], ""level_lr"": [{""between"": [0.0, 1.0], ""value"": 0}], ""road_flags_lr"": [{""start"": 0.0, ""end"": 1.0, ""value"": []}]}","{""name"": ""ATLANTIC AVENUE"", ""class"": ""tertiary""}"
b6f4597a-1c81-4ce7-be4e-a3a8b30c78ea,us_boston_streets_234,"LINESTRING (-71.0531747999999936 42.3569334999999967, -71.0529214000000024 42.3570844999999991, -71.0528027999999949 42.3571552000000011, -71.0526729999999986 42.3573780999999983)","LINESTRING (-71.0526841375650946 42.3574487628103000, -71.0527832422135930 42.3572658750345994, -71.0528455227619986 42.3571954767479966, -71.0528635803024997 42.3571822235455997, -71.0529774845473980 42.3570986232517015, -71.0529882893188045 42.3570924037231009, -71.0532769190820943 42.3569262673147975)","{""class"": ""footway"", ""subclass"": ""sidewalk"", ""names_lr"": [{""between"": [0.0, 1.0], ""value"": null}], ""subclass_lr"": [{""between"": [0.0, 1.0], ""value"": ""sidewalk""}], ""level_lr"": [{""between"": [0.0, 1.0], ""value"": 0}], ""road_flags_lr"": [{""start"": 0.0, ""end"": 1.0, ""value"": []}]}","{""name"": ""FRANKLIN STREET"", ""class"": ""tertiary""}"
3de5595d-3803-480f-b6b8-ae28e72d057e,us_boston_streets_4902,"LINESTRING (-71.0633590999999996 42.3643975999999967, -71.0633612999999968 42.3644038999999992, -71.0633665999999948 42.3644164000000032, -71.0633715000000024 42.3644268999999980, -71.0633772000000050 42.3644383000000033, -71.0633839000000052 42.3644491000000016, -71.0633911000000040 42.3644601000000023, -71.0634081999999978 42.3644825000000012, -71.0634256000000022 42.3645017999999993, -71.0634524999999968 42.3645290999999986, -71.0637751000000009 42.3648561999999984, -71.0639027999999939 42.3649855999999971, -71.0640662999999932 42.3651514000000020, -71.0640899999999931 42.3651837999999969, -71.0641066000000023 42.3652116000000021, -71.0641183000000041 42.3652376000000004, -71.0641257999999993 42.3652589000000006, -71.0641329000000042 42.3652836999999991)","LINESTRING (-71.0642470552684955 42.3652212797520988, -71.0642412883266985 42.3651940223572012, -71.0642303623238973 42.3651423781901002, -71.0642230787428986 42.3651079478457007, -71.0641877999483995 42.3650733727158979, -71.0640655062420024 42.3649535138223996, -71.0640275758638040 42.3649130037885016, -71.0637051708397962 42.3645686657341969, -71.0634987887828942 42.3643482408982024, -71.0633702187412979 42.3642310600848973)","{""name"": ""Lomasney Way"", ""class"": ""primary"", ""names_lr"": [{""between"": [0.0, 0.109099315], ""value"": ""Staniford Street""}, {""between"": [0.109099315, 1.0], ""value"": ""Lomasney Way""}], ""subclass_lr"": [{""between"": [0.0, 1.0], ""value"": null}], ""level_lr"": [{""between"": [0.0, 1.0], ""value"": 0}], ""road_flags_lr"": [{""start"": 0.0, ""end"": 1.0, ""value"": []}]}","{""name"": ""LOMASNEY WAY"", ""class"": ""tertiary""}"
fae17391-ac92-466e-8f9b-30907e1665fc,us_boston_streets_10293,"LINESTRING (-71.0576984000000067 42.3533371999999986, -71.0577408999999989 42.3533690000000007, -71.0577631000000025 42.3533856999999969, -71.0577830999999946 42.3534004999999993, -71.0578117999999961 42.3534216999999984)","LINESTRING (-71.0576247996163062 42.3533938342973997, -71.0577363786083964 42.3534671763064026, -71.0578086376274030 42.3535229247632969)","{""class"": ""footway"", ""subclass"": ""crosswalk"", ""names_lr"": [{""between"": [0.0, 1.0], ""value"": null}], ""subclass_lr"": [{""between"": [0.0, 1.0], ""value"": ""crosswalk""}], ""level_lr"": [{""between"": [0.0, 1.0], ""value"": 0}], ""road_flags_lr"": [{""start"": 0.0, ""end"": 1.0, ""value"": []}]}","{""name"": ""SUMMER STREET"", ""class"": ""tertiary""}"
20cd9e3f-a72b-4025-b537-ed5f530df0f3,us_boston_streets_9119,"LINESTRING (-71.0588149999999956 42.3557411000000030, -71.0587067000000019 42.3556933999999998, -71.0585712999999970 42.3556493000000032, -71.0584101000000032 42.3556140000000028, -71.0582198999999974 42.3555808999999996, -71.0581004999999948 42.3555610000000016, -71.0580218000000059 42.3555429000000032, -71.0580013999999949 42.3555381999999980)","LINESTRING (-71.0580222159475028 42.3554984940609032, -71.0583585053131941 42.3555498638257006, -71.0585956928094049 42.3556149202201979, -71.0589198382014047 42.3557483915082003)","{""class"": ""footway"", ""subclass"": ""sidewalk"", ""names_lr"": [{""between"": [0.0, 1.0], ""value"": null}], ""subclass_lr"": [{""between"": [0.0, 1.0], ""value"": ""sidewalk""}], ""level_lr"": [{""between"": [0.0, 1.0], ""value"": 0}], ""road_flags_lr"": [{""start"": 0.0, ""end"": 1.0, ""value"": []}]}","{""name"": ""FRANKLIN STREET"", ""class"": ""tertiary""}"
cee40b99-ae55-4521-ad4e-fa24ab68ce48,us_boston_streets_5547,"LINESTRING (-71.0650765999999976 42.3583440999999965, -71.0651352000000003 42.3583397000000019, -71.0658353999999974 42.3583353000000002, -71.0661828000000071 42.3583130999999966, -71.0662192000000061 42.3583107999999982, -71.0662841999999983 42.3583065999999988)","LINESTRING (-71.0644595593113024 42.3584165041857972, -71.0645695644506930 42.3584004922337982, -71.0646761145693944 42.3583913984352023, -71.0650878684082983 42.3583562532379005, -71.0658684523852031 42.3583322504876989, -71.0661035821701006 42.3583238639380966, -71.0662815740696061 42.3583084849539020)","{""name"": ""Mount Vernon Street"", ""class"": ""residential"", ""names_lr"": [{""between"": [0.0, 1.0], ""value"": ""Mount Vernon Street""}], ""subclass_lr"": [{""between"": [0.0, 1.0], ""value"": null}], ""level_lr"": [{""between"": [0.0, 1.0], ""value"": 0}], ""road_flags_lr"": [{""start"": 0.0, ""end"": 1.0, ""value"": []}]}","{""name"": ""MOUNT VERNON STREET"", ""class"": ""residential""}"
130e5b42-965b-43a2-901a-f31ed7c372be,us_boston_streets_3509,"LINESTRING (-71.0667662000000036 42.3661353000000034, -71.0661290999999977 42.3660022999999981)","LINESTRING (-71.0672874747170056 42.3662460001100030, -71.0671139880604983 42.3662047604967000, -71.0668258915657987 42.3661438084648978, -71.0662145663072948 42.3660144737948983, -71.0661188167067053 42.3659942162625001)","{""name"": ""Martha Road"", ""class"": ""secondary"", ""names_lr"": [{""between"": [0.0, 1.0], ""value"": ""Martha Road""}], ""subclass_lr"": [{""between"": [0.0, 1.0], ""value"": null}], ""level_lr"": [{""between"": [0.0, 1.0], ""value"": 0}], ""road_flags_lr"": [{""start"": 0.0, ""end"": 1.0, ""value"": []}]}","{""name"": ""MARTHA ROAD"", ""class"": ""tertiary""}"
eee2b09c-4bb6-44e4-8918-6010645e89f8,us_boston_streets_3777,"LINESTRING (-71.0623106999999976 42.3648142999999990, -71.0622462000000041 42.3648485000000008, -71.0621835999999973 42.3648816999999980, -71.0621433999999965 42.3649028999999970, -71.0618175999999977 42.3650750999999985, -71.0617503999999940 42.3651114000000035)","LINESTRING (-71.0622110885402947 42.3650252096770004, -71.0620789694063006 42.3650953560221026, -71.0618752173889021 42.3652035339829993)","{""name"": ""Causeway Street"", ""class"": ""secondary"", ""names_lr"": [{""between"": [0.0, 1.0], ""value"": ""Causeway Street""}], ""subclass_lr"": [{""between"": [0.0, 1.0], ""value"": null}], ""level_lr"": [{""between"": [0.0, 1.0], ""value"": 0}], ""road_flags_lr"": [{""start"": 0.0, ""end"": 1.0, ""value"": []}]}","{""name"": ""CAUSEWAY STREET"", ""class"": ""tertiary""}"
42be54f6-3f59-4374-9c81-71740dba63b8,us_boston_streets_7684,"LINESTRING (-71.0545627999999994 42.3636180000000024, -71.0542260999999939 42.3632782000000034, -71.0541333999999978 42.3631942000000024, -71.0540962000000036 42.3631698000000014)","LINESTRING (-71.0540751611655992 42.3631046925174033, -71.0541943781180976 42.3632154177010989, -71.0544912566535061 42.3634911456948018, -71.0546619053008044 42.3636496355059009)","{""class"": ""footway"", ""subclass"": ""sidewalk"", ""names_lr"": [{""between"": [0.0, 1.0], ""value"": null}], ""subclass_lr"": [{""between"": [0.0, 1.0], ""value"": ""sidewalk""}], ""level_lr"": [{""between"": [0.0, 1.0], ""value"": 0}], ""road_flags_lr"": [{""start"": 0.0, ""end"": 1.0, ""value"": []}]}","{""name"": ""RICHMOND STREET"", ""class"": ""tertiary""}"
9b4de445-cf7a-49b6-a233-9829eb8b678d,us_boston_streets_334,"LINESTRING (-71.0772536000000059 42.3547100999999984, -71.0770775999999955 42.3543611999999996, -71.0770576000000034 42.3543029000000004)","LINESTRING (-71.0769653141574054 42.3542524815346013, -71.0772472233537940 42.3547536980645987)","{""class"": ""footway"", ""subclass"": ""sidewalk"", ""names_lr"": [{""between"": [0.0, 1.0], ""value"": null}], ""subclass_lr"": [{""between"": [0.0, 1.0], ""value"": ""sidewalk""}], ""level_lr"": [{""between"": [0.0, 1.0], ""value"": 0}], ""road_flags_lr"": [{""start"": 0.0, ""end"": 1.0, ""value"": []}]}","{""name"": ""CLARENDON STREET"", ""class"": ""residential""}"
72a4626c-40f9-4781-855e-6506219da2a5,us_boston_streets_827,"LINESTRING (-71.0698804999999965 42.3503248000000028, -71.0700084000000061 42.3506245000000021, -71.0701920999999999 42.3510548000000000)","LINESTRING (-71.0698978622339013 42.3501564003990012, -71.0699092193568021 42.3501879530917975, -71.0701030864680945 42.3506551453091973, -71.0702908495483001 42.3510716693258971)","{""class"": ""footway"", ""subclass"": ""sidewalk"", ""names_lr"": [{""between"": [0.0, 1.0], ""value"": null}], ""subclass_lr"": [{""between"": [0.0, 1.0], ""value"": ""sidewalk""}], ""level_lr"": [{""between"": [0.0, 1.0], ""value"": 0}], ""road_flags_lr"": [{""start"": 0.0, ""end"": 1.0, ""value"": []}]}","{""name"": ""ARLINGTON STREET"", ""class"": ""tertiary""}"
71392e41-09ca-44b5-bd85-908b7b19551d,us_boston_streets_52,"LINESTRING (-71.0708115999999990 42.3587526999999966, -71.0708110000000062 42.3587457000000001, -71.0708029999999980 42.3586420999999973, -71.0707948999999957 42.3584989000000007, -71.0706937000000067 42.3583136000000025, -71.0704733999999974 42.3579111999999967, -71.0704190999999952 42.3578110999999993)","LINESTRING (-71.0707292196861005 42.3588086190096007, -71.0707106351595002 42.3585989612074982, -71.0707000934581998 42.3585433820600983, -71.0706838580751992 42.3584912900874002, -71.0706616253685013 42.3584504032411004, -71.0702932870367050 42.3578047276772978)","{""class"": ""footway"", ""subclass"": ""sidewalk"", ""names_lr"": [{""between"": [0.0, 1.0], ""value"": null}], ""subclass_lr"": [{""between"": [0.0, 1.0], ""value"": ""sidewalk""}], ""level_lr"": [{""between"": [0.0, 1.0], ""value"": 0}], ""road_flags_lr"": [{""start"": 0.0, ""end"": 1.0, ""value"": []}]}","{""name"": ""CHARLES STREET"", ""class"": ""tertiary""}"
d12d7a09-3d72-44f0-926c-2b0b6d8003dc,us_boston_streets_2630,"LINESTRING (-71.0534449999999964 42.3641019000000014, -71.0533678999999978 42.3642857999999976, -71.0532917999999967 42.3644561999999993, -71.0532659999999936 42.3645138999999986, -71.0532191000000068 42.3646494999999987, -71.0534116999999981 42.3647194999999996)","LINESTRING (-71.0534519542823944 42.3640530177808969, -71.0531940930318058 42.3646673266851010)","{""class"": ""footway"", ""subclass"": ""sidewalk"", ""names_lr"": [{""between"": [0.0, 1.0], ""value"": null}], ""subclass_lr"": [{""between"": [0.0, 1.0], ""value"": ""sidewalk""}], ""level_lr"": [{""between"": [0.0, 1.0], ""value"": -1}], ""road_flags_lr"": [{""start"": 0.0, ""end"": 1.0, ""value"": []}]}","{""name"": ""GARDEN COURT STREET"", ""class"": ""residential""}"
78d316c7-0684-485e-9972-912aa996fcdc,us_boston_streets_4016,"LINESTRING (-71.0594736999999981 42.3524754999999971, -71.0594755999999990 42.3525326000000035, -71.0594774999999998 42.3525867999999974)","LINESTRING (-71.0594257167001047 42.3526804497652023, -71.0594189201655979 42.3526421964313968, -71.0593974420196020 42.3525213138707031)","{""class"": ""footway"", ""subclass"": ""crosswalk"", ""names_lr"": [{""between"": [0.0, 1.0], ""value"": null}], ""subclass_lr"": [{""between"": [0.0, 1.0], ""value"": ""crosswalk""}], ""level_lr"": [{""between"": [0.0, 1.0], ""value"": 0}], ""road_flags_lr"": [{""start"": 0.0, ""end"": 1.0, ""value"": []}]}","{""name"": ""KINGSTON STREET"", ""class"": ""residential""}"
91b29c9b-b4b8-4b29-bc7f-343779c0a5dc,us_boston_streets_5763,"LINESTRING (-71.0760635999999977 42.3526150000000001, -71.0760556999999977 42.3525988999999967, -71.0760003999999981 42.3524863999999965, -71.0759428000000071 42.3523692999999994, -71.0759362999999951 42.3523561000000015, -71.0759319999999946 42.3523476000000016, -71.0759124000000071 42.3523087000000018, -71.0758833000000010 42.3522511999999978)","LINESTRING (-71.0761583748186041 42.3526481350413988, -71.0759818748862955 42.3522687049191973)","{""class"": ""footway"", ""names_lr"": [{""between"": [0.0, 1.0], ""value"": null}], ""subclass_lr"": [{""between"": [0.0, 0.710946985], ""value"": ""sidewalk""}, {""between"": [0.710946985, 1.0], ""value"": ""crosswalk""}], ""level_lr"": [{""between"": [0.0, 1.0], ""value"": 0}], ""road_flags_lr"": [{""start"": 0.0, ""end"": 1.0, ""value"": []}]}","{""name"": ""CLARENDON STREET"", ""class"": ""primary""}"
33db2819-a751-42c0-a477-fca1a24cfe96,us_boston_streets_10416,"LINESTRING (-71.0678680999999983 42.3571402000000035, -71.0679623000000049 42.3573896999999988)","LINESTRING (-71.0677770529789967 42.3569766309792968, -71.0678327602926032 42.3571354805349003, -71.0679376289278935 42.3574479179626024)","{""class"": ""footway"", ""subclass"": ""sidewalk"", ""names_lr"": [{""between"": [0.0, 1.0], ""value"": null}], ""subclass_lr"": [{""between"": [0.0, 1.0], ""value"": ""sidewalk""}], ""level_lr"": [{""between"": [0.0, 1.0], ""value"": 0}], ""road_flags_lr"": [{""start"": 0.0, ""end"": 1.0, ""value"": []}]}","{""name"": ""SPRUCE STREET"", ""class"": ""residential""}"
433a722a-9a8a-4421-a246-897d165895b8,us_boston_streets_2606,"LINESTRING (-71.0619343999999984 42.3498432000000022, -71.0616459999999961 42.3505527000000015)","LINESTRING (-71.0615541098631951 42.3506509391775978, -71.0616325163190936 42.3504632291816989, -71.0619245074373964 42.3497641693257023)","{""class"": ""footway"", ""subclass"": ""sidewalk"", ""names_lr"": [{""between"": [0.0, 1.0], ""value"": null}], ""subclass_lr"": [{""between"": [0.0, 1.0], ""value"": ""sidewalk""}], ""level_lr"": [{""between"": [0.0, 1.0], ""value"": 0}], ""road_flags_lr"": [{""start"": 0.0, ""end"": 1.0, ""value"": []}]}","{""name"": ""HARRISON AVENUE"", ""class"": ""tertiary""}"
41f531fb-d46d-475a-834b-0f68a5bd1c46,us_boston_streets_4918,"LINESTRING (-71.0542800000000057 42.3592559000000008, -71.0545568999999944 42.3592257999999973, -71.0546532000000042 42.3592153000000025)","LINESTRING (-71.0541615721354987 42.3592850256708999, -71.0543249220136062 42.3592677042961014)","{""name"": ""State Street"", ""class"": ""primary"", ""names_lr"": [{""between"": [0.0, 1.0], ""value"": ""State Street""}], ""subclass_lr"": [{""between"": [0.0, 1.0], ""value"": null}], ""level_lr"": [{""between"": [0.0, 1.0], ""value"": 0}], ""road_flags_lr"": [{""start"": 0.0, ""end"": 1.0, ""value"": []}]}","{""name"": ""STATE STREET"", ""class"": ""tertiary""}"
364e3ae5-c0f2-4d0c-a7e6-af9318eb97f2,us_boston_streets_125,"LINESTRING (-71.0633590999999996 42.3643975999999967, -71.0634818000000053 42.3643325000000033)","LINESTRING (-71.0633702187412979 42.3642310600848973, -71.0633031394618939 42.3643283319631010, -71.0632795203048033 42.3643543137625969, -71.0632415012177034 42.3643918294012991, -71.0631710503949989 42.3644444367475970)","{""name"": ""Causeway Street"", ""class"": ""secondary"", ""names_lr"": [{""between"": [0.0, 1.0], ""value"": ""Causeway Street""}], ""subclass_lr"": [{""between"": [0.0, 1.0], ""value"": null}], ""level_lr"": [{""between"": [0.0, 1.0], ""value"": 0}], ""road_flags_lr"": [{""start"": 0.0, ""end"": 1.0, ""value"": []}]}","{""name"": ""CAUSEWAY STREET"", ""class"": ""tertiary""}"
4b8b740f-22df-4dc2-bb42-16eb61983030,us_boston_streets_1904,"LINESTRING (-71.0802922999999964 42.3511298999999966, -71.0802032999999938 42.3511527000000001, -71.0791736000000043 42.3514308000000028, -71.0783112999999958 42.3516637000000031, -71.0782734999999946 42.3516733000000016, -71.0781405000000035 42.3517073000000011)","LINESTRING (-71.0796819987447037 42.3512886294994999, -71.0781363903731034 42.3517017571951015, -71.0780550793721062 42.3517231558861980, -71.0775380467354978 42.3518592136934018)","{""name"": ""Commonwealth Avenue"", ""class"": ""primary"", ""names_lr"": [{""between"": [0.0, 1.0], ""value"": ""Commonwealth Avenue""}], ""subclass_lr"": [{""between"": [0.0, 1.0], ""value"": null}], ""level_lr"": [{""between"": [0.0, 1.0], ""value"": 0}], ""road_flags_lr"": [{""start"": 0.0, ""end"": 1.0, ""value"": []}]}","{""name"": ""COMMONWEALTH AVENUE"", ""class"": ""primary""}"
fa0505a8-2b9e-4114-a050-932048fb8efd,us_boston_streets_69,"LINESTRING (-71.0555241999999936 42.3611165000000014, -71.0556208999999939 42.3609960000000001, -71.0557689000000039 42.3608276000000004, -71.0558060000000040 42.3607927999999987, -71.0558336999999938 42.3607669000000016, -71.0558934999999963 42.3607208000000028)","LINESTRING (-71.0559810889667034 42.3606786582235983, -71.0557998305683043 42.3608290891610011, -71.0557426540087960 42.3608765404967968, -71.0555260477600967 42.3611238227435010)","{""name"": ""North Street"", ""class"": ""secondary"", ""names_lr"": [{""between"": [0.0, 1.0], ""value"": ""North Street""}], ""subclass_lr"": [{""between"": [0.0, 1.0], ""value"": null}], ""level_lr"": [{""between"": [0.0, 1.0], ""value"": 0}], ""road_flags_lr"": [{""start"": 0.0, ""end"": 1.0, ""value"": []}]}","{""name"": ""NORTH STREET"", ""class"": ""tertiary""}"
9ca5b5d8-d558-4f71-a37a-4585f976618d,us_boston_streets_10277,"LINESTRING (-71.0747922999999986 42.3548120999999966, -71.0749105000000014 42.3547793999999982, -71.0758160000000032 42.3545289999999994, -71.0766090999999989 42.3543148999999985, -71.0768458000000010 42.3542509999999979, -71.0768731999999943 42.3542434000000014, -71.0769453000000055 42.3542240000000021)","LINESTRING (-71.0748151938927037 42.3548320087698968, -71.0760831137153986 42.3544844509230032, -71.0769653141574054 42.3542524815346013)","{""name"": ""Beacon Street"", ""class"": ""primary"", ""names_lr"": [{""between"": [0.0, 1.0], ""value"": ""Beacon Street""}], ""subclass_lr"": [{""between"": [0.0, 1.0], ""value"": null}], ""level_lr"": [{""between"": [0.0, 1.0], ""value"": 0}], ""road_flags_lr"": [{""start"": 0.0, ""end"": 1.0, ""value"": []}]}","{""name"": ""BEACON STREET"", ""class"": ""primary""}"
83413653-0c09-4b07-a901-0bf14d5ee98f,us_boston_streets_7561,"LINESTRING (-71.0578562000000034 42.3532514999999989, -71.0578186999999986 42.3533019999999993, -71.0577822000000054 42.3533417000000014, -71.0577408999999989 42.3533690000000007, -71.0576903000000044 42.3533888999999988, -71.0575886999999966 42.3534110000000013)","LINESTRING (-71.0578328956992067 42.3533517798308026, -71.0576247996163062 42.3533938342973997)","{""name"": ""Lincoln Street"", ""class"": ""secondary"", ""subclass"": ""link"", ""names_lr"": [{""between"": [0.0, 1.0], ""value"": ""Lincoln Street""}], ""subclass_lr"": [{""between"": [0.0, 1.0], ""value"": ""link""}], ""level_lr"": [{""between"": [0.0, 1.0], ""value"": 0}], ""road_flags_lr"": [{""start"": 0.0, ""end"": 1.0, ""value"": []}]}","{""name"": ""LINCOLN STREET"", ""class"": ""residential""}"
e5417e0e-11d8-4b0b-bddb-a72ed60082d8,us_boston_streets_5144,"LINESTRING (-71.0699259999999953 42.3501478000000020, -71.0698591999999962 42.3499841000000004, -71.0697317000000055 42.3496552000000008)","LINESTRING (-71.0697161002733964 42.3496677640016017, -71.0698977824099956 42.3501561804292024, -71.0698978622339013 42.3501564003990012)","{""name"": ""Arlington Street"", ""class"": ""primary"", ""names_lr"": [{""between"": [0.0, 1.0], ""value"": ""Arlington Street""}], ""subclass_lr"": [{""between"": [0.0, 1.0], ""value"": null}], ""level_lr"": [{""between"": [0.0, 1.0], ""value"": 0}], ""road_flags_lr"": [{""start"": 0.0, ""end"": 1.0, ""value"": []}]}","{""name"": ""ARLINGTON STREET"", ""class"": ""tertiary""}"
ca954cc7-5125-4e5d-9dda-73f47b470c7d,us_boston_streets_9205,"LINESTRING (-71.0573320000000024 42.3575799999999987, -71.0573310999999990 42.3575067000000018, -71.0573291999999981 42.3574498999999989, -71.0573085999999989 42.3568515999999988, -71.0573073000000051 42.3568228999999974, -71.0573121000000043 42.3568005999999997, -71.0573229000000026 42.3567508000000004)","LINESTRING (-71.0573336453805950 42.3574760740677974, -71.0573291234733944 42.3572063636649006, -71.0573248937775048 42.3569540524970023, -71.0573347347246056 42.3568782084352975, -71.0573602545626954 42.3567748334955994)","{""name"": ""Devonshire Street"", ""class"": ""secondary"", ""names_lr"": [{""between"": [0.0, 1.0], ""value"": ""Devonshire Street""}], ""subclass_lr"": [{""between"": [0.0, 1.0], ""value"": null}], ""level_lr"": [{""between"": [0.0, 1.0], ""value"": 0}], ""road_flags_lr"": [{""start"": 0.0, ""end"": 1.0, ""value"": []}]}","{""name"": ""DEVONSHIRE STREET"", ""class"": ""tertiary""}"
e30326a3-1ae9-45a4-98cb-6a01367a9b0b,us_boston_streets_7401,"LINESTRING (-71.0612624999999980 42.3571839000000026, -71.0614671000000016 42.3569851999999969, -71.0616583999999989 42.3567997000000034, -71.0617055000000022 42.3567552000000020, -71.0617440999999985 42.3567194999999970, -71.0617859000000038 42.3566828000000015)","LINESTRING (-71.0618204446167994 42.3566704719546010, -71.0616479896822000 42.3568318401092014, -71.0612734087381028 42.3571823165475010)","{""name"": ""Tremont Street"", ""class"": ""primary"", ""names_lr"": [{""between"": [0.0, 1.0], ""value"": ""Tremont Street""}], ""subclass_lr"": [{""between"": [0.0, 1.0], ""value"": null}], ""level_lr"": [{""between"": [0.0, 1.0], ""value"": 0}], ""road_flags_lr"": [{""start"": 0.0, ""end"": 1.0, ""value"": []}]}","{""name"": ""TREMONT STREET"", ""class"": ""tertiary""}"
8fc70c28-6806-4e82-92fb-d4f8e3d7eb2b,us_boston_streets_3057,"LINESTRING (-71.0524347000000063 42.3595358999999974, -71.0525566000000026 42.3595157000000029, -71.0533482000000021 42.3593838000000034)","LINESTRING (-71.0524080141220935 42.3595295378800998, -71.0526778847280980 42.3594871866302967, -71.0529707195126008 42.3594412301172980, -71.0532003963214009 42.3594051845936974, -71.0532941804949019 42.3593904663287972)","{""name"": ""State Street"", ""class"": ""primary"", ""names_lr"": [{""between"": [0.0, 1.0], ""value"": ""State Street""}], ""subclass_lr"": [{""between"": [0.0, 1.0], ""value"": null}], ""level_lr"": [{""between"": [0.0, 1.0], ""value"": 0}], ""road_flags_lr"": [{""start"": 0.0, ""end"": 1.0, ""value"": []}]}","{""name"": ""STATE STREET"", ""class"": ""tertiary""}"
c5a4278b-4986-46e5-9027-cc4492e76958,us_boston_streets_6063,"LINESTRING (-71.0628913000000040 42.3645066999999997, -71.0624535000000037 42.3647376999999992, -71.0624214000000052 42.3647550000000024, -71.0623106999999976 42.3648142999999990)","LINESTRING (-71.0629411882437978 42.3645552236997034, -71.0626659426299057 42.3647044231387966, -71.0623775887467986 42.3648607266444017)","{""name"": ""Causeway Street"", ""class"": ""secondary"", ""names_lr"": [{""between"": [0.0, 1.0], ""value"": ""Causeway Street""}], ""subclass_lr"": [{""between"": [0.0, 1.0], ""value"": null}], ""level_lr"": [{""between"": [0.0, 1.0], ""value"": 0}], ""road_flags_lr"": [{""start"": 0.0, ""end"": 1.0, ""value"": []}]}","{""name"": ""CAUSEWAY STREET"", ""class"": ""tertiary""}"
5a25e758-7fbd-4429-b386-7f01a74a78f8,us_boston_streets_6017,"LINESTRING (-71.0571974000000068 42.3633801000000005, -71.0572592999999983 42.3634264000000016, -71.0573083999999966 42.3634673000000035, -71.0573717000000045 42.3635230000000007, -71.0574390000000022 42.3635856000000004, -71.0575015999999948 42.3636437999999984, -71.0575628999999935 42.3637031000000022, -71.0576193999999930 42.3637573999999972, -71.0576745999999986 42.3638121999999981)","LINESTRING (-71.0571919510279031 42.3633433734084974, -71.0576793716726058 42.3638174725549987)","{""name"": ""Cross Street"", ""class"": ""primary"", ""names_lr"": [{""between"": [0.0, 1.0], ""value"": ""Cross Street""}], ""subclass_lr"": [{""between"": [0.0, 1.0], ""value"": null}], ""level_lr"": [{""between"": [0.0, 1.0], ""value"": 0}], ""road_flags_lr"": [{""start"": 0.0, ""end"": 1.0, ""value"": []}]}","{""name"": ""CROSS STREET"", ""class"": ""tertiary""}"
fbb2256a-af6b-4b09-9153-92738a5b30f7,us_boston_streets_98,"LINESTRING (-71.0560059999999964 42.3626541000000003, -71.0562383999999980 42.3627925999999988, -71.0562838999999968 42.3628197000000029, -71.0563307000000037 42.3628459000000035)","LINESTRING (-71.0558125996693946 42.3625506528670996, -71.0563611822031049 42.3628635512339997)","{""name"": ""Cross Street"", ""class"": ""primary"", ""names_lr"": [{""between"": [0.0, 1.0], ""value"": ""Cross Street""}], ""subclass_lr"": [{""between"": [0.0, 1.0], ""value"": null}], ""level_lr"": [{""between"": [0.0, 1.0], ""value"": 0}], ""road_flags_lr"": [{""start"": 0.0, ""end"": 1.0, ""value"": []}]}","{""name"": ""CROSS STREET"", ""class"": ""tertiary""}"
716cf336-fa1d-4a0e-ac2b-88518bddc97a,us_boston_streets_7794,"LINESTRING (-71.0573423000000020 42.3554387000000006, -71.0574593999999991 42.3554164999999969, -71.0574847999999974 42.3554116999999977, -71.0575634000000065 42.3554065000000008, -71.0576077000000055 42.3554036000000025, -71.0576951000000037 42.3553976999999975, -71.0578066000000064 42.3553921000000031, -71.0578852999999953 42.3553921999999972, -71.0579635999999937 42.3553981000000022, -71.0579929000000021 42.3554020999999992, -71.0580755999999951 42.3554133000000022)","LINESTRING (-71.0573518172558067 42.3554813362692002, -71.0576264069347019 42.3554693980558028, -71.0578304962880054 42.3554844012489013, -71.0580222159475028 42.3554984940609032)","{""name"": ""Franklin Street"", ""class"": ""secondary"", ""names_lr"": [{""between"": [0.0, 1.0], ""value"": ""Franklin Street""}], ""subclass_lr"": [{""between"": [0.0, 1.0], ""value"": null}], ""level_lr"": [{""between"": [0.0, 1.0], ""value"": 0}], ""road_flags_lr"": [{""start"": 0.0, ""end"": 1.0, ""value"": []}]}","{""name"": ""FRANKLIN STREET"", ""class"": ""tertiary""}"
e3187acc-f755-4f2e-9832-7338adf9c057,us_boston_streets_8031,"LINESTRING (-71.0688717999999966 42.3580346999999975, -71.0690651000000031 42.3587964000000028)","LINESTRING (-71.0688299937803976 42.3580083739369968, -71.0690580979745050 42.3588550326678970)","{""class"": ""footway"", ""subclass"": ""sidewalk"", ""names_lr"": [{""between"": [0.0, 1.0], ""value"": null}], ""subclass_lr"": [{""between"": [0.0, 1.0], ""value"": ""sidewalk""}], ""level_lr"": [{""between"": [0.0, 1.0], ""value"": 0}], ""road_flags_lr"": [{""start"": 0.0, ""end"": 1.0, ""value"": []}]}","{""name"": ""LOUISBURG SQUARE"", ""class"": ""residential""}"
2a0d7dbf-e642-4811-9b8c-ca758c30ad05,us_boston_streets_3142,"LINESTRING (-71.0740145999999982 42.3532141000000024, -71.0741064000000051 42.3531898000000027, -71.0749947999999989 42.3529503999999974, -71.0760513000000032 42.3526657999999969, -71.0760843999999992 42.3526567999999983, -71.0761696999999941 42.3526346000000018)","LINESTRING (-71.0740171427134015 42.3532231615854968, -71.0754464708083020 42.3528393218096966, -71.0761583748186041 42.3526481350413988)","{""name"": ""Commonwealth Avenue"", ""class"": ""primary"", ""names_lr"": [{""between"": [0.0, 1.0], ""value"": ""Commonwealth Avenue""}], ""subclass_lr"": [{""between"": [0.0, 1.0], ""value"": null}], ""level_lr"": [{""between"": [0.0, 1.0], ""value"": 0}], ""road_flags_lr"": [{""start"": 0.0, ""end"": 1.0, ""value"": []}]}","{""name"": ""COMMONWEALTH AVENUE"", ""class"": ""primary""}"
825a9cf5-741e-485b-8f04-74acbbe023d6,us_boston_streets_8546,"LINESTRING (-71.0676146999999929 42.3565930999999978, -71.0675700999999975 42.3566031000000009, -71.0675173999999998 42.3566148999999967, -71.0671069999999929 42.3567068999999989, -71.0666133000000002 42.3568175999999994, -71.0658569000000000 42.3569935000000015, -71.0657879999999977 42.3570099000000013)","LINESTRING (-71.0676274786556945 42.3565937017920007, -71.0671835804383960 42.3567158048882035, -71.0670044355647974 42.3567564970890018, -71.0661119372340977 42.3569416298652968, -71.0657928309443037 42.3570096362371018)","{""name"": ""Beacon Street"", ""class"": ""primary"", ""names_lr"": [{""between"": [0.0, 1.0], ""value"": ""Beacon Street""}], ""subclass_lr"": [{""between"": [0.0, 1.0], ""value"": null}], ""level_lr"": [{""between"": [0.0, 1.0], ""value"": 0}], ""road_flags_lr"": [{""start"": 0.0, ""end"": 1.0, ""value"": []}]}","{""name"": ""BEACON STREET"", ""class"": ""tertiary""}"
b3da958f-19af-46d2-9df3-76439d4561b9,us_boston_streets_584,"LINESTRING (-71.0565768999999960 42.3641010999999992, -71.0565430999999990 42.3641069999999971, -71.0562386000000004 42.3640278000000023, -71.0560049000000049 42.3639636999999993, -71.0558783000000034 42.3639233000000033, -71.0557297999999946 42.3638784999999984)","LINESTRING (-71.0566578621451015 42.3641359216360982, -71.0563176886244037 42.3640667262530002, -71.0561746414418991 42.3640250995301031, -71.0559446683009952 42.3639537047820980, -71.0557060936958038 42.3638758698823992)","{""class"": ""footway"", ""subclass"": ""sidewalk"", ""names_lr"": [{""between"": [0.0, 1.0], ""value"": null}], ""subclass_lr"": [{""between"": [0.0, 1.0], ""value"": ""sidewalk""}], ""level_lr"": [{""between"": [0.0, 1.0], ""value"": -1}], ""road_flags_lr"": [{""start"": 0.0, ""end"": 1.0, ""value"": []}]}","{""name"": ""WIGET STREET"", ""class"": ""residential""}"
5e16343d-8ba9-473a-8587-b4beddd43177,us_boston_streets_7586,"LINESTRING (-71.0589889000000028 42.3635597999999973, -71.0590799000000004 42.3636398000000014, -71.0598180000000070 42.3642893999999970, -71.0598846999999978 42.3643481000000008)","LINESTRING (-71.0589692954922043 42.3635587905820969, -71.0590456956410037 42.3636250198350979, -71.0595271660172045 42.3640423907081001, -71.0597462799248945 42.3642323309543016, -71.0598976416027028 42.3643635395386013)","{""name"": ""Canal Street"", ""class"": ""secondary"", ""names_lr"": [{""between"": [0.0, 1.0], ""value"": ""Canal Street""}], ""subclass_lr"": [{""between"": [0.0, 1.0], ""value"": null}], ""level_lr"": [{""between"": [0.0, 1.0], ""value"": 0}], ""road_flags_lr"": [{""start"": 0.0, ""end"": 1.0, ""value"": []}]}","{""name"": ""CANAL STREET"", ""class"": ""tertiary""}"
197e12c1-b7ee-44aa-90b8-9c4b1a9885d0,us_boston_streets_2334,"LINESTRING (-71.0522627999999941 42.3589471000000017, -71.0522129999999947 42.3587752999999978, -71.0521868000000012 42.3587010999999976, -71.0521781000000061 42.3586764000000002)","LINESTRING (-71.0522445748983955 42.3589717431089028, -71.0521569164151998 42.3586803863086985)","{""name"": ""John F. Fitzgerald Surface Road"", ""class"": ""primary"", ""names_lr"": [{""between"": [0.0, 1.0], ""value"": ""John F. Fitzgerald Surface Road""}], ""subclass_lr"": [{""between"": [0.0, 1.0], ""value"": null}], ""level_lr"": [{""between"": [0.0, 1.0], ""value"": 0}], ""road_flags_lr"": [{""start"": 0.0, ""end"": 1.0, ""value"": []}]}","{""name"": ""PURCHASE STREET"", ""class"": ""tertiary""}"
ebd85ea7-0384-46d9-8c28-3384518c5f83,us_boston_streets_10316,"LINESTRING (-71.0621419000000003 42.3514644999999987, -71.0621452000000033 42.3514532000000017, -71.0621486999999945 42.3514424999999974, -71.0621514000000047 42.3514325000000014, -71.0621540000000067 42.3514216000000019, -71.0621558999999934 42.3514112000000011, -71.0621572999999955 42.3513996000000006, -71.0621581999999989 42.3513907999999972, -71.0621586000000036 42.3513821000000021, -71.0621275000000026 42.3510656999999995, -71.0621208999999965 42.3509989000000004)","LINESTRING (-71.0620721186596001 42.3509897889074978, -71.0620781686476022 42.3510296651773999, -71.0620839204070052 42.3510884302393009, -71.0621187505451957 42.3514881745977974)","{""name"": ""Knapp Street"", ""class"": ""unclassified"", ""names_lr"": [{""between"": [0.0, 1.0], ""value"": ""Knapp Street""}], ""subclass_lr"": [{""between"": [0.0, 1.0], ""value"": null}], ""level_lr"": [{""between"": [0.0, 1.0], ""value"": 0}], ""road_flags_lr"": [{""start"": 0.0, ""end"": 1.0, ""value"": []}]}","{""name"": ""KNAPP STREET"", ""class"": ""residential""}"
3dd15b27-5927-445d-81b1-1c4c21cd881e,us_boston_streets_1920,"LINESTRING (-71.0548928000000046 42.3560629999999989, -71.0549476999999996 42.3561107000000021, -71.0550910000000044 42.3562487000000019, -71.0554766000000058 42.3566349999999971, -71.0556954999999988 42.3568490999999980, -71.0557500000000033 42.3569024000000027)","LINESTRING (-71.0548774222454966 42.3560792328746984, -71.0551676560837961 42.3563532288093967, -71.0557187275112057 42.3568850679536979, -71.0557596352087018 42.3569212358310025)","{""name"": ""Pearl Street"", ""class"": ""secondary"", ""names_lr"": [{""between"": [0.0, 1.0], ""value"": ""Pearl Street""}], ""subclass_lr"": [{""between"": [0.0, 1.0], ""value"": null}], ""level_lr"": [{""between"": [0.0, 1.0], ""value"": 0}], ""road_flags_lr"": [{""start"": 0.0, ""end"": 1.0, ""value"": []}]}","{""name"": ""PEARL STREET"", ""class"": ""tertiary""}"
f7326852-faf7-4f8d-a066-bdd8c470a141,us_boston_streets_8018,"LINESTRING (-71.0700384999999955 42.3602672000000027, -71.0700642000000045 42.3600649999999987, -71.0701264000000066 42.3595749999999995, -71.0701301999999941 42.3595454000000018, -71.0701282999999933 42.3594938999999968)","LINESTRING (-71.0701492622559954 42.3595112484658003, -71.0701579925458020 42.3596057656249982, -71.0701555046889979 42.3596992829455985, -71.0701417655834007 42.3597904120564976, -71.0701219319767006 42.3598930691034994, -71.0700859701851044 42.3600850538364000, -71.0700540089547985 42.3603067288586033)","{""name"": ""West Cedar Street"", ""class"": ""residential"", ""names_lr"": [{""between"": [0.0, 1.0], ""value"": ""West Cedar Street""}], ""subclass_lr"": [{""between"": [0.0, 1.0], ""value"": null}], ""level_lr"": [{""between"": [0.0, 1.0], ""value"": 0}], ""road_flags_lr"": [{""start"": 0.0, ""end"": 1.0, ""value"": []}]}","{""name"": ""WEST CEDAR STREET"", ""class"": ""residential""}"
ef054655-6cc9-4c87-b16b-4a7e9920c0fd,us_boston_streets_4008,"LINESTRING (-71.0549240999999938 42.3549119999999988, -71.0547483000000000 42.3547397000000032, -71.0547052999999948 42.3546976000000015, -71.0546606000000054 42.3546538000000012)","LINESTRING (-71.0546293261402013 42.3546440483509983, -71.0548299194265951 42.3548644106937999)","{""name"": ""Congress Street"", ""class"": ""primary"", ""names_lr"": [{""between"": [0.0, 1.0], ""value"": ""Congress Street""}], ""subclass_lr"": [{""between"": [0.0, 1.0], ""value"": null}], ""level_lr"": [{""between"": [0.0, 1.0], ""value"": 0}], ""road_flags_lr"": [{""start"": 0.0, ""end"": 1.0, ""value"": []}]}","{""name"": ""CONGRESS STREET"", ""class"": ""tertiary""}"
3719f38b-86df-48c8-9f5a-d8dd5b0f7028,us_boston_streets_3485,"LINESTRING (-71.0569177999999937 42.3616436000000007, -71.0568820000000017 42.3616565000000023, -71.0567848000000026 42.3616914999999992, -71.0566910000000007 42.3616979000000029, -71.0566290000000009 42.3616791999999975, -71.0565832000000057 42.3616427999999985, -71.0564913999999987 42.3615485999999990, -71.0564753999999965 42.3615151999999995, -71.0564865000000054 42.3614819000000011, -71.0566077999999948 42.3614019999999982)","LINESTRING (-71.0569232679502960 42.3616204933913991, -71.0568606147562036 42.3617122292586004, -71.0566598513699006 42.3617370336922008, -71.0565460714544059 42.3616591970929974, -71.0566908626939977 42.3615123759591015)","{""name"": ""Public Alley 102"", ""class"": ""pedestrian"", ""names_lr"": [{""between"": [0.0, 1.0], ""value"": ""Public Alley 102""}], ""subclass_lr"": [{""between"": [0.0, 1.0], ""value"": null}], ""level_lr"": [{""between"": [0.0, 1.0], ""value"": 0}], ""road_flags_lr"": [{""start"": 0.0, ""end"": 1.0, ""value"": []}]}","{""name"": ""PUBLIC ALLEY NO 102"", ""class"": ""residential""}"
baa696e8-3a50-4fcf-90b0-a4fcfe93317e,us_boston_streets_5697,"LINESTRING (-71.0661113000000029 42.3578419999999980, -71.0661621999999937 42.3578339000000028, -71.0670537000000024 42.3576370999999980, -71.0679451999999969 42.3574401999999992)","LINESTRING (-71.0679376289278935 42.3574479179626024, -71.0673623704347932 42.3575700728372979, -71.0671737935519019 42.3576101158217995, -71.0666602488107060 42.3577398710159017, -71.0661118094080990 42.3578527954889026)","{""name"": ""Chestnut Street"", ""class"": ""residential"", ""names_lr"": [{""between"": [0.0, 1.0], ""value"": ""Chestnut Street""}], ""subclass_lr"": [{""between"": [0.0, 1.0], ""value"": null}], ""level_lr"": [{""between"": [0.0, 1.0], ""value"": 0}], ""road_flags_lr"": [{""start"": 0.0, ""end"": 1.0, ""value"": []}]}","{""name"": ""CHESTNUT STREET"", ""class"": ""residential""}"
ccfa0897-60e1-4bf9-a6a5-e9fd201ee6b8,us_boston_streets_5071,"LINESTRING (-71.0793113999999946 42.3541789000000009, -71.0793010000000010 42.3541537999999989, -71.0792483000000033 42.3540423999999973, -71.0791286999999983 42.3537752000000012, -71.0791258999999940 42.3537431000000026, -71.0791236999999967 42.3537109999999970, -71.0791226999999992 42.3536756999999966, -71.0791200000000032 42.3536377000000002)","LINESTRING (-71.0791177493995008 42.3536667673547029, -71.0793592631395938 42.3541692830376988)","{""name"": ""Dartmouth Street"", ""class"": ""service"", ""subclass"": ""alley"", ""names_lr"": [{""between"": [0.0, 1.0], ""value"": ""Dartmouth Street""}], ""subclass_lr"": [{""between"": [0.0, 1.0], ""value"": ""alley""}], ""level_lr"": [{""between"": [0.0, 1.0], ""value"": 0}], ""road_flags_lr"": [{""start"": 0.0, ""end"": 1.0, ""value"": []}]}","{""name"": ""DARTMOUTH STREET"", ""class"": ""residential""}"
1ceb5bf3-4392-461a-a994-2cb441e433cb,us_boston_streets_2458,"LINESTRING (-71.0637703999999957 42.3612875999999972, -71.0637791000000050 42.3613195000000005, -71.0637803999999988 42.3613230999999999, -71.0637844999999970 42.3613408000000007, -71.0637882999999988 42.3613597000000013, -71.0637913999999995 42.3613819999999990, -71.0637937000000051 42.3614059000000012, -71.0637949000000049 42.3614221999999998, -71.0638553999999942 42.3621150000000029, -71.0638586000000032 42.3621442000000030, -71.0638627999999954 42.3622215999999980)","LINESTRING (-71.0638995929317048 42.3621942709890007, -71.0638497134466007 42.3615869363006965, -71.0638432851101953 42.3615086641280030, -71.0637559776220940 42.3612986338720034)","{""name"": ""Staniford Street"", ""class"": ""primary"", ""names_lr"": [{""between"": [0.0, 1.0], ""value"": ""Staniford Street""}], ""subclass_lr"": [{""between"": [0.0, 1.0], ""value"": null}], ""level_lr"": [{""between"": [0.0, 1.0], ""value"": 0}], ""road_flags_lr"": [{""start"": 0.0, ""end"": 1.0, ""value"": []}]}","{""name"": ""STANIFORD STREET"", ""class"": ""tertiary""}"
bdd7c80a-f50e-4f0b-8ed4-0f77c3d1a7c9,us_boston_streets_749,"LINESTRING (-71.0650772999999987 42.3600648000000035, -71.0650978999999978 42.3604298999999997, -71.0651311000000021 42.3610181999999966, -71.0651330999999971 42.3610528999999971, -71.0651378000000022 42.3611360000000019)","LINESTRING (-71.0650799260701973 42.3600775620233989, -71.0651360419308986 42.3608574875049015, -71.0651562474244969 42.3611383175135998)","{""name"": ""Joy Street"", ""class"": ""residential"", ""names_lr"": [{""between"": [0.0, 1.0], ""value"": ""Joy Street""}], ""subclass_lr"": [{""between"": [0.0, 1.0], ""value"": null}], ""level_lr"": [{""between"": [0.0, 1.0], ""value"": 0}], ""road_flags_lr"": [{""start"": 0.0, ""end"": 1.0, ""value"": []}]}","{""name"": ""JOY STREET"", ""class"": ""residential""}"
428e8024-d61d-4139-95fb-85afd60549a2,us_boston_streets_6404,"LINESTRING (-71.0621306999999973 42.3508033000000026, -71.0621971000000059 42.3508216000000033)","LINESTRING (-71.0621870075912057 42.3508041864222022, -71.0620048055828022 42.3507607025892980)","{""name"": ""Kneeland Street"", ""class"": ""primary"", ""names_lr"": [{""between"": [0.0, 1.0], ""value"": ""Kneeland Street""}], ""subclass_lr"": [{""between"": [0.0, 1.0], ""value"": null}], ""level_lr"": [{""between"": [0.0, 1.0], ""value"": 0}], ""road_flags_lr"": [{""start"": 0.0, ""end"": 1.0, ""value"": []}]}","{""name"": ""KNEELAND STREET"", ""class"": ""tertiary""}"
f07a1bc4-8a7c-4f6b-9fae-429d6788b98e,us_boston_streets_9514,"LINESTRING (-71.0540266000000003 42.3552362000000002, -71.0539734999999979 42.3552891000000002, -71.0533271000000042 42.3559084999999982, -71.0533080999999953 42.3559277000000023, -71.0532701000000060 42.3559680999999983, -71.0532450000000040 42.3559972999999985, -71.0532206000000031 42.3560303000000005, -71.0532000000000039 42.3560681000000017)","LINESTRING (-71.0540074094440968 42.3552424387919970, -71.0535469978640037 42.3556595769267972, -71.0531376798504937 42.3560649126629016)","{""name"": ""High Street"", ""class"": ""secondary"", ""names_lr"": [{""between"": [0.0, 1.0], ""value"": ""High Street""}], ""subclass_lr"": [{""between"": [0.0, 1.0], ""value"": null}], ""level_lr"": [{""between"": [0.0, 1.0], ""value"": 0}], ""road_flags_lr"": [{""start"": 0.0, ""end"": 1.0, ""value"": []}]}","{""name"": ""HIGH STREET"", ""class"": ""tertiary""}"
f0243eb5-aa3c-4d76-8bce-1b4bdc33e642,us_boston_streets_10416,"LINESTRING (-71.0679451999999969 42.3574401999999992, -71.0679291000000006 42.3573974000000035, -71.0678774999999945 42.3572618999999975, -71.0678259000000025 42.3571262999999973)","LINESTRING (-71.0677770529789967 42.3569766309792968, -71.0678327602926032 42.3571354805349003, -71.0679376289278935 42.3574479179626024)","{""name"": ""Spruce Street"", ""class"": ""residential"", ""names_lr"": [{""between"": [0.0, 1.0], ""value"": ""Spruce Street""}], ""subclass_lr"": [{""between"": [0.0, 1.0], ""value"": null}], ""level_lr"": [{""between"": [0.0, 1.0], ""value"": 0}], ""road_flags_lr"": [{""start"": 0.0, ""end"": 1.0, ""value"": []}]}","{""name"": ""SPRUCE STREET"", ""class"": ""residential""}"
99f723f5-3127-44df-a1cf-3736e40d24d7,us_boston_streets_7792,"LINESTRING (-71.0591242999999935 42.3628917999999999, -71.0592062000000055 42.3629559999999969, -71.0592292000000043 42.3629826000000023, -71.0592460999999957 42.3630116000000001, -71.0592556000000002 42.3630358999999999, -71.0592615999999992 42.3630649999999989, -71.0592625999999967 42.3630895000000010, -71.0592589000000032 42.3631176000000025, -71.0592496000000011 42.3631506999999985, -71.0592388999999969 42.3631784999999965, -71.0592252000000002 42.3632046999999972, -71.0592057000000068 42.3632278999999983, -71.0591790999999944 42.3632548000000000)","LINESTRING (-71.0590579556499051 42.3628737236835988, -71.0591408318705930 42.3629284143911988, -71.0592102517687039 42.3629962931301023, -71.0592402682006963 42.3630504957760010, -71.0592490973480011 42.3630910975705035, -71.0592518845832046 42.3631271684597976, -71.0592485634692963 42.3631677191905993, -71.0592331523977947 42.3631992116889009, -71.0591963413578043 42.3632486549743987)","{""class"": ""secondary"", ""subclass"": ""link"", ""names_lr"": [{""between"": [0.0, 1.0], ""value"": null}], ""subclass_lr"": [{""between"": [0.0, 1.0], ""value"": ""link""}], ""level_lr"": [{""between"": [0.0, 1.0], ""value"": 0}], ""road_flags_lr"": [{""start"": 0.0, ""end"": 1.0, ""value"": []}]}","{""name"": ""NEW CHARDON STREET"", ""class"": ""tertiary""}"
c528c26d-2788-4d6b-86bc-78f68c06010f,us_boston_streets_10475,"LINESTRING (-71.0592630000000014 42.3554147999999984, -71.0592185000000001 42.3553941999999992, -71.0586993999999947 42.3551537999999965, -71.0584886000000040 42.3550783999999965, -71.0584180999999973 42.3550638999999975)","LINESTRING (-71.0592761062418958 42.3554668732635022, -71.0583969438320935 42.3550797874214027)","{""name"": ""Snow Place"", ""class"": ""service"", ""subclass"": ""alley"", ""names_lr"": [{""between"": [0.0, 1.0], ""value"": ""Snow Place""}], ""subclass_lr"": [{""between"": [0.0, 1.0], ""value"": ""alley""}], ""level_lr"": [{""between"": [0.0, 1.0], ""value"": 0}], ""road_flags_lr"": [{""start"": 0.0, ""end"": 1.0, ""value"": []}]}","{""name"": ""SNOW PLACE"", ""class"": ""residential""}"
7de93045-5570-4641-81b5-2ce6326698e5,us_boston_streets_9278,"LINESTRING (-71.0566311999999982 42.3655552000000029, -71.0564159000000046 42.3657319000000001)","LINESTRING (-71.0565728354799973 42.3655798690635024, -71.0563643453578067 42.3657307539654013)","{""class"": ""footway"", ""subclass"": ""sidewalk"", ""names_lr"": [{""between"": [0.0, 1.0], ""value"": null}], ""subclass_lr"": [{""between"": [0.0, 1.0], ""value"": ""sidewalk""}], ""level_lr"": [{""between"": [0.0, 1.0], ""value"": 0}], ""road_flags_lr"": [{""start"": 0.0, ""end"": 1.0, ""value"": []}]}","{""name"": ""THACHER STREET"", ""class"": ""residential""}"
605792f8-0186-4ddc-8cd0-c12f676a2927,us_boston_streets_282,"LINESTRING (-71.0583910000000003 42.3652420000000021, -71.0585319999999996 42.3651564999999977, -71.0588778000000048 42.3649549000000007, -71.0589827000000014 42.3648924000000022)","LINESTRING (-71.0589700892365954 42.3649096214597023, -71.0583669829400009 42.3652705714010978)","{""name"": ""Valenti Way"", ""class"": ""residential"", ""names_lr"": [{""between"": [0.0, 1.0], ""value"": ""Valenti Way""}], ""subclass_lr"": [{""between"": [0.0, 1.0], ""value"": null}], ""level_lr"": [{""between"": [0.0, 1.0], ""value"": 0}], ""road_flags_lr"": [{""start"": 0.0, ""end"": 1.0, ""value"": []}]}","{""name"": ""ANTHONY RIP VALENTI WAY"", ""class"": ""residential""}"
7f7d085e-0445-420b-aa22-4755d8e8c3c0,us_boston_streets_6733,"LINESTRING (-71.0699259999999953 42.3501478000000020, -71.0701837999999952 42.3499570000000034, -71.0702263999999957 42.3499225999999993, -71.0703871999999990 42.3497920000000008, -71.0710375999999968 42.3492640999999992, -71.0711876999999959 42.3491423999999981, -71.0715804999999961 42.3488238999999993)","LINESTRING (-71.0698978622339013 42.3501564003990012, -71.0698982676084938 42.3501560444993004, -71.0700063539857041 42.3500612572675976, -71.0702923503872057 42.3499192780878033, -71.0704072611358981 42.3498260032620024, -71.0711257766934068 42.3492427618521035, -71.0714198878351056 42.3490050874867023, -71.0715629659907933 42.3488894631979989, -71.0716212583377001 42.3488423565260987, -71.0716689516822981 42.3488038144344969, -71.0716945111584977 42.3487679141653004, -71.0717812334963952 42.3486461098394997)","{""name"": ""Columbus Avenue"", ""class"": ""primary"", ""names_lr"": [{""between"": [0.0, 1.0], ""value"": ""Columbus Avenue""}], ""subclass_lr"": [{""between"": [0.0, 1.0], ""value"": null}], ""level_lr"": [{""between"": [0.0, 1.0], ""value"": 0}], ""road_flags_lr"": [{""start"": 0.0, ""end"": 1.0, ""value"": []}]}","{""name"": ""COLUMBUS AVENUE"", ""class"": ""tertiary""}"
936888da-73c8-4561-bbf7-d16808f94cff,us_boston_streets_8283,"LINESTRING (-71.0594887000000028 42.3531442999999967, -71.0594329000000045 42.3528086000000030)","LINESTRING (-71.0594181380286045 42.3533242797407965, -71.0594619875773930 42.3532600669662003, -71.0594871675433950 42.3532049692363017, -71.0594744653042056 42.3530965488520010, -71.0594257167001047 42.3526804497652023)","{""name"": ""Kingston Street"", ""class"": ""tertiary"", ""names_lr"": [{""between"": [0.0, 1.0], ""value"": ""Kingston Street""}], ""subclass_lr"": [{""between"": [0.0, 1.0], ""value"": null}], ""level_lr"": [{""between"": [0.0, 1.0], ""value"": 0}], ""road_flags_lr"": [{""start"": 0.0, ""end"": 1.0, ""value"": []}]}","{""name"": ""KINGSTON STREET"", ""class"": ""residential""}"
c98af621-ca07-4fd3-aeb1-a49c126bcaee,us_boston_streets_2710,"LINESTRING (-71.0541072999999983 42.3541384999999977, -71.0540132000000000 42.3540406999999988, -71.0538403999999986 42.3538739000000035, -71.0537146000000064 42.3537523999999976, -71.0536273999999963 42.3536758999999989)","LINESTRING (-71.0536123769077932 42.3536637261967002, -71.0540825698615066 42.3541166029640976)","{""name"": ""Congress Street"", ""class"": ""primary"", ""names_lr"": [{""between"": [0.0, 1.0], ""value"": ""Congress Street""}], ""subclass_lr"": [{""between"": [0.0, 1.0], ""value"": null}], ""level_lr"": [{""between"": [0.0, 1.0], ""value"": 0}], ""road_flags_lr"": [{""start"": 0.0, ""end"": 1.0, ""value"": []}]}","{""name"": ""CONGRESS STREET"", ""class"": ""tertiary""}"
c6bb6f18-7fdd-4fd9-b6f5-0f94c31b0e24,us_boston_streets_1309,"LINESTRING (-71.0554881000000051 42.3661790999999965, -71.0564949000000041 42.3666041000000035, -71.0565419999999932 42.3666240000000016)","LINESTRING (-71.0565424037855990 42.3666330416716974, -71.0558465937492940 42.3663387964150004, -71.0555226559023936 42.3662018066390971)","{""name"": ""Sheafe Street"", ""class"": ""residential"", ""names_lr"": [{""between"": [0.0, 1.0], ""value"": ""Sheafe Street""}], ""subclass_lr"": [{""between"": [0.0, 1.0], ""value"": null}], ""level_lr"": [{""between"": [0.0, 1.0], ""value"": 0}], ""road_flags_lr"": [{""start"": 0.0, ""end"": 1.0, ""value"": []}]}","{""name"": ""SHEAFE STREET"", ""class"": ""residential""}"
b31fdbd3-0165-4072-b384-3a7ba8e1c85e,us_boston_streets_10051,"LINESTRING (-71.0663293000000067 42.3612351000000018, -71.0666156000000058 42.3612340999999972, -71.0667145999999974 42.3612340999999972, -71.0667602000000045 42.3612356000000005, -71.0668522999999936 42.3612352999999970)","LINESTRING (-71.0663898339234947 42.3611683919274995, -71.0665208360654930 42.3611633345644023, -71.0668473001072982 42.3611507306966004, -71.0669637481459944 42.3611462347135017)","{""name"": ""Cambridge Street"", ""class"": ""primary"", ""names_lr"": [{""between"": [0.0, 1.0], ""value"": ""Cambridge Street""}], ""subclass_lr"": [{""between"": [0.0, 1.0], ""value"": null}], ""level_lr"": [{""between"": [0.0, 1.0], ""value"": 0}], ""road_flags_lr"": [{""start"": 0.0, ""end"": 1.0, ""value"": []}]}","{""name"": ""CAMBRIDGE STREET"", ""class"": ""tertiary""}"
5aecbc9d-8ca7-4975-b5b8-452f094b072d,us_boston_streets_8718,"LINESTRING (-71.0578497000000056 42.3652840000000026, -71.0578480000000070 42.3652416999999986, -71.0578373000000028 42.3651351999999974, -71.0578016000000048 42.3647781000000023, -71.0577688999999992 42.3644510000000025, -71.0577640000000059 42.3644019999999983)","LINESTRING (-71.0577643755238029 42.3644105321549986, -71.0578482978663004 42.3652856706513035)","{""name"": ""Lynn Street"", ""class"": ""residential"", ""names_lr"": [{""between"": [0.0, 1.0], ""value"": ""Lynn Street""}], ""subclass_lr"": [{""between"": [0.0, 1.0], ""value"": null}], ""level_lr"": [{""between"": [0.0, 1.0], ""value"": 0}], ""road_flags_lr"": [{""start"": 0.0, ""end"": 1.0, ""value"": []}]}","{""name"": ""LYNN STREET"", ""class"": ""residential""}"
1dce1047-c7fb-4494-992f-f9e32a61ce9e,us_boston_streets_7906,"LINESTRING (-71.0621909999999986 42.3538640000000015, -71.0620380999999952 42.3540238000000002, -71.0619923999999941 42.3540715999999975, -71.0617320000000063 42.3543480000000017)","LINESTRING (-71.0621912965143991 42.3538724989984985, -71.0618985462971011 42.3541845711980969)","{""name"": ""Washington Street"", ""class"": ""primary"", ""names_lr"": [{""between"": [0.0, 1.0], ""value"": ""Washington Street""}], ""subclass_lr"": [{""between"": [0.0, 1.0], ""value"": null}], ""level_lr"": [{""between"": [0.0, 1.0], ""value"": 0}], ""road_flags_lr"": [{""start"": 0.0, ""end"": 1.0, ""value"": []}]}","{""name"": ""WASHINGTON STREET"", ""class"": ""tertiary""}"
ebda57b9-1c98-4648-b8db-9e243fa58367,us_boston_streets_1635,"LINESTRING (-71.0641410000000064 42.3523285999999999, -71.0639046999999948 42.3523201000000000, -71.0637652000000060 42.3523162999999983, -71.0636808000000002 42.3523133999999999, -71.0634952000000055 42.3523093000000017)","LINESTRING (-71.0639094555497053 42.3523312380059025, -71.0635564501749002 42.3523202557508966)","{""name"": ""Boylston Street"", ""class"": ""primary"", ""names_lr"": [{""between"": [0.0, 1.0], ""value"": ""Boylston Street""}], ""subclass_lr"": [{""between"": [0.0, 1.0], ""value"": null}], ""level_lr"": [{""between"": [0.0, 1.0], ""value"": 0}], ""road_flags_lr"": [{""start"": 0.0, ""end"": 1.0, ""value"": []}]}","{""name"": ""BOYLSTON STREET"", ""class"": ""tertiary""}"
c245c013-7f63-4803-8c01-250cccf5e662,us_boston_streets_5595,"LINESTRING (-71.0687274999999943 42.3611956000000021, -71.0687238999999948 42.3612260000000020, -71.0687173000000030 42.3612742999999980, -71.0687029999999993 42.3614458999999997, -71.0686611999999940 42.3620562999999990, -71.0686591999999990 42.3620826000000008, -71.0686534000000023 42.3621789999999976)","LINESTRING (-71.0687026633647037 42.3612050495965988, -71.0686957285567047 42.3613374571025005, -71.0686537290758054 42.3621394297053016, -71.0686527926485070 42.3621573014413997, -71.0686480448761984 42.3622977639065965, -71.0686473499118989 42.3623183221111006, -71.0687257614838046 42.3623186989903004, -71.0687535586646959 42.3623304421624027, -71.0687813949806042 42.3623489115368983, -71.0688056466360933 42.3623810743722018, -71.0688013751055934 42.3624057731038022, -71.0687993252919057 42.3624176231310017)","{""name"": ""North Grove Street"", ""class"": ""residential"", ""names_lr"": [{""between"": [0.0, 1.0], ""value"": ""North Grove Street""}], ""subclass_lr"": [{""between"": [0.0, 1.0], ""value"": null}], ""level_lr"": [{""between"": [0.0, 1.0], ""value"": 0}], ""road_flags_lr"": [{""start"": 0.0, ""end"": 1.0, ""value"": []}]}","{""name"": ""NORTH GROVE STREET"", ""class"": ""residential""}"
a3f4f3ec-3985-4afd-b4d1-e560c17e64ea,us_boston_streets_110,"LINESTRING (-71.0584048000000053 42.3637165999999965, -71.0583881000000019 42.3636636999999965, -71.0583713000000046 42.3636223999999970, -71.0583536000000038 42.3635859999999980, -71.0583352999999960 42.3635540000000006, -71.0583108000000010 42.3635195999999965, -71.0582686999999993 42.3634679000000034, -71.0582241999999979 42.3634179000000017, -71.0581334000000027 42.3633256999999972, -71.0580453000000034 42.3632392000000024, -71.0579532999999941 42.3631523000000030, -71.0577306999999934 42.3629564000000016, -71.0576379999999972 42.3628769999999975, -71.0576183999999955 42.3628611000000035, -71.0575087999999937 42.3627758000000014)","LINESTRING (-71.0583029825988035 42.3635156981072001, -71.0582488518528947 42.3634480026910012, -71.0580387430392051 42.3632340942074990, -71.0577928922866988 42.3630112259688971, -71.0576386160214071 42.3628859416485000)","{""name"": ""John F. Fitzgerald Surface Road"", ""class"": ""primary"", ""names_lr"": [{""between"": [0.0, 1.0], ""value"": ""John F. Fitzgerald Surface Road""}], ""subclass_lr"": [{""between"": [0.0, 1.0], ""value"": null}], ""level_lr"": [{""between"": [0.0, 1.0], ""value"": 0}], ""road_flags_lr"": [{""start"": 0.0, ""end"": 1.0, ""value"": []}]}","{""name"": ""JOHN F FITZGERALD SURFACE ROAD"", ""class"": ""tertiary""}"
69a50af8-4bd0-423d-bc36-3d8dedec3d3d,us_boston_streets_1047,"LINESTRING (-71.0513365999999991 42.3578907999999998, -71.0512908999999979 42.3578936999999982, -71.0512568999999985 42.3578965000000025, -71.0512195000000020 42.3579001000000019, -71.0511597999999935 42.3579073000000008, -71.0507666000000029 42.3579622999999970, -71.0503925999999950 42.3580146999999982, -71.0503029000000055 42.3580273000000034)","LINESTRING (-71.0512575423230999 42.3578990775637010, -71.0503277682425960 42.3580372723824965)","{""name"": ""East India Row"", ""class"": ""residential"", ""names_lr"": [{""between"": [0.0, 1.0], ""value"": ""East India Row""}], ""subclass_lr"": [{""between"": [0.0, 1.0], ""value"": null}], ""level_lr"": [{""between"": [0.0, 1.0], ""value"": 0}], ""road_flags_lr"": [{""start"": 0.0, ""end"": 1.0, ""value"": []}]}","{""name"": ""EAST INDIA ROW"", ""class"": ""residential""}"
bbaa3013-1736-48d3-b2a7-31677546b984,us_boston_streets_998,"LINESTRING (-71.0575768000000068 42.3663134000000028, -71.0573688000000061 42.3664059999999978, -71.0573248000000035 42.3664254999999983)","LINESTRING (-71.0577859582039935 42.3662435531375010, -71.0575933220780058 42.3663166144698025, -71.0573590940145010 42.3664396300279975)","{""name"": ""Lafayette Avenue"", ""class"": ""residential"", ""names_lr"": [{""between"": [0.0, 1.0], ""value"": ""Lafayette Avenue""}], ""subclass_lr"": [{""between"": [0.0, 1.0], ""value"": null}], ""level_lr"": [{""between"": [0.0, 1.0], ""value"": 0}], ""road_flags_lr"": [{""start"": 0.0, ""end"": 1.0, ""value"": []}]}","{""name"": ""LANE FAYETTE AVENUE"", ""class"": ""residential""}"
efe866a8-4279-46da-b18d-11ef675aa521,us_boston_streets_8134,"LINESTRING (-71.0524347000000063 42.3595358999999974, -71.0524000999999998 42.3594226000000020, -71.0523864999999972 42.3593811000000002, -71.0522627999999941 42.3589471000000017)","LINESTRING (-71.0524080141220935 42.3595295378800998, -71.0522678640920020 42.3590512259423022, -71.0522445748983955 42.3589717431089028)","{""name"": ""John F. Fitzgerald Surface Road"", ""class"": ""primary"", ""names_lr"": [{""between"": [0.0, 1.0], ""value"": ""John F. Fitzgerald Surface Road""}], ""subclass_lr"": [{""between"": [0.0, 1.0], ""value"": null}], ""level_lr"": [{""between"": [0.0, 1.0], ""value"": 0}], ""road_flags_lr"": [{""start"": 0.0, ""end"": 1.0, ""value"": []}]}","{""name"": ""PURCHASE STREET"", ""class"": ""tertiary""}"
37bbd574-8eec-429f-ba9e-bc443d7ef3df,us_boston_streets_2534,"LINESTRING (-71.0611738000000059 42.3524439999999984, -71.0611798999999991 42.3524285000000020, -71.0612093000000016 42.3522656999999967, -71.0611906000000033 42.3520932999999999, -71.0611494999999991 42.3520212000000029, -71.0611262999999980 42.3519945999999976)","LINESTRING (-71.0611423704653049 42.3525168496904030, -71.0612008784600988 42.3522615782326994, -71.0612113405733936 42.3521414219829992)","{""name"": ""Chauncey Street"", ""class"": ""path"", ""names_lr"": [{""between"": [0.0, 1.0], ""value"": ""Chauncey Street""}], ""subclass_lr"": [{""between"": [0.0, 1.0], ""value"": null}], ""level_lr"": [{""between"": [0.0, 1.0], ""value"": 0}], ""road_flags_lr"": [{""start"": 0.0, ""end"": 1.0, ""value"": []}]}","{""name"": ""CHAUNCY STREET"", ""class"": ""tertiary""}"
310a0055-6d7a-4fe0-b822-b31f22ac59fc,us_boston_streets_4325,"LINESTRING (-71.0663801000000035 42.3611307999999980, -71.0663806999999963 42.3610558999999967, -71.0663792000000001 42.3608408999999995, -71.0663756999999947 42.3603390000000033)","LINESTRING (-71.0663905449842019 42.3603465280563967, -71.0663898339234947 42.3611683919274995)","{""name"": ""Irving Street"", ""class"": ""residential"", ""names_lr"": [{""between"": [0.0, 1.0], ""value"": ""Irving Street""}], ""subclass_lr"": [{""between"": [0.0, 1.0], ""value"": null}], ""level_lr"": [{""between"": [0.0, 1.0], ""value"": 0}], ""road_flags_lr"": [{""start"": 0.0, ""end"": 1.0, ""value"": []}]}","{""name"": ""IRVING STREET"", ""class"": ""residential""}"
302540ea-53c6-4be0-a4c6-9f8de781540c,us_boston_streets_9780,"LINESTRING (-71.0572906000000017 42.3602293000000003, -71.0572664999999972 42.3602257000000009, -71.0572384999999969 42.3602233000000012, -71.0572109999999952 42.3602251000000010, -71.0571826000000044 42.3602289999999968, -71.0571395000000052 42.3602380000000025)","LINESTRING (-71.0571766778317055 42.3603211700859035, -71.0572903668360993 42.3602591213061999)","{""name"": ""North Street"", ""class"": ""secondary"", ""names_lr"": [{""between"": [0.0, 1.0], ""value"": ""North Street""}], ""subclass_lr"": [{""between"": [0.0, 1.0], ""value"": null}], ""level_lr"": [{""between"": [0.0, 1.0], ""value"": 0}], ""road_flags_lr"": [{""start"": 0.0, ""end"": 1.0, ""value"": []}]}","{""name"": ""NORTH STREET"", ""class"": ""tertiary""}"
d9a93ea7-82ea-45b2-8cff-5790f2fa8086,us_boston_streets_6960,"LINESTRING (-71.0558007000000060 42.3678084000000013, -71.0557794000000058 42.3678878999999995, -71.0557476000000037 42.3680395000000019, -71.0557352999999949 42.3680383000000020)","LINESTRING (-71.0558025788837995 42.3677774866574026, -71.0557336322614930 42.3680853551030978)","{""class"": ""footway"", ""subclass"": ""sidewalk"", ""names_lr"": [{""between"": [0.0, 1.0], ""value"": null}], ""subclass_lr"": [{""between"": [0.0, 1.0], ""value"": ""sidewalk""}], ""level_lr"": [{""between"": [0.0, 1.0], ""value"": 0}], ""road_flags_lr"": [{""start"": 0.0, ""end"": 1.0, ""value"": []}]}","{""name"": ""COPPS HILL TERRACE"", ""class"": ""residential""}"
ed79826e-8dbc-4459-ba26-6aa1540e583b,us_boston_streets_8538,"LINESTRING (-71.0605714000000006 42.3632390000000001, -71.0601357999999976 42.3631227999999993, -71.0600835999999987 42.3631087999999991, -71.0597996999999992 42.3630331000000027)","LINESTRING (-71.0606438924916972 42.3631786441017013, -71.0599738180844014 42.3630057017279995)","{""name"": ""Merrimac Street"", ""class"": ""secondary"", ""names_lr"": [{""between"": [0.0, 1.0], ""value"": ""Merrimac Street""}], ""subclass_lr"": [{""between"": [0.0, 1.0], ""value"": null}], ""level_lr"": [{""between"": [0.0, 1.0], ""value"": 0}], ""road_flags_lr"": [{""start"": 0.0, ""end"": 1.0, ""value"": []}]}","{""name"": ""MERRIMAC STREET"", ""class"": ""tertiary""}"
c6c8d93d-ca6d-4ad1-9a59-b7fff21e1cb4,us_boston_streets_4696,"LINESTRING (-71.0602415999999977 42.3567273999999969, -71.0602082000000053 42.3567622999999998, -71.0598719999999986 42.3571366999999981)","LINESTRING (-71.0600774759647038 42.3568959559988016, -71.0598496258375008 42.3571458872465030)","{""name"": ""Province Street"", ""class"": ""residential"", ""names_lr"": [{""between"": [0.0, 1.0], ""value"": ""Province Street""}], ""subclass_lr"": [{""between"": [0.0, 1.0], ""value"": null}], ""level_lr"": [{""between"": [0.0, 1.0], ""value"": 0}], ""road_flags_lr"": [{""start"": 0.0, ""end"": 1.0, ""value"": []}]}","{""name"": ""PROVINCE STREET"", ""class"": ""residential""}"
b7aca022-0324-4b06-8971-6fda055f5ca9,us_boston_streets_890,"LINESTRING (-71.0571020000000004 42.3633128999999968, -71.0571974000000068 42.3633801000000005)","LINESTRING (-71.0569727442263002 42.3632167596542004, -71.0571186055158961 42.3633010096551033, -71.0571919510279031 42.3633433734084974)","{""name"": ""Cross Street"", ""class"": ""primary"", ""names_lr"": [{""between"": [0.0, 1.0], ""value"": ""Cross Street""}], ""subclass_lr"": [{""between"": [0.0, 1.0], ""value"": null}], ""level_lr"": [{""between"": [0.0, 1.0], ""value"": 0}], ""road_flags_lr"": [{""start"": 0.0, ""end"": 1.0, ""value"": []}]}","{""name"": ""CROSS STREET"", ""class"": ""tertiary""}"
ab3dddd5-048a-4d6d-bfb9-f5af651200ef,us_boston_streets_4739,"LINESTRING (-71.0580245000000019 42.3536752999999990, -71.0579567999999995 42.3537832000000023, -71.0576259999999991 42.3543103000000016, -71.0574668000000003 42.3545652999999973, -71.0574672000000049 42.3545967000000019, -71.0574871000000030 42.3549772000000004, -71.0575123999999931 42.3551167000000035)","LINESTRING (-71.0580451186894066 42.3537145237500994, -71.0578035916006030 42.3541160139712005, -71.0576404845891005 42.3543867282800974, -71.0575775662444045 42.3545175533969029, -71.0575365243715993 42.3546231734578029, -71.0575310654083978 42.3546471911404012, -71.0575109340167046 42.3547357545920988, -71.0575125877847995 42.3549427127800016)","{""name"": ""Devonshire Street"", ""class"": ""secondary"", ""names_lr"": [{""between"": [0.0, 1.0], ""value"": ""Devonshire Street""}], ""subclass_lr"": [{""between"": [0.0, 1.0], ""value"": null}], ""level_lr"": [{""between"": [0.0, 1.0], ""value"": 0}], ""road_flags_lr"": [{""start"": 0.0, ""end"": 1.0, ""value"": []}]}","{""name"": ""DEVONSHIRE STREET"", ""class"": ""tertiary""}"
623cbe59-d007-4fdf-87bf-3c505540660a,us_boston_streets_5317,"LINESTRING (-71.0564078999999964 42.3680579999999978, -71.0564482000000055 42.3678201999999970, -71.0564576999999957 42.3678060000000016)","LINESTRING (-71.0564274892893053 42.3678183549866034, -71.0563852227371058 42.3680937974523033)","{""class"": ""footway"", ""subclass"": ""sidewalk"", ""names_lr"": [{""between"": [0.0, 1.0], ""value"": null}], ""subclass_lr"": [{""between"": [0.0, 1.0], ""value"": ""sidewalk""}], ""level_lr"": [{""between"": [0.0, 1.0], ""value"": 0}], ""road_flags_lr"": [{""start"": 0.0, ""end"": 1.0, ""value"": []}]}","{""name"": ""SNOW HILL STREET"", ""class"": ""residential""}"
b908e5f3-6398-40cd-888e-8e68f194929a,us_boston_streets_6249,"LINESTRING (-71.0563544999999976 42.3545331999999988, -71.0563814000000065 42.3546823000000003, -71.0565196000000014 42.3554498000000024, -71.0565291000000059 42.3555025000000001)","LINESTRING (-71.0563493144576057 42.3545947453637979, -71.0563919493546052 42.3547756496895005, -71.0564716172934965 42.3551136824709005, -71.0565715066151995 42.3555375152963975)","{""name"": ""Federal Street"", ""class"": ""secondary"", ""names_lr"": [{""between"": [0.0, 1.0], ""value"": ""Federal Street""}], ""subclass_lr"": [{""between"": [0.0, 1.0], ""value"": null}], ""level_lr"": [{""between"": [0.0, 1.0], ""value"": 0}], ""road_flags_lr"": [{""start"": 0.0, ""end"": 1.0, ""value"": []}]}","{""name"": ""FEDERAL STREET"", ""class"": ""tertiary""}"
dca21040-c73a-47e0-87d6-96f13d7a39ca,us_boston_streets_3730,"LINESTRING (-71.0542135000000030 42.3583519000000024, -71.0543037000000055 42.3583191999999968, -71.0543957000000006 42.3582865999999996, -71.0544756000000035 42.3582573999999994, -71.0545606000000021 42.3582189999999983, -71.0548902000000027 42.3580601999999971, -71.0549946999999946 42.3580036000000035, -71.0550279999999930 42.3579815000000011, -71.0550436999999988 42.3579714999999979, -71.0550944999999956 42.3579332999999991)","LINESTRING (-71.0553809959065035 42.3578295609361035, -71.0551574856723960 42.3579109490044985, -71.0550755277442931 42.3579488952317007, -71.0550035945721987 42.3579879497360992, -71.0547635259697046 42.3581091909745027, -71.0545126265670035 42.3582359013402012, -71.0542047912781953 42.3583714401991003)","{""name"": ""Water Street"", ""class"": ""residential"", ""names_lr"": [{""between"": [0.0, 1.0], ""value"": ""Water Street""}], ""subclass_lr"": [{""between"": [0.0, 1.0], ""value"": null}], ""level_lr"": [{""between"": [0.0, 1.0], ""value"": 0}], ""road_flags_lr"": [{""start"": 0.0, ""end"": 1.0, ""value"": []}]}","{""name"": ""WATER STREET"", ""class"": ""residential""}"
13349868-012b-4ca9-a0c0-5b423dbd0db9,us_boston_streets_9306,"LINESTRING (-71.0530889999999999 42.3639356999999990, -71.0530700999999993 42.3639123000000026, -71.0528457000000060 42.3636345000000034, -71.0528093000000069 42.3635742000000022, -71.0527967999999959 42.3635385999999983, -71.0527771999999942 42.3634831000000034)","LINESTRING (-71.0527558907259049 42.3634862779157970, -71.0531160413680993 42.3639179408308024)","{""name"": ""Sun Court Street"", ""class"": ""residential"", ""names_lr"": [{""between"": [0.0, 1.0], ""value"": ""Sun Court Street""}], ""subclass_lr"": [{""between"": [0.0, 1.0], ""value"": null}], ""level_lr"": [{""between"": [0.0, 1.0], ""value"": 0}], ""road_flags_lr"": [{""start"": 0.0, ""end"": 1.0, ""value"": []}]}","{""name"": ""SUN COURT"", ""class"": ""residential""}"
88004a40-7c15-4ce6-a1bb-8b013e257368,us_boston_streets_5301,"LINESTRING (-71.0531504000000069 42.3577085000000011, -71.0529601000000071 42.3579514999999986, -71.0527670999999970 42.3581980000000016)","LINESTRING (-71.0532222614915980 42.3576677869988032, -71.0529919368940028 42.3579673335746989, -71.0527621724120024 42.3582716488976985)","{""class"": ""footway"", ""subclass"": ""sidewalk"", ""names_lr"": [{""between"": [0.0, 1.0], ""value"": null}], ""subclass_lr"": [{""between"": [0.0, 1.0], ""value"": ""sidewalk""}], ""level_lr"": [{""between"": [0.0, 1.0], ""value"": 0}], ""road_flags_lr"": [{""start"": 0.0, ""end"": 1.0, ""value"": []}]}","{""name"": ""CUSTOM HOUSE STREET"", ""class"": ""residential""}"
7b76731a-25a7-4080-a9a0-a36560d20916,us_boston_streets_4059,"LINESTRING (-71.0571395000000052 42.3602380000000025, -71.0570569000000063 42.3602583999999993, -71.0569074999999941 42.3602941999999985, -71.0568796999999961 42.3603021999999996, -71.0568545999999941 42.3603108000000006, -71.0568281000000042 42.3603225000000023, -71.0568042000000020 42.3603341999999969, -71.0567721999999975 42.3603517999999966, -71.0567367000000019 42.3603767000000033)","LINESTRING (-71.0567248971341030 42.3603868020396988, -71.0568720163840055 42.3603809526083026, -71.0571766778317055 42.3603211700859035)","{""name"": ""North Street"", ""class"": ""secondary"", ""names_lr"": [{""between"": [0.0, 1.0], ""value"": ""North Street""}], ""subclass_lr"": [{""between"": [0.0, 1.0], ""value"": null}], ""level_lr"": [{""between"": [0.0, 1.0], ""value"": 0}], ""road_flags_lr"": [{""start"": 0.0, ""end"": 1.0, ""value"": []}]}","{""name"": ""NORTH STREET"", ""class"": ""tertiary""}"
3b6a4d9c-60fe-486f-a63a-5c632ca81aa0,us_boston_streets_8082,"LINESTRING (-71.0609551999999951 42.3612415999999996, -71.0609266000000019 42.3612593000000004, -71.0609112000000067 42.3612688999999989, -71.0608732999999972 42.3612921000000000, -71.0608318000000025 42.3613147000000012, -71.0607871999999929 42.3613371000000001, -71.0600685999999939 42.3616807000000009, -71.0593506999999960 42.3620305000000030, -71.0592653000000070 42.3620719999999977, -71.0589111000000031 42.3622443000000004, -71.0586317000000065 42.3623722000000029, -71.0585678000000058 42.3624006000000008, -71.0585044999999980 42.3624269999999967, -71.0584391000000011 42.3624533999999997)","LINESTRING (-71.0608582914751992 42.3613055418788989, -71.0607361465276028 42.3613658558194999, -71.0603403986598039 42.3615612704110021, -71.0601624984754068 42.3616404909526025, -71.0597192560449002 42.3618537392714032, -71.0597144075320983 42.3618561830039013, -71.0589581211051069 42.3622374084877009, -71.0589371138669037 42.3622479972660031, -71.0585226555481029 42.3624358659472975)","{""name"": ""Sudbury Street"", ""class"": ""primary"", ""names_lr"": [{""between"": [0.0, 1.0], ""value"": ""Sudbury Street""}], ""subclass_lr"": [{""between"": [0.0, 1.0], ""value"": null}], ""level_lr"": [{""between"": [0.0, 1.0], ""value"": 0}], ""road_flags_lr"": [{""start"": 0.0, ""end"": 1.0, ""value"": []}]}","{""name"": ""NEW SUDBURY STREET"", ""class"": ""tertiary""}"
1f2ac020-7ff0-428a-be14-55ee05cffceb,us_boston_streets_450,"LINESTRING (-71.0641329000000042 42.3652836999999991, -71.0640156000000047 42.3653472000000022, -71.0639764999999954 42.3653673000000026, -71.0636030000000005 42.3655712999999992, -71.0635979999999989 42.3655748999999986, -71.0635939000000008 42.3655802999999977, -71.0635927000000009 42.3655860000000004, -71.0635929000000033 42.3655917999999971, -71.0635941999999972 42.3655967999999987, -71.0635972000000038 42.3656020000000026, -71.0636458999999974 42.3656544999999980, -71.0637662999999975 42.3657845999999978, -71.0638009000000039 42.3658217999999991, -71.0638323000000014 42.3658557999999985, -71.0638371999999947 42.3658617999999976, -71.0638421000000022 42.3658690999999976, -71.0638445999999959 42.3658760000000001, -71.0638449000000065 42.3658829000000026, -71.0638438000000008 42.3658913000000013, -71.0639309000000026 42.3658963999999969, -71.0639644000000033 42.3658982999999978, -71.0640492999999935 42.3659040000000005)","LINESTRING (-71.0642470552684955 42.3652212797520988, -71.0641946869555028 42.3652515237168998, -71.0640976509515951 42.3653075645218991, -71.0635123500155998 42.3656455847985995, -71.0638506124752070 42.3658861828045019, -71.0640514860756980 42.3659486888508994)","{""name"": ""Red Auerbach Way"", ""class"": ""service"", ""names_lr"": [{""between"": [0.0, 1.0], ""value"": ""Red Auerbach Way""}], ""subclass_lr"": [{""between"": [0.0, 1.0], ""value"": null}], ""level_lr"": [{""between"": [0.0, 1.0], ""value"": 0}], ""road_flags_lr"": [{""start"": 0.0, ""end"": 1.0, ""value"": []}]}","{""name"": ""COTTING STREET"", ""class"": ""residential""}"
6a313d6a-9489-4b69-b5fe-cb373bd235cc,us_boston_streets_6320,"LINESTRING (-71.0531619000000063 42.3623813000000027, -71.0531912999999946 42.3623493999999994, -71.0538709000000068 42.3616126000000008, -71.0539224000000047 42.3615567000000013)","LINESTRING (-71.0539423540367068 42.3615683840743031, -71.0538004010529960 42.3617194342443000, -71.0536338587952940 42.3618966493775986, -71.0533756608533054 42.3621713924472019, -71.0531641622569055 42.3623790205697972)","{""name"": ""Fulton Street"", ""class"": ""secondary"", ""names_lr"": [{""between"": [0.0, 1.0], ""value"": ""Fulton Street""}], ""subclass_lr"": [{""between"": [0.0, 1.0], ""value"": null}], ""level_lr"": [{""between"": [0.0, 1.0], ""value"": 0}], ""road_flags_lr"": [{""start"": 0.0, ""end"": 1.0, ""value"": []}]}","{""name"": ""FULTON STREET"", ""class"": ""tertiary""}"
b076e209-d07b-4da1-99f5-bc949671be54,us_boston_streets_3950,"LINESTRING (-71.0578181999999998 42.3653268999999995, -71.0574799000000041 42.3653469999999999)","LINESTRING (-71.0578482978663004 42.3652856706513035, -71.0574159359671000 42.3653160526690016)","{""class"": ""footway"", ""subclass"": ""sidewalk"", ""names_lr"": [{""between"": [0.0, 1.0], ""value"": null}], ""subclass_lr"": [{""between"": [0.0, 1.0], ""value"": ""sidewalk""}], ""level_lr"": [{""between"": [0.0, 1.0], ""value"": 0}], ""road_flags_lr"": [{""start"": 0.0, ""end"": 1.0, ""value"": []}]}","{""name"": ""THACHER STREET"", ""class"": ""residential""}"
f5e7c12f-a024-4182-b61b-063c9603f3d9,us_boston_streets_7416,"LINESTRING (-71.0555241999999936 42.3611165000000014, -71.0554513999999955 42.3612123999999994, -71.0553309000000013 42.3613688000000010)","LINESTRING (-71.0555260477600967 42.3611238227435010, -71.0554143208363058 42.3612516768896015, -71.0552568362325019 42.3614318913372969, -71.0551493633411013 42.3615548748951980)","{""name"": ""North Street"", ""class"": ""secondary"", ""names_lr"": [{""between"": [0.0, 1.0], ""value"": ""North Street""}], ""subclass_lr"": [{""between"": [0.0, 1.0], ""value"": null}], ""level_lr"": [{""between"": [0.0, 1.0], ""value"": 0}], ""road_flags_lr"": [{""start"": 0.0, ""end"": 1.0, ""value"": []}]}","{""name"": ""NORTH STREET"", ""class"": ""tertiary""}"
43cf868a-17e7-4b6a-90f6-3af84e21b2b4,us_boston_streets_4353,"LINESTRING (-71.0539864999999935 42.3669481000000019, -71.0535040999999978 42.3674656999999968)","LINESTRING (-71.0539675633535950 42.3669243342277966, -71.0534007765436968 42.3675338401083010)","{""class"": ""footway"", ""subclass"": ""sidewalk"", ""names_lr"": [{""between"": [0.0, 1.0], ""value"": null}], ""subclass_lr"": [{""between"": [0.0, 1.0], ""value"": ""sidewalk""}], ""level_lr"": [{""between"": [0.0, 1.0], ""value"": -1}], ""road_flags_lr"": [{""start"": 0.0, ""end"": 1.0, ""value"": []}]}","{""name"": ""HENCHMAN STREET"", ""class"": ""residential""}"
b64e0f08-ca08-4f21-bbf5-7a32bc47f667,us_boston_streets_283,"LINESTRING (-71.0633552000000037 42.3639848999999984, -71.0633469999999932 42.3639987000000033, -71.0633390999999932 42.3640132000000023, -71.0633336000000071 42.3640252000000004, -71.0633269000000070 42.3640467999999970, -71.0633234999999956 42.3640664999999998, -71.0633219000000054 42.3640854000000004, -71.0633241000000027 42.3642077000000015, -71.0633253999999965 42.3642334000000034, -71.0633267999999987 42.3642551000000012, -71.0633291999999983 42.3642757000000003)","LINESTRING (-71.0633691477796958 42.3640089663307009, -71.0633594336806027 42.3641213134794015, -71.0633702187412979 42.3642310600848973)","{""name"": ""Staniford Street"", ""class"": ""primary"", ""names_lr"": [{""between"": [0.0, 1.0], ""value"": ""Staniford Street""}], ""subclass_lr"": [{""between"": [0.0, 1.0], ""value"": null}], ""level_lr"": [{""between"": [0.0, 1.0], ""value"": 0}], ""road_flags_lr"": [{""start"": 0.0, ""end"": 1.0, ""value"": []}]}","{""name"": ""LOMASNEY WAY"", ""class"": ""tertiary""}"
bac0d706-8988-4fde-bacf-918d416338db,us_boston_streets_1310,"LINESTRING (-71.0716690999999940 42.3566239999999965, -71.0717391999999961 42.3566092000000012, -71.0725192000000021 42.3564447999999985, -71.0728536999999960 42.3563742999999988, -71.0729206000000033 42.3563812000000013)","LINESTRING (-71.0729412973900025 42.3563898791751967, -71.0717571690236980 42.3566229319607999, -71.0716772012358007 42.3566406390610979)","{""name"": ""Chestnut Street"", ""class"": ""residential"", ""names_lr"": [{""between"": [0.0, 1.0], ""value"": ""Chestnut Street""}], ""subclass_lr"": [{""between"": [0.0, 1.0], ""value"": null}], ""level_lr"": [{""between"": [0.0, 1.0], ""value"": 0}], ""road_flags_lr"": [{""start"": 0.0, ""end"": 1.0, ""value"": []}]}","{""name"": ""CHESTNUT STREET"", ""class"": ""residential""}"
e4994aba-8c41-468f-b279-58788922ba46,us_boston_streets_7837,"LINESTRING (-71.0583373000000051 42.3574198000000024, -71.0582188000000059 42.3575382000000005, -71.0580939999999970 42.3576630000000023)","LINESTRING (-71.0582042110310965 42.3575691041787010, -71.0581809225579946 42.3575910754428975, -71.0580949778004936 42.3576721621469972)","{""name"": ""Washington Street"", ""class"": ""secondary"", ""names_lr"": [{""between"": [0.0, 1.0], ""value"": ""Washington Street""}], ""subclass_lr"": [{""between"": [0.0, 1.0], ""value"": null}], ""level_lr"": [{""between"": [0.0, 1.0], ""value"": 0}], ""road_flags_lr"": [{""start"": 0.0, ""end"": 1.0, ""value"": []}]}","{""name"": ""WASHINGTON STREET"", ""class"": ""tertiary""}"
82c5ce83-be79-4cca-a7b6-7ae709781a0d,us_boston_streets_3931,"LINESTRING (-71.0604464999999976 42.3579951999999977, -71.0604749999999967 42.3579527999999996, -71.0605036000000041 42.3579160000000030, -71.0605314999999962 42.3578838999999974, -71.0605544999999950 42.3578584999999990, -71.0605774999999937 42.3578345999999968, -71.0610479000000055 42.3573718000000028)","LINESTRING (-71.0610746318385935 42.3573746911671023, -71.0608302408710983 42.3576136820773002, -71.0606323579171004 42.3578138036396012, -71.0604419597601975 42.3580098922532002)","{""name"": ""Tremont Street"", ""class"": ""primary"", ""names_lr"": [{""between"": [0.0, 1.0], ""value"": ""Tremont Street""}], ""subclass_lr"": [{""between"": [0.0, 1.0], ""value"": null}], ""level_lr"": [{""between"": [0.0, 1.0], ""value"": 0}], ""road_flags_lr"": [{""start"": 0.0, ""end"": 1.0, ""value"": []}]}","{""name"": ""TREMONT STREET"", ""class"": ""tertiary""}"
88d83ff3-df9e-49c6-8b28-95c44d6477e9,us_boston_streets_3862,"LINESTRING (-71.0615176000000019 42.3506366000000014, -71.0616047999999978 42.3506573000000017, -71.0621306999999973 42.3508033000000026)","LINESTRING (-71.0620048055828022 42.3507607025892980, -71.0618469867164038 42.3507222674842012, -71.0615541098631951 42.3506509391775978)","{""name"": ""Kneeland Street"", ""class"": ""primary"", ""names_lr"": [{""between"": [0.0, 1.0], ""value"": ""Kneeland Street""}], ""subclass_lr"": [{""between"": [0.0, 1.0], ""value"": null}], ""level_lr"": [{""between"": [0.0, 1.0], ""value"": 0}], ""road_flags_lr"": [{""start"": 0.0, ""end"": 1.0, ""value"": []}]}","{""name"": ""KNEELAND STREET"", ""class"": ""tertiary""}"
90e7d285-ebdd-4433-bf93-ec42e26b88ce,us_boston_streets_2608,"LINESTRING (-71.0550705999999934 42.3665506999999977, -71.0549505000000039 42.3664983000000035, -71.0547636000000011 42.3664296999999976, -71.0547171999999989 42.3664125999999968)","LINESTRING (-71.0550937640834945 42.3665569457443993, -71.0549199195977934 42.3665056102918030)","{""name"": ""Hull Street"", ""class"": ""residential"", ""names_lr"": [{""between"": [0.0, 1.0], ""value"": ""Hull Street""}], ""subclass_lr"": [{""between"": [0.0, 1.0], ""value"": null}], ""level_lr"": [{""between"": [0.0, 1.0], ""value"": 0}], ""road_flags_lr"": [{""start"": 0.0, ""end"": 1.0, ""value"": []}]}","{""name"": ""HULL STREET"", ""class"": ""residential""}"
a2be6d1c-e452-4288-b094-46356f60c67f,us_boston_streets_253,"LINESTRING (-71.0539224000000047 42.3615567000000013, -71.0544837000000058 42.3618378999999976, -71.0545311999999996 42.3618616999999986, -71.0548162000000048 42.3620044999999976, -71.0549189999999982 42.3620603000000031)","LINESTRING (-71.0539423540367068 42.3615683840743031, -71.0549257508669001 42.3620550285383004)","{""name"": ""Cross Street"", ""class"": ""primary"", ""names_lr"": [{""between"": [0.0, 1.0], ""value"": ""Cross Street""}], ""subclass_lr"": [{""between"": [0.0, 1.0], ""value"": null}], ""level_lr"": [{""between"": [0.0, 1.0], ""value"": 0}], ""road_flags_lr"": [{""start"": 0.0, ""end"": 1.0, ""value"": []}]}","{""name"": ""CROSS STREET"", ""class"": ""tertiary""}"
7f836900-57d3-4a4f-b078-ca65ee471823,us_boston_streets_2155,"LINESTRING (-71.0611655999999954 42.3525970000000029, -71.0611181000000016 42.3527769000000021, -71.0610401999999937 42.3528609000000031, -71.0607868000000025 42.3531303999999977)","LINESTRING (-71.0611423704653049 42.3525168496904030, -71.0610838104989995 42.3527534758642972, -71.0610367980038973 42.3528268781654020, -71.0608337752496055 42.3530445606046015, -71.0607213093225027 42.3531683010843025)","{""class"": ""footway"", ""subclass"": ""sidewalk"", ""names_lr"": [{""between"": [0.0, 1.0], ""value"": null}], ""subclass_lr"": [{""between"": [0.0, 1.0], ""value"": ""sidewalk""}], ""level_lr"": [{""between"": [0.0, 1.0], ""value"": 0}], ""road_flags_lr"": [{""start"": 0.0, ""end"": 1.0, ""value"": []}]}","{""name"": ""CHAUNCY STREET"", ""class"": ""residential""}"
ed74bedb-d07b-4cae-a04d-b76fb54c32df,us_boston_streets_10094,"LINESTRING (-71.0694768999999980 42.3578964000000013, -71.0694162000000063 42.3579038999999966, -71.0691101000000032 42.3579446999999973, -71.0688054999999963 42.3579855999999992)","LINESTRING (-71.0694811840763947 42.3579372966839998, -71.0694088607306043 42.3579454661426027, -71.0690565909995939 42.3579837486410966, -71.0688299937803976 42.3580083739369968, -71.0684961223857954 42.3580377009873033)","{""name"": ""Mount Vernon Street"", ""class"": ""residential"", ""names_lr"": [{""between"": [0.0, 1.0], ""value"": ""Mount Vernon Street""}], ""subclass_lr"": [{""between"": [0.0, 1.0], ""value"": null}], ""level_lr"": [{""between"": [0.0, 1.0], ""value"": 0}], ""road_flags_lr"": [{""start"": 0.0, ""end"": 1.0, ""value"": []}]}","{""name"": ""MOUNT VERNON STREET"", ""class"": ""residential""}"
6dccd532-8ba7-419e-a3ea-5cb27099bcad,us_boston_streets_1969,"LINESTRING (-71.0526856000000038 42.3575141000000031, -71.0525114999999943 42.3577550999999985, -71.0525003999999996 42.3577738999999980, -71.0524803999999932 42.3578077000000022, -71.0523447000000061 42.3580375000000018)","LINESTRING (-71.0526841375650946 42.3574487628103000, -71.0524476459843015 42.3577666673780016, -71.0522721491433060 42.3580921246875022)","{""class"": ""footway"", ""names_lr"": [{""between"": [0.0, 1.0], ""value"": null}], ""subclass_lr"": [{""between"": [0.0, 0.46999518], ""value"": ""sidewalk""}, {""between"": [0.46999518, 0.568729761], ""value"": ""crosswalk""}, {""between"": [0.568729761, 1.0], ""value"": ""sidewalk""}], ""level_lr"": [{""between"": [0.0, 0.46999518], ""value"": 0}, {""between"": [0.46999518, 1.0], ""value"": -1}], ""road_flags_lr"": [{""start"": 0.0, ""end"": 1.0, ""value"": []}]}","{""name"": ""FRANKLIN STREET"", ""class"": ""residential""}"
54c552df-5e14-4010-b1e9-76994110c151,us_boston_streets_8461,"LINESTRING (-71.0562570000000022 42.3529172000000003, -71.0561890999999974 42.3528576000000001, -71.0561256000000014 42.3528137999999998, -71.0560545999999960 42.3527746999999977, -71.0559731000000028 42.3527417000000028, -71.0556136999999950 42.3526361999999992, -71.0555444000000023 42.3526156000000000, -71.0554434000000015 42.3525862999999987)","LINESTRING (-71.0553926487935996 42.3526299600797032, -71.0559958717040985 42.3528087416873973, -71.0562463893612062 42.3529117216666009)","{""name"": ""Summer Street"", ""class"": ""primary"", ""names_lr"": [{""between"": [0.0, 1.0], ""value"": ""Summer Street""}], ""subclass_lr"": [{""between"": [0.0, 1.0], ""value"": null}], ""level_lr"": [{""between"": [0.0, 1.0], ""value"": 0}], ""road_flags_lr"": [{""start"": 0.0, ""end"": 1.0, ""value"": []}]}","{""name"": ""SUMMER STREET"", ""class"": ""tertiary""}"
1a8e61e3-7d28-4f8c-8673-127e6156e531,us_boston_streets_9996,"LINESTRING (-71.0727116999999993 42.3553880999999990, -71.0730403999999965 42.3553026000000017)","LINESTRING (-71.0725111414494961 42.3554621061944019, -71.0726254463671978 42.3554325639657989, -71.0727358054356984 42.3554040422979980, -71.0727525562716949 42.3553997129138011, -71.0728059483649020 42.3553859081417983)","{""name"": ""Beacon Street"", ""class"": ""primary"", ""names_lr"": [{""between"": [0.0, 1.0], ""value"": ""Beacon Street""}], ""subclass_lr"": [{""between"": [0.0, 1.0], ""value"": null}], ""level_lr"": [{""between"": [0.0, 1.0], ""value"": 0}], ""road_flags_lr"": [{""start"": 0.0, ""end"": 1.0, ""value"": []}]}","{""name"": ""BEACON STREET"", ""class"": ""primary""}"
c070ddb7-2481-4660-8496-18bddd79015e,us_boston_streets_8733,"LINESTRING (-71.0518732999999969 42.3551524000000015, -71.0518517000000003 42.3550718999999987, -71.0517832000000027 42.3549921999999981, -71.0515843999999959 42.3548326000000017, -71.0514163999999937 42.3547614000000010)","LINESTRING (-71.0514088018910996 42.3547643229065969, -71.0515369472138048 42.3548659011799984, -71.0516984679620975 42.3549936899735968, -71.0517240429010002 42.3550139228959992, -71.0518898823782052 42.3551447361231013)","{""name"": ""Seaport Boulevard"", ""class"": ""primary"", ""names_lr"": [{""between"": [0.0, 1.0], ""value"": ""Seaport Boulevard""}], ""subclass_lr"": [{""between"": [0.0, 1.0], ""value"": null}], ""level_lr"": [{""between"": [0.0, 1.0], ""value"": 0}], ""road_flags_lr"": [{""start"": 0.0, ""end"": 1.0, ""value"": []}]}","{""name"": ""OLIVER STREET"", ""class"": ""tertiary""}"
2f7f5792-2901-4828-a421-98cedc7b401d,us_boston_streets_2570,"LINESTRING (-71.0513365999999991 42.3578907999999998, -71.0513516000000038 42.3579342000000025, -71.0513653000000005 42.3579772000000006, -71.0514464000000032 42.3582840999999988, -71.0514807999999931 42.3584178999999992, -71.0515058000000010 42.3585121999999998, -71.0515488000000062 42.3586681999999968, -71.0515780000000063 42.3587740999999980)","LINESTRING (-71.0513393912758033 42.3578869116642025, -71.0515830691986991 42.3587707920345977)","{""name"": ""Atlantic Avenue"", ""class"": ""primary"", ""names_lr"": [{""between"": [0.0, 1.0], ""value"": ""Atlantic Avenue""}], ""subclass_lr"": [{""between"": [0.0, 1.0], ""value"": null}], ""level_lr"": [{""between"": [0.0, 1.0], ""value"": 0}], ""road_flags_lr"": [{""start"": 0.0, ""end"": 1.0, ""value"": []}]}","{""name"": ""ATLANTIC AVENUE"", ""class"": ""tertiary""}"
a36da67e-888c-4c4f-8200-e8d079f72008,us_boston_streets_9991,"LINESTRING (-71.0676756999999952 42.3588463000000033, -71.0676756000000012 42.3588948000000016, -71.0677048000000013 42.3592579999999970, -71.0677069999999986 42.3592909999999989)","LINESTRING (-71.0677092231941003 42.3590585082155968, -71.0677075733067056 42.3592999472287985)","{""name"": ""Anderson Street"", ""class"": ""residential"", ""names_lr"": [{""between"": [0.0, 1.0], ""value"": ""Anderson Street""}], ""subclass_lr"": [{""between"": [0.0, 1.0], ""value"": null}], ""level_lr"": [{""between"": [0.0, 1.0], ""value"": 0}], ""road_flags_lr"": [{""start"": 0.0, ""end"": 1.0, ""value"": []}]}","{""name"": ""ANDERSON STREET"", ""class"": ""residential""}"
06ae16a5-1c1b-4237-971b-fbfed3a033d3,us_boston_streets_2329,"LINESTRING (-71.0668347999999952 42.3518954999999977, -71.0669008999999932 42.3520200000000031, -71.0669129000000055 42.3520596999999981, -71.0669201999999984 42.3520965000000018, -71.0669395000000037 42.3523812000000035, -71.0669395000000037 42.3524480999999966, -71.0669409000000059 42.3525240000000025)","LINESTRING (-71.0669599208687970 42.3520573147498993, -71.0669810332388039 42.3521063971242029, -71.0669960312799986 42.3521713592217992, -71.0670116748014067 42.3525188820502976)","{""name"": ""Carver Street"", ""class"": ""unclassified"", ""names_lr"": [{""between"": [0.0, 1.0], ""value"": ""Carver Street""}], ""subclass_lr"": [{""between"": [0.0, 1.0], ""value"": null}], ""level_lr"": [{""between"": [0.0, 1.0], ""value"": 0}], ""road_flags_lr"": [{""start"": 0.0, ""end"": 1.0, ""value"": []}]}","{""name"": ""CARVER STREET"", ""class"": ""residential""}"
baf32705-78dc-43cd-87cf-4fed3eed43cf,us_boston_streets_5906,"LINESTRING (-71.0567367000000019 42.3603767000000033, -71.0567621000000003 42.3603822999999977, -71.0567855999999978 42.3603853999999984, -71.0568149000000062 42.3603869000000017, -71.0568446000000051 42.3603870000000029, -71.0568722000000008 42.3603851000000020, -71.0568963000000053 42.3603823999999989, -71.0569198999999969 42.3603780999999984, -71.0570369999999940 42.3603505999999967, -71.0570776999999936 42.3603407000000018, -71.0571625999999981 42.3603195000000028)","LINESTRING (-71.0571513402747001 42.3602383826434021, -71.0568086452272070 42.3603357011011994, -71.0567248971341030 42.3603868020396988)","{""name"": ""North Street"", ""class"": ""secondary"", ""names_lr"": [{""between"": [0.0, 1.0], ""value"": ""North Street""}], ""subclass_lr"": [{""between"": [0.0, 1.0], ""value"": null}], ""level_lr"": [{""between"": [0.0, 1.0], ""value"": 0}], ""road_flags_lr"": [{""start"": 0.0, ""end"": 1.0, ""value"": []}]}","{""name"": ""NORTH STREET"", ""class"": ""tertiary""}"
015614fe-2453-4531-b4f9-3710b456a0fc,us_boston_streets_5625,"LINESTRING (-71.0675832000000014 42.3663785999999973, -71.0675645000000031 42.3663527000000002, -71.0675422999999995 42.3663274999999970, -71.0675406000000009 42.3663261000000020, -71.0675159999999977 42.3663067999999967, -71.0674800999999974 42.3662879999999973)","LINESTRING (-71.0676038262493961 42.3664337539323981, -71.0675713002860050 42.3663891213802017, -71.0675517844873070 42.3663623418433986, -71.0674927202798017 42.3663180065153000, -71.0672874747170056 42.3662460001100030)","{""name"": ""Martha Road"", ""class"": ""secondary"", ""names_lr"": [{""between"": [0.0, 1.0], ""value"": ""Martha Road""}], ""subclass_lr"": [{""between"": [0.0, 1.0], ""value"": null}], ""level_lr"": [{""between"": [0.0, 1.0], ""value"": 0}], ""road_flags_lr"": [{""start"": 0.0, ""end"": 1.0, ""value"": []}]}","{""name"": ""MARTHA ROAD"", ""class"": ""tertiary""}"
ec2a293d-d5a8-40b1-a8fc-3f75edeb319e,us_boston_streets_5865,"LINESTRING (-71.0555341999999968 42.3661612000000005, -71.0556684999999959 42.3659614999999974, -71.0556815999999998 42.3659419999999969, -71.0556957999999952 42.3659207999999978, -71.0559551000000056 42.3655355000000000)","LINESTRING (-71.0559568120003036 42.3655069863213001, -71.0556685197948070 42.3659438566099027, -71.0555226559023936 42.3662018066390971)","{""class"": ""footway"", ""names_lr"": [{""between"": [0.0, 1.0], ""value"": null}], ""subclass_lr"": [{""between"": [0.0, 0.319166964], ""value"": ""sidewalk""}, {""between"": [0.319166964, 0.384184841], ""value"": ""crosswalk""}, {""between"": [0.384184841, 1.0], ""value"": ""sidewalk""}], ""level_lr"": [{""between"": [0.0, 1.0], ""value"": 0}], ""road_flags_lr"": [{""start"": 0.0, ""end"": 1.0, ""value"": []}]}","{""name"": ""MARGARET STREET"", ""class"": ""residential""}"
2985045b-b9d7-4162-9397-f2c5dd226887,us_boston_streets_2774,"LINESTRING (-71.0549053000000015 42.3614320000000006, -71.0540426999999966 42.3609943000000015, -71.0540014999999983 42.3609735000000001, -71.0537020000000012 42.3608224999999976)","LINESTRING (-71.0551493633411013 42.3615548748951980, -71.0550282784058993 42.3614985083622031, -71.0548308927091057 42.3614066225306019, -71.0545475931149042 42.3612632770396971, -71.0542505127009036 42.3611122258628967, -71.0536974125830056 42.3608407112424032)","{""name"": ""John F. Fitzgerald Surface Road"", ""class"": ""primary"", ""names_lr"": [{""between"": [0.0, 1.0], ""value"": ""John F. Fitzgerald Surface Road""}], ""subclass_lr"": [{""between"": [0.0, 1.0], ""value"": null}], ""level_lr"": [{""between"": [0.0, 1.0], ""value"": 0}], ""road_flags_lr"": [{""start"": 0.0, ""end"": 1.0, ""value"": []}]}","{""name"": ""JOHN F FITZGERALD SURFACE ROAD"", ""class"": ""tertiary""}"
ae7d32c7-77c0-40d5-8846-1ffd66855ff7,us_boston_streets_9284,"LINESTRING (-71.0508721000000065 42.3591791999999998, -71.0508755000000036 42.3591914000000003, -71.0508791000000031 42.3592050000000029, -71.0508830999999930 42.3592275999999970, -71.0508858999999973 42.3592494000000030, -71.0509095999999971 42.3596385000000026, -71.0509366000000000 42.3597697000000011)","LINESTRING (-71.0508193798495000 42.3589068978134975, -71.0508821096771044 42.3591912908743993, -71.0509354438397054 42.3597907598393988)","{""name"": ""Old Atlantic Avenue"", ""class"": ""unclassified"", ""names_lr"": [{""between"": [0.0, 1.0], ""value"": ""Old Atlantic Avenue""}], ""subclass_lr"": [{""between"": [0.0, 1.0], ""value"": null}], ""level_lr"": [{""between"": [0.0, 1.0], ""value"": 0}], ""road_flags_lr"": [{""start"": 0.0, ""end"": 1.0, ""value"": []}]}","{""name"": ""OLD ATLANTIC AVENUE"", ""class"": ""residential""}"
12156658-de9e-4515-bde8-9877032d61e7,us_boston_streets_985,"LINESTRING (-71.0536089000000004 42.3665734000000000, -71.0538056000000040 42.3664095000000032, -71.0539397999999949 42.3663015999999999, -71.0539650000000051 42.3662812999999971, -71.0539758999999975 42.3662725000000009, -71.0541455999999982 42.3661249000000026, -71.0543755000000061 42.3658732000000029)","LINESTRING (-71.0543841748061027 42.3658598352863009, -71.0541060809112963 42.3661321232524983, -71.0539859161019933 42.3662373621410993, -71.0539075459431047 42.3663059969847993, -71.0537856079969998 42.3664127826852024, -71.0535637373451010 42.3665830622625990)","{""class"": ""footway"", ""names_lr"": [{""between"": [0.0, 1.0], ""value"": null}], ""subclass_lr"": [{""between"": [0.0, 0.405243356], ""value"": ""sidewalk""}, {""between"": [0.405243356, 0.44897537], ""value"": ""crosswalk""}, {""between"": [0.44897537, 1.0], ""value"": ""sidewalk""}], ""level_lr"": [{""between"": [0.0, 1.0], ""value"": 0}], ""road_flags_lr"": [{""start"": 0.0, ""end"": 1.0, ""value"": []}]}","{""name"": ""UNITY STREET"", ""class"": ""residential""}"
a8906bc7-d0b3-4ea5-bba8-1b06cb17893d,us_boston_streets_10646,"LINESTRING (-71.0555248000000006 42.3640942999999979, -71.0552624000000037 42.3639883999999967, -71.0551554000000039 42.3639324999999971, -71.0547435000000007 42.3636758999999969)","LINESTRING (-71.0555833417073046 42.3641253674157028, -71.0554280458708973 42.3640863104776031, -71.0553249801047997 42.3640375160719032, -71.0551322965211938 42.3639462927285990, -71.0548425142818019 42.3637763905739035, -71.0546619053008044 42.3636496355059009)","{""class"": ""footway"", ""subclass"": ""sidewalk"", ""names_lr"": [{""between"": [0.0, 1.0], ""value"": null}], ""subclass_lr"": [{""between"": [0.0, 1.0], ""value"": ""sidewalk""}], ""level_lr"": [{""between"": [0.0, 1.0], ""value"": 0}], ""road_flags_lr"": [{""start"": 0.0, ""end"": 1.0, ""value"": []}]}","{""name"": ""PARMENTER STREET"", ""class"": ""residential""}"
7927a41b-87b4-405c-8625-55e5b9863768,us_boston_streets_9310,"LINESTRING (-71.0598719999999986 42.3571366999999981, -71.0598459999999932 42.3571237999999965, -71.0598162999999943 42.3571114000000009, -71.0596175999999957 42.3570177000000001)","LINESTRING (-71.0598496258375008 42.3571458872465030, -71.0594564724046052 42.3569979342304990, -71.0593730771932002 42.3569665501959989)","{""name"": ""Province Court"", ""class"": ""unclassified"", ""names_lr"": [{""between"": [0.0, 1.0], ""value"": ""Province Court""}], ""subclass_lr"": [{""between"": [0.0, 1.0], ""value"": null}], ""level_lr"": [{""between"": [0.0, 1.0], ""value"": 0}], ""road_flags_lr"": [{""start"": 0.0, ""end"": 1.0, ""value"": []}]}","{""name"": ""PROVINCE COURT"", ""class"": ""residential""}"
416f65a0-2943-4c5d-a5bb-c5c08c42cfd4,us_boston_streets_6067,"LINESTRING (-71.0519426999999979 42.3578856999999971, -71.0518885000000040 42.3577116000000018, -71.0518711999999937 42.3576648000000020, -71.0518531999999965 42.3576195999999996, -71.0518315999999999 42.3575730000000021, -71.0517430000000019 42.3574077999999972, -71.0516978999999935 42.3573134000000024, -71.0516810000000021 42.3572778999999997, -71.0516362000000044 42.3571584999999970)","LINESTRING (-71.0518962083149006 42.3578008522386966, -71.0518543918644951 42.3577062505409998, -71.0518084274281989 42.3576147800786984, -71.0517827013701009 42.3575581586266026, -71.0517582291392955 42.3575042978466030, -71.0516912552639042 42.3573623273256032, -71.0516449285924949 42.3572590075419981)","{""name"": ""John F. Fitzgerald Surface Road"", ""class"": ""primary"", ""names_lr"": [{""between"": [0.0, 1.0], ""value"": ""John F. Fitzgerald Surface Road""}], ""subclass_lr"": [{""between"": [0.0, 1.0], ""value"": null}], ""level_lr"": [{""between"": [0.0, 1.0], ""value"": 0}], ""road_flags_lr"": [{""start"": 0.0, ""end"": 1.0, ""value"": []}]}","{""name"": ""PURCHASE STREET"", ""class"": ""tertiary""}"
ba350c94-ffd1-4ab9-91ea-5553c2489a05,us_boston_streets_4353,"LINESTRING (-71.0539227999999952 42.3669184999999970, -71.0534310000000033 42.3674359999999979)","LINESTRING (-71.0539675633535950 42.3669243342277966, -71.0534007765436968 42.3675338401083010)","{""class"": ""footway"", ""subclass"": ""sidewalk"", ""names_lr"": [{""between"": [0.0, 1.0], ""value"": null}], ""subclass_lr"": [{""between"": [0.0, 1.0], ""value"": ""sidewalk""}], ""level_lr"": [{""between"": [0.0, 1.0], ""value"": 0}], ""road_flags_lr"": [{""start"": 0.0, ""end"": 1.0, ""value"": []}]}","{""name"": ""HENCHMAN STREET"", ""class"": ""residential""}"
7c7393de-f879-4053-856a-4a944a5a4ac4,us_boston_streets_7961,"LINESTRING (-71.0547238000000050 42.3664883000000003, -71.0547463999999991 42.3664568000000017, -71.0550412999999992 42.3665665999999987, -71.0550537999999960 42.3665712999999968, -71.0550681999999938 42.3665771000000007, -71.0554120999999981 42.3667161999999990, -71.0557902000000041 42.3668624000000023, -71.0560516000000035 42.3669654999999992, -71.0560782000000017 42.3669755000000023, -71.0561163999999934 42.3669906000000012, -71.0561531999999971 42.3670039000000003, -71.0562197999999938 42.3670293999999998, -71.0562677000000065 42.3670478000000017, -71.0564355000000063 42.3671080000000018, -71.0564411999999948 42.3671100999999979)","LINESTRING (-71.0565045070870980 42.3671071976200011, -71.0562544096809034 42.3670052890128019, -71.0561142822677994 42.3669481903582010, -71.0558322583396063 42.3668332708706004, -71.0553989120132030 42.3666711254781987, -71.0550937640834945 42.3665569457443993)","{""class"": ""footway"", ""names_lr"": [{""between"": [0.0, 1.0], ""value"": null}], ""subclass_lr"": [{""between"": [0.0, 0.193091232], ""value"": ""sidewalk""}, {""between"": [0.193091232, 0.208588121], ""value"": ""crosswalk""}, {""between"": [0.208588121, 1.0], ""value"": ""sidewalk""}], ""level_lr"": [{""between"": [0.0, 1.0], ""value"": 0}], ""road_flags_lr"": [{""start"": 0.0, ""end"": 1.0, ""value"": []}]}","{""name"": ""HULL STREET"", ""class"": ""residential""}"
fc6231ac-a33e-4659-8bff-5f7e04aaa6d0,us_boston_streets_7850,"LINESTRING (-71.0555870000000027 42.3568702000000030, -71.0553895999999980 42.3569688999999983, -71.0550463000000008 42.3571531999999991, -71.0548869999999937 42.3572692999999987)","LINESTRING (-71.0557596352087018 42.3569212358310025, -71.0555399653655968 42.3569800331663018, -71.0554107392548957 42.3570436794182967, -71.0551901588229953 42.3571514268030995, -71.0550721309432021 42.3572213018876980)","{""class"": ""footway"", ""subclass"": ""sidewalk"", ""names_lr"": [{""between"": [0.0, 1.0], ""value"": null}], ""subclass_lr"": [{""between"": [0.0, 1.0], ""value"": ""sidewalk""}], ""level_lr"": [{""between"": [0.0, 1.0], ""value"": 0}], ""road_flags_lr"": [{""start"": 0.0, ""end"": 1.0, ""value"": []}]}","{""name"": ""MILK STREET"", ""class"": ""tertiary""}"
eaf72a07-ee82-438c-b747-eb0a39baac44,us_boston_streets_4682,"LINESTRING (-71.0716263000000055 42.3535192000000009, -71.0716323000000045 42.3535315999999966, -71.0716896999999932 42.3536487000000008, -71.0717535999999939 42.3537791999999982, -71.0717585000000014 42.3537892000000014, -71.0717728999999991 42.3538181999999992, -71.0718056000000047 42.3538842000000031)","LINESTRING (-71.0716373747142995 42.3538394593803034, -71.0714784328702933 42.3534822466251981)","{""class"": ""footway"", ""names_lr"": [{""between"": [0.0, 1.0], ""value"": null}], ""subclass_lr"": [{""between"": [0.0, 0.712138054], ""value"": ""sidewalk""}, {""between"": [0.712138054, 1.0], ""value"": ""crosswalk""}], ""level_lr"": [{""between"": [0.0, 1.0], ""value"": 0}], ""road_flags_lr"": [{""start"": 0.0, ""end"": 1.0, ""value"": []}]}","{""name"": ""ARLINGTON STREET"", ""class"": ""tertiary""}"
a5e330f1-a919-4d54-a487-95b480c904fc,us_boston_streets_3519,"LINESTRING (-71.0614199999999983 42.3507035000000016, -71.0613067000000029 42.3509698000000014, -71.0611161000000067 42.3514179000000013)","LINESTRING (-71.0611875294202946 42.3514947513299020, -71.0612445248736009 42.3513706141694968, -71.0614635064097939 42.3508632985139997)","{""class"": ""footway"", ""subclass"": ""sidewalk"", ""names_lr"": [{""between"": [0.0, 1.0], ""value"": null}], ""subclass_lr"": [{""between"": [0.0, 1.0], ""value"": ""sidewalk""}], ""level_lr"": [{""between"": [0.0, 1.0], ""value"": 0}], ""road_flags_lr"": [{""start"": 0.0, ""end"": 1.0, ""value"": []}]}","{""name"": ""HARRISON AVENUE"", ""class"": ""tertiary""}"
70f3f640-587b-4ac6-aac9-19590a0a622c,us_boston_streets_8593,"LINESTRING (-71.0647651999999965 42.3511931999999973, -71.0630886000000004 42.3510277000000031)","LINESTRING (-71.0649144899496008 42.3510994520970030, -71.0642852889548067 42.3510465678564998, -71.0641854731030946 42.3510381779057994, -71.0638752113986953 42.3510124659568987, -71.0635792141238056 42.3509879353730980, -71.0635578172479967 42.3509861625166977, -71.0631024644538059 42.3509376478926001, -71.0630404505497069 42.3509310408957020)","{""class"": ""footway"", ""subclass"": ""sidewalk"", ""names_lr"": [{""between"": [0.0, 1.0], ""value"": null}], ""subclass_lr"": [{""between"": [0.0, 1.0], ""value"": ""sidewalk""}], ""level_lr"": [{""between"": [0.0, 1.0], ""value"": 0}], ""road_flags_lr"": [{""start"": 0.0, ""end"": 1.0, ""value"": []}]}","{""name"": ""STUART STREET"", ""class"": ""tertiary""}"
89dc9162-c8f5-4ccf-a074-086369fa768c,us_boston_streets_7215,"LINESTRING (-71.0750776000000002 42.3506137999999979, -71.0745260999999999 42.3507608999999974, -71.0731315999999964 42.3511304999999965)","LINESTRING (-71.0730679520420949 42.3512519424965035, -71.0740183720021008 42.3510123857881027, -71.0752126789389962 42.3506853867334030)","{""class"": ""footway"", ""subclass"": ""sidewalk"", ""names_lr"": [{""between"": [0.0, 1.0], ""value"": null}], ""subclass_lr"": [{""between"": [0.0, 1.0], ""value"": ""sidewalk""}], ""level_lr"": [{""between"": [0.0, 1.0], ""value"": 0}], ""road_flags_lr"": [{""start"": 0.0, ""end"": 1.0, ""value"": []}]}","{""name"": ""BOYLSTON STREET"", ""class"": ""tertiary""}"
6fcdee62-2b18-41e2-9e63-409f061288b9,us_boston_streets_5672,"LINESTRING (-71.0532355999999936 42.3651490999999965, -71.0532043999999985 42.3651874999999976, -71.0531502999999987 42.3652954000000008, -71.0531004999999993 42.3654398999999984)","LINESTRING (-71.0532046638905967 42.3650749244365983, -71.0531638086030028 42.3651223955537972, -71.0530707486574045 42.3652452593438014, -71.0530150064378034 42.3653226945208985)","{""class"": ""footway"", ""subclass"": ""sidewalk"", ""names_lr"": [{""between"": [0.0, 1.0], ""value"": null}], ""subclass_lr"": [{""between"": [0.0, 1.0], ""value"": ""sidewalk""}], ""level_lr"": [{""between"": [0.0, 1.0], ""value"": 0}], ""road_flags_lr"": [{""start"": 0.0, ""end"": 1.0, ""value"": []}]}","{""name"": ""HANOVER STREET"", ""class"": ""tertiary""}"
47d55f38-7b70-405d-a95e-d077ee897e52,us_boston_streets_10186,"LINESTRING (-71.0633957000000009 42.3611835999999968, -71.0630938999999984 42.3611880999999997, -71.0630570000000006 42.3611884000000032, -71.0629991999999930 42.3611896000000030, -71.0629332999999974 42.3611908999999969, -71.0628793000000059 42.3611913000000015)","LINESTRING (-71.0628347521432033 42.3613103328234004, -71.0632513577503033 42.3613050427977029, -71.0636640504312993 42.3612998012390989, -71.0637559776220940 42.3612986338720034)","{""name"": ""Cambridge Street"", ""class"": ""primary"", ""names_lr"": [{""between"": [0.0, 1.0], ""value"": ""Cambridge Street""}], ""subclass_lr"": [{""between"": [0.0, 1.0], ""value"": null}], ""level_lr"": [{""between"": [0.0, 1.0], ""value"": 0}], ""road_flags_lr"": [{""start"": 0.0, ""end"": 1.0, ""value"": []}]}","{""name"": ""CAMBRIDGE STREET"", ""class"": ""tertiary""}"
f5f90537-ba0f-4399-bc1f-3dc2665e69cd,us_boston_streets_7946,"LINESTRING (-71.0696856999999937 42.3642134999999982, -71.0691422999999958 42.3641013000000015, -71.0685768000000024 42.3639598000000035, -71.0684605000000005 42.3639433999999966, -71.0678391000000005 42.3638673999999966, -71.0678513000000009 42.3638294000000002)","LINESTRING (-71.0675038421857010 42.3639069907587000, -71.0681920701704968 42.3639497394464968, -71.0684278002610057 42.3639821757441979, -71.0686286776401062 42.3640202201903975, -71.0694357825388039 42.3642154417302024, -71.0695653780050947 42.3642663492842004, -71.0697675488901979 42.3643457666539973)","{""class"": ""footway"", ""subclass"": ""sidewalk"", ""names_lr"": [{""between"": [0.0, 1.0], ""value"": null}], ""subclass_lr"": [{""between"": [0.0, 1.0], ""value"": ""sidewalk""}], ""level_lr"": [{""between"": [0.0, 1.0], ""value"": 0}], ""road_flags_lr"": [{""start"": 0.0, ""end"": 1.0, ""value"": []}]}","{""name"": ""BLOSSOM STREET"", ""class"": ""residential""}"
9abbc62f-21ad-4b4b-8e14-5368eaeeea8f,us_boston_streets_10031,"LINESTRING (-71.0602671000000043 42.3503940000000014, -71.0607750000000067 42.3505387000000013)","LINESTRING (-71.0608965724455004 42.3504730937934966, -71.0606880307887963 42.3504116013678029, -71.0602546284193011 42.3502838039269989)","{""class"": ""footway"", ""subclass"": ""sidewalk"", ""names_lr"": [{""between"": [0.0, 1.0], ""value"": null}], ""subclass_lr"": [{""between"": [0.0, 1.0], ""value"": ""sidewalk""}], ""level_lr"": [{""between"": [0.0, 1.0], ""value"": 0}], ""road_flags_lr"": [{""start"": 0.0, ""end"": 1.0, ""value"": []}]}","{""name"": ""KNEELAND STREET"", ""class"": ""tertiary""}"
26117c6a-afaa-4b11-84f8-ea450f55282b,us_boston_streets_10500,"LINESTRING (-71.0678007000000065 42.3603110999999970, -71.0682118999999943 42.3603030000000018, -71.0686230000000023 42.3602948999999995, -71.0686871999999994 42.3602936999999997)","LINESTRING (-71.0687103708091001 42.3603151294474998, -71.0677923153863986 42.3603226260715005, -71.0674500557846045 42.3603270210761025, -71.0673665541062007 42.3603280934433997, -71.0669135695016934 42.3603339095750968, -71.0663905449842019 42.3603465280563967)","{""name"": ""Phillips Street"", ""class"": ""residential"", ""names_lr"": [{""between"": [0.0, 1.0], ""value"": ""Phillips Street""}], ""subclass_lr"": [{""between"": [0.0, 1.0], ""value"": null}], ""level_lr"": [{""between"": [0.0, 1.0], ""value"": 0}], ""road_flags_lr"": [{""start"": 0.0, ""end"": 1.0, ""value"": []}]}","{""name"": ""PHILLIPS STREET"", ""class"": ""residential""}"
267abe13-9734-4483-af5a-6c25a6d230cb,us_boston_streets_2321,"LINESTRING (-71.0564128000000039 42.3575840999999969, -71.0563412000000056 42.3575858999999966, -71.0563116000000008 42.3575899000000007, -71.0562797999999987 42.3575939999999989, -71.0554735999999991 42.3577764999999999, -71.0554323000000068 42.3577857000000009, -71.0553606000000002 42.3578019999999995)","LINESTRING (-71.0564608070096000 42.3577345688516971, -71.0554512123936064 42.3579862003329026)","{""name"": ""Water Street"", ""class"": ""residential"", ""names_lr"": [{""between"": [0.0, 1.0], ""value"": ""Water Street""}], ""subclass_lr"": [{""between"": [0.0, 1.0], ""value"": null}], ""level_lr"": [{""between"": [0.0, 1.0], ""value"": 0}], ""road_flags_lr"": [{""start"": 0.0, ""end"": 1.0, ""value"": []}]}","{""name"": ""HAWES STREET"", ""class"": ""residential""}"
e66dbb89-0607-49d2-ad56-d361805ef3d5,us_boston_streets_3399,"LINESTRING (-71.0645559999999961 42.3523719000000014, -71.0644556999999963 42.3523527999999985, -71.0643821999999972 42.3523439000000010, -71.0643165999999979 42.3523381999999984, -71.0642840999999947 42.3523363999999987, -71.0641410000000064 42.3523285999999999)","LINESTRING (-71.0641515441212022 42.3523486851697015, -71.0640249471832988 42.3523395615774021, -71.0639094555497053 42.3523312380059025)","{""name"": ""Boylston Street"", ""class"": ""primary"", ""names_lr"": [{""between"": [0.0, 1.0], ""value"": ""Boylston Street""}], ""subclass_lr"": [{""between"": [0.0, 1.0], ""value"": null}], ""level_lr"": [{""between"": [0.0, 1.0], ""value"": 0}], ""road_flags_lr"": [{""start"": 0.0, ""end"": 1.0, ""value"": []}]}","{""name"": ""BOYLSTON STREET"", ""class"": ""tertiary""}"
0621ffba-51ad-4209-a218-091c25c988f6,us_boston_streets_4027,"LINESTRING (-71.0524120999999980 42.3523690999999971, -71.0525341000000026 42.3524922000000004, -71.0525865000000039 42.3525452000000016, -71.0535569000000038 42.3534671000000031, -71.0536230000000018 42.3535255000000035)","LINESTRING (-71.0522290062208981 42.3523959591540020, -71.0524593093352053 42.3525740998356000, -71.0528923037683029 42.3530006086551012, -71.0530073314001953 42.3531065385611001, -71.0534145275858009 42.3534815284750010, -71.0534804784426939 42.3535422616923967, -71.0535479597700999 42.3536044052680012, -71.0536123769077932 42.3536637261967002)","{""class"": ""footway"", ""subclass"": ""sidewalk"", ""names_lr"": [{""between"": [0.0, 1.0], ""value"": null}], ""subclass_lr"": [{""between"": [0.0, 1.0], ""value"": ""sidewalk""}], ""level_lr"": [{""between"": [0.0, 1.0], ""value"": 0}], ""road_flags_lr"": [{""start"": 0.0, ""end"": 1.0, ""value"": []}]}","{""name"": ""CONGRESS STREET"", ""class"": ""tertiary""}"
1cfa3116-1483-4709-b1da-218992515363,us_boston_streets_8628,"LINESTRING (-71.0665568999999948 42.3496820000000014, -71.0665675999999991 42.3497314999999972, -71.0667349999999942 42.3505108000000021, -71.0667794999999956 42.3507178999999994, -71.0667961000000048 42.3507823999999999, -71.0668234000000041 42.3508586000000022, -71.0668309999999934 42.3508813999999987, -71.0668522999999936 42.3509355999999997)","LINESTRING (-71.0666949281645941 42.3502450977791014, -71.0667955134779987 42.3506763069648002, -71.0668139490485942 42.3507553383157997, -71.0668682313726947 42.3509704874712014)","{""name"": ""Charles Street South"", ""class"": ""primary"", ""names_lr"": [{""between"": [0.0, 1.0], ""value"": ""Charles Street South""}], ""subclass_lr"": [{""between"": [0.0, 1.0], ""value"": null}], ""level_lr"": [{""between"": [0.0, 1.0], ""value"": 0}], ""road_flags_lr"": [{""start"": 0.0, ""end"": 1.0, ""value"": []}]}","{""name"": ""CHARLES STREET SOUTH"", ""class"": ""tertiary""}"
368c52a1-e898-4c48-b250-77c5fb6b67a4,us_boston_streets_9223,"LINESTRING (-71.0578497000000056 42.3652840000000026, -71.0578119999999984 42.3652859999999976, -71.0574758000000060 42.3653041000000030, -71.0574150000000060 42.3653070000000014)","LINESTRING (-71.0583669829400009 42.3652705714010978, -71.0578482978663004 42.3652856706513035)","{""name"": ""Thacher Street"", ""class"": ""residential"", ""names_lr"": [{""between"": [0.0, 1.0], ""value"": ""Thacher Street""}], ""subclass_lr"": [{""between"": [0.0, 1.0], ""value"": null}], ""level_lr"": [{""between"": [0.0, 1.0], ""value"": 0}], ""road_flags_lr"": [{""start"": 0.0, ""end"": 1.0, ""value"": []}]}","{""name"": ""THACHER STREET"", ""class"": ""residential""}"
aaffd895-0185-4f22-94ee-1c1b6a7df070,us_boston_streets_5708,"LINESTRING (-71.0595813999999990 42.3631886000000009, -71.0596634000000051 42.3631371999999971, -71.0597029999999990 42.3631108000000012, -71.0597498000000058 42.3630758999999983, -71.0597996999999992 42.3630331000000027)","LINESTRING (-71.0597541896760987 42.3630820701106998, -71.0594098413132969 42.3631367846580034, -71.0591963413578043 42.3632486549743987)","{""name"": ""New Chardon Street"", ""class"": ""primary"", ""names_lr"": [{""between"": [0.0, 1.0], ""value"": ""New Chardon Street""}], ""subclass_lr"": [{""between"": [0.0, 1.0], ""value"": null}], ""level_lr"": [{""between"": [0.0, 1.0], ""value"": 0}], ""road_flags_lr"": [{""start"": 0.0, ""end"": 1.0, ""value"": []}]}","{""name"": ""NEW CHARDON STREET"", ""class"": ""tertiary""}"
3fc99059-079e-44fc-a9b9-aa006c924e04,us_boston_streets_3600,"LINESTRING (-71.0573229000000026 42.3567508000000004, -71.0573986999999931 42.3567492000000030, -71.0574356999999992 42.3567484000000007, -71.0578210999999982 42.3567403999999996)","LINESTRING (-71.0573602545626954 42.3567748334955994, -71.0568096717991011 42.3568137230834978)","{""name"": ""Milk Street"", ""class"": ""secondary"", ""names_lr"": [{""between"": [0.0, 1.0], ""value"": ""Milk Street""}], ""subclass_lr"": [{""between"": [0.0, 1.0], ""value"": null}], ""level_lr"": [{""between"": [0.0, 1.0], ""value"": 0}], ""road_flags_lr"": [{""start"": 0.0, ""end"": 1.0, ""value"": []}]}","{""name"": ""MILK STREET"", ""class"": ""tertiary""}"
73b04d61-5199-4263-bec2-f83b111b28c5,us_boston_streets_10619,"LINESTRING (-71.0531761000000017 42.3646736000000033, -71.0529965000000061 42.3646116999999975, -71.0523531000000048 42.3643898999999990)","LINESTRING (-71.0534611672869971 42.3647880078857000, -71.0531940930318058 42.3646673266851010, -71.0530030499351000 42.3646052431369995, -71.0523490310216062 42.3643927042135999, -71.0522689512763037 42.3643679757485998, -71.0520262824665991 42.3642930387149974, -71.0517884692823998 42.3642196010650025, -71.0516116485020035 42.3641676034433985, -71.0514037498827946 42.3641013966015976, -71.0510841696182069 42.3640032046700981)","{""name"": ""Fleet Street"", ""class"": ""residential"", ""names_lr"": [{""between"": [0.0, 1.0], ""value"": ""Fleet Street""}], ""subclass_lr"": [{""between"": [0.0, 1.0], ""value"": null}], ""level_lr"": [{""between"": [0.0, 1.0], ""value"": 0}], ""road_flags_lr"": [{""start"": 0.0, ""end"": 1.0, ""value"": []}]}","{""name"": ""FLEET STREET"", ""class"": ""residential""}"
01bb3500-1d0a-4dda-b3d9-8308808ac925,us_boston_streets_2069,"LINESTRING (-71.0546285000000069 42.3636673999999971, -71.0546156000000053 42.3636797999999999, -71.0545910999999961 42.3637022999999999, -71.0543030000000044 42.3639682000000022, -71.0542525000000040 42.3640145999999973, -71.0539449000000047 42.3642960000000031, -71.0539162999999974 42.3643220000000014)","LINESTRING (-71.0546619053008044 42.3636496355059009, -71.0543110533486981 42.3639708899807985)","{""name"": ""Hanover Street"", ""class"": ""secondary"", ""names_lr"": [{""between"": [0.0, 1.0], ""value"": ""Hanover Street""}], ""subclass_lr"": [{""between"": [0.0, 1.0], ""value"": null}], ""level_lr"": [{""between"": [0.0, 1.0], ""value"": 0}], ""road_flags_lr"": [{""start"": 0.0, ""end"": 1.0, ""value"": []}]}","{""name"": ""HANOVER STREET"", ""class"": ""tertiary""}"
8e56b798-50e2-4156-8108-e3baf22f460c,us_boston_streets_6974,"LINESTRING (-71.0542135000000030 42.3583519000000024, -71.0543502000000018 42.3586045999999996, -71.0543732000000006 42.3586486000000022)","LINESTRING (-71.0541331434977934 42.3582065847411968, -71.0542047912781953 42.3583714401991003)","{""name"": ""Broad Street"", ""class"": ""secondary"", ""names_lr"": [{""between"": [0.0, 1.0], ""value"": ""Broad Street""}], ""subclass_lr"": [{""between"": [0.0, 1.0], ""value"": null}], ""level_lr"": [{""between"": [0.0, 1.0], ""value"": 0}], ""road_flags_lr"": [{""start"": 0.0, ""end"": 1.0, ""value"": []}]}","{""name"": ""BROAD STREET"", ""class"": ""tertiary""}"
6fe9e79b-dae7-43a0-8294-85e3f5d52f29,us_boston_streets_563,"LINESTRING (-71.0668522999999936 42.3612352999999970, -71.0669720000000069 42.3612346999999971)","LINESTRING (-71.0663861277567008 42.3612303800139998, -71.0668479508435951 42.3612363489060968, -71.0669172238866054 42.3612372444834975)","{""name"": ""Cambridge Street"", ""class"": ""primary"", ""names_lr"": [{""between"": [0.0, 1.0], ""value"": ""Cambridge Street""}], ""subclass_lr"": [{""between"": [0.0, 1.0], ""value"": null}], ""level_lr"": [{""between"": [0.0, 1.0], ""value"": 0}], ""road_flags_lr"": [{""start"": 0.0, ""end"": 1.0, ""value"": []}]}","{""name"": ""CAMBRIDGE STREET"", ""class"": ""tertiary""}"
b64e0f08-ca08-4f21-bbf5-7a32bc47f667,us_boston_streets_580,"LINESTRING (-71.0633552000000037 42.3639848999999984, -71.0633469999999932 42.3639987000000033, -71.0633390999999932 42.3640132000000023, -71.0633336000000071 42.3640252000000004, -71.0633269000000070 42.3640467999999970, -71.0633234999999956 42.3640664999999998, -71.0633219000000054 42.3640854000000004, -71.0633241000000027 42.3642077000000015, -71.0633253999999965 42.3642334000000034, -71.0633267999999987 42.3642551000000012, -71.0633291999999983 42.3642757000000003)","LINESTRING (-71.0634129081700934 42.3638932588971997, -71.0633691477796958 42.3640089663307009)","{""name"": ""Staniford Street"", ""class"": ""primary"", ""names_lr"": [{""between"": [0.0, 1.0], ""value"": ""Staniford Street""}], ""subclass_lr"": [{""between"": [0.0, 1.0], ""value"": null}], ""level_lr"": [{""between"": [0.0, 1.0], ""value"": 0}], ""road_flags_lr"": [{""start"": 0.0, ""end"": 1.0, ""value"": []}]}","{""name"": ""STANIFORD STREET"", ""class"": ""tertiary""}"
d7492f93-09f2-41db-b65d-c6fdda4d5b02,us_boston_streets_3388,"LINESTRING (-71.0802922999999964 42.3511298999999966, -71.0802591000000064 42.3510630999999975, -71.0800852999999933 42.3507042000000027, -71.0799324000000041 42.3503899999999973, -71.0798941000000042 42.3503114000000025)","LINESTRING (-71.0800782324268994 42.3507185506954968, -71.0798700868898976 42.3503082785360974)","{""name"": ""Exeter Street"", ""class"": ""secondary"", ""names_lr"": [{""between"": [0.0, 1.0], ""value"": ""Exeter Street""}], ""subclass_lr"": [{""between"": [0.0, 1.0], ""value"": null}], ""level_lr"": [{""between"": [0.0, 1.0], ""value"": 0}], ""road_flags_lr"": [{""start"": 0.0, ""end"": 1.0, ""value"": []}]}","{""name"": ""EXETER STREET"", ""class"": ""tertiary""}"
44538cf4-9d1b-41ec-ad2e-0603d359bbfb,us_boston_streets_8071,"LINESTRING (-71.0723531000000008 42.3552553000000032, -71.0722516000000013 42.3550447000000005, -71.0721089999999975 42.3547531999999975, -71.0720957999999996 42.3547267000000005, -71.0720629000000059 42.3546548999999999)","LINESTRING (-71.0725111414494961 42.3554621061944019, -71.0724255633825948 42.3552821449467984, -71.0722962558991043 42.3550102255542029)","{""name"": ""Arlington Street"", ""class"": ""primary"", ""names_lr"": [{""between"": [0.0, 1.0], ""value"": ""Arlington Street""}], ""subclass_lr"": [{""between"": [0.0, 1.0], ""value"": null}], ""level_lr"": [{""between"": [0.0, 1.0], ""value"": 0}], ""road_flags_lr"": [{""start"": 0.0, ""end"": 1.0, ""value"": []}]}","{""name"": ""ARLINGTON STREET"", ""class"": ""primary""}"
81c8bebf-74ab-4f60-8011-801699f91321,us_boston_streets_3662,"LINESTRING (-71.0528055000000052 42.3564247999999992, -71.0526954000000046 42.3564661999999998, -71.0525875999999954 42.3564962000000023, -71.0523469999999975 42.3565449999999970, -71.0517482000000058 42.3566654999999983, -71.0516551999999990 42.3566760000000002, -71.0516279999999938 42.3566789999999997, -71.0515240000000006 42.3566835000000026)","LINESTRING (-71.0521766378602990 42.3565800510695993, -71.0520258067499952 42.3566124404084974, -71.0519172075259036 42.3566357607152000, -71.0518957969446063 42.3566396385743005, -71.0518361569778989 42.3566504419473020, -71.0516679410599039 42.3566809111685032, -71.0516281790094979 42.3566881133339024, -71.0514922258159061 42.3566875832007028)","{""name"": ""High Street"", ""class"": ""secondary"", ""names_lr"": [{""between"": [0.0, 1.0], ""value"": ""High Street""}], ""subclass_lr"": [{""between"": [0.0, 1.0], ""value"": null}], ""level_lr"": [{""between"": [0.0, 1.0], ""value"": 0}], ""road_flags_lr"": [{""start"": 0.0, ""end"": 1.0, ""value"": []}]}","{""name"": ""HIGH STREET"", ""class"": ""tertiary""}"
b142c74e-a09c-46a7-be25-42553f7729ef,us_boston_streets_2936,"LINESTRING (-71.0650387999999964 42.3593467000000032, -71.0650358999999980 42.3593897000000013, -71.0650772999999987 42.3600648000000035)","LINESTRING (-71.0650812585258933 42.3588413209195025, -71.0650548046062056 42.3593506294422966, -71.0650653772156033 42.3597465351382994, -71.0650708489710041 42.3599514213580974, -71.0650799260701973 42.3600775620233989)","{""name"": ""Joy Street"", ""class"": ""residential"", ""names_lr"": [{""between"": [0.0, 1.0], ""value"": ""Joy Street""}], ""subclass_lr"": [{""between"": [0.0, 1.0], ""value"": null}], ""level_lr"": [{""between"": [0.0, 1.0], ""value"": 0}], ""road_flags_lr"": [{""start"": 0.0, ""end"": 1.0, ""value"": []}]}","{""name"": ""JOY STREET"", ""class"": ""residential""}"
6afa9617-3757-4606-826d-f24285a1d1dc,us_boston_streets_1667,"LINESTRING (-71.0669058999999947 42.3603286000000026, -71.0669091999999978 42.3603778000000020, -71.0669297000000029 42.3606496000000021, -71.0669611999999944 42.3610200999999975, -71.0669613000000027 42.3610370999999972, -71.0669604999999933 42.3610557000000014, -71.0669587000000007 42.3610747999999973, -71.0669556000000000 42.3610939000000002, -71.0669517000000042 42.3611092000000014, -71.0669460000000015 42.3611258000000035)","LINESTRING (-71.0669474392471017 42.3606550048758024, -71.0669566811254043 42.3609333687883023, -71.0669637481459944 42.3611462347135017)","{""name"": ""Garden Street"", ""class"": ""residential"", ""names_lr"": [{""between"": [0.0, 1.0], ""value"": ""Garden Street""}], ""subclass_lr"": [{""between"": [0.0, 1.0], ""value"": null}], ""level_lr"": [{""between"": [0.0, 1.0], ""value"": 0}], ""road_flags_lr"": [{""start"": 0.0, ""end"": 1.0, ""value"": []}]}","{""name"": ""GARDEN STREET"", ""class"": ""residential""}"
26a375ed-b74b-4da6-9535-be408b0e6a6a,us_boston_streets_10417,"LINESTRING (-71.0585449999999952 42.3669043000000016, -71.0585324000000043 42.3668592000000004, -71.0585267000000016 42.3668337000000008, -71.0585210999999930 42.3668037999999996, -71.0585195000000027 42.3667943000000022, -71.0585154000000045 42.3667694000000026, -71.0585114000000004 42.3667415999999974, -71.0585080000000033 42.3667094999999989, -71.0584953999999982 42.3665599999999998, -71.0584790999999996 42.3663657000000029)","LINESTRING (-71.0584308417718944 42.3659501020039997, -71.0584571709260047 42.3661613218130029, -71.0585025195066038 42.3666915033355025, -71.0585216131036930 42.3668406852070021, -71.0585257703459945 42.3668731601864010, -71.0585323529609951 42.3669300288042976)","{""name"": ""North Washington Street"", ""class"": ""primary"", ""names_lr"": [{""between"": [0.0, 1.0], ""value"": ""North Washington Street""}], ""subclass_lr"": [{""between"": [0.0, 1.0], ""value"": null}], ""level_lr"": [{""between"": [0.0, 1.0], ""value"": 0}], ""road_flags_lr"": [{""start"": 0.0, ""end"": 1.0, ""value"": []}]}","{""name"": ""NORTH WASHINGTON STREET"", ""class"": ""tertiary""}"
99e3e5fd-87c8-43c0-9bac-e22fa664d82a,us_boston_streets_3550,"LINESTRING (-71.0601939000000016 42.3660039999999967, -71.0602238999999969 42.3659985000000034, -71.0602578000000022 42.3659907999999987, -71.0602918999999957 42.3659808999999967, -71.0603263999999939 42.3659692000000021, -71.0604198999999994 42.3659285999999966, -71.0604608000000013 42.3659104999999983, -71.0605177000000054 42.3658860999999973, -71.0606276999999977 42.3658399999999986, -71.0606539000000055 42.3658287000000016, -71.0606814000000071 42.3658163999999999, -71.0607133999999974 42.3658006000000000)","LINESTRING (-71.0607147609073024 42.3658084073203014, -71.0602608893570959 42.3660352339096988, -71.0602430589195961 42.3660441452241017, -71.0597932889496064 42.3662219045870003)","{""name"": ""Causeway Street"", ""class"": ""secondary"", ""names_lr"": [{""between"": [0.0, 1.0], ""value"": ""Causeway Street""}], ""subclass_lr"": [{""between"": [0.0, 1.0], ""value"": null}], ""level_lr"": [{""between"": [0.0, 1.0], ""value"": 0}], ""road_flags_lr"": [{""start"": 0.0, ""end"": 1.0, ""value"": []}]}","{""name"": ""CAUSEWAY STREET"", ""class"": ""tertiary""}"
4c5b9443-faa3-4ad1-b93d-4e0d857d54ef,us_boston_streets_6514,"LINESTRING (-71.0613280000000032 42.3608687999999987, -71.0612847999999957 42.3608545000000021, -71.0611399000000006 42.3608045000000004, -71.0611195000000038 42.3607979000000014, -71.0610774999999961 42.3607824999999991, -71.0610443000000060 42.3607695999999976, -71.0610108000000054 42.3607551999999998, -71.0609508000000005 42.3607281000000029, -71.0608866999999975 42.3606966999999983, -71.0608218999999934 42.3606649000000033, -71.0607648999999952 42.3606339999999975, -71.0607090999999969 42.3606018999999989, -71.0606580999999977 42.3605710000000002, -71.0605981000000071 42.3605318999999980, -71.0605434999999943 42.3604933000000017, -71.0604900999999956 42.3604545999999971, -71.0604306999999977 42.3604058000000023, -71.0603358999999983 42.3603214999999977, -71.0602844000000005 42.3602697999999975, -71.0602334000000013 42.3602160000000012, -71.0601774999999947 42.3601553000000024, -71.0601338999999967 42.3600972999999996, -71.0600866000000053 42.3600313999999969, -71.0600376000000011 42.3599608000000032, -71.0599811999999957 42.3598611000000034, -71.0599512000000004 42.3598002000000022, -71.0599342999999948 42.3597626000000034, -71.0599176000000057 42.3597228000000001, -71.0598964999999936 42.3596677999999969, -71.0598841000000050 42.3596268000000009, -71.0598748000000029 42.3595924999999980, -71.0598715999999939 42.3595807000000022, -71.0598583999999960 42.3595302000000018, -71.0598492000000022 42.3594845000000007, -71.0598415000000045 42.3594448999999997, -71.0598355000000055 42.3594061000000011, -71.0598307000000062 42.3593637999999970, -71.0598274999999973 42.3593256999999994, -71.0598245999999989 42.3592756999999978, -71.0598181999999952 42.3591799000000009, -71.0598140000000029 42.3591133999999983, -71.0598131999999936 42.3590912000000017, -71.0598130000000054 42.3590646000000035, -71.0598147999999981 42.3590384000000029)","LINESTRING (-71.0598753371503022 42.3594801055516967, -71.0598789994462976 42.3595308842479028, -71.0599247701071022 42.3596697077334028, -71.0599543586728970 42.3597594529673032, -71.0600820597525029 42.3599859351093002, -71.0602162005256019 42.3601713578694969, -71.0603658000626979 42.3603477034099001, -71.0604889930725960 42.3604563954553015, -71.0607117390056970 42.3606183948196033, -71.0609159186325030 42.3607236216844996, -71.0611304619476982 42.3608173397071965, -71.0613286565690032 42.3608900731266971)","{""name"": ""Cambridge Street"", ""class"": ""primary"", ""names_lr"": [{""between"": [0.0, 1.0], ""value"": ""Cambridge Street""}], ""subclass_lr"": [{""between"": [0.0, 1.0], ""value"": null}], ""level_lr"": [{""between"": [0.0, 1.0], ""value"": 0}], ""road_flags_lr"": [{""start"": 0.0, ""end"": 1.0, ""value"": []}]}","{""name"": ""CAMBRIDGE STREET"", ""class"": ""tertiary""}"
70fa4312-800c-4b83-a9c6-f4b9ad8d0983,us_boston_streets_10842,"LINESTRING (-71.0584365999999932 42.3638765999999976, -71.0584302000000037 42.3638290000000026, -71.0584214000000003 42.3637828999999968, -71.0584048000000053 42.3637165999999965)","LINESTRING (-71.0583938635135013 42.3638215541085970, -71.0583946900079013 42.3637031673816011, -71.0583832684827996 42.3636350598221014, -71.0583557209927932 42.3635816595936987, -71.0583029825988035 42.3635156981072001)","{""name"": ""John F. Fitzgerald Surface Road"", ""class"": ""primary"", ""names_lr"": [{""between"": [0.0, 1.0], ""value"": ""John F. Fitzgerald Surface Road""}], ""subclass_lr"": [{""between"": [0.0, 1.0], ""value"": null}], ""level_lr"": [{""between"": [0.0, 1.0], ""value"": 0}], ""road_flags_lr"": [{""start"": 0.0, ""end"": 1.0, ""value"": []}]}","{""name"": ""JOHN F FITZGERALD SURFACE ROAD"", ""class"": ""tertiary""}"
ad250dac-f1bc-4731-b8d5-d2884a1e7f25,us_boston_streets_2678,"LINESTRING (-71.0570004000000068 42.3674176000000031, -71.0567139999999995 42.3671746999999996, -71.0566850999999957 42.3671531999999971, -71.0566639000000038 42.3671398999999980, -71.0566419999999965 42.3671300999999971, -71.0566129000000046 42.3671195000000012, -71.0565868000000052 42.3671098000000015, -71.0565414999999945 42.3670937999999992, -71.0564978999999965 42.3670817000000000)","LINESTRING (-71.0573988192017936 42.3677622751892997, -71.0570007173023015 42.3674231765602016, -71.0567113855705941 42.3671870476926031, -71.0566195526581055 42.3671354177694965, -71.0565533905448063 42.3671202044085007, -71.0565045070870980 42.3671071976200011)","{""name"": ""Hull Street"", ""class"": ""residential"", ""names_lr"": [{""between"": [0.0, 1.0], ""value"": ""Hull Street""}], ""subclass_lr"": [{""between"": [0.0, 1.0], ""value"": null}], ""level_lr"": [{""between"": [0.0, 1.0], ""value"": 0}], ""road_flags_lr"": [{""start"": 0.0, ""end"": 1.0, ""value"": []}]}","{""name"": ""HULL STREET"", ""class"": ""residential""}"
c19abe7b-e4c6-4987-a0e7-973d5827a4fb,us_boston_streets_9569,"LINESTRING (-71.0521200000000022 42.3636759999999981, -71.0520771999999994 42.3636362000000020, -71.0519101999999947 42.3634811000000013)","LINESTRING (-71.0515876631433940 42.3631898380745966, -71.0519175246840007 42.3634894221891969, -71.0519771947003989 42.3635467582416965, -71.0521206843561970 42.3636846365405972)","{""name"": ""Lewis Street"", ""class"": ""residential"", ""names_lr"": [{""between"": [0.0, 1.0], ""value"": ""Lewis Street""}], ""subclass_lr"": [{""between"": [0.0, 1.0], ""value"": null}], ""level_lr"": [{""between"": [0.0, 1.0], ""value"": 0}], ""road_flags_lr"": [{""start"": 0.0, ""end"": 1.0, ""value"": []}]}","{""name"": ""LEWIS STREET"", ""class"": ""residential""}"
d9974e76-25db-48a9-9e17-5a4ecf11a415,us_boston_streets_2573,"LINESTRING (-71.0594329000000045 42.3528086000000030, -71.0595062000000013 42.3527154000000010, -71.0595311999999950 42.3527028999999970, -71.0595914999999962 42.3526925000000034, -71.0596618999999947 42.3526895999999979, -71.0597584000000069 42.3527006999999998, -71.0598183000000034 42.3527222000000023, -71.0605110000000053 42.3530568999999986, -71.0606429000000048 42.3531205999999969, -71.0606999999999971 42.3531531000000001)","LINESTRING (-71.0613484492088929 42.3534857268673974, -71.0607213093225027 42.3531683010843025, -71.0601940661721017 42.3529056144572991, -71.0598655172585012 42.3527419195836003, -71.0597697494508935 42.3526932631462998, -71.0596737625584041 42.3526768038285013, -71.0594257167001047 42.3526804497652023)","{""name"": ""Avenue De Lafayette"", ""class"": ""residential"", ""names_lr"": [{""between"": [0.0, 1.0], ""value"": ""Avenue De Lafayette""}], ""subclass_lr"": [{""between"": [0.0, 1.0], ""value"": null}], ""level_lr"": [{""between"": [0.0, 1.0], ""value"": 0}], ""road_flags_lr"": [{""start"": 0.0, ""end"": 1.0, ""value"": []}]}","{""name"": ""AVENUE DE LAFAYETTE"", ""class"": ""residential""}"
7fabb7d2-c6cb-41db-8529-2297ff52c39e,us_boston_streets_6842,"LINESTRING (-71.0790929000000062 42.3501005000000035, -71.0776697000000013 42.3504744999999971, -71.0775526000000042 42.3505043999999984)","LINESTRING (-71.0796822189647060 42.3499226994420965, -71.0775554053470984 42.3504981307534010)","{""name"": ""Public Alley 440"", ""class"": ""service"", ""subclass"": ""alley"", ""names_lr"": [{""between"": [0.0, 1.0], ""value"": ""Public Alley 440""}], ""subclass_lr"": [{""between"": [0.0, 1.0], ""value"": ""alley""}], ""level_lr"": [{""between"": [0.0, 1.0], ""value"": 0}], ""road_flags_lr"": [{""start"": 0.0, ""end"": 1.0, ""value"": []}]}","{""name"": ""PUBLIC ALLEY NO 440"", ""class"": ""residential""}"
421e2ef2-194f-455d-a149-5948eba7432a,us_boston_streets_2089,"LINESTRING (-71.0617320000000063 42.3543480000000017, -71.0617766999999958 42.3543711000000016, -71.0626577000000026 42.3548274999999990)","LINESTRING (-71.0633613965583066 42.3551513290124007, -71.0626938422117007 42.3548452574690018, -71.0623292951791967 42.3546599105076993, -71.0617330476810025 42.3543564049227967)","{""name"": ""West Street"", ""class"": ""residential"", ""names_lr"": [{""between"": [0.0, 1.0], ""value"": ""West Street""}], ""subclass_lr"": [{""between"": [0.0, 1.0], ""value"": null}], ""level_lr"": [{""between"": [0.0, 1.0], ""value"": 0}], ""road_flags_lr"": [{""start"": 0.0, ""end"": 1.0, ""value"": []}]}","{""name"": ""WEST STREET"", ""class"": ""residential""}"
137082c6-b29f-4726-bdc4-678ece2c3f0c,us_boston_streets_9793,"LINESTRING (-71.0536345999999952 42.3636312000000004, -71.0534267999999969 42.3637463000000025, -71.0532793999999939 42.3638280999999992, -71.0531689999999969 42.3638892000000027, -71.0531536999999958 42.3638981000000001, -71.0530889999999999 42.3639356999999990)","LINESTRING (-71.0538264520145049 42.3633120073877976, -71.0538039489201054 42.3633450021492024, -71.0537085780831035 42.3634848577012022, -71.0536616408624013 42.3635700203571020, -71.0536153890229940 42.3636538622264993, -71.0535282589418955 42.3638546173110981, -71.0535153764307950 42.3638881139078975, -71.0534519542823944 42.3640530177808969)","{""name"": ""North Square"", ""class"": ""residential"", ""names_lr"": [{""between"": [0.0, 0.851164334], ""value"": ""North Square""}, {""between"": [0.851164334, 1.0], ""value"": ""Moon Street""}], ""subclass_lr"": [{""between"": [0.0, 1.0], ""value"": null}], ""level_lr"": [{""between"": [0.0, 1.0], ""value"": 0}], ""road_flags_lr"": [{""start"": 0.0, ""end"": 1.0, ""value"": []}]}","{""name"": ""NORTH SQUARE"", ""class"": ""residential""}"
ee1b1797-1b7d-45cf-b0ed-ef34b4b54a58,us_boston_streets_9384,"LINESTRING (-71.0564274000000040 42.3677898999999982, -71.0563905000000062 42.3680488999999980, -71.0563850000000059 42.3680850000000007)","LINESTRING (-71.0565045070870980 42.3671071976200011, -71.0564639246906040 42.3674819233282989, -71.0564274892893053 42.3678183549866034)","{""name"": ""Snow Hill Street"", ""class"": ""residential"", ""names_lr"": [{""between"": [0.0, 1.0], ""value"": ""Snow Hill Street""}], ""subclass_lr"": [{""between"": [0.0, 1.0], ""value"": null}], ""level_lr"": [{""between"": [0.0, 1.0], ""value"": 0}], ""road_flags_lr"": [{""start"": 0.0, ""end"": 1.0, ""value"": []}]}","{""name"": ""SNOW HILL STREET"", ""class"": ""residential""}"
1cfa3116-1483-4709-b1da-218992515363,us_boston_streets_41,"LINESTRING (-71.0665568999999948 42.3496820000000014, -71.0665675999999991 42.3497314999999972, -71.0667349999999942 42.3505108000000021, -71.0667794999999956 42.3507178999999994, -71.0667961000000048 42.3507823999999999, -71.0668234000000041 42.3508586000000022, -71.0668309999999934 42.3508813999999987, -71.0668522999999936 42.3509355999999997)","LINESTRING (-71.0665918985840932 42.3497276024550970, -71.0666949281645941 42.3502450977791014)","{""name"": ""Charles Street South"", ""class"": ""primary"", ""names_lr"": [{""between"": [0.0, 1.0], ""value"": ""Charles Street South""}], ""subclass_lr"": [{""between"": [0.0, 1.0], ""value"": null}], ""level_lr"": [{""between"": [0.0, 1.0], ""value"": 0}], ""road_flags_lr"": [{""start"": 0.0, ""end"": 1.0, ""value"": []}]}","{""name"": ""CHARLES STREET SOUTH"", ""class"": ""tertiary""}"
5f52792a-05dc-4f25-9470-cd748c56451f,us_boston_streets_8462,"LINESTRING (-71.0563276000000030 42.3568244000000007, -71.0562129999999996 42.3568392000000031, -71.0561373999999972 42.3568489999999969, -71.0558393000000024 42.3568901000000011, -71.0557500000000033 42.3569024000000027)","LINESTRING (-71.0568096717991011 42.3568137230834978, -71.0563437849452981 42.3568312911043989)","{""name"": ""Milk Street"", ""class"": ""secondary"", ""names_lr"": [{""between"": [0.0, 1.0], ""value"": ""Milk Street""}], ""subclass_lr"": [{""between"": [0.0, 1.0], ""value"": null}], ""level_lr"": [{""between"": [0.0, 1.0], ""value"": 0}], ""road_flags_lr"": [{""start"": 0.0, ""end"": 1.0, ""value"": []}]}","{""name"": ""MILK STREET"", ""class"": ""tertiary""}"
5073c2da-65b5-4a67-bc9b-75aaf3ddc953,us_boston_streets_9901,"LINESTRING (-71.0634952000000055 42.3523093000000017, -71.0633365000000055 42.3523197999999965, -71.0632291000000009 42.3523265999999978, -71.0627608000000066 42.3523720999999966, -71.0627405000000039 42.3523740999999987, -71.0627159999999947 42.3523764999999983, -71.0626658000000049 42.3523829000000021, -71.0625912000000000 42.3523922999999982)","LINESTRING (-71.0635564501749002 42.3523202557508966, -71.0632685795875005 42.3523244916533983)","{""name"": ""Boylston Street"", ""class"": ""primary"", ""names_lr"": [{""between"": [0.0, 1.0], ""value"": ""Boylston Street""}], ""subclass_lr"": [{""between"": [0.0, 1.0], ""value"": null}], ""level_lr"": [{""between"": [0.0, 1.0], ""value"": 0}], ""road_flags_lr"": [{""start"": 0.0, ""end"": 1.0, ""value"": []}]}","{""name"": ""BOYLSTON STREET"", ""class"": ""tertiary""}"
92ef6dd3-5690-4d46-bb26-2bbf5df897dd,us_boston_streets_738,"LINESTRING (-71.0524656999999991 42.3577604999999977, -71.0522974999999946 42.3580200999999974, -71.0522701000000012 42.3580621999999991, -71.0523479999999950 42.3580978000000030, -71.0523871000000042 42.3581138999999993, -71.0524317999999937 42.3581318000000024, -71.0528041000000030 42.3582733000000005)","LINESTRING (-71.0518962083149006 42.3578008522386966, -71.0521906185202994 42.3580289570210979, -71.0522721491433060 42.3580921246875022)","{""name"": ""India Street"", ""class"": ""residential"", ""names_lr"": [{""between"": [0.0, 0.427185369], ""value"": ""Franklin Street""}, {""between"": [0.427185369, 1.0], ""value"": ""India Street""}], ""subclass_lr"": [{""between"": [0.0, 1.0], ""value"": null}], ""level_lr"": [{""between"": [0.0, 1.0], ""value"": 0}], ""road_flags_lr"": [{""start"": 0.0, ""end"": 1.0, ""value"": []}]}","{""name"": ""INDIA STREET"", ""class"": ""tertiary""}"
0be77255-f8cb-422a-a629-0c7df4414a52,us_boston_streets_6171,"LINESTRING (-71.0663801000000035 42.3611307999999980, -71.0661419000000052 42.3611293000000018, -71.0660713999999984 42.3611277999999984, -71.0660019999999975 42.3611274000000009)","LINESTRING (-71.0651562474244969 42.3611383175135998, -71.0655367816143979 42.3611382242466021, -71.0656629590851026 42.3611381930587996, -71.0658992913207044 42.3611381337130979, -71.0660094460795051 42.3611381064884966)","{""name"": ""Cambridge Street"", ""class"": ""primary"", ""names_lr"": [{""between"": [0.0, 1.0], ""value"": ""Cambridge Street""}], ""subclass_lr"": [{""between"": [0.0, 1.0], ""value"": null}], ""level_lr"": [{""between"": [0.0, 1.0], ""value"": 0}], ""road_flags_lr"": [{""start"": 0.0, ""end"": 1.0, ""value"": []}]}","{""name"": ""CAMBRIDGE STREET"", ""class"": ""tertiary""}"
22e41ab0-d13c-47f4-a82d-f10ddb3727fc,us_boston_streets_1768,"LINESTRING (-71.0591486999999944 42.3544888999999998, -71.0590336000000065 42.3544041000000036, -71.0586785999999933 42.3541334000000020, -71.0586219999999997 42.3540903000000029)","LINESTRING (-71.0580451186894066 42.3537145237500994, -71.0586624510115001 42.3541032115752998)","{""name"": ""Summer Street"", ""class"": ""secondary"", ""names_lr"": [{""between"": [0.0, 1.0], ""value"": ""Summer Street""}], ""subclass_lr"": [{""between"": [0.0, 1.0], ""value"": null}], ""level_lr"": [{""between"": [0.0, 1.0], ""value"": 0}], ""road_flags_lr"": [{""start"": 0.0, ""end"": 1.0, ""value"": []}]}","{""name"": ""SUMMER STREET"", ""class"": ""tertiary""}"
0be77255-f8cb-422a-a629-0c7df4414a52,us_boston_streets_10051,"LINESTRING (-71.0663801000000035 42.3611307999999980, -71.0661419000000052 42.3611293000000018, -71.0660713999999984 42.3611277999999984, -71.0660019999999975 42.3611274000000009)","LINESTRING (-71.0663898339234947 42.3611683919274995, -71.0665208360654930 42.3611633345644023, -71.0668473001072982 42.3611507306966004, -71.0669637481459944 42.3611462347135017)","{""name"": ""Cambridge Street"", ""class"": ""primary"", ""names_lr"": [{""between"": [0.0, 1.0], ""value"": ""Cambridge Street""}], ""subclass_lr"": [{""between"": [0.0, 1.0], ""value"": null}], ""level_lr"": [{""between"": [0.0, 1.0], ""value"": 0}], ""road_flags_lr"": [{""start"": 0.0, ""end"": 1.0, ""value"": []}]}","{""name"": ""CAMBRIDGE STREET"", ""class"": ""tertiary""}"
f3d1b65f-ce63-41d5-976d-4693e5be8d7d,us_boston_streets_3645,"LINESTRING (-71.0650892999999968 42.3576896000000005, -71.0650870000000054 42.3572605999999965, -71.0650868999999972 42.3572321999999986, -71.0650859999999938 42.3571645000000032)","LINESTRING (-71.0651044718452027 42.3576552543894991, -71.0650953361099056 42.3580493859547005)","{""name"": ""Joy Street"", ""class"": ""residential"", ""names_lr"": [{""between"": [0.0, 1.0], ""value"": ""Joy Street""}], ""subclass_lr"": [{""between"": [0.0, 1.0], ""value"": null}], ""level_lr"": [{""between"": [0.0, 1.0], ""value"": 0}], ""road_flags_lr"": [{""start"": 0.0, ""end"": 1.0, ""value"": []}]}","{""name"": ""JOY STREET"", ""class"": ""residential""}"
aaffd895-0185-4f22-94ee-1c1b6a7df070,us_boston_streets_1007,"LINESTRING (-71.0595813999999990 42.3631886000000009, -71.0596634000000051 42.3631371999999971, -71.0597029999999990 42.3631108000000012, -71.0597498000000058 42.3630758999999983, -71.0597996999999992 42.3630331000000027)","LINESTRING (-71.0589692954922043 42.3635587905820969, -71.0595705239170030 42.3631914921882995)","{""name"": ""New Chardon Street"", ""class"": ""primary"", ""names_lr"": [{""between"": [0.0, 1.0], ""value"": ""New Chardon Street""}], ""subclass_lr"": [{""between"": [0.0, 1.0], ""value"": null}], ""level_lr"": [{""between"": [0.0, 1.0], ""value"": 0}], ""road_flags_lr"": [{""start"": 0.0, ""end"": 1.0, ""value"": []}]}","{""name"": ""NEW CHARDON STREET"", ""class"": ""tertiary""}"
371a13b6-75de-4135-89aa-01f4664a69b9,us_boston_streets_5128,"LINESTRING (-71.0507709999999975 42.3566823000000028, -71.0507719000000009 42.3567419999999970, -71.0507798999999949 42.3569225999999972, -71.0507850000000047 42.3569760999999971, -71.0507912000000061 42.3570293000000007, -71.0508015999999998 42.3570903000000030, -71.0508094999999997 42.3571292000000028, -71.0508193000000006 42.3571706000000034, -71.0508293999999978 42.3572016000000033, -71.0508405000000067 42.3572302999999977, -71.0508552000000009 42.3572619999999986, -71.0508698999999950 42.3572922999999975, -71.0508872000000054 42.3573252999999994, -71.0509078999999986 42.3573572999999968, -71.0509268999999932 42.3573848999999996, -71.0509468999999996 42.3574095000000028, -71.0509863999999993 42.3574545000000029, -71.0510340999999954 42.3575051999999985, -71.0511551000000026 42.3576207999999994, -71.0511802000000046 42.3576454000000027, -71.0512066999999945 42.3576727000000020, -71.0512260999999938 42.3576939000000010, -71.0512434000000042 42.3577139000000003, -71.0512602000000015 42.3577352000000005, -71.0512746999999933 42.3577571000000006, -71.0512860000000046 42.3577768999999975, -71.0512963000000042 42.3577962000000028, -71.0513160999999940 42.3578405000000018, -71.0513365999999991 42.3578907999999998)","LINESTRING (-71.0507849489268040 42.3570407124134007, -71.0508094736518956 42.3571605487756031, -71.0508973910544057 42.3573434748451021)","{""name"": ""Atlantic Avenue"", ""class"": ""primary"", ""names_lr"": [{""between"": [0.0, 1.0], ""value"": ""Atlantic Avenue""}], ""subclass_lr"": [{""between"": [0.0, 1.0], ""value"": null}], ""level_lr"": [{""between"": [0.0, 1.0], ""value"": 0}], ""road_flags_lr"": [{""start"": 0.0, ""end"": 1.0, ""value"": []}]}","{""name"": ""ATLANTIC AVENUE"", ""class"": ""tertiary""}"
7db34ba7-2a30-4f5e-b6ab-0ea56557d560,us_boston_streets_3363,"LINESTRING (-71.0713207999999952 42.3557597000000001, -71.0720450999999969 42.3555701000000013)","LINESTRING (-71.0720407092948960 42.3555863971999003, -71.0723211618393975 42.3555123004642979, -71.0725111414494961 42.3554621061944019)","{""name"": ""Beacon Street"", ""class"": ""primary"", ""names_lr"": [{""between"": [0.0, 1.0], ""value"": ""Beacon Street""}], ""subclass_lr"": [{""between"": [0.0, 1.0], ""value"": null}], ""level_lr"": [{""between"": [0.0, 1.0], ""value"": 0}], ""road_flags_lr"": [{""start"": 0.0, ""end"": 1.0, ""value"": []}]}","{""name"": ""BEACON STREET"", ""class"": ""primary""}"
726940dd-75a4-4716-9b65-6ee2ff806e5f,us_boston_streets_3194,"LINESTRING (-71.0573229000000026 42.3567508000000004, -71.0572320999999931 42.3567567999999994, -71.0567606999999981 42.3567881000000028)","LINESTRING (-71.0578282865491957 42.3567927257743975, -71.0573602545626954 42.3567748334955994)","{""name"": ""Milk Street"", ""class"": ""secondary"", ""names_lr"": [{""between"": [0.0, 1.0], ""value"": ""Milk Street""}], ""subclass_lr"": [{""between"": [0.0, 1.0], ""value"": null}], ""level_lr"": [{""between"": [0.0, 1.0], ""value"": 0}], ""road_flags_lr"": [{""start"": 0.0, ""end"": 1.0, ""value"": []}]}","{""name"": ""MILK STREET"", ""class"": ""tertiary""}"
f4613d56-5202-4962-b602-24848e5fd3e4,us_boston_streets_7755,"LINESTRING (-71.0578210999999982 42.3567403999999996, -71.0580601000000058 42.3567461000000023)","LINESTRING (-71.0587541225475974 42.3570312037223999, -71.0584557950544990 42.3569091154063031, -71.0582355097132989 42.3568401822134035, -71.0580515722352999 42.3568074026306007, -71.0579937922132956 42.3567976158784987)","{""name"": ""Milk Street"", ""class"": ""secondary"", ""names_lr"": [{""between"": [0.0, 1.0], ""value"": ""Milk Street""}], ""subclass_lr"": [{""between"": [0.0, 1.0], ""value"": null}], ""level_lr"": [{""between"": [0.0, 1.0], ""value"": 0}], ""road_flags_lr"": [{""start"": 0.0, ""end"": 1.0, ""value"": []}]}","{""name"": ""MILK STREET"", ""class"": ""tertiary""}"
d496ff26-2d0a-41fb-b8dc-b7c979ebe8a8,us_boston_streets_7021,"LINESTRING (-71.0564128000000039 42.3575840999999969, -71.0564169000000021 42.3576127999999983, -71.0564222999999942 42.3576395999999988, -71.0564530999999988 42.3577421999999970, -71.0565502000000038 42.3580609999999993)","LINESTRING (-71.0563437849452981 42.3568312911043989, -71.0564027643479932 42.3574914068378021, -71.0564076795623976 42.3575464155769978, -71.0564090448255001 42.3575616969823017, -71.0564128671013009 42.3576044818539970)","{""name"": ""Congress Street"", ""class"": ""primary"", ""names_lr"": [{""between"": [0.0, 1.0], ""value"": ""Congress Street""}], ""subclass_lr"": [{""between"": [0.0, 1.0], ""value"": null}], ""level_lr"": [{""between"": [0.0, 1.0], ""value"": 0}], ""road_flags_lr"": [{""start"": 0.0, ""end"": 1.0, ""value"": []}]}","{""name"": ""CONGRESS STREET"", ""class"": ""tertiary""}"
07bfc071-15ec-4e6f-a598-d02d8ace9a50,us_boston_streets_6564,"LINESTRING (-71.0698746999999997 42.3570179000000024, -71.0698510999999939 42.3569741000000022, -71.0698225000000008 42.3569214999999986, -71.0697782000000018 42.3568400999999994, -71.0697052999999954 42.3567061999999979)","LINESTRING (-71.0696971084034033 42.3567089760914968, -71.0694520949546984 42.3562254213820992)","{""name"": ""Charles Street"", ""class"": ""primary"", ""names_lr"": [{""between"": [0.0, 1.0], ""value"": ""Charles Street""}], ""subclass_lr"": [{""between"": [0.0, 1.0], ""value"": null}], ""level_lr"": [{""between"": [0.0, 1.0], ""value"": 0}], ""road_flags_lr"": [{""start"": 0.0, ""end"": 1.0, ""value"": []}]}","{""name"": ""CHARLES STREET"", ""class"": ""tertiary""}"
59daa9f5-d0db-48da-813d-5da0496edaab,us_boston_streets_2622,"LINESTRING (-71.0578871999999961 42.3618291000000013, -71.0579855000000009 42.3619403000000005, -71.0581736999999976 42.3621531000000004, -71.0583469999999977 42.3623491999999970, -71.0584391000000011 42.3624533999999997)","LINESTRING (-71.0585226555481029 42.3624358659472975, -71.0583541229188000 42.3622439369941972, -71.0578275437880933 42.3616418577694986, -71.0577409835381957 42.3615291885380003, -71.0575683008325996 42.3612205593955977, -71.0575129589298058 42.3610291230269027, -71.0572903668360993 42.3602591213061999)","{""name"": ""Congress Street"", ""class"": ""primary"", ""names_lr"": [{""between"": [0.0, 1.0], ""value"": ""Congress Street""}], ""subclass_lr"": [{""between"": [0.0, 1.0], ""value"": null}], ""level_lr"": [{""between"": [0.0, 1.0], ""value"": 0}], ""road_flags_lr"": [{""start"": 0.0, ""end"": 1.0, ""value"": []}]}","{""name"": ""CONGRESS STREET"", ""class"": ""tertiary""}"
53c2fd51-3087-44aa-a539-46db5a75e2ba,us_boston_streets_7980,"LINESTRING (-71.0546606000000054 42.3546538000000012, -71.0545914000000067 42.3547170000000008, -71.0543107000000020 42.3549793999999977)","LINESTRING (-71.0552263032088973 42.3541231938245986, -71.0546293261402013 42.3546440483509983, -71.0546292760521965 42.3546440940718014)","{""name"": ""High Street"", ""class"": ""secondary"", ""names_lr"": [{""between"": [0.0, 1.0], ""value"": ""High Street""}], ""subclass_lr"": [{""between"": [0.0, 1.0], ""value"": null}], ""level_lr"": [{""between"": [0.0, 1.0], ""value"": 0}], ""road_flags_lr"": [{""start"": 0.0, ""end"": 1.0, ""value"": []}]}","{""name"": ""HIGH STREET"", ""class"": ""tertiary""}"
25e9a2af-df68-44a9-a840-09aec024542a,us_boston_streets_4110,"LINESTRING (-71.0602501000000046 42.3502981999999975, -71.0608115999999939 42.3504521999999994, -71.0608717000000070 42.3504705000000001)","LINESTRING (-71.0615541098631951 42.3506509391775978, -71.0612894897544010 42.3505793677149995, -71.0611162854230969 42.3505325208922017, -71.0608965724455004 42.3504730937934966)","{""name"": ""Kneeland Street"", ""class"": ""primary"", ""names_lr"": [{""between"": [0.0, 1.0], ""value"": ""Kneeland Street""}], ""subclass_lr"": [{""between"": [0.0, 1.0], ""value"": null}], ""level_lr"": [{""between"": [0.0, 1.0], ""value"": 0}], ""road_flags_lr"": [{""start"": 0.0, ""end"": 1.0, ""value"": []}]}","{""name"": ""KNEELAND STREET"", ""class"": ""tertiary""}"
2d1def46-24ac-474b-b944-e491ce260545,us_boston_streets_7146,"LINESTRING (-71.0591790999999944 42.3632548000000000, -71.0589695999999975 42.3633779000000033, -71.0589420000000018 42.3633950999999982, -71.0588506999999936 42.3634522999999987, -71.0587909000000053 42.3634883000000002, -71.0587493000000023 42.3635133000000010, -71.0585420000000028 42.3636380000000017, -71.0585083999999938 42.3636582000000033, -71.0584048000000053 42.3637165999999965)","LINESTRING (-71.0583938635135013 42.3638215541085970, -71.0585694592627988 42.3638074184118025, -71.0589692954922043 42.3635587905820969)","{""name"": ""New Chardon Street"", ""class"": ""primary"", ""names_lr"": [{""between"": [0.0, 1.0], ""value"": ""New Chardon Street""}], ""subclass_lr"": [{""between"": [0.0, 1.0], ""value"": null}], ""level_lr"": [{""between"": [0.0, 1.0], ""value"": 0}], ""road_flags_lr"": [{""start"": 0.0, ""end"": 1.0, ""value"": []}]}","{""name"": ""NEW CHARDON STREET"", ""class"": ""tertiary""}"
09df6c61-680a-4135-9bd0-f29443b8a95a,us_boston_streets_3291,"LINESTRING (-71.0564978999999965 42.3670817000000000, -71.0564930999999973 42.3671326999999991, -71.0564274000000040 42.3677898999999982)","LINESTRING (-71.0565424037855990 42.3666330416716974, -71.0565045070870980 42.3671071976200011)","{""name"": ""Snow Hill Street"", ""class"": ""residential"", ""names_lr"": [{""between"": [0.0, 1.0], ""value"": ""Snow Hill Street""}], ""subclass_lr"": [{""between"": [0.0, 1.0], ""value"": null}], ""level_lr"": [{""between"": [0.0, 1.0], ""value"": 0}], ""road_flags_lr"": [{""start"": 0.0, ""end"": 1.0, ""value"": []}]}","{""name"": ""SNOW HILL STREET"", ""class"": ""residential""}"
a78071ab-6ec5-4d1e-8e84-c624d6a49c79,us_boston_streets_10318,"LINESTRING (-71.0605525000000000 42.3669299000000024, -71.0605302999999964 42.3669421999999969, -71.0605156999999963 42.3669531000000035, -71.0605043000000052 42.3669651000000016, -71.0604960000000005 42.3669768999999974, -71.0604917000000000 42.3669873999999993, -71.0604919000000024 42.3669975999999977, -71.0604955999999959 42.3670079999999984, -71.0605024999999983 42.3670173000000005, -71.0605139999999977 42.3670248999999970, -71.0605263000000065 42.3670297000000033, -71.0605378000000059 42.3670321000000030, -71.0605522999999977 42.3670329999999993, -71.0605682000000058 42.3670315999999971, -71.0605826000000036 42.3670291000000034, -71.0606010999999995 42.3670241000000019, -71.0606156000000055 42.3670176999999981, -71.0606360000000024 42.3670060999999976)","LINESTRING (-71.0602089372275998 42.3666032788605023, -71.0607606352348000 42.3670980926408021)","{""class"": ""service"", ""names_lr"": [{""between"": [0.0, 1.0], ""value"": null}], ""subclass_lr"": [{""between"": [0.0, 1.0], ""value"": null}], ""level_lr"": [{""between"": [0.0, 1.0], ""value"": 0}], ""road_flags_lr"": [{""start"": 0.0, ""end"": 1.0, ""value"": []}]}","{""name"": ""BEVERLY STREET"", ""class"": ""residential""}"
a37acead-1313-4d4a-87ac-0a3c7dd77c9f,us_boston_streets_1329,"LINESTRING (-71.0531948000000000 42.3588561999999982, -71.0531407999999942 42.3588611999999998, -71.0530937999999992 42.3588558000000006, -71.0530396999999994 42.3588418000000004, -71.0529906000000011 42.3588378999999975, -71.0529207000000014 42.3588427999999979, -71.0523696999999999 42.3589301000000020, -71.0522627999999941 42.3589471000000017)","LINESTRING (-71.0538610742308947 42.3588101614915971, -71.0537215773053958 42.3588073200214978, -71.0535231310745985 42.3588088500322968, -71.0531848468401961 42.3588558296652025)","{""name"": ""Central Street"", ""class"": ""residential"", ""names_lr"": [{""between"": [0.0, 1.0], ""value"": ""Central Street""}], ""subclass_lr"": [{""between"": [0.0, 1.0], ""value"": null}], ""level_lr"": [{""between"": [0.0, 1.0], ""value"": 0}], ""road_flags_lr"": [{""start"": 0.0, ""end"": 1.0, ""value"": []}]}","{""name"": ""CENTRAL STREET"", ""class"": ""tertiary""}"
47d55f38-7b70-405d-a95e-d077ee897e52,us_boston_streets_7110,"LINESTRING (-71.0633957000000009 42.3611835999999968, -71.0630938999999984 42.3611880999999997, -71.0630570000000006 42.3611884000000032, -71.0629991999999930 42.3611896000000030, -71.0629332999999974 42.3611908999999969, -71.0628793000000059 42.3611913000000015)","LINESTRING (-71.0634095827514045 42.3611737249495022, -71.0636602156136945 42.3611588336935014, -71.0637324887517963 42.3611545397958977)","{""name"": ""Cambridge Street"", ""class"": ""primary"", ""names_lr"": [{""between"": [0.0, 1.0], ""value"": ""Cambridge Street""}], ""subclass_lr"": [{""between"": [0.0, 1.0], ""value"": null}], ""level_lr"": [{""between"": [0.0, 1.0], ""value"": 0}], ""road_flags_lr"": [{""start"": 0.0, ""end"": 1.0, ""value"": []}]}","{""name"": ""CAMBRIDGE STREET"", ""class"": ""tertiary""}"
b64e0f08-ca08-4f21-bbf5-7a32bc47f667,us_boston_streets_6196,"LINESTRING (-71.0633552000000037 42.3639848999999984, -71.0633469999999932 42.3639987000000033, -71.0633390999999932 42.3640132000000023, -71.0633336000000071 42.3640252000000004, -71.0633269000000070 42.3640467999999970, -71.0633234999999956 42.3640664999999998, -71.0633219000000054 42.3640854000000004, -71.0633241000000027 42.3642077000000015, -71.0633253999999965 42.3642334000000034, -71.0633267999999987 42.3642551000000012, -71.0633291999999983 42.3642757000000003)","LINESTRING (-71.0633702187412979 42.3642310600848973, -71.0633836867075956 42.3643547092359967, -71.0634061344497070 42.3644261495796002, -71.0634259515113058 42.3645016357355004)","{""name"": ""Staniford Street"", ""class"": ""primary"", ""names_lr"": [{""between"": [0.0, 1.0], ""value"": ""Staniford Street""}], ""subclass_lr"": [{""between"": [0.0, 1.0], ""value"": null}], ""level_lr"": [{""between"": [0.0, 1.0], ""value"": 0}], ""road_flags_lr"": [{""start"": 0.0, ""end"": 1.0, ""value"": []}]}","{""name"": ""LOMASNEY WAY"", ""class"": ""tertiary""}"
5e5a57ef-4d21-4fe2-a140-2016c5889ee9,us_boston_streets_7256,"LINESTRING (-71.0605714000000006 42.3632390000000001, -71.0605489000000006 42.3632161999999965, -71.0605330000000066 42.3631983000000005, -71.0605166999999938 42.3631779999999978, -71.0605014000000068 42.3631566000000035, -71.0604888999999957 42.3631364000000019, -71.0604777000000070 42.3631114000000011, -71.0604694000000023 42.3630883000000011, -71.0604643000000067 42.3630641999999966, -71.0604615999999965 42.3630443999999997, -71.0604608000000013 42.3630258000000026, -71.0604622000000035 42.3630053999999987, -71.0604661999999934 42.3629819000000012, -71.0604710000000068 42.3629593000000000, -71.0604773999999964 42.3629356000000001, -71.0604861000000056 42.3629120000000015, -71.0604969000000040 42.3628898999999990, -71.0605101000000019 42.3628676000000013, -71.0605263000000065 42.3628429999999980)","LINESTRING (-71.0606438924916972 42.3631786441017013, -71.0606071760288955 42.3631368618379014, -71.0605831643827059 42.3630939478217030, -71.0605713054862065 42.3630510802316991, -71.0605746570596040 42.3630060218305005, -71.0605871903364061 42.3629519821056988, -71.0606087571271985 42.3629092422162969, -71.0606454416199966 42.3628778308009970, -71.0609495338250952 42.3627212963714967)","{""class"": ""primary"", ""subclass"": ""link"", ""names_lr"": [{""between"": [0.0, 1.0], ""value"": null}], ""subclass_lr"": [{""between"": [0.0, 1.0], ""value"": ""link""}], ""level_lr"": [{""between"": [0.0, 1.0], ""value"": 0}], ""road_flags_lr"": [{""start"": 0.0, ""end"": 1.0, ""value"": []}]}","{""name"": ""MERRIMAC STREET"", ""class"": ""tertiary""}"
10b668b7-40e3-4050-b125-494aa57ca6e7,us_boston_streets_3433,"LINESTRING (-71.0650875999999982 42.3580226999999994, -71.0650892999999968 42.3576896000000005)","LINESTRING (-71.0650986506576032 42.3571775552649967, -71.0651044718452027 42.3576552543894991)","{""name"": ""Joy Street"", ""class"": ""residential"", ""names_lr"": [{""between"": [0.0, 1.0], ""value"": ""Joy Street""}], ""subclass_lr"": [{""between"": [0.0, 1.0], ""value"": null}], ""level_lr"": [{""between"": [0.0, 1.0], ""value"": 0}], ""road_flags_lr"": [{""start"": 0.0, ""end"": 1.0, ""value"": []}]}","{""name"": ""JOY STREET"", ""class"": ""residential""}"
704c80d5-afd9-4efe-82e7-f27ecd736dcd,us_boston_streets_9559,"LINESTRING (-71.0536730999999975 42.3543619000000007, -71.0537391000000014 42.3543280000000024, -71.0539964000000026 42.3541955999999971, -71.0541072999999983 42.3541384999999977)","LINESTRING (-71.0540825698615066 42.3541166029640976, -71.0542486124652015 42.3540487353784982)","{""name"": ""Purchase Street"", ""class"": ""primary"", ""names_lr"": [{""between"": [0.0, 1.0], ""value"": ""Purchase Street""}], ""subclass_lr"": [{""between"": [0.0, 1.0], ""value"": null}], ""level_lr"": [{""between"": [0.0, 1.0], ""value"": 0}], ""road_flags_lr"": [{""start"": 0.0, ""end"": 1.0, ""value"": []}]}","{""name"": ""PURCHASE STREET"", ""class"": ""tertiary""}"
44c160ce-b709-4c19-b630-b63f1d295e3f,us_boston_streets_6722,"LINESTRING (-71.0557902000000041 42.3677624999999978, -71.0563850000000059 42.3680850000000007)","LINESTRING (-71.0566406502124011 42.3682357954365969, -71.0565198030404019 42.3681686136577014, -71.0563852227371058 42.3680937974523033)","{""name"": ""Charter Street"", ""class"": ""residential"", ""names_lr"": [{""between"": [0.0, 1.0], ""value"": ""Charter Street""}], ""subclass_lr"": [{""between"": [0.0, 1.0], ""value"": null}], ""level_lr"": [{""between"": [0.0, 1.0], ""value"": 0}], ""road_flags_lr"": [{""start"": 0.0, ""end"": 1.0, ""value"": []}]}","{""name"": ""CHARTER STREET"", ""class"": ""residential""}"
f6b3a067-b488-4c6a-80b0-b25e454197d4,us_boston_streets_7946,"LINESTRING (-71.0674802000000057 42.3640015000000005, -71.0675779000000034 42.3640080999999995, -71.0682283999999953 42.3640441000000010, -71.0682735000000037 42.3640497000000025, -71.0683185999999978 42.3640552999999969, -71.0684100000000001 42.3640705999999980, -71.0684908000000064 42.3640886000000023, -71.0685789999999997 42.3641092000000015)","LINESTRING (-71.0675038421857010 42.3639069907587000, -71.0681920701704968 42.3639497394464968, -71.0684278002610057 42.3639821757441979, -71.0686286776401062 42.3640202201903975, -71.0694357825388039 42.3642154417302024, -71.0695653780050947 42.3642663492842004, -71.0697675488901979 42.3643457666539973)","{""name"": ""Blossom Street"", ""class"": ""tertiary"", ""names_lr"": [{""between"": [0.0, 1.0], ""value"": ""Blossom Street""}], ""subclass_lr"": [{""between"": [0.0, 1.0], ""value"": null}], ""level_lr"": [{""between"": [0.0, 1.0], ""value"": 0}], ""road_flags_lr"": [{""start"": 0.0, ""end"": 1.0, ""value"": []}]}","{""name"": ""BLOSSOM STREET"", ""class"": ""residential""}"
a56e7a46-8573-49d6-8d7e-b416d004aea0,us_boston_streets_6017,"LINESTRING (-71.0571974000000068 42.3633801000000005, -71.0572078000000005 42.3634851999999995, -71.0572202999999973 42.3636005999999981, -71.0572348000000034 42.3637554000000023, -71.0572425000000010 42.3638375000000025)","LINESTRING (-71.0571919510279031 42.3633433734084974, -71.0576793716726058 42.3638174725549987)","{""name"": ""Endicott Street"", ""class"": ""residential"", ""names_lr"": [{""between"": [0.0, 1.0], ""value"": ""Endicott Street""}], ""subclass_lr"": [{""between"": [0.0, 1.0], ""value"": null}], ""level_lr"": [{""between"": [0.0, 1.0], ""value"": 0}], ""road_flags_lr"": [{""start"": 0.0, ""end"": 1.0, ""value"": []}]}","{""name"": ""CROSS STREET"", ""class"": ""tertiary""}"
4c551cad-4f1f-4e91-b894-686cbb2d34bb,us_boston_streets_2225,"LINESTRING (-71.0523282999999992 42.3573097000000018, -71.0526250000000061 42.3574210000000022, -71.0526882000000057 42.3574447000000021)","LINESTRING (-71.0526841375650946 42.3574487628103000, -71.0532222614915980 42.3576677869988032, -71.0533566108787937 42.3577224703701987)","{""name"": ""Broad Street"", ""class"": ""secondary"", ""names_lr"": [{""between"": [0.0, 1.0], ""value"": ""Broad Street""}], ""subclass_lr"": [{""between"": [0.0, 1.0], ""value"": null}], ""level_lr"": [{""between"": [0.0, 1.0], ""value"": 0}], ""road_flags_lr"": [{""start"": 0.0, ""end"": 1.0, ""value"": []}]}","{""name"": ""BROAD STREET"", ""class"": ""tertiary""}"
991d7dce-3b84-4874-931e-3db427514a5b,us_boston_streets_999,"LINESTRING (-71.0650387999999964 42.3593467000000032, -71.0649839999999955 42.3593485000000030, -71.0647392999999994 42.3593498999999980, -71.0644944999999950 42.3593511999999990, -71.0644577000000055 42.3593526000000011, -71.0643850000000015 42.3593601999999976)","LINESTRING (-71.0639738446673022 42.3594242709739035, -71.0642085101312944 42.3594130785186991, -71.0643003566078022 42.3594061341580996, -71.0643595182391010 42.3593844722157016, -71.0643951329812040 42.3593682263340980)","{""name"": ""Myrtle Street"", ""class"": ""residential"", ""names_lr"": [{""between"": [0.0, 1.0], ""value"": ""Myrtle Street""}], ""subclass_lr"": [{""between"": [0.0, 1.0], ""value"": null}], ""level_lr"": [{""between"": [0.0, 1.0], ""value"": 0}], ""road_flags_lr"": [{""start"": 0.0, ""end"": 1.0, ""value"": []}]}","{""name"": ""DERNE STREET"", ""class"": ""tertiary""}"
23206f40-9809-4005-99b0-51d42caf243a,us_boston_streets_9174,"LINESTRING (-71.0658389000000028 42.3659333000000018, -71.0658051999999998 42.3658815000000004, -71.0657956000000013 42.3658666999999980, -71.0657537000000019 42.3658321999999998, -71.0656441000000001 42.3657985999999980, -71.0655581000000041 42.3657791999999986, -71.0654810000000055 42.3657837000000015, -71.0654547000000036 42.3657883999999996, -71.0653757000000041 42.3658118999999971)","LINESTRING (-71.0661188167067053 42.3659942162625001, -71.0657445922672935 42.3659148344772021, -71.0654662010691993 42.3658458985946993, -71.0652729240458001 42.3657872364574004, -71.0652060908114009 42.3657669515064015, -71.0649507083469985 42.3656710944748980, -71.0647547419217034 42.3655856358895022, -71.0646786252754055 42.3655239265123029)","{""class"": ""service"", ""names_lr"": [{""between"": [0.0, 1.0], ""value"": null}], ""subclass_lr"": [{""between"": [0.0, 1.0], ""value"": null}], ""level_lr"": [{""between"": [0.0, 1.0], ""value"": 0}], ""road_flags_lr"": [{""start"": 0.0, ""end"": 1.0, ""value"": []}]}","{""name"": ""MARTHA ROAD"", ""class"": ""tertiary""}"
07c9e418-25b7-4711-968c-2a28f0da9ce7,us_boston_streets_4942,"LINESTRING (-71.0612495999999965 42.3609944999999968, -71.0612176000000062 42.3610301000000007, -71.0612160000000017 42.3610321000000027, -71.0611939000000064 42.3610565999999977, -71.0611681999999973 42.3610814999999974, -71.0611404999999934 42.3611056000000019, -71.0611305000000044 42.3611142999999970, -71.0610887999999932 42.3611478999999989, -71.0610434999999967 42.3611816000000019, -71.0610005000000058 42.3612115999999972, -71.0609551999999951 42.3612415999999996)","LINESTRING (-71.0613286565690032 42.3608900731266971, -71.0612674201357066 42.3610085509016017)","{""name"": ""Sudbury Street"", ""class"": ""primary"", ""names_lr"": [{""between"": [0.0, 1.0], ""value"": ""Sudbury Street""}], ""subclass_lr"": [{""between"": [0.0, 1.0], ""value"": null}], ""level_lr"": [{""between"": [0.0, 1.0], ""value"": 0}], ""road_flags_lr"": [{""start"": 0.0, ""end"": 1.0, ""value"": []}]}","{""name"": ""NEW SUDBURY STREET"", ""class"": ""tertiary""}"
d86ac69b-7fe6-4657-ac6e-b1c10197a650,us_boston_streets_2606,"LINESTRING (-71.0614384999999942 42.3508404999999968, -71.0614855000000034 42.3507223000000010, -71.0614924000000059 42.3507018000000031, -71.0614972999999992 42.3506874999999994, -71.0615176000000019 42.3506366000000014)","LINESTRING (-71.0615541098631951 42.3506509391775978, -71.0616325163190936 42.3504632291816989, -71.0619245074373964 42.3497641693257023)","{""name"": ""Harrison Avenue"", ""class"": ""secondary"", ""names_lr"": [{""between"": [0.0, 1.0], ""value"": ""Harrison Avenue""}], ""subclass_lr"": [{""between"": [0.0, 1.0], ""value"": null}], ""level_lr"": [{""between"": [0.0, 1.0], ""value"": 0}], ""road_flags_lr"": [{""start"": 0.0, ""end"": 1.0, ""value"": []}]}","{""name"": ""HARRISON AVENUE"", ""class"": ""tertiary""}"
57d78031-75dc-44c9-a9cb-54d993e9a742,us_boston_streets_1511,"LINESTRING (-71.0583910000000003 42.3652420000000021, -71.0583921000000061 42.3653023000000033, -71.0583950999999985 42.3654617999999985)","LINESTRING (-71.0582909094766961 42.3645297794560989, -71.0583013047987038 42.3647822344605984, -71.0583431000794974 42.3650929948342991, -71.0583669829400009 42.3652705714010978)","{""name"": ""North Washington Street"", ""class"": ""primary"", ""names_lr"": [{""between"": [0.0, 1.0], ""value"": ""North Washington Street""}], ""subclass_lr"": [{""between"": [0.0, 1.0], ""value"": null}], ""level_lr"": [{""between"": [0.0, 1.0], ""value"": 0}], ""road_flags_lr"": [{""start"": 0.0, ""end"": 1.0, ""value"": []}]}","{""name"": ""NORTH WASHINGTON STREET"", ""class"": ""tertiary""}"
16c13e0b-15d8-4d87-97e7-8d9368754a1a,us_boston_streets_7459,"LINESTRING (-71.0606250999999958 42.3657102000000023, -71.0604474000000010 42.3658062000000015, -71.0603911000000039 42.3658385000000024, -71.0603693000000050 42.3658509999999993, -71.0602884999999986 42.3658974000000015, -71.0602657000000022 42.3659111999999993, -71.0602432999999962 42.3659273999999968, -71.0602248000000003 42.3659468000000032, -71.0602121000000011 42.3659654000000003, -71.0602015000000051 42.3659846999999985, -71.0601939000000016 42.3660039999999967)","LINESTRING (-71.0611208029764043 42.3654633019085978, -71.0609011070890944 42.3655798422142027, -71.0606346354809943 42.3657211945586027)","{""name"": ""Causeway Street"", ""class"": ""secondary"", ""names_lr"": [{""between"": [0.0, 1.0], ""value"": ""Causeway Street""}], ""subclass_lr"": [{""between"": [0.0, 1.0], ""value"": null}], ""level_lr"": [{""between"": [0.0, 1.0], ""value"": 0}], ""road_flags_lr"": [{""start"": 0.0, ""end"": 1.0, ""value"": []}]}","{""name"": ""CAUSEWAY STREET"", ""class"": ""tertiary""}"
88d83ff3-df9e-49c6-8b28-95c44d6477e9,us_boston_streets_10519,"LINESTRING (-71.0615176000000019 42.3506366000000014, -71.0616047999999978 42.3506573000000017, -71.0621306999999973 42.3508033000000026)","LINESTRING (-71.0620721186596001 42.3509897889074978, -71.0614635064097939 42.3508632985139997)","{""name"": ""Kneeland Street"", ""class"": ""primary"", ""names_lr"": [{""between"": [0.0, 1.0], ""value"": ""Kneeland Street""}], ""subclass_lr"": [{""between"": [0.0, 1.0], ""value"": null}], ""level_lr"": [{""between"": [0.0, 1.0], ""value"": 0}], ""road_flags_lr"": [{""start"": 0.0, ""end"": 1.0, ""value"": []}]}","{""name"": ""KNAPP STREET"", ""class"": ""residential""}"
57d78031-75dc-44c9-a9cb-54d993e9a742,us_boston_streets_3128,"LINESTRING (-71.0583910000000003 42.3652420000000021, -71.0583921000000061 42.3653023000000033, -71.0583950999999985 42.3654617999999985)","LINESTRING (-71.0583754396286054 42.3654811599568006, -71.0583969850804067 42.3656635260685022, -71.0584308417718944 42.3659501020039997)","{""name"": ""North Washington Street"", ""class"": ""primary"", ""names_lr"": [{""between"": [0.0, 1.0], ""value"": ""North Washington Street""}], ""subclass_lr"": [{""between"": [0.0, 1.0], ""value"": null}], ""level_lr"": [{""between"": [0.0, 1.0], ""value"": 0}], ""road_flags_lr"": [{""start"": 0.0, ""end"": 1.0, ""value"": []}]}","{""name"": ""NORTH WASHINGTON STREET"", ""class"": ""tertiary""}"
4ec3586b-22f8-450e-861f-fcbc9705a03b,us_boston_streets_6054,"LINESTRING (-71.0726609000000025 42.3504312000000027, -71.0726942999999949 42.3505026999999998, -71.0728208000000024 42.3507718999999980)","LINESTRING (-71.0728230779835997 42.3507637818254992, -71.0729374551541042 42.3509917949590999, -71.0729796737298045 42.3510759597443993, -71.0730679520420949 42.3512519424965035)","{""name"": ""Berkeley Street"", ""class"": ""primary"", ""names_lr"": [{""between"": [0.0, 1.0], ""value"": ""Berkeley Street""}], ""subclass_lr"": [{""between"": [0.0, 1.0], ""value"": null}], ""level_lr"": [{""between"": [0.0, 1.0], ""value"": 0}], ""road_flags_lr"": [{""start"": 0.0, ""end"": 1.0, ""value"": []}]}","{""name"": ""BERKELEY STREET"", ""class"": ""tertiary""}"
88c439e0-e925-4443-b944-ed44f4a63c95,us_boston_streets_6007,"LINESTRING (-71.0585064999999929 42.3524073999999970, -71.0584625000000045 42.3523945000000026, -71.0584228000000024 42.3523807999999988, -71.0583905999999956 42.3523653000000024, -71.0583677000000051 42.3523515999999987, -71.0583402000000035 42.3523325000000028, -71.0583180999999939 42.3523113999999978, -71.0583017999999953 42.3522912000000034, -71.0582797999999940 42.3522577999999967)","LINESTRING (-71.0586360460645068 42.3524327727029970, -71.0585869349856978 42.3524269915847995, -71.0584887128613047 42.3524154283851004, -71.0581507157465069 42.3523756381983034, -71.0580091604263941 42.3523589735787027)","{""class"": ""secondary"", ""subclass"": ""link"", ""names_lr"": [{""between"": [0.0, 1.0], ""value"": null}], ""subclass_lr"": [{""between"": [0.0, 1.0], ""value"": ""link""}], ""level_lr"": [{""between"": [0.0, 1.0], ""value"": 0}], ""road_flags_lr"": [{""start"": 0.0, ""end"": 1.0, ""value"": []}]}","{""name"": ""ESSEX STREET"", ""class"": ""tertiary""}"
cf21e744-3727-4822-a4ca-294884880e51,us_boston_streets_7943,"LINESTRING (-71.0568042999999960 42.3588803000000027, -71.0569021999999961 42.3588431000000014, -71.0569265000000030 42.3588318999999984, -71.0569481999999937 42.3588195999999968, -71.0569950999999946 42.3587883000000005, -71.0571862000000039 42.3586693000000025, -71.0572008000000039 42.3586596999999969, -71.0572145000000006 42.3586493999999973, -71.0572262000000023 42.3586396999999977, -71.0572353999999962 42.3586304999999967, -71.0572446999999983 42.3586194000000020, -71.0572501000000045 42.3586104999999975, -71.0572540999999944 42.3586004000000003, -71.0572563000000059 42.3585898999999984, -71.0572669000000019 42.3584570000000014, -71.0572805999999986 42.3582819000000015, -71.0573286000000053 42.3576356000000018, -71.0573320000000024 42.3575799999999987)","LINESTRING (-71.0572527214242058 42.3586415240869982, -71.0570632862545040 42.3587578594670973, -71.0570295377155929 42.3588072751872033, -71.0569920189896038 42.3588866497557035, -71.0569578940879012 42.3589480153642981, -71.0569486804120061 42.3589794225254010, -71.0569343804750986 42.3590276482292012)","{""name"": ""Devonshire Street"", ""class"": ""secondary"", ""names_lr"": [{""between"": [0.0, 1.0], ""value"": ""Devonshire Street""}], ""subclass_lr"": [{""between"": [0.0, 1.0], ""value"": null}], ""level_lr"": [{""between"": [0.0, 1.0], ""value"": 0}], ""road_flags_lr"": [{""start"": 0.0, ""end"": 1.0, ""value"": []}]}","{""name"": ""DEVONSHIRE STREET"", ""class"": ""tertiary""}"
83c13625-189e-4a67-87d3-7d8ae3d0ff22,us_boston_streets_8524,"LINESTRING (-71.0591242999999935 42.3628917999999999, -71.0594894000000039 42.3629779999999982, -71.0597996999999992 42.3630331000000027)","LINESTRING (-71.0599738180844014 42.3630057017279995, -71.0597842179086001 42.3629560238352028, -71.0595209869419051 42.3628870540422966, -71.0592055712606054 42.3627956978129987, -71.0590448899465059 42.3627409942694015, -71.0588389475134932 42.3626410402831013, -71.0586634011448979 42.3625389536404029, -71.0585226555481029 42.3624358659472975)","{""name"": ""Congress Street"", ""class"": ""secondary"", ""names_lr"": [{""between"": [0.0, 1.0], ""value"": ""Congress Street""}], ""subclass_lr"": [{""between"": [0.0, 1.0], ""value"": null}], ""level_lr"": [{""between"": [0.0, 1.0], ""value"": 0}], ""road_flags_lr"": [{""start"": 0.0, ""end"": 1.0, ""value"": []}]}","{""name"": ""CONGRESS STREET"", ""class"": ""tertiary""}"
859e3b0d-5b4e-4229-8569-12cd434919c8,us_boston_streets_8940,"LINESTRING (-71.0586250000000064 42.3590002999999982, -71.0589449000000002 42.3590957999999986)","LINESTRING (-71.0589722375887050 42.3591134596996994, -71.0593751634391992 42.3592411006276990, -71.0594877273065038 42.3592767584045973)","{""name"": ""Court Street"", ""class"": ""primary"", ""names_lr"": [{""between"": [0.0, 1.0], ""value"": ""Court Street""}], ""subclass_lr"": [{""between"": [0.0, 1.0], ""value"": null}], ""level_lr"": [{""between"": [0.0, 1.0], ""value"": 0}], ""road_flags_lr"": [{""start"": 0.0, ""end"": 1.0, ""value"": []}]}","{""name"": ""COURT STREET"", ""class"": ""tertiary""}"
ab3f416f-05aa-41a8-9e2d-6f09c5c2c19a,us_boston_streets_5260,"LINESTRING (-71.0527589999999947 42.3662509999999983, -71.0526746000000031 42.3662605000000028, -71.0515912999999983 42.3663823999999991, -71.0514036999999945 42.3664034999999970)","LINESTRING (-71.0528014834199979 42.3660602163801983, -71.0518808962692958 42.3661354754140973, -71.0512963024327036 42.3661832632572981)","{""name"": ""Battery Street"", ""class"": ""secondary"", ""names_lr"": [{""between"": [0.0, 1.0], ""value"": ""Battery Street""}], ""subclass_lr"": [{""between"": [0.0, 1.0], ""value"": null}], ""level_lr"": [{""between"": [0.0, 1.0], ""value"": 0}], ""road_flags_lr"": [{""start"": 0.0, ""end"": 1.0, ""value"": []}]}","{""name"": ""SALUTATION STREET"", ""class"": ""residential""}"
8ab9d2f8-fbb7-4ab9-a293-5919533e6e4c,us_boston_streets_3491,"LINESTRING (-71.0669460000000015 42.3611258000000035, -71.0668181000000061 42.3611288999999971, -71.0667557999999957 42.3611295999999982, -71.0665998000000059 42.3611310000000003, -71.0663801000000035 42.3611307999999980)","LINESTRING (-71.0660094460795051 42.3611381064884966, -71.0663898339234947 42.3611683919274995)","{""name"": ""Cambridge Street"", ""class"": ""primary"", ""names_lr"": [{""between"": [0.0, 1.0], ""value"": ""Cambridge Street""}], ""subclass_lr"": [{""between"": [0.0, 1.0], ""value"": null}], ""level_lr"": [{""between"": [0.0, 1.0], ""value"": 0}], ""road_flags_lr"": [{""start"": 0.0, ""end"": 1.0, ""value"": []}]}","{""name"": ""CAMBRIDGE STREET"", ""class"": ""tertiary""}"
5da0d45a-4f25-4786-9de8-bdec8b8e554b,us_boston_streets_6552,"LINESTRING (-71.0558142999999944 42.3625449999999972, -71.0559226000000024 42.3626065999999994, -71.0560059999999964 42.3626541000000003)","LINESTRING (-71.0549257508669001 42.3620550285383004, -71.0555690269949025 42.3624145306555988, -71.0558125996693946 42.3625506528670996)","{""name"": ""Cross Street"", ""class"": ""primary"", ""names_lr"": [{""between"": [0.0, 1.0], ""value"": ""Cross Street""}], ""subclass_lr"": [{""between"": [0.0, 1.0], ""value"": null}], ""level_lr"": [{""between"": [0.0, 1.0], ""value"": 0}], ""road_flags_lr"": [{""start"": 0.0, ""end"": 1.0, ""value"": []}]}","{""name"": ""CROSS STREET"", ""class"": ""tertiary""}"
77aeb5a1-260f-4693-bb43-3dd2d313c175,us_boston_streets_766,"LINESTRING (-71.0528089000000023 42.3609336000000027, -71.0528652999999935 42.3609699000000006, -71.0529281999999967 42.3610084999999970, -71.0529719000000028 42.3610348999999999, -71.0530437999999975 42.3610791999999989, -71.0531158000000005 42.3611221000000029, -71.0531835000000029 42.3611628000000024, -71.0532208999999995 42.3611841000000027, -71.0533025999999950 42.3612303000000026)","LINESTRING (-71.0532971278963998 42.3612253863790968, -71.0536145061777944 42.3614070386509027)","{""name"": ""Cross Street"", ""class"": ""primary"", ""names_lr"": [{""between"": [0.0, 1.0], ""value"": ""Cross Street""}], ""subclass_lr"": [{""between"": [0.0, 1.0], ""value"": null}], ""level_lr"": [{""between"": [0.0, 1.0], ""value"": 0}], ""road_flags_lr"": [{""start"": 0.0, ""end"": 1.0, ""value"": []}]}","{""name"": ""CROSS STREET"", ""class"": ""tertiary""}"
aacea58a-881c-4e03-86a1-80bb189bb9e2,us_boston_streets_9569,"LINESTRING (-71.0526518000000067 42.3642058000000006, -71.0526272000000034 42.3641812999999985, -71.0521686999999957 42.3637244999999965, -71.0521200000000022 42.3636759999999981)","LINESTRING (-71.0515876631433940 42.3631898380745966, -71.0519175246840007 42.3634894221891969, -71.0519771947003989 42.3635467582416965, -71.0521206843561970 42.3636846365405972)","{""name"": ""Lewis Street"", ""class"": ""residential"", ""names_lr"": [{""between"": [0.0, 1.0], ""value"": ""Lewis Street""}], ""subclass_lr"": [{""between"": [0.0, 1.0], ""value"": null}], ""level_lr"": [{""between"": [0.0, 1.0], ""value"": 0}], ""road_flags_lr"": [{""start"": 0.0, ""end"": 1.0, ""value"": []}]}","{""name"": ""LEWIS STREET"", ""class"": ""residential""}"
fa0505a8-2b9e-4114-a050-932048fb8efd,us_boston_streets_7416,"LINESTRING (-71.0555241999999936 42.3611165000000014, -71.0556208999999939 42.3609960000000001, -71.0557689000000039 42.3608276000000004, -71.0558060000000040 42.3607927999999987, -71.0558336999999938 42.3607669000000016, -71.0558934999999963 42.3607208000000028)","LINESTRING (-71.0555260477600967 42.3611238227435010, -71.0554143208363058 42.3612516768896015, -71.0552568362325019 42.3614318913372969, -71.0551493633411013 42.3615548748951980)","{""name"": ""North Street"", ""class"": ""secondary"", ""names_lr"": [{""between"": [0.0, 1.0], ""value"": ""North Street""}], ""subclass_lr"": [{""between"": [0.0, 1.0], ""value"": null}], ""level_lr"": [{""between"": [0.0, 1.0], ""value"": 0}], ""road_flags_lr"": [{""start"": 0.0, ""end"": 1.0, ""value"": []}]}","{""name"": ""NORTH STREET"", ""class"": ""tertiary""}"
4efec2f8-f11f-4e49-8234-cb1c02532e05,us_boston_streets_3662,"LINESTRING (-71.0515240000000006 42.3566835000000026, -71.0513695000000070 42.3566831999999991, -71.0512937000000022 42.3566830999999979, -71.0509519000000012 42.3566825999999992, -71.0508885999999933 42.3566823999999968, -71.0507709999999975 42.3566823000000028)","LINESTRING (-71.0521766378602990 42.3565800510695993, -71.0520258067499952 42.3566124404084974, -71.0519172075259036 42.3566357607152000, -71.0518957969446063 42.3566396385743005, -71.0518361569778989 42.3566504419473020, -71.0516679410599039 42.3566809111685032, -71.0516281790094979 42.3566881133339024, -71.0514922258159061 42.3566875832007028)","{""name"": ""High Street"", ""class"": ""secondary"", ""names_lr"": [{""between"": [0.0, 1.0], ""value"": ""High Street""}], ""subclass_lr"": [{""between"": [0.0, 1.0], ""value"": null}], ""level_lr"": [{""between"": [0.0, 1.0], ""value"": 0}], ""road_flags_lr"": [{""start"": 0.0, ""end"": 1.0, ""value"": []}]}","{""name"": ""HIGH STREET"", ""class"": ""tertiary""}"
cbde399f-510c-45e7-bddc-39f824a64600,us_boston_streets_1294,"LINESTRING (-71.0610479000000055 42.3573718000000028, -71.0610237000000069 42.3573580999999990, -71.0610001000000011 42.3573463999999973, -71.0603748999999993 42.3570430999999985, -71.0597580000000022 42.3577591000000027, -71.0597269000000011 42.3577955000000017)","LINESTRING (-71.0603194105790976 42.3569932888794014, -71.0596772389176010 42.3577918604054986)","{""name"": ""Chapman Place"", ""class"": ""unclassified"", ""names_lr"": [{""between"": [0.0, 0.400986901], ""value"": ""Bosworth Street""}, {""between"": [0.400986901, 1.0], ""value"": ""Chapman Place""}], ""subclass_lr"": [{""between"": [0.0, 1.0], ""value"": null}], ""level_lr"": [{""between"": [0.0, 1.0], ""value"": 0}], ""road_flags_lr"": [{""start"": 0.0, ""end"": 1.0, ""value"": []}]}","{""name"": ""CHAPMAN PLACE"", ""class"": ""residential""}"
231be841-6742-4abb-a135-8e3f216906ff,us_boston_streets_1511,"LINESTRING (-71.0583794000000069 42.3647542000000001, -71.0584135000000003 42.3646759000000017, -71.0584278999999981 42.3646292000000031, -71.0584403999999950 42.3645805999999965, -71.0584474999999998 42.3645388999999994, -71.0584499999999935 42.3644873000000004, -71.0584462000000059 42.3642804999999996)","LINESTRING (-71.0582909094766961 42.3645297794560989, -71.0583013047987038 42.3647822344605984, -71.0583431000794974 42.3650929948342991, -71.0583669829400009 42.3652705714010978)","{""name"": ""North Washington Street"", ""class"": ""primary"", ""names_lr"": [{""between"": [0.0, 1.0], ""value"": ""North Washington Street""}], ""subclass_lr"": [{""between"": [0.0, 1.0], ""value"": null}], ""level_lr"": [{""between"": [0.0, 1.0], ""value"": 0}], ""road_flags_lr"": [{""start"": 0.0, ""end"": 1.0, ""value"": []}]}","{""name"": ""NORTH WASHINGTON STREET"", ""class"": ""tertiary""}"
1546077b-54af-48fb-a76e-c35be5566516,us_boston_streets_4493,"LINESTRING (-71.0682577000000038 42.3611006000000003, -71.0678563999999966 42.3611091000000002)","LINESTRING (-71.0678730013371052 42.3612298965336009, -71.0682015988657980 42.3612200562254984, -71.0687026633647037 42.3612050495965988)","{""name"": ""Cambridge Street"", ""class"": ""primary"", ""names_lr"": [{""between"": [0.0, 1.0], ""value"": ""Cambridge Street""}], ""subclass_lr"": [{""between"": [0.0, 1.0], ""value"": null}], ""level_lr"": [{""between"": [0.0, 1.0], ""value"": 0}], ""road_flags_lr"": [{""start"": 0.0, ""end"": 1.0, ""value"": []}]}","{""name"": ""CAMBRIDGE STREET"", ""class"": ""tertiary""}"
c19abe7b-e4c6-4987-a0e7-973d5827a4fb,us_boston_streets_1543,"LINESTRING (-71.0521200000000022 42.3636759999999981, -71.0520771999999994 42.3636362000000020, -71.0519101999999947 42.3634811000000013)","LINESTRING (-71.0521206843561970 42.3636846365405972, -71.0522292154399935 42.3637854855747022, -71.0526372391635022 42.3641646243544017, -71.0526702105753003 42.3641952616198978)","{""name"": ""Lewis Street"", ""class"": ""residential"", ""names_lr"": [{""between"": [0.0, 1.0], ""value"": ""Lewis Street""}], ""subclass_lr"": [{""between"": [0.0, 1.0], ""value"": null}], ""level_lr"": [{""between"": [0.0, 1.0], ""value"": 0}], ""road_flags_lr"": [{""start"": 0.0, ""end"": 1.0, ""value"": []}]}","{""name"": ""LEWIS STREET"", ""class"": ""residential""}"
5c54bf88-e86a-4285-ac5e-203905fdb708,us_boston_streets_10188,"LINESTRING (-71.0539973000000060 42.3579750000000033, -71.0540204999999929 42.3580077000000017, -71.0540399000000065 42.3580351000000022, -71.0540488000000039 42.3580504999999974, -71.0540866000000051 42.3581154000000026, -71.0542135000000030 42.3583519000000024)","LINESTRING (-71.0542047912781953 42.3583714401991003, -71.0543573202627954 42.3586758930627028)","{""name"": ""Broad Street"", ""class"": ""secondary"", ""names_lr"": [{""between"": [0.0, 1.0], ""value"": ""Broad Street""}], ""subclass_lr"": [{""between"": [0.0, 1.0], ""value"": null}], ""level_lr"": [{""between"": [0.0, 1.0], ""value"": 0}], ""road_flags_lr"": [{""start"": 0.0, ""end"": 1.0, ""value"": []}]}","{""name"": ""BROAD STREET"", ""class"": ""tertiary""}"
f5e7c12f-a024-4182-b61b-063c9603f3d9,us_boston_streets_69,"LINESTRING (-71.0555241999999936 42.3611165000000014, -71.0554513999999955 42.3612123999999994, -71.0553309000000013 42.3613688000000010)","LINESTRING (-71.0559810889667034 42.3606786582235983, -71.0557998305683043 42.3608290891610011, -71.0557426540087960 42.3608765404967968, -71.0555260477600967 42.3611238227435010)","{""name"": ""North Street"", ""class"": ""secondary"", ""names_lr"": [{""between"": [0.0, 1.0], ""value"": ""North Street""}], ""subclass_lr"": [{""between"": [0.0, 1.0], ""value"": null}], ""level_lr"": [{""between"": [0.0, 1.0], ""value"": 0}], ""road_flags_lr"": [{""start"": 0.0, ""end"": 1.0, ""value"": []}]}","{""name"": ""NORTH STREET"", ""class"": ""tertiary""}"
e0664857-e9af-47e7-97ef-b555bd834f14,us_boston_streets_3290,"LINESTRING (-71.0707113999999933 42.3576946000000021, -71.0706013000000070 42.3576879000000019, -71.0704166000000015 42.3577456000000012, -71.0703879999999941 42.3577531999999977, -71.0702840999999950 42.3577809000000016)","LINESTRING (-71.0702932870367050 42.3578047276772978, -71.0702000224804067 42.3578252001777997, -71.0700403040963948 42.3578561142237007, -71.0699111770671976 42.3578786968326000, -71.0698555461062966 42.3578843154528997, -71.0695364107689045 42.3579318756955985, -71.0694811840763947 42.3579372966839998)","{""name"": ""Mount Vernon Street"", ""class"": ""residential"", ""names_lr"": [{""between"": [0.0, 1.0], ""value"": ""Mount Vernon Street""}], ""subclass_lr"": [{""between"": [0.0, 1.0], ""value"": null}], ""level_lr"": [{""between"": [0.0, 1.0], ""value"": 0}], ""road_flags_lr"": [{""start"": 0.0, ""end"": 1.0, ""value"": []}]}","{""name"": ""MOUNT VERNON STREET"", ""class"": ""residential""}"
4810b029-c2b2-4211-89c2-1e33e6cb53e3,us_boston_streets_9719,"LINESTRING (-71.0565409999999957 42.3663150000000002, -71.0565232000000009 42.3658877000000018, -71.0565330000000017 42.3658229999999989)","LINESTRING (-71.0565416923751059 42.3663232493866033, -71.0565424037855990 42.3666330416716974)","{""name"": ""Snow Hill Street"", ""class"": ""residential"", ""names_lr"": [{""between"": [0.0, 1.0], ""value"": ""Snow Hill Street""}], ""subclass_lr"": [{""between"": [0.0, 1.0], ""value"": null}], ""level_lr"": [{""between"": [0.0, 1.0], ""value"": 0}], ""road_flags_lr"": [{""start"": 0.0, ""end"": 1.0, ""value"": []}]}","{""name"": ""SNOW HILL STREET"", ""class"": ""residential""}"
eee2b09c-4bb6-44e4-8918-6010645e89f8,us_boston_streets_6063,"LINESTRING (-71.0623106999999976 42.3648142999999990, -71.0622462000000041 42.3648485000000008, -71.0621835999999973 42.3648816999999980, -71.0621433999999965 42.3649028999999970, -71.0618175999999977 42.3650750999999985, -71.0617503999999940 42.3651114000000035)","LINESTRING (-71.0629411882437978 42.3645552236997034, -71.0626659426299057 42.3647044231387966, -71.0623775887467986 42.3648607266444017)","{""name"": ""Causeway Street"", ""class"": ""secondary"", ""names_lr"": [{""between"": [0.0, 1.0], ""value"": ""Causeway Street""}], ""subclass_lr"": [{""between"": [0.0, 1.0], ""value"": null}], ""level_lr"": [{""between"": [0.0, 1.0], ""value"": 0}], ""road_flags_lr"": [{""start"": 0.0, ""end"": 1.0, ""value"": []}]}","{""name"": ""CAUSEWAY STREET"", ""class"": ""tertiary""}"
544c2ce7-7ed5-4e62-8a93-59816a54a97b,us_boston_streets_2534,"LINESTRING (-71.0613912000000028 42.3525072999999992, -71.0613737000000043 42.3524382000000017, -71.0613168999999942 42.3522115000000028, -71.0612603999999948 42.3519724000000011)","LINESTRING (-71.0611423704653049 42.3525168496904030, -71.0612008784600988 42.3522615782326994, -71.0612113405733936 42.3521414219829992)","{""name"": ""Harrison Avenue"", ""class"": ""secondary"", ""names_lr"": [{""between"": [0.0, 1.0], ""value"": ""Harrison Avenue""}], ""subclass_lr"": [{""between"": [0.0, 1.0], ""value"": null}], ""level_lr"": [{""between"": [0.0, 1.0], ""value"": 0}], ""road_flags_lr"": [{""start"": 0.0, ""end"": 1.0, ""value"": []}]}","{""name"": ""CHAUNCY STREET"", ""class"": ""tertiary""}"
e8b13a29-0413-4720-9280-cfc59dfcc6cd,us_boston_streets_7263,"LINESTRING (-71.0631477999999959 42.3532778000000008, -71.0629129000000006 42.3532677999999976, -71.0626570999999956 42.3532541000000009, -71.0625933999999972 42.3532508999999990, -71.0625270000000029 42.3532476000000031)","LINESTRING (-71.0638358494619951 42.3533365242800031, -71.0636010354148056 42.3533028322061966, -71.0633871046707952 42.3532932414220014, -71.0633678309312984 42.3532923777869001, -71.0631819035677950 42.3532915519479971)","{""name"": ""Avery Street"", ""class"": ""unclassified"", ""names_lr"": [{""between"": [0.0, 1.0], ""value"": ""Avery Street""}], ""subclass_lr"": [{""between"": [0.0, 1.0], ""value"": null}], ""level_lr"": [{""between"": [0.0, 1.0], ""value"": 0}], ""road_flags_lr"": [{""start"": 0.0, ""end"": 1.0, ""value"": []}]}","{""name"": ""AVERY STREET"", ""class"": ""tertiary""}"
249857cc-a26e-4280-a273-0dec8e54a887,us_boston_streets_7459,"LINESTRING (-71.0617503999999940 42.3651114000000035, -71.0616569999999967 42.3651643999999976, -71.0612504999999999 42.3653785999999997, -71.0612062000000009 42.3654020000000031, -71.0611214000000047 42.3654487000000017)","LINESTRING (-71.0611208029764043 42.3654633019085978, -71.0609011070890944 42.3655798422142027, -71.0606346354809943 42.3657211945586027)","{""name"": ""Causeway Street"", ""class"": ""secondary"", ""names_lr"": [{""between"": [0.0, 1.0], ""value"": ""Causeway Street""}], ""subclass_lr"": [{""between"": [0.0, 1.0], ""value"": null}], ""level_lr"": [{""between"": [0.0, 1.0], ""value"": 0}], ""road_flags_lr"": [{""start"": 0.0, ""end"": 1.0, ""value"": []}]}","{""name"": ""CAUSEWAY STREET"", ""class"": ""tertiary""}"
e0d741bd-bef7-4c7f-8cda-d14af354d611,us_boston_streets_10109,"LINESTRING (-71.0569614999999999 42.3610177999999991, -71.0569080000000071 42.3610314000000017, -71.0568849000000000 42.3610371999999984, -71.0564370000000025 42.3611349999999973)","LINESTRING (-71.0570161301659056 42.3612000419177974, -71.0564855570374050 42.3613412224968968)","{""name"": ""Salt Lane"", ""class"": ""service"", ""subclass"": ""alley"", ""names_lr"": [{""between"": [0.0, 1.0], ""value"": ""Salt Lane""}], ""subclass_lr"": [{""between"": [0.0, 1.0], ""value"": ""alley""}], ""level_lr"": [{""between"": [0.0, 1.0], ""value"": 0}], ""road_flags_lr"": [{""start"": 0.0, ""end"": 1.0, ""value"": []}]}","{""name"": ""MARSH LANE"", ""class"": ""residential""}"
eee2b09c-4bb6-44e4-8918-6010645e89f8,us_boston_streets_7094,"LINESTRING (-71.0623106999999976 42.3648142999999990, -71.0622462000000041 42.3648485000000008, -71.0621835999999973 42.3648816999999980, -71.0621433999999965 42.3649028999999970, -71.0618175999999977 42.3650750999999985, -71.0617503999999940 42.3651114000000035)","LINESTRING (-71.0623775887467986 42.3648607266444017, -71.0622110885402947 42.3650252096770004)","{""name"": ""Causeway Street"", ""class"": ""secondary"", ""names_lr"": [{""between"": [0.0, 1.0], ""value"": ""Causeway Street""}], ""subclass_lr"": [{""between"": [0.0, 1.0], ""value"": null}], ""level_lr"": [{""between"": [0.0, 1.0], ""value"": 0}], ""road_flags_lr"": [{""start"": 0.0, ""end"": 1.0, ""value"": []}]}","{""name"": ""CAUSEWAY STREET"", ""class"": ""tertiary""}"
7b76731a-25a7-4080-a9a0-a36560d20916,us_boston_streets_5332,"LINESTRING (-71.0571395000000052 42.3602380000000025, -71.0570569000000063 42.3602583999999993, -71.0569074999999941 42.3602941999999985, -71.0568796999999961 42.3603021999999996, -71.0568545999999941 42.3603108000000006, -71.0568281000000042 42.3603225000000023, -71.0568042000000020 42.3603341999999969, -71.0567721999999975 42.3603517999999966, -71.0567367000000019 42.3603767000000033)","LINESTRING (-71.0567248971341030 42.3603868020396988, -71.0564702292679016 42.3604486199710024, -71.0562301641248979 42.3605478485390989, -71.0561815727039061 42.3605733679320977, -71.0559810889667034 42.3606786582235983)","{""name"": ""North Street"", ""class"": ""secondary"", ""names_lr"": [{""between"": [0.0, 1.0], ""value"": ""North Street""}], ""subclass_lr"": [{""between"": [0.0, 1.0], ""value"": null}], ""level_lr"": [{""between"": [0.0, 1.0], ""value"": 0}], ""road_flags_lr"": [{""start"": 0.0, ""end"": 1.0, ""value"": []}]}","{""name"": ""NORTH STREET"", ""class"": ""tertiary""}"
17e238f7-3de2-4d36-ad4a-929d9b112065,us_boston_streets_2584,"LINESTRING (-71.0549012999999974 42.3573373999999987, -71.0548332000000045 42.3573865999999981, -71.0544780000000031 42.3576429000000019, -71.0544210999999990 42.3576839999999990)","LINESTRING (-71.0543707609264032 42.3576705000670017, -71.0542655247205062 42.3577459741834019, -71.0539956953872007 42.3579865022920004)","{""name"": ""Milk Street"", ""class"": ""secondary"", ""names_lr"": [{""between"": [0.0, 1.0], ""value"": ""Milk Street""}], ""subclass_lr"": [{""between"": [0.0, 1.0], ""value"": null}], ""level_lr"": [{""between"": [0.0, 1.0], ""value"": 0}], ""road_flags_lr"": [{""start"": 0.0, ""end"": 1.0, ""value"": []}]}","{""name"": ""MILK STREET"", ""class"": ""tertiary""}"
a349046d-cf60-4ee6-ada4-5cd0575d69a8,us_boston_streets_1667,"LINESTRING (-71.0669460000000015 42.3611258000000035, -71.0669232000000051 42.3611401000000001, -71.0669031999999987 42.3611562999999975, -71.0668862999999931 42.3611728999999997, -71.0668701999999968 42.3611928999999989, -71.0668574999999976 42.3612151999999966, -71.0668522999999936 42.3612352999999970)","LINESTRING (-71.0669474392471017 42.3606550048758024, -71.0669566811254043 42.3609333687883023, -71.0669637481459944 42.3611462347135017)","{""name"": ""Blossom Street"", ""class"": ""tertiary"", ""names_lr"": [{""between"": [0.0, 1.0], ""value"": ""Blossom Street""}], ""subclass_lr"": [{""between"": [0.0, 1.0], ""value"": null}], ""level_lr"": [{""between"": [0.0, 1.0], ""value"": 0}], ""road_flags_lr"": [{""start"": 0.0, ""end"": 1.0, ""value"": []}]}","{""name"": ""GARDEN STREET"", ""class"": ""residential""}"
1d761201-fc02-4ce6-8ff6-ee293812d7a8,us_boston_streets_7072,"LINESTRING (-71.0579721999999947 42.3554981999999995, -71.0579407000000032 42.3555336000000011, -71.0579290999999955 42.3555465999999967, -71.0578928000000047 42.3556225000000026, -71.0578023999999999 42.3558683999999985)","LINESTRING (-71.0583969438320935 42.3550797874214027, -71.0581459447469967 42.3553526685592985, -71.0580222159475028 42.3554984940609032)","{""name"": ""Arch Street"", ""class"": ""secondary"", ""names_lr"": [{""between"": [0.0, 1.0], ""value"": ""Arch Street""}], ""subclass_lr"": [{""between"": [0.0, 1.0], ""value"": null}], ""level_lr"": [{""between"": [0.0, 1.0], ""value"": 0}], ""road_flags_lr"": [{""start"": 0.0, ""end"": 1.0, ""value"": []}]}","{""name"": ""ARCH STREET"", ""class"": ""tertiary""}"
ecef87be-24e5-4d3f-a7ca-d9c6c7eed71b,us_boston_streets_4798,"LINESTRING (-71.0524656999999991 42.3577604999999977, -71.0525003999999996 42.3577738999999980, -71.0529601000000071 42.3579514999999986, -71.0530226000000056 42.3579768000000030)","LINESTRING (-71.0524476459843015 42.3577666673780016, -71.0521013598081055 42.3576410016264973)","{""name"": ""Well Street"", ""class"": ""unclassified"", ""names_lr"": [{""between"": [0.0, 1.0], ""value"": ""Well Street""}], ""subclass_lr"": [{""between"": [0.0, 1.0], ""value"": null}], ""level_lr"": [{""between"": [0.0, 1.0], ""value"": 0}], ""road_flags_lr"": [{""start"": 0.0, ""end"": 1.0, ""value"": []}]}","{""name"": ""WELL STREET"", ""class"": ""residential""}"
923b858a-1374-4474-a453-3b70859e8958,us_boston_streets_10316,"LINESTRING (-71.0621208999999965 42.3509989000000004, -71.0621600000000058 42.3509217000000007, -71.0621739999999988 42.3508940999999979, -71.0621828999999963 42.3508758999999984, -71.0621907000000022 42.3508598000000021, -71.0621971000000059 42.3508216000000033)","LINESTRING (-71.0620721186596001 42.3509897889074978, -71.0620781686476022 42.3510296651773999, -71.0620839204070052 42.3510884302393009, -71.0621187505451957 42.3514881745977974)","{""name"": ""Knapp Street"", ""class"": ""unclassified"", ""names_lr"": [{""between"": [0.0, 1.0], ""value"": ""Knapp Street""}], ""subclass_lr"": [{""between"": [0.0, 1.0], ""value"": null}], ""level_lr"": [{""between"": [0.0, 1.0], ""value"": 0}], ""road_flags_lr"": [{""start"": 0.0, ""end"": 1.0, ""value"": []}]}","{""name"": ""KNAPP STREET"", ""class"": ""residential""}"
ef054655-6cc9-4c87-b16b-4a7e9920c0fd,us_boston_streets_9721,"LINESTRING (-71.0549240999999938 42.3549119999999988, -71.0547483000000000 42.3547397000000032, -71.0547052999999948 42.3546976000000015, -71.0546606000000054 42.3546538000000012)","LINESTRING (-71.0548299194265951 42.3548644106937999, -71.0549101985429985 42.3549401478701029, -71.0553021554093931 42.3553099249088021, -71.0556858508362978 42.3556719027306983)","{""name"": ""Congress Street"", ""class"": ""primary"", ""names_lr"": [{""between"": [0.0, 1.0], ""value"": ""Congress Street""}], ""subclass_lr"": [{""between"": [0.0, 1.0], ""value"": null}], ""level_lr"": [{""between"": [0.0, 1.0], ""value"": 0}], ""road_flags_lr"": [{""start"": 0.0, ""end"": 1.0, ""value"": []}]}","{""name"": ""CONGRESS STREET"", ""class"": ""tertiary""}"
fbb2256a-af6b-4b09-9153-92738a5b30f7,us_boston_streets_6389,"LINESTRING (-71.0560059999999964 42.3626541000000003, -71.0562383999999980 42.3627925999999988, -71.0562838999999968 42.3628197000000029, -71.0563307000000037 42.3628459000000035)","LINESTRING (-71.0563611822031049 42.3628635512339997, -71.0569727442263002 42.3632167596542004)","{""name"": ""Cross Street"", ""class"": ""primary"", ""names_lr"": [{""between"": [0.0, 1.0], ""value"": ""Cross Street""}], ""subclass_lr"": [{""between"": [0.0, 1.0], ""value"": null}], ""level_lr"": [{""between"": [0.0, 1.0], ""value"": 0}], ""road_flags_lr"": [{""start"": 0.0, ""end"": 1.0, ""value"": []}]}","{""name"": ""CROSS STREET"", ""class"": ""tertiary""}"
09e4241c-11e4-4c36-8cef-fe7260728e03,us_boston_streets_3038,"LINESTRING (-71.0533999999999963 42.3675250000000005, -71.0539839000000057 42.3677373000000017, -71.0540368000000058 42.3677575999999974)","LINESTRING (-71.0540336647055000 42.3677642299969008, -71.0541859860390019 42.3678182355290005, -71.0543401318148966 42.3678638761381023, -71.0544418679849059 42.3678940014188967, -71.0545523210155068 42.3679234662440010, -71.0548157114812966 42.3679937280983978)","{""name"": ""Commercial Street"", ""class"": ""secondary"", ""names_lr"": [{""between"": [0.0, 1.0], ""value"": ""Commercial Street""}], ""subclass_lr"": [{""between"": [0.0, 1.0], ""value"": null}], ""level_lr"": [{""between"": [0.0, 1.0], ""value"": 0}], ""road_flags_lr"": [{""start"": 0.0, ""end"": 1.0, ""value"": []}]}","{""name"": ""COMMERCIAL STREET"", ""class"": ""tertiary""}"
3fc99059-079e-44fc-a9b9-aa006c924e04,us_boston_streets_5330,"LINESTRING (-71.0573229000000026 42.3567508000000004, -71.0573986999999931 42.3567492000000030, -71.0574356999999992 42.3567484000000007, -71.0578210999999982 42.3567403999999996)","LINESTRING (-71.0579937922132956 42.3567976158784987, -71.0578282865491957 42.3567927257743975)","{""name"": ""Milk Street"", ""class"": ""secondary"", ""names_lr"": [{""between"": [0.0, 1.0], ""value"": ""Milk Street""}], ""subclass_lr"": [{""between"": [0.0, 1.0], ""value"": null}], ""level_lr"": [{""between"": [0.0, 1.0], ""value"": 0}], ""road_flags_lr"": [{""start"": 0.0, ""end"": 1.0, ""value"": []}]}","{""name"": ""MILK STREET"", ""class"": ""tertiary""}"
6e9264bf-4b68-40cd-8b1f-c84b18fb46f7,us_boston_streets_1619,"LINESTRING (-71.0585037999999969 42.3517705000000007, -71.0583134999999970 42.3517235999999997, -71.0582196999999951 42.3517001000000022)","LINESTRING (-71.0582179364600961 42.3517189353180967, -71.0578812296670037 42.3516572802777986, -71.0572641297982983 42.3515795956975012)","{""name"": ""Tufts Street"", ""class"": ""service"", ""names_lr"": [{""between"": [0.0, 1.0], ""value"": ""Tufts Street""}], ""subclass_lr"": [{""between"": [0.0, 1.0], ""value"": null}], ""level_lr"": [{""between"": [0.0, 1.0], ""value"": 0}], ""road_flags_lr"": [{""start"": 0.0, ""end"": 1.0, ""value"": []}]}","{""name"": ""TUFTS STREET"", ""class"": ""residential""}"
ae690996-0680-4e1e-ab5c-0de5c23cbb6d,us_boston_streets_10080,"LINESTRING (-71.0704991000000064 42.3519958999999986, -71.0704304000000064 42.3520137000000005, -71.0702658999999954 42.3520546999999965, -71.0693064999999962 42.3522499999999980, -71.0692726000000050 42.3522571000000028, -71.0691922000000034 42.3522739000000001)","LINESTRING (-71.0700976506531958 42.3520846079671998, -71.0699412336440020 42.3521187248357975, -71.0692241934815030 42.3522751171002980, -71.0685221535694041 42.3524282346087020, -71.0682270852583997 42.3524925881852994, -71.0678521573197060 42.3525738896085997, -71.0677290558509043 42.3526325130614012, -71.0676674563723054 42.3526823557018020, -71.0676144842034034 42.3528789053280974, -71.0676478615382052 42.3529434088603978)","{""name"": ""Boylston Street"", ""class"": ""primary"", ""names_lr"": [{""between"": [0.0, 1.0], ""value"": ""Boylston Street""}], ""subclass_lr"": [{""between"": [0.0, 1.0], ""value"": null}], ""level_lr"": [{""between"": [0.0, 1.0], ""value"": 0}], ""road_flags_lr"": [{""start"": 0.0, ""end"": 1.0, ""value"": []}]}","{""name"": ""BOYLSTON STREET"", ""class"": ""primary""}"
7ae06b66-2626-4d3c-be12-a59bd67a881a,us_boston_streets_9186,"LINESTRING (-71.0643850000000015 42.3593601999999976, -71.0643830000000065 42.3584905000000020, -71.0643857000000025 42.3584625000000017, -71.0643927999999931 42.3584141999999986, -71.0649875999999949 42.3583500000000015, -71.0650152000000048 42.3583465000000032, -71.0650765999999976 42.3583440999999965)","LINESTRING (-71.0643951329812040 42.3593682263340980, -71.0643811546723043 42.3586234820060028, -71.0643814774669949 42.3585060934561000, -71.0643948912526042 42.3584653133900986)","{""name"": ""Hancock Street"", ""class"": ""residential"", ""names_lr"": [{""between"": [0.0, 0.648839339], ""value"": ""Hancock Street""}, {""between"": [0.648839339, 1.0], ""value"": ""Mount Vernon Street""}], ""subclass_lr"": [{""between"": [0.0, 1.0], ""value"": null}], ""level_lr"": [{""between"": [0.0, 1.0], ""value"": 0}], ""road_flags_lr"": [{""start"": 0.0, ""end"": 1.0, ""value"": []}]}","{""name"": "" "", ""class"": ""residential""}"
07591b1b-ed5a-465d-9137-37e17b94db72,us_boston_streets_5974,"LINESTRING (-71.0647459999999995 42.3516568000000007, -71.0647716999999943 42.3515446999999980, -71.0647878999999989 42.3514904999999970, -71.0648134999999996 42.3514046000000022, -71.0648733999999962 42.3511991000000023, -71.0649214000000029 42.3510875999999996)","LINESTRING (-71.0650646637578944 42.3506152850003019, -71.0650376543316042 42.3507023662156996, -71.0649820142141948 42.3508817504852999, -71.0649350178656931 42.3510332700794976, -71.0649144899496008 42.3510994520970030)","{""name"": ""Tremont Street"", ""class"": ""primary"", ""names_lr"": [{""between"": [0.0, 1.0], ""value"": ""Tremont Street""}], ""subclass_lr"": [{""between"": [0.0, 1.0], ""value"": null}], ""level_lr"": [{""between"": [0.0, 1.0], ""value"": 0}], ""road_flags_lr"": [{""start"": 0.0, ""end"": 1.0, ""value"": []}]}","{""name"": ""TREMONT STREET"", ""class"": ""tertiary""}"
41f531fb-d46d-475a-834b-0f68a5bd1c46,us_boston_streets_4289,"LINESTRING (-71.0542800000000057 42.3592559000000008, -71.0545568999999944 42.3592257999999973, -71.0546532000000042 42.3592153000000025)","LINESTRING (-71.0546355456100969 42.3592312025175985, -71.0551683131493945 42.3591278493616983, -71.0554466706560959 42.3590738476784026)","{""name"": ""State Street"", ""class"": ""primary"", ""names_lr"": [{""between"": [0.0, 1.0], ""value"": ""State Street""}], ""subclass_lr"": [{""between"": [0.0, 1.0], ""value"": null}], ""level_lr"": [{""between"": [0.0, 1.0], ""value"": 0}], ""road_flags_lr"": [{""start"": 0.0, ""end"": 1.0, ""value"": []}]}","{""name"": ""STATE STREET"", ""class"": ""tertiary""}"
43a4da33-a356-4935-920f-b06970984bd9,us_boston_streets_1896,"LINESTRING (-71.0607902999999936 42.3632974000000004, -71.0608122999999949 42.3633128000000028, -71.0608337000000034 42.3633256000000031, -71.0608600000000052 42.3633384999999976, -71.0608897999999982 42.3633491000000006, -71.0613347000000033 42.3634598000000011)","LINESTRING (-71.0613141737215983 42.3634782558930993, -71.0619226792598937 42.3636143240344012)","{""name"": ""Merrimac Street"", ""class"": ""secondary"", ""names_lr"": [{""between"": [0.0, 1.0], ""value"": ""Merrimac Street""}], ""subclass_lr"": [{""between"": [0.0, 1.0], ""value"": null}], ""level_lr"": [{""between"": [0.0, 1.0], ""value"": 0}], ""road_flags_lr"": [{""start"": 0.0, ""end"": 1.0, ""value"": []}]}","{""name"": ""MERRIMAC STREET"", ""class"": ""tertiary""}"
ed74bedb-d07b-4cae-a04d-b76fb54c32df,us_boston_streets_3290,"LINESTRING (-71.0694768999999980 42.3578964000000013, -71.0694162000000063 42.3579038999999966, -71.0691101000000032 42.3579446999999973, -71.0688054999999963 42.3579855999999992)","LINESTRING (-71.0702932870367050 42.3578047276772978, -71.0702000224804067 42.3578252001777997, -71.0700403040963948 42.3578561142237007, -71.0699111770671976 42.3578786968326000, -71.0698555461062966 42.3578843154528997, -71.0695364107689045 42.3579318756955985, -71.0694811840763947 42.3579372966839998)","{""name"": ""Mount Vernon Street"", ""class"": ""residential"", ""names_lr"": [{""between"": [0.0, 1.0], ""value"": ""Mount Vernon Street""}], ""subclass_lr"": [{""between"": [0.0, 1.0], ""value"": null}], ""level_lr"": [{""between"": [0.0, 1.0], ""value"": 0}], ""road_flags_lr"": [{""start"": 0.0, ""end"": 1.0, ""value"": []}]}","{""name"": ""MOUNT VERNON STREET"", ""class"": ""residential""}"
03f27113-548e-4e63-8ec8-217ccea8a4ce,us_boston_streets_2287,"LINESTRING (-71.0578339999999997 42.3643969999999968, -71.0578309999999931 42.3643603000000013, -71.0578048999999936 42.3640418999999966, -71.0577961999999985 42.3639453999999986)","LINESTRING (-71.0576793716726058 42.3638174725549987, -71.0578038553445026 42.3639547520446982, -71.0581925998360049 42.3643834523200979)","{""name"": ""Stillman Place"", ""class"": ""service"", ""names_lr"": [{""between"": [0.0, 1.0], ""value"": ""Stillman Place""}], ""subclass_lr"": [{""between"": [0.0, 1.0], ""value"": null}], ""level_lr"": [{""between"": [0.0, 1.0], ""value"": 0}], ""road_flags_lr"": [{""start"": 0.0, ""end"": 1.0, ""value"": []}]}","{""name"": ""CROSS STREET"", ""class"": ""tertiary""}"
907beb18-fa22-4eec-ac39-1253be6a0a26,us_boston_streets_1904,"LINESTRING (-71.0781405000000035 42.3517073000000011, -71.0780811000000057 42.3517220000000023, -71.0780309999999957 42.3517352000000002, -71.0770071999999971 42.3520123999999996, -71.0761518999999993 42.3522438999999977, -71.0761118000000067 42.3522547999999972, -71.0760793999999976 42.3522634999999994, -71.0759979000000044 42.3522851999999972)","LINESTRING (-71.0796819987447037 42.3512886294994999, -71.0781363903731034 42.3517017571951015, -71.0780550793721062 42.3517231558861980, -71.0775380467354978 42.3518592136934018)","{""name"": ""Commonwealth Avenue"", ""class"": ""primary"", ""names_lr"": [{""between"": [0.0, 1.0], ""value"": ""Commonwealth Avenue""}], ""subclass_lr"": [{""between"": [0.0, 1.0], ""value"": null}], ""level_lr"": [{""between"": [0.0, 1.0], ""value"": 0}], ""road_flags_lr"": [{""start"": 0.0, ""end"": 1.0, ""value"": []}]}","{""name"": ""COMMONWEALTH AVENUE"", ""class"": ""primary""}"
645acedf-fd40-47aa-9d9d-425c1b5be307,us_boston_streets_6063,"LINESTRING (-71.0633291999999983 42.3642757000000003, -71.0632245000000040 42.3643308999999988, -71.0631429000000026 42.3643739999999980, -71.0628913000000040 42.3645066999999997)","LINESTRING (-71.0629411882437978 42.3645552236997034, -71.0626659426299057 42.3647044231387966, -71.0623775887467986 42.3648607266444017)","{""name"": ""Causeway Street"", ""class"": ""secondary"", ""names_lr"": [{""between"": [0.0, 1.0], ""value"": ""Causeway Street""}], ""subclass_lr"": [{""between"": [0.0, 1.0], ""value"": null}], ""level_lr"": [{""between"": [0.0, 1.0], ""value"": 0}], ""road_flags_lr"": [{""start"": 0.0, ""end"": 1.0, ""value"": []}]}","{""name"": ""CAUSEWAY STREET"", ""class"": ""tertiary""}"
001ca42e-96cc-4d20-869b-4e2e15e7d613,us_boston_streets_1461,"LINESTRING (-71.0574150000000060 42.3653070000000014, -71.0574189000000018 42.3653517999999991, -71.0574600000000061 42.3658282999999969, -71.0575024999999982 42.3658999000000023)","LINESTRING (-71.0574159359671000 42.3653160526690016, -71.0574769499477981 42.3658553618245008, -71.0574885384253037 42.3658773104490010, -71.0575325258541994 42.3659467695407983, -71.0577859582039935 42.3662435531375010, -71.0579637305814060 42.3664463532066975, -71.0580757303740995 42.3665745481187983, -71.0581623918978948 42.3666758781889996, -71.0582389368214962 42.3667543028926019, -71.0583027248008960 42.3668193389718013, -71.0583794551240970 42.3668710851228028, -71.0585323529609951 42.3669300288042976)","{""name"": ""Endicott Street"", ""class"": ""residential"", ""names_lr"": [{""between"": [0.0, 1.0], ""value"": ""Endicott Street""}], ""subclass_lr"": [{""between"": [0.0, 1.0], ""value"": null}], ""level_lr"": [{""between"": [0.0, 1.0], ""value"": 0}], ""road_flags_lr"": [{""start"": 0.0, ""end"": 1.0, ""value"": []}]}","{""name"": ""ENDICOTT STREET"", ""class"": ""residential""}"
08cb41f9-a859-4998-ba5c-3d627687b527,us_boston_streets_9996,"LINESTRING (-71.0722138000000001 42.3555242999999990, -71.0724557000000061 42.3554838000000018, -71.0724845000000016 42.3554748999999973, -71.0727116999999993 42.3553880999999990)","LINESTRING (-71.0725111414494961 42.3554621061944019, -71.0726254463671978 42.3554325639657989, -71.0727358054356984 42.3554040422979980, -71.0727525562716949 42.3553997129138011, -71.0728059483649020 42.3553859081417983)","{""name"": ""Beacon Street"", ""class"": ""primary"", ""names_lr"": [{""between"": [0.0, 1.0], ""value"": ""Beacon Street""}], ""subclass_lr"": [{""between"": [0.0, 1.0], ""value"": null}], ""level_lr"": [{""between"": [0.0, 1.0], ""value"": 0}], ""road_flags_lr"": [{""start"": 0.0, ""end"": 1.0, ""value"": []}]}","{""name"": ""BEACON STREET"", ""class"": ""primary""}"
a4c38d8a-f546-459f-ad4c-f01e3a6bde50,us_boston_streets_154,"LINESTRING (-71.0578023999999999 42.3558683999999985, -71.0577770000000015 42.3559355000000011, -71.0577619999999968 42.3560072000000005, -71.0577600999999959 42.3560726999999986, -71.0577645000000047 42.3561404000000010, -71.0577746000000019 42.3562470999999974, -71.0578155999999979 42.3566852000000011, -71.0578210999999982 42.3567403999999996)","LINESTRING (-71.0580222159475028 42.3554984940609032, -71.0579041136907961 42.3557079196345967, -71.0578565131326059 42.3558592367659017, -71.0578341527201047 42.3559534284040993, -71.0578280608746979 42.3560004380012032, -71.0578243246222030 42.3560292770721034, -71.0578160982103952 42.3563189843870020, -71.0578282865491957 42.3567927257743975)","{""name"": ""Arch Street"", ""class"": ""secondary"", ""names_lr"": [{""between"": [0.0, 1.0], ""value"": ""Arch Street""}], ""subclass_lr"": [{""between"": [0.0, 1.0], ""value"": null}], ""level_lr"": [{""between"": [0.0, 1.0], ""value"": 0}], ""road_flags_lr"": [{""start"": 0.0, ""end"": 1.0, ""value"": []}]}","{""name"": ""ARCH STREET"", ""class"": ""tertiary""}"
44538cf4-9d1b-41ec-ad2e-0603d359bbfb,us_boston_streets_9118,"LINESTRING (-71.0723531000000008 42.3552553000000032, -71.0722516000000013 42.3550447000000005, -71.0721089999999975 42.3547531999999975, -71.0720957999999996 42.3547267000000005, -71.0720629000000059 42.3546548999999999)","LINESTRING (-71.0722962558991043 42.3550102255542029, -71.0721543506537046 42.3547118544983974, -71.0721229076053049 42.3546498425190023)","{""name"": ""Arlington Street"", ""class"": ""primary"", ""names_lr"": [{""between"": [0.0, 1.0], ""value"": ""Arlington Street""}], ""subclass_lr"": [{""between"": [0.0, 1.0], ""value"": null}], ""level_lr"": [{""between"": [0.0, 1.0], ""value"": 0}], ""road_flags_lr"": [{""start"": 0.0, ""end"": 1.0, ""value"": []}]}","{""name"": ""ARLINGTON STREET"", ""class"": ""primary""}"
6c92cd73-82cc-4370-a67b-f812a1aa62aa,us_boston_streets_4551,"LINESTRING (-71.0542968999999971 42.3670577999999978, -71.0543650000000042 42.3670852999999994, -71.0545129000000060 42.3671513000000033)","LINESTRING (-71.0546856454502063 42.3672347715217015, -71.0545391921163940 42.3671658364620001, -71.0543826540935015 42.3671048170999995, -71.0543122131087017 42.3670773590415024, -71.0541790314011052 42.3670182232745987, -71.0539675633535950 42.3669243342277966)","{""name"": ""Charter Street"", ""class"": ""residential"", ""names_lr"": [{""between"": [0.0, 1.0], ""value"": ""Charter Street""}], ""subclass_lr"": [{""between"": [0.0, 1.0], ""value"": null}], ""level_lr"": [{""between"": [0.0, 1.0], ""value"": 0}], ""road_flags_lr"": [{""start"": 0.0, ""end"": 1.0, ""value"": []}]}","{""name"": ""CHARTER STREET"", ""class"": ""residential""}"
f7a8fdc2-f9ef-4c26-a164-cf9d6e3a97a8,us_boston_streets_5681,"LINESTRING (-71.0550944999999956 42.3579332999999991, -71.0550355999999965 42.3579185999999979, -71.0550149000000033 42.3579116000000013, -71.0549773999999985 42.3579008000000030, -71.0548146000000003 42.3578382000000033, -71.0544909000000047 42.3577117000000030, -71.0544565999999946 42.3576978999999980, -71.0544210999999990 42.3576839999999990)","LINESTRING (-71.0550755277442931 42.3579488952317007, -71.0548236992586055 42.3578636822602022, -71.0543707609264032 42.3576705000670017, -71.0537795551284006 42.3574543138037996)","{""name"": ""Batterymarch Street"", ""class"": ""residential"", ""names_lr"": [{""between"": [0.0, 1.0], ""value"": ""Batterymarch Street""}], ""subclass_lr"": [{""between"": [0.0, 1.0], ""value"": null}], ""level_lr"": [{""between"": [0.0, 1.0], ""value"": 0}], ""road_flags_lr"": [{""start"": 0.0, ""end"": 1.0, ""value"": []}]}","{""name"": ""BATTERYMARCH STREET"", ""class"": ""residential""}"
fb67a312-ec3b-438d-895c-0b08f833ce1e,us_boston_streets_4114,"LINESTRING (-71.0535316999999935 42.3665846000000030, -71.0535124999999965 42.3666022000000027, -71.0534454999999951 42.3666775000000015, -71.0533154000000025 42.3668227000000002, -71.0532596999999981 42.3669991000000010, -71.0532440000000065 42.3670457999999996)","LINESTRING (-71.0535637373451010 42.3665830622625990, -71.0533392840237070 42.3668099640854976, -71.0532541741652039 42.3670020650012020, -71.0531019322305042 42.3671317238541008, -71.0529606570391934 42.3673655300816989)","{""name"": ""Greenough Lane"", ""class"": ""unclassified"", ""names_lr"": [{""between"": [0.0, 1.0], ""value"": ""Greenough Lane""}], ""subclass_lr"": [{""between"": [0.0, 1.0], ""value"": null}], ""level_lr"": [{""between"": [0.0, 1.0], ""value"": 0}], ""road_flags_lr"": [{""start"": 0.0, ""end"": 1.0, ""value"": []}]}","{""name"": ""GREENOUGH LANE"", ""class"": ""residential""}"
0c63aead-3cac-4c24-9bb5-18390fb37ce9,us_boston_streets_283,"LINESTRING (-71.0634333999999939 42.3642206999999971, -71.0634332999999998 42.3641959999999997, -71.0634328000000011 42.3640049999999988)","LINESTRING (-71.0633691477796958 42.3640089663307009, -71.0633594336806027 42.3641213134794015, -71.0633702187412979 42.3642310600848973)","{""name"": ""Staniford Street"", ""class"": ""primary"", ""names_lr"": [{""between"": [0.0, 1.0], ""value"": ""Staniford Street""}], ""subclass_lr"": [{""between"": [0.0, 1.0], ""value"": null}], ""level_lr"": [{""between"": [0.0, 1.0], ""value"": 0}], ""road_flags_lr"": [{""start"": 0.0, ""end"": 1.0, ""value"": []}]}","{""name"": ""LOMASNEY WAY"", ""class"": ""tertiary""}"
15135b58-bfe0-48e3-a07a-125213581c21,us_boston_streets_2622,"LINESTRING (-71.0578871999999961 42.3618291000000013, -71.0578572999999949 42.3617295999999968, -71.0578359000000006 42.3616772000000026, -71.0578083000000049 42.3616211000000007, -71.0577890999999937 42.3615818000000033, -71.0577664000000055 42.3615375999999983, -71.0577399999999955 42.3614943999999980, -71.0577081999999933 42.3614424000000014, -71.0576891000000046 42.3614122999999978, -71.0576618000000053 42.3613596000000001, -71.0576322999999945 42.3613021999999972, -71.0575848000000008 42.3611951999999974, -71.0575452000000070 42.3610954999999976, -71.0575089000000020 42.3609901000000022, -71.0574787000000043 42.3608832999999976, -71.0574225000000013 42.3606853000000001, -71.0573250999999999 42.3603457000000034, -71.0573165999999929 42.3603170000000020, -71.0572906000000017 42.3602293000000003)","LINESTRING (-71.0585226555481029 42.3624358659472975, -71.0583541229188000 42.3622439369941972, -71.0578275437880933 42.3616418577694986, -71.0577409835381957 42.3615291885380003, -71.0575683008325996 42.3612205593955977, -71.0575129589298058 42.3610291230269027, -71.0572903668360993 42.3602591213061999)","{""name"": ""Congress Street"", ""class"": ""primary"", ""names_lr"": [{""between"": [0.0, 1.0], ""value"": ""Congress Street""}], ""subclass_lr"": [{""between"": [0.0, 1.0], ""value"": null}], ""level_lr"": [{""between"": [0.0, 1.0], ""value"": 0}], ""road_flags_lr"": [{""start"": 0.0, ""end"": 1.0, ""value"": []}]}","{""name"": ""CONGRESS STREET"", ""class"": ""tertiary""}"
763ff3a9-a925-4b6e-b7dd-1f669ccc2da6,us_boston_streets_4205,"LINESTRING (-71.0689167000000026 42.3509668000000019, -71.0691436000000039 42.3507880000000014, -71.0694922999999932 42.3505041000000020)","LINESTRING (-71.0688294375840997 42.3510431280988016, -71.0692684509406973 42.3506559580713002, -71.0695182187503036 42.3504577209194011, -71.0698978622339013 42.3501564003990012)","{""name"": ""Columbus Avenue"", ""class"": ""residential"", ""names_lr"": [{""between"": [0.0, 1.0], ""value"": ""Columbus Avenue""}], ""subclass_lr"": [{""between"": [0.0, 1.0], ""value"": null}], ""level_lr"": [{""between"": [0.0, 1.0], ""value"": 0}], ""road_flags_lr"": [{""start"": 0.0, ""end"": 1.0, ""value"": []}]}","{""name"": ""COLUMBUS AVENUE"", ""class"": ""tertiary""}"
83dcb964-9f9b-4415-9fa0-b046196e2284,us_boston_streets_8224,"LINESTRING (-71.0687532000000033 42.3610909000000007, -71.0687479999999994 42.3610226999999995, -71.0687353999999942 42.3608667999999966, -71.0686955999999981 42.3603748999999965, -71.0686934999999949 42.3603487999999970, -71.0686871999999994 42.3602936999999997)","LINESTRING (-71.0686452756819023 42.3595564135447020, -71.0687103708091001 42.3603151294474998, -71.0687191497101054 42.3604759316288977, -71.0687267588319003 42.3606153088216999, -71.0687526178469966 42.3610889582003978)","{""name"": ""Grove Street"", ""class"": ""residential"", ""names_lr"": [{""between"": [0.0, 1.0], ""value"": ""Grove Street""}], ""subclass_lr"": [{""between"": [0.0, 1.0], ""value"": null}], ""level_lr"": [{""between"": [0.0, 1.0], ""value"": 0}], ""road_flags_lr"": [{""start"": 0.0, ""end"": 1.0, ""value"": []}]}","{""name"": ""GROVE STREET"", ""class"": ""residential""}"
a822ef12-7e01-4616-b7f1-984e93db8730,us_boston_streets_5301,"LINESTRING (-71.0530226000000056 42.3579768000000030, -71.0531868000000060 42.3577543000000034, -71.0532041000000021 42.3577307999999988, -71.0532567999999998 42.3576593000000017)","LINESTRING (-71.0532222614915980 42.3576677869988032, -71.0529919368940028 42.3579673335746989, -71.0527621724120024 42.3582716488976985)","{""name"": ""Custom House Street"", ""class"": ""unclassified"", ""names_lr"": [{""between"": [0.0, 1.0], ""value"": ""Custom House Street""}], ""subclass_lr"": [{""between"": [0.0, 1.0], ""value"": null}], ""level_lr"": [{""between"": [0.0, 1.0], ""value"": 0}], ""road_flags_lr"": [{""start"": 0.0, ""end"": 1.0, ""value"": []}]}","{""name"": ""CUSTOM HOUSE STREET"", ""class"": ""residential""}"
bc445275-76e1-4800-81f5-35ce8e20109c,us_boston_streets_5343,"LINESTRING (-71.0699259999999953 42.3501478000000020, -71.0698330000000027 42.3501637999999971, -71.0697368999999952 42.3501793000000006, -71.0696501000000040 42.3502063999999976, -71.0694416000000047 42.3502721999999991, -71.0693284999999975 42.3503060000000033)","LINESTRING (-71.0698982676084938 42.3501560444993004, -71.0698977824099956 42.3501561804292024, -71.0693370750555005 42.3503130967889021, -71.0686837247718017 42.3504956534916985)","{""name"": ""Stuart Street"", ""class"": ""primary"", ""names_lr"": [{""between"": [0.0, 1.0], ""value"": ""Stuart Street""}], ""subclass_lr"": [{""between"": [0.0, 1.0], ""value"": null}], ""level_lr"": [{""between"": [0.0, 1.0], ""value"": 0}], ""road_flags_lr"": [{""start"": 0.0, ""end"": 1.0, ""value"": []}]}","{""name"": ""STUART STREET"", ""class"": ""primary""}"
63fde31e-61a5-4c5b-9c24-fa7ea0e718ff,us_boston_streets_5000,"LINESTRING (-71.0530662000000035 42.3652827000000016, -71.0529731999999967 42.3652584000000019, -71.0525779000000028 42.3651511999999997, -71.0518694000000011 42.3649591000000001, -71.0517880000000019 42.3649369999999976)","LINESTRING (-71.0530150064378034 42.3653226945208985, -71.0528216036303064 42.3652671781337986, -71.0525987713862008 42.3652032129658025, -71.0521867443952999 42.3650849373621980, -71.0520592086579938 42.3650483256167973, -71.0517890836925972 42.3649460122922008, -71.0513726708945939 42.3648825605218988, -71.0510696164993050 42.3648363815696030)","{""name"": ""Clark Street"", ""class"": ""residential"", ""names_lr"": [{""between"": [0.0, 1.0], ""value"": ""Clark Street""}], ""subclass_lr"": [{""between"": [0.0, 1.0], ""value"": null}], ""level_lr"": [{""between"": [0.0, 1.0], ""value"": 0}], ""road_flags_lr"": [{""start"": 0.0, ""end"": 1.0, ""value"": []}]}","{""name"": ""CLARK STREET"", ""class"": ""residential""}"
eb2129a9-666f-47e5-8ef4-9244982d249b,us_boston_streets_8524,"LINESTRING (-71.0597996999999992 42.3630331000000027, -71.0595294000000024 42.3628986000000012, -71.0591825000000057 42.3628258000000031, -71.0590135000000060 42.3627512999999993, -71.0587613000000005 42.3626008999999968, -71.0586782000000028 42.3625199000000023, -71.0586193999999978 42.3625035000000025, -71.0584391000000011 42.3624533999999997)","LINESTRING (-71.0599738180844014 42.3630057017279995, -71.0597842179086001 42.3629560238352028, -71.0595209869419051 42.3628870540422966, -71.0592055712606054 42.3627956978129987, -71.0590448899465059 42.3627409942694015, -71.0588389475134932 42.3626410402831013, -71.0586634011448979 42.3625389536404029, -71.0585226555481029 42.3624358659472975)","{""class"": ""secondary"", ""names_lr"": [{""between"": [0.0, 1.0], ""value"": null}], ""subclass_lr"": [{""between"": [0.0, 1.0], ""value"": null}], ""level_lr"": [{""between"": [0.0, 1.0], ""value"": 0}], ""road_flags_lr"": [{""start"": 0.0, ""end"": 1.0, ""value"": []}]}","{""name"": ""CONGRESS STREET"", ""class"": ""tertiary""}"
f0f44754-405d-4715-961f-43b5ddde9f87,us_boston_streets_4258,"LINESTRING (-71.0697428000000002 42.3595024999999978, -71.0697379000000069 42.3594774000000029, -71.0697195000000050 42.3593673999999965, -71.0697011000000032 42.3592573999999971, -71.0690332000000069 42.3592723000000007, -71.0686802000000029 42.3592800999999994, -71.0686057000000062 42.3592812999999992)","LINESTRING (-71.0697440740053992 42.3595190072206975, -71.0697462014708066 42.3593816525344025, -71.0697433316293967 42.3593220687078968, -71.0697270351764985 42.3593074185401974, -71.0694811687770027 42.3593040649455972, -71.0692139243155054 42.3593103610860027, -71.0686283604914024 42.3593080050898010, -71.0677075733067056 42.3592999472287985)","{""name"": ""Myrtle Street"", ""class"": ""residential"", ""names_lr"": [{""between"": [0.0, 1.0], ""value"": ""Myrtle Street""}], ""subclass_lr"": [{""between"": [0.0, 1.0], ""value"": null}], ""level_lr"": [{""between"": [0.0, 1.0], ""value"": 0}], ""road_flags_lr"": [{""start"": 0.0, ""end"": 1.0, ""value"": []}]}","{""name"": ""MYRTLE STREET"", ""class"": ""residential""}"
29acb3ad-9e9c-4aca-85e6-482b4118b028,us_boston_streets_20,"LINESTRING (-71.0694787999999988 42.3571020999999988, -71.0697353999999990 42.3570449999999994, -71.0697691000000020 42.3570386999999968, -71.0698746999999997 42.3570179000000024)","LINESTRING (-71.0703498404834022 42.3569229695040974, -71.0701774205223984 42.3569642112316984, -71.0698778379832987 42.3570315834580029, -71.0694571526928058 42.3571306392620031)","{""name"": ""Chestnut Street"", ""class"": ""residential"", ""names_lr"": [{""between"": [0.0, 1.0], ""value"": ""Chestnut Street""}], ""subclass_lr"": [{""between"": [0.0, 1.0], ""value"": null}], ""level_lr"": [{""between"": [0.0, 1.0], ""value"": 0}], ""road_flags_lr"": [{""start"": 0.0, ""end"": 1.0, ""value"": []}]}","{""name"": ""CHESTNUT STREET"", ""class"": ""residential""}"
d9b579a4-de20-4939-b9fe-c5a2c7183416,us_boston_streets_6888,"LINESTRING (-71.0719940999999977 42.3574272999999977, -71.0719045000000023 42.3574470000000005, -71.0718695999999994 42.3574546999999981, -71.0713680000000068 42.3575650000000010, -71.0707730000000026 42.3576949999999997, -71.0707113999999933 42.3576946000000021)","LINESTRING (-71.0726478062907034 42.3572948582510023, -71.0723996568309957 42.3573421806216999, -71.0720954706308987 42.3574174649546009, -71.0719788273247985 42.3574463335405014, -71.0713681778872939 42.3575735398654984, -71.0707476227649977 42.3576993879563020, -71.0702932870367050 42.3578047276772978)","{""name"": ""Mount Vernon Street"", ""class"": ""residential"", ""names_lr"": [{""between"": [0.0, 1.0], ""value"": ""Mount Vernon Street""}], ""subclass_lr"": [{""between"": [0.0, 1.0], ""value"": null}], ""level_lr"": [{""between"": [0.0, 1.0], ""value"": 0}], ""road_flags_lr"": [{""start"": 0.0, ""end"": 1.0, ""value"": []}]}","{""name"": ""MOUNT VERNON STREET"", ""class"": ""residential""}"
df28ce59-981b-4780-a983-ace3c1849972,us_boston_streets_8592,"LINESTRING (-71.0504757000000069 42.3549355000000034, -71.0506151999999958 42.3549914999999970, -71.0506663999999972 42.3550128999999984, -71.0509468999999996 42.3551355000000029, -71.0509677000000011 42.3551433000000017, -71.0509901000000070 42.3551502999999983, -71.0510124999999988 42.3551564999999997, -71.0510347999999965 42.3551623000000035, -71.0510565000000014 42.3551667999999992)","LINESTRING (-71.0510603900945057 42.3551400766618968, -71.0503987300483004 42.3548722108331006)","{""class"": ""service"", ""subclass"": ""parking_aisle"", ""names_lr"": [{""between"": [0.0, 1.0], ""value"": null}], ""subclass_lr"": [{""between"": [0.0, 1.0], ""value"": ""parking_aisle""}], ""level_lr"": [{""between"": [0.0, 1.0], ""value"": 0}], ""road_flags_lr"": [{""start"": 0.0, ""end"": 1.0, ""value"": []}]}","{""name"": ""NORTHERN AVENUE"", ""class"": ""residential""}"
e421ef49-1a86-4696-9790-8d35d62436d5,us_boston_streets_7000,"LINESTRING (-71.0515780000000063 42.3587740999999980, -71.0514320000000055 42.3587980000000002, -71.0510775000000052 42.3588558000000006, -71.0509347999999932 42.3588790000000017, -71.0509076000000022 42.3588865999999982, -71.0508901000000037 42.3588926999999984, -71.0508758999999941 42.3589005999999983, -71.0508631000000008 42.3589085999999995, -71.0508537000000047 42.3589170999999993, -71.0508444000000026 42.3589270000000013, -71.0508348000000041 42.3589401999999993, -71.0508289999999931 42.3589540999999983, -71.0508279999999957 42.3589665000000011, -71.0508288999999991 42.3589776000000029, -71.0508305000000036 42.3589914000000007, -71.0508339000000007 42.3590081999999981, -71.0508721000000065 42.3591791999999998)","LINESTRING (-71.0515830691986991 42.3587707920345977, -71.0515077919843066 42.3587842081334003, -71.0508193798495000 42.3589068978134975)","{""name"": ""Milk Street"", ""class"": ""unclassified"", ""names_lr"": [{""between"": [0.0, 0.725747039], ""value"": ""Milk Street""}, {""between"": [0.725747039, 1.0], ""value"": ""Old Atlantic Avenue""}], ""subclass_lr"": [{""between"": [0.0, 1.0], ""value"": null}], ""level_lr"": [{""between"": [0.0, 1.0], ""value"": 0}], ""road_flags_lr"": [{""start"": 0.0, ""end"": 1.0, ""value"": []}]}","{""name"": ""MILK STREET"", ""class"": ""residential""}"
be4c1031-a068-462e-b55b-d94e393ed0c9,us_boston_streets_10390,"LINESTRING (-71.0759979000000044 42.3522851999999972, -71.0759124000000071 42.3523087000000018, -71.0748573999999991 42.3525938000000011, -71.0739760999999959 42.3528318999999982, -71.0739365999999961 42.3528426000000024, -71.0738439999999940 42.3528676999999973)","LINESTRING (-71.0753875252095071 42.3524342171779011, -71.0738426278434048 42.3528644161266001, -71.0732438124964006 42.3530209086686966)","{""name"": ""Commonwealth Avenue"", ""class"": ""primary"", ""names_lr"": [{""between"": [0.0, 1.0], ""value"": ""Commonwealth Avenue""}], ""subclass_lr"": [{""between"": [0.0, 1.0], ""value"": null}], ""level_lr"": [{""between"": [0.0, 1.0], ""value"": 0}], ""road_flags_lr"": [{""start"": 0.0, ""end"": 1.0, ""value"": []}]}","{""name"": ""COMMONWEALTH AVENUE"", ""class"": ""primary""}"
3d2c02a3-9a5f-4fb5-95ca-140c0fadee38,us_boston_streets_1277,"LINESTRING (-71.0568042999999960 42.3588803000000027, -71.0571137999999962 42.3588625000000008, -71.0577080999999993 42.3588282999999990, -71.0577444000000042 42.3588285000000013, -71.0578304000000003 42.3588328000000018)","LINESTRING (-71.0572277022970979 42.3588714610701018, -71.0573154063321937 42.3588653066970977, -71.0575387328340042 42.3588494918234986, -71.0576656440594974 42.3588428335059035, -71.0578174455659024 42.3588336364991989)","{""name"": ""State Street"", ""class"": ""primary"", ""names_lr"": [{""between"": [0.0, 1.0], ""value"": ""State Street""}], ""subclass_lr"": [{""between"": [0.0, 1.0], ""value"": null}], ""level_lr"": [{""between"": [0.0, 1.0], ""value"": 0}], ""road_flags_lr"": [{""start"": 0.0, ""end"": 1.0, ""value"": []}]}","{""name"": ""STATE STREET"", ""class"": ""tertiary""}"
1fc0ff35-e6e4-42c1-8f30-3f5c8819e8bb,us_boston_streets_6468,"LINESTRING (-71.0566242999999957 42.3655119000000013, -71.0565696999999972 42.3655558999999968)","LINESTRING (-71.0567675470775981 42.3653391934315025, -71.0567179001479019 42.3654351467191006, -71.0566569185448031 42.3655032796636988, -71.0565728354799973 42.3655798690635024)","{""name"": ""Thacher Street"", ""class"": ""residential"", ""names_lr"": [{""between"": [0.0, 1.0], ""value"": ""Thacher Street""}], ""subclass_lr"": [{""between"": [0.0, 1.0], ""value"": null}], ""level_lr"": [{""between"": [0.0, 1.0], ""value"": 0}], ""road_flags_lr"": [{""start"": 0.0, ""end"": 1.0, ""value"": []}]}","{""name"": ""THACHER STREET"", ""class"": ""residential""}"
688d3808-cb07-4252-bfb3-71735638b007,us_boston_streets_8268,"LINESTRING (-71.0668522999999936 42.3509355999999997, -71.0667100999999946 42.3509634999999989, -71.0664260000000070 42.3510260999999986)","LINESTRING (-71.0668682313726947 42.3509704874712014, -71.0667103067131052 42.3510038893423015, -71.0666487757795977 42.3510169034721997, -71.0664395786770058 42.3510611502180012, -71.0661488629123994 42.3511140721662969, -71.0660407748793972 42.3511225231863975)","{""name"": ""Stuart Street"", ""class"": ""primary"", ""names_lr"": [{""between"": [0.0, 1.0], ""value"": ""Stuart Street""}], ""subclass_lr"": [{""between"": [0.0, 1.0], ""value"": null}], ""level_lr"": [{""between"": [0.0, 1.0], ""value"": 0}], ""road_flags_lr"": [{""start"": 0.0, ""end"": 1.0, ""value"": []}]}","{""name"": ""STUART STREET"", ""class"": ""tertiary""}"
da5806a4-4581-4667-88cc-2e87b5b5f16b,us_boston_streets_7747,"LINESTRING (-71.0698565000000002 42.3578484000000017, -71.0698835999999972 42.3579050000000024, -71.0702978999999999 42.3587709999999973, -71.0703113000000002 42.3587989999999976)","LINESTRING (-71.0694571526928058 42.3571306392620031, -71.0698555461062966 42.3578843154528997, -71.0702551145318040 42.3586547587946001, -71.0703440289751995 42.3588183082001990)","{""name"": ""Cedar Lane Way"", ""class"": ""residential"", ""names_lr"": [{""between"": [0.0, 1.0], ""value"": ""Cedar Lane Way""}], ""subclass_lr"": [{""between"": [0.0, 1.0], ""value"": null}], ""level_lr"": [{""between"": [0.0, 1.0], ""value"": 0}], ""road_flags_lr"": [{""start"": 0.0, ""end"": 1.0, ""value"": []}]}","{""name"": ""CEDAR LANE WAY"", ""class"": ""residential""}"
66bf5de9-4427-40a2-af27-60fd9d5ae3e7,us_boston_streets_5343,"LINESTRING (-71.0693284999999975 42.3503060000000033, -71.0687745000000035 42.3504736000000008, -71.0687391999999960 42.3504843999999991, -71.0686563000000007 42.3505083000000013)","LINESTRING (-71.0698982676084938 42.3501560444993004, -71.0698977824099956 42.3501561804292024, -71.0693370750555005 42.3503130967889021, -71.0686837247718017 42.3504956534916985)","{""name"": ""Stuart Street"", ""class"": ""primary"", ""names_lr"": [{""between"": [0.0, 1.0], ""value"": ""Stuart Street""}], ""subclass_lr"": [{""between"": [0.0, 1.0], ""value"": null}], ""level_lr"": [{""between"": [0.0, 1.0], ""value"": 0}], ""road_flags_lr"": [{""start"": 0.0, ""end"": 1.0, ""value"": []}]}","{""name"": ""STUART STREET"", ""class"": ""primary""}"
e6cb5447-5b4a-457b-a69d-6ce3b36d6ef1,us_boston_streets_5301,"LINESTRING (-71.0528041000000030 42.3582733000000005, -71.0528386000000012 42.3582261999999972, -71.0530226000000056 42.3579768000000030)","LINESTRING (-71.0532222614915980 42.3576677869988032, -71.0529919368940028 42.3579673335746989, -71.0527621724120024 42.3582716488976985)","{""name"": ""Custom House Street"", ""class"": ""unclassified"", ""names_lr"": [{""between"": [0.0, 1.0], ""value"": ""Custom House Street""}], ""subclass_lr"": [{""between"": [0.0, 1.0], ""value"": null}], ""level_lr"": [{""between"": [0.0, 1.0], ""value"": 0}], ""road_flags_lr"": [{""start"": 0.0, ""end"": 1.0, ""value"": []}]}","{""name"": ""CUSTOM HOUSE STREET"", ""class"": ""residential""}"
f39b7fda-9af9-4f40-8765-8b0d5e2550c6,us_boston_streets_8927,"LINESTRING (-71.0528553999999986 42.3658515999999992, -71.0529044000000027 42.3658689000000024, -71.0529449999999940 42.3658949000000007, -71.0530124999999941 42.3659510000000026, -71.0532948000000033 42.3662652000000008, -71.0534289999999942 42.3664300000000011)","LINESTRING (-71.0539675633535950 42.3669243342277966, -71.0538039307648006 42.3668403732943020, -71.0536922387673968 42.3667459344445021, -71.0535637373451010 42.3665830622625990, -71.0533622991521980 42.3663322617492994, -71.0533124148816029 42.3662701578246015, -71.0529950013004026 42.3659334975144972, -71.0529898848865997 42.3659289320683001, -71.0529348759241941 42.3658798496500992, -71.0528613569127003 42.3658374555231987)","{""name"": ""Charter Street"", ""class"": ""residential"", ""names_lr"": [{""between"": [0.0, 1.0], ""value"": ""Charter Street""}], ""subclass_lr"": [{""between"": [0.0, 1.0], ""value"": null}], ""level_lr"": [{""between"": [0.0, 1.0], ""value"": 0}], ""road_flags_lr"": [{""start"": 0.0, ""end"": 1.0, ""value"": []}]}","{""name"": ""CHARTER STREET"", ""class"": ""residential""}"
836c3ac2-d307-412e-a73f-3603e034e79f,us_boston_streets_4381,"LINESTRING (-71.0519656999999967 42.3616762999999992, -71.0519814999999966 42.3616936999999965, -71.0519972999999965 42.3617082000000025, -71.0520152999999937 42.3617222000000027, -71.0520376999999996 42.3617361000000017, -71.0520601000000056 42.3617480999999998, -71.0525202999999976 42.3619738000000012, -71.0526092000000062 42.3620171000000028)","LINESTRING (-71.0531641622569055 42.3623790205697972, -71.0529584482600001 42.3622248522124991, -71.0529177137350985 42.3621943243809014, -71.0526021117734956 42.3620114923536022, -71.0519567646717007 42.3616763552307987)","{""name"": ""Richmond Street"", ""class"": ""residential"", ""names_lr"": [{""between"": [0.0, 1.0], ""value"": ""Richmond Street""}], ""subclass_lr"": [{""between"": [0.0, 1.0], ""value"": null}], ""level_lr"": [{""between"": [0.0, 1.0], ""value"": 0}], ""road_flags_lr"": [{""start"": 0.0, ""end"": 1.0, ""value"": []}]}","{""name"": ""RICHMOND STREET"", ""class"": ""residential""}"
3ea6c68e-7f76-40ad-b7dd-c8cb2db0268d,us_boston_streets_6196,"LINESTRING (-71.0634818000000053 42.3643325000000033, -71.0634728999999936 42.3643191000000030, -71.0634651999999960 42.3643057999999968, -71.0634591000000029 42.3642943999999986, -71.0634557999999998 42.3642873000000009, -71.0634519000000040 42.3642788000000010, -71.0634502000000055 42.3642747999999969, -71.0634464999999977 42.3642662999999970, -71.0634414000000021 42.3642523999999980, -71.0634368000000052 42.3642375000000015, -71.0634333999999939 42.3642206999999971)","LINESTRING (-71.0633702187412979 42.3642310600848973, -71.0633836867075956 42.3643547092359967, -71.0634061344497070 42.3644261495796002, -71.0634259515113058 42.3645016357355004)","{""name"": ""Lomasney Way"", ""class"": ""primary"", ""names_lr"": [{""between"": [0.0, 1.0], ""value"": ""Lomasney Way""}], ""subclass_lr"": [{""between"": [0.0, 1.0], ""value"": null}], ""level_lr"": [{""between"": [0.0, 1.0], ""value"": 0}], ""road_flags_lr"": [{""start"": 0.0, ""end"": 1.0, ""value"": []}]}","{""name"": ""LOMASNEY WAY"", ""class"": ""tertiary""}"
a4e19b35-4e85-4223-ac1c-1c382cab9122,us_boston_streets_3290,"LINESTRING (-71.0698565000000002 42.3578484000000017, -71.0695489999999950 42.3578882999999990, -71.0694768999999980 42.3578964000000013)","LINESTRING (-71.0702932870367050 42.3578047276772978, -71.0702000224804067 42.3578252001777997, -71.0700403040963948 42.3578561142237007, -71.0699111770671976 42.3578786968326000, -71.0698555461062966 42.3578843154528997, -71.0695364107689045 42.3579318756955985, -71.0694811840763947 42.3579372966839998)","{""name"": ""Mount Vernon Street"", ""class"": ""residential"", ""names_lr"": [{""between"": [0.0, 1.0], ""value"": ""Mount Vernon Street""}], ""subclass_lr"": [{""between"": [0.0, 1.0], ""value"": null}], ""level_lr"": [{""between"": [0.0, 1.0], ""value"": 0}], ""road_flags_lr"": [{""start"": 0.0, ""end"": 1.0, ""value"": []}]}","{""name"": ""MOUNT VERNON STREET"", ""class"": ""residential""}"
31b1bfe8-a86a-4589-a7e1-7d9a87e384b3,us_boston_streets_8387,"LINESTRING (-71.0730831000000052 42.3560505000000020, -71.0730412999999999 42.3561106000000009, -71.0730041000000057 42.3561752999999968, -71.0729587000000009 42.3562687000000011, -71.0729206000000033 42.3563812000000013)","LINESTRING (-71.0731326786100936 42.3557375901079993, -71.0731716138844973 42.3559017675588976, -71.0731611147228932 42.3559610667385016, -71.0731276947659012 42.3560298959421004, -71.0730843759896942 42.3560978151069989, -71.0729864830820048 42.3562682376653967)","{""name"": ""David G. Mugar Way"", ""class"": ""primary"", ""names_lr"": [{""between"": [0.0, 1.0], ""value"": ""David G. Mugar Way""}], ""subclass_lr"": [{""between"": [0.0, 1.0], ""value"": null}], ""level_lr"": [{""between"": [0.0, 1.0], ""value"": 0}], ""road_flags_lr"": [{""start"": 0.0, ""end"": 1.0, ""value"": []}]}","{""name"": ""DAVID G MUGAR WAY"", ""class"": ""primary""}"
1ee65477-ccf1-4a5e-9fe9-a6b63aff3f54,us_boston_streets_9760,"LINESTRING (-71.0509636999999969 42.3505524999999992, -71.0510330999999979 42.3504624999999990, -71.0510491000000002 42.3504416999999975, -71.0510596000000021 42.3504246999999978, -71.0510684999999995 42.3503878000000000, -71.0510761999999971 42.3503489000000002, -71.0510800999999930 42.3502931000000018, -71.0510744999999986 42.3502364000000000, -71.0510601000000008 42.3501982000000012, -71.0510352000000012 42.3501565999999983, -71.0509983000000034 42.3501206999999980, -71.0509456000000057 42.3500822000000028, -71.0504131999999942 42.3497136000000012)","LINESTRING (-71.0494679350085931 42.3490698978004971, -71.0503607329507929 42.3496740471836972, -71.0504399582301005 42.3497276569926981, -71.0509865882782066 42.3501203092302987, -71.0510379260702933 42.3501716481168984, -71.0510633755313989 42.3502292734897026, -71.0510713755815004 42.3503155995916032, -71.0510445726523017 42.3504497322092988, -71.0509998950120973 42.3505765098553013)","{""name"": ""Melcher Street"", ""class"": ""residential"", ""names_lr"": [{""between"": [0.0, 1.0], ""value"": ""Melcher Street""}], ""subclass_lr"": [{""between"": [0.0, 1.0], ""value"": null}], ""level_lr"": [{""between"": [0.0, 1.0], ""value"": 0}], ""road_flags_lr"": [{""start"": 0.0, ""end"": 1.0, ""value"": []}]}","{""name"": ""MELCHER STREET"", ""class"": ""residential""}"
578ed470-4be6-49e6-9df9-d01f68fbf140,us_boston_streets_9793,"LINESTRING (-71.0538265999999936 42.3633099999999985, -71.0538118000000054 42.3633345000000006, -71.0537754000000064 42.3633949000000030, -71.0537522999999993 42.3634331000000017, -71.0536989000000005 42.3635214999999974, -71.0536345999999952 42.3636312000000004)","LINESTRING (-71.0538264520145049 42.3633120073877976, -71.0538039489201054 42.3633450021492024, -71.0537085780831035 42.3634848577012022, -71.0536616408624013 42.3635700203571020, -71.0536153890229940 42.3636538622264993, -71.0535282589418955 42.3638546173110981, -71.0535153764307950 42.3638881139078975, -71.0534519542823944 42.3640530177808969)","{""name"": ""North Square"", ""class"": ""residential"", ""names_lr"": [{""between"": [0.0, 1.0], ""value"": ""North Square""}], ""subclass_lr"": [{""between"": [0.0, 1.0], ""value"": null}], ""level_lr"": [{""between"": [0.0, 1.0], ""value"": 0}], ""road_flags_lr"": [{""start"": 0.0, ""end"": 1.0, ""value"": []}]}","{""name"": ""NORTH SQUARE"", ""class"": ""residential""}"
231be841-6742-4abb-a135-8e3f216906ff,us_boston_streets_2837,"LINESTRING (-71.0583794000000069 42.3647542000000001, -71.0584135000000003 42.3646759000000017, -71.0584278999999981 42.3646292000000031, -71.0584403999999950 42.3645805999999965, -71.0584474999999998 42.3645388999999994, -71.0584499999999935 42.3644873000000004, -71.0584462000000059 42.3642804999999996)","LINESTRING (-71.0583832685265975 42.3651306470256017, -71.0584292707283964 42.3647353957912998, -71.0584541431334031 42.3642194002735977)","{""name"": ""North Washington Street"", ""class"": ""primary"", ""names_lr"": [{""between"": [0.0, 1.0], ""value"": ""North Washington Street""}], ""subclass_lr"": [{""between"": [0.0, 1.0], ""value"": null}], ""level_lr"": [{""between"": [0.0, 1.0], ""value"": 0}], ""road_flags_lr"": [{""start"": 0.0, ""end"": 1.0, ""value"": []}]}","{""name"": ""WASHINGTON STREET"", ""class"": ""tertiary""}"
9a9a5918-7d76-4985-9b6f-4d16dd756d55,us_boston_streets_3087,"LINESTRING (-71.0604251000000033 42.3568094000000031, -71.0611875999999967 42.3571504000000019, -71.0612624999999980 42.3571839000000026)","LINESTRING (-71.0604325546176057 42.3568097334249032, -71.0612734087381028 42.3571823165475010)","{""name"": ""Bromfield Street"", ""class"": ""residential"", ""names_lr"": [{""between"": [0.0, 1.0], ""value"": ""Bromfield Street""}], ""subclass_lr"": [{""between"": [0.0, 1.0], ""value"": null}], ""level_lr"": [{""between"": [0.0, 1.0], ""value"": 0}], ""road_flags_lr"": [{""start"": 0.0, ""end"": 1.0, ""value"": []}]}","{""name"": ""BROMFIELD STREET"", ""class"": ""tertiary""}"
86adf09c-8c50-4a34-9132-0d0dede0ffb8,us_boston_streets_9719,"LINESTRING (-71.0565419999999932 42.3666240000000016, -71.0565409999999957 42.3663150000000002)","LINESTRING (-71.0565416923751059 42.3663232493866033, -71.0565424037855990 42.3666330416716974)","{""name"": ""Snow Hill Street"", ""class"": ""residential"", ""names_lr"": [{""between"": [0.0, 1.0], ""value"": ""Snow Hill Street""}], ""subclass_lr"": [{""between"": [0.0, 1.0], ""value"": null}], ""level_lr"": [{""between"": [0.0, 1.0], ""value"": 0}], ""road_flags_lr"": [{""start"": 0.0, ""end"": 1.0, ""value"": []}]}","{""name"": ""SNOW HILL STREET"", ""class"": ""residential""}"
b7bf2218-1277-4215-8912-94f631c2811f,us_boston_streets_3402,"LINESTRING (-71.0783102999999983 42.3520570000000021, -71.0784368000000057 42.3520225999999980, -71.0793180999999947 42.3517829999999975, -71.0803408999999959 42.3515049000000019, -71.0803702000000044 42.3514971000000031, -71.0804638000000040 42.3514735999999985)","LINESTRING (-71.0783199791512033 42.3520645987413999, -71.0798836779208045 42.3516382616855012, -71.0804629549285067 42.3514803156114965)","{""name"": ""Commonwealth Avenue"", ""class"": ""primary"", ""names_lr"": [{""between"": [0.0, 1.0], ""value"": ""Commonwealth Avenue""}], ""subclass_lr"": [{""between"": [0.0, 1.0], ""value"": null}], ""level_lr"": [{""between"": [0.0, 1.0], ""value"": 0}], ""road_flags_lr"": [{""start"": 0.0, ""end"": 1.0, ""value"": []}]}","{""name"": ""COMMONWEALTH AVENUE"", ""class"": ""primary""}"
672ff5f8-dcd1-4a4b-861f-a029f7ff2f71,us_boston_streets_5240,"LINESTRING (-71.0716623999999939 42.3538485999999992, -71.0717728999999991 42.3538181999999992, -71.0726657000000017 42.3535777000000024, -71.0738968000000000 42.3532459999999986, -71.0739267999999953 42.3532373000000035, -71.0740145999999982 42.3532141000000024)","LINESTRING (-71.0716373747142995 42.3538394593803034, -71.0736496511766944 42.3533183361017009, -71.0740171427134015 42.3532231615854968)","{""name"": ""Commonwealth Avenue"", ""class"": ""primary"", ""names_lr"": [{""between"": [0.0, 1.0], ""value"": ""Commonwealth Avenue""}], ""subclass_lr"": [{""between"": [0.0, 1.0], ""value"": null}], ""level_lr"": [{""between"": [0.0, 1.0], ""value"": 0}], ""road_flags_lr"": [{""start"": 0.0, ""end"": 1.0, ""value"": []}]}","{""name"": ""COMMONWEALTH AVENUE"", ""class"": ""primary""}"
9cf391a0-fb5c-41e5-bf96-78167941d55a,us_boston_streets_10835,"LINESTRING (-71.0551092999999980 42.3572033000000019, -71.0549400000000020 42.3573124999999990, -71.0549012999999974 42.3573373999999987)","LINESTRING (-71.0548483910627056 42.3573585173302973, -71.0545245941918040 42.3575601693722987, -71.0543707609264032 42.3576705000670017)","{""name"": ""Milk Street"", ""class"": ""secondary"", ""names_lr"": [{""between"": [0.0, 1.0], ""value"": ""Milk Street""}], ""subclass_lr"": [{""between"": [0.0, 1.0], ""value"": null}], ""level_lr"": [{""between"": [0.0, 1.0], ""value"": 0}], ""road_flags_lr"": [{""start"": 0.0, ""end"": 1.0, ""value"": []}]}","{""name"": ""MILK STREET"", ""class"": ""tertiary""}"
f9e9ca3a-570e-483d-b927-c1e09909bbcd,us_boston_streets_3304,"LINESTRING (-71.0694605999999993 42.3610788000000014, -71.0689028000000036 42.3610882999999987, -71.0688592000000057 42.3610891000000009, -71.0687532000000033 42.3610909000000007)","LINESTRING (-71.0694222185878033 42.3610799802009979, -71.0695751291892037 42.3610779705346019, -71.0697412108744970 42.3610693640004996, -71.0698052948224017 42.3610682064726021, -71.0698642529273030 42.3610671413744981, -71.0699656695331043 42.3610514198429016, -71.0700237026276938 42.3610301703116008, -71.0700709393746024 42.3610008282024992)","{""name"": ""Cambridge Street"", ""class"": ""primary"", ""names_lr"": [{""between"": [0.0, 1.0], ""value"": ""Cambridge Street""}], ""subclass_lr"": [{""between"": [0.0, 1.0], ""value"": null}], ""level_lr"": [{""between"": [0.0, 1.0], ""value"": 0}], ""road_flags_lr"": [{""start"": 0.0, ""end"": 1.0, ""value"": []}]}","{""name"": ""CAMBRIDGE STREET"", ""class"": ""tertiary""}"
6b07415f-f4b6-4dbd-87f3-d671b9c2c6cb,us_boston_streets_7240,"LINESTRING (-71.0704491999999988 42.3514111000000000, -71.0703563999999943 42.3512091999999996, -71.0703421999999989 42.3511815000000027, -71.0702916999999985 42.3510683000000014)","LINESTRING (-71.0704551609572945 42.3514261167156008, -71.0705970356173964 42.3517331679381002, -71.0706798569184031 42.3519124209066007)","{""name"": ""Arlington Street"", ""class"": ""primary"", ""names_lr"": [{""between"": [0.0, 1.0], ""value"": ""Arlington Street""}], ""subclass_lr"": [{""between"": [0.0, 1.0], ""value"": null}], ""level_lr"": [{""between"": [0.0, 1.0], ""value"": 0}], ""road_flags_lr"": [{""start"": 0.0, ""end"": 1.0, ""value"": []}]}","{""name"": ""ARLINGTON STREET"", ""class"": ""tertiary""}"
c98af621-ca07-4fd3-aeb1-a49c126bcaee,us_boston_streets_6516,"LINESTRING (-71.0541072999999983 42.3541384999999977, -71.0540132000000000 42.3540406999999988, -71.0538403999999986 42.3538739000000035, -71.0537146000000064 42.3537523999999976, -71.0536273999999963 42.3536758999999989)","LINESTRING (-71.0540825698615066 42.3541166029640976, -71.0546293261402013 42.3546440483509983)","{""name"": ""Congress Street"", ""class"": ""primary"", ""names_lr"": [{""between"": [0.0, 1.0], ""value"": ""Congress Street""}], ""subclass_lr"": [{""between"": [0.0, 1.0], ""value"": null}], ""level_lr"": [{""between"": [0.0, 1.0], ""value"": 0}], ""road_flags_lr"": [{""start"": 0.0, ""end"": 1.0, ""value"": []}]}","{""name"": ""CONGRESS STREET"", ""class"": ""tertiary""}"
98d792c6-8d86-47b1-93eb-1fbf20205585,us_boston_streets_283,"LINESTRING (-71.0634193000000067 42.3639127000000002, -71.0634014000000036 42.3639287999999965, -71.0633835000000005 42.3639469000000020, -71.0633667999999972 42.3639673999999999, -71.0633552000000037 42.3639848999999984)","LINESTRING (-71.0633691477796958 42.3640089663307009, -71.0633594336806027 42.3641213134794015, -71.0633702187412979 42.3642310600848973)","{""name"": ""Staniford Street"", ""class"": ""primary"", ""names_lr"": [{""between"": [0.0, 1.0], ""value"": ""Staniford Street""}], ""subclass_lr"": [{""between"": [0.0, 1.0], ""value"": null}], ""level_lr"": [{""between"": [0.0, 1.0], ""value"": 0}], ""road_flags_lr"": [{""start"": 0.0, ""end"": 1.0, ""value"": []}]}","{""name"": ""LOMASNEY WAY"", ""class"": ""tertiary""}"
44538cf4-9d1b-41ec-ad2e-0603d359bbfb,us_boston_streets_8181,"LINESTRING (-71.0723531000000008 42.3552553000000032, -71.0722516000000013 42.3550447000000005, -71.0721089999999975 42.3547531999999975, -71.0720957999999996 42.3547267000000005, -71.0720629000000059 42.3546548999999999)","LINESTRING (-71.0721229076053049 42.3546498425190023, -71.0718732076292952 42.3542330778358007)","{""name"": ""Arlington Street"", ""class"": ""primary"", ""names_lr"": [{""between"": [0.0, 1.0], ""value"": ""Arlington Street""}], ""subclass_lr"": [{""between"": [0.0, 1.0], ""value"": null}], ""level_lr"": [{""between"": [0.0, 1.0], ""value"": 0}], ""road_flags_lr"": [{""start"": 0.0, ""end"": 1.0, ""value"": []}]}","{""name"": ""ARLINGTON STREET"", ""class"": ""primary""}"
c03ee818-e2c6-4dad-9f59-6d583d830d4f,us_boston_streets_5920,"LINESTRING (-71.0674872000000022 42.3525186000000033, -71.0673263999999989 42.3525271999999973, -71.0671094000000068 42.3525253999999975, -71.0669409000000059 42.3525240000000025)","LINESTRING (-71.0670116748014067 42.3525188820502976, -71.0667928729824041 42.3525218743298026, -71.0663169032057027 42.3524933497270979, -71.0659412596567961 42.3524728399598018)","{""name"": ""Boylston Street"", ""class"": ""primary"", ""names_lr"": [{""between"": [0.0, 1.0], ""value"": ""Boylston Street""}], ""subclass_lr"": [{""between"": [0.0, 1.0], ""value"": null}], ""level_lr"": [{""between"": [0.0, 1.0], ""value"": 0}], ""road_flags_lr"": [{""start"": 0.0, ""end"": 1.0, ""value"": []}]}","{""name"": ""BOYLSTON STREET"", ""class"": ""tertiary""}"
7736a28b-efad-498a-a48a-82d3cea4bf85,us_boston_streets_20,"LINESTRING (-71.0691221000000013 42.3571858999999975, -71.0694787999999988 42.3571020999999988)","LINESTRING (-71.0703498404834022 42.3569229695040974, -71.0701774205223984 42.3569642112316984, -71.0698778379832987 42.3570315834580029, -71.0694571526928058 42.3571306392620031)","{""name"": ""Chestnut Street"", ""class"": ""residential"", ""names_lr"": [{""between"": [0.0, 1.0], ""value"": ""Chestnut Street""}], ""subclass_lr"": [{""between"": [0.0, 1.0], ""value"": null}], ""level_lr"": [{""between"": [0.0, 1.0], ""value"": 0}], ""road_flags_lr"": [{""start"": 0.0, ""end"": 1.0, ""value"": []}]}","{""name"": ""CHESTNUT STREET"", ""class"": ""residential""}"
be4c1031-a068-462e-b55b-d94e393ed0c9,us_boston_streets_10750,"LINESTRING (-71.0759979000000044 42.3522851999999972, -71.0759124000000071 42.3523087000000018, -71.0748573999999991 42.3525938000000011, -71.0739760999999959 42.3528318999999982, -71.0739365999999961 42.3528426000000024, -71.0738439999999940 42.3528676999999973)","LINESTRING (-71.0775380467354978 42.3518592136934018, -71.0759818748862955 42.3522687049191973, -71.0758923628678048 42.3522936324952965, -71.0753875252095071 42.3524342171779011)","{""name"": ""Commonwealth Avenue"", ""class"": ""primary"", ""names_lr"": [{""between"": [0.0, 1.0], ""value"": ""Commonwealth Avenue""}], ""subclass_lr"": [{""between"": [0.0, 1.0], ""value"": null}], ""level_lr"": [{""between"": [0.0, 1.0], ""value"": 0}], ""road_flags_lr"": [{""start"": 0.0, ""end"": 1.0, ""value"": []}]}","{""name"": ""COMMONWEALTH AVENUE"", ""class"": ""primary""}"
1546077b-54af-48fb-a76e-c35be5566516,us_boston_streets_10662,"LINESTRING (-71.0682577000000038 42.3611006000000003, -71.0678563999999966 42.3611091000000002)","LINESTRING (-71.0669637481459944 42.3611462347135017, -71.0675676819654001 42.3611200659855029, -71.0678672826447979 42.3611070827282035)","{""name"": ""Cambridge Street"", ""class"": ""primary"", ""names_lr"": [{""between"": [0.0, 1.0], ""value"": ""Cambridge Street""}], ""subclass_lr"": [{""between"": [0.0, 1.0], ""value"": null}], ""level_lr"": [{""between"": [0.0, 1.0], ""value"": 0}], ""road_flags_lr"": [{""start"": 0.0, ""end"": 1.0, ""value"": []}]}","{""name"": ""CAMBRIDGE STREET"", ""class"": ""tertiary""}"
9a9a5918-7d76-4985-9b6f-4d16dd756d55,us_boston_streets_9352,"LINESTRING (-71.0604251000000033 42.3568094000000031, -71.0611875999999967 42.3571504000000019, -71.0612624999999980 42.3571839000000026)","LINESTRING (-71.0610746318385935 42.3573746911671023, -71.0603194105790976 42.3569932888794014)","{""name"": ""Bromfield Street"", ""class"": ""residential"", ""names_lr"": [{""between"": [0.0, 1.0], ""value"": ""Bromfield Street""}], ""subclass_lr"": [{""between"": [0.0, 1.0], ""value"": null}], ""level_lr"": [{""between"": [0.0, 1.0], ""value"": 0}], ""road_flags_lr"": [{""start"": 0.0, ""end"": 1.0, ""value"": []}]}","{""name"": ""BOSWORTH STREET"", ""class"": ""residential""}"
d57eb661-196d-408d-9765-18732f6db72f,us_boston_streets_9730,"LINESTRING (-71.0627194000000060 42.3519160999999968, -71.0626173999999935 42.3522772000000032, -71.0626101000000006 42.3523049000000000, -71.0625912000000000 42.3523922999999982)","LINESTRING (-71.0627942687845007 42.3516056365652034, -71.0627132851701049 42.3519245217294014)","{""name"": ""Washington Street"", ""class"": ""primary"", ""names_lr"": [{""between"": [0.0, 1.0], ""value"": ""Washington Street""}], ""subclass_lr"": [{""between"": [0.0, 1.0], ""value"": null}], ""level_lr"": [{""between"": [0.0, 1.0], ""value"": 0}], ""road_flags_lr"": [{""start"": 0.0, ""end"": 1.0, ""value"": []}]}","{""name"": ""WASHINGTON STREET"", ""class"": ""tertiary""}"
43a4da33-a356-4935-920f-b06970984bd9,us_boston_streets_5285,"LINESTRING (-71.0607902999999936 42.3632974000000004, -71.0608122999999949 42.3633128000000028, -71.0608337000000034 42.3633256000000031, -71.0608600000000052 42.3633384999999976, -71.0608897999999982 42.3633491000000006, -71.0613347000000033 42.3634598000000011)","LINESTRING (-71.0607218055368008 42.3633252558857976, -71.0608324232286037 42.3634509203130989, -71.0610174229913980 42.3636610834399008)","{""name"": ""Merrimac Street"", ""class"": ""secondary"", ""names_lr"": [{""between"": [0.0, 1.0], ""value"": ""Merrimac Street""}], ""subclass_lr"": [{""between"": [0.0, 1.0], ""value"": null}], ""level_lr"": [{""between"": [0.0, 1.0], ""value"": 0}], ""road_flags_lr"": [{""start"": 0.0, ""end"": 1.0, ""value"": []}]}","{""name"": ""PORTLAND STREET"", ""class"": ""tertiary""}"
31a708b5-22e2-4646-bf7f-0019b31800fb,us_boston_streets_461,"LINESTRING (-71.0543973999999992 42.3596671000000029, -71.0536361999999997 42.3597401999999974, -71.0535840999999948 42.3594097000000005, -71.0535741000000058 42.3593461999999974)","LINESTRING (-71.0557099778882986 42.3595485585681999, -71.0552832649186996 42.3595925612772035, -71.0552829964509982 42.3595925890483969, -71.0547570033623970 42.3596468265951032, -71.0546628453271012 42.3596553298974001, -71.0544507664255036 42.3596744868389976, -71.0536297012617979 42.3597539281422968)","{""name"": ""Chatham Street"", ""class"": ""residential"", ""names_lr"": [{""between"": [0.0, 0.589300357], ""value"": ""Chatham Street""}, {""between"": [0.589300357, 1.0], ""value"": ""Commercial Street""}], ""subclass_lr"": [{""between"": [0.0, 1.0], ""value"": null}], ""level_lr"": [{""between"": [0.0, 1.0], ""value"": 0}], ""road_flags_lr"": [{""start"": 0.0, ""end"": 1.0, ""value"": []}]}","{""name"": ""CHATHAM STREET"", ""class"": ""residential""}"
01a55bb5-8634-47ab-83ca-1a38932cbf44,us_boston_streets_3413,"LINESTRING (-71.0628423999999939 42.3596152000000004, -71.0627168999999981 42.3596179999999976, -71.0626323000000042 42.3596198999999984)","LINESTRING (-71.0629993857112936 42.3594767073131990, -71.0629635133690982 42.3594894145441998, -71.0629333005140040 42.3595041869309981, -71.0629099070523012 42.3595198792155969, -71.0628868524403003 42.3595445045637007, -71.0628698383315935 42.3595664736023991, -71.0628585011916982 42.3595804255242001, -71.0628443454734935 42.3595919026366019)","{""class"": ""service"", ""subclass"": ""driveway"", ""names_lr"": [{""between"": [0.0, 1.0], ""value"": null}], ""subclass_lr"": [{""between"": [0.0, 1.0], ""value"": ""driveway""}], ""level_lr"": [{""between"": [0.0, 1.0], ""value"": 0}], ""road_flags_lr"": [{""start"": 0.0, ""end"": 1.0, ""value"": []}]}","{""name"": ""DERNE STREET"", ""class"": ""tertiary""}"
616dc619-d070-4c6f-aa4f-a6887c6a0217,us_boston_streets_5708,"LINESTRING (-71.0589889000000028 42.3635597999999973, -71.0590755999999999 42.3635055000000023, -71.0595813999999990 42.3631886000000009)","LINESTRING (-71.0597541896760987 42.3630820701106998, -71.0594098413132969 42.3631367846580034, -71.0591963413578043 42.3632486549743987)","{""name"": ""New Chardon Street"", ""class"": ""primary"", ""names_lr"": [{""between"": [0.0, 1.0], ""value"": ""New Chardon Street""}], ""subclass_lr"": [{""between"": [0.0, 1.0], ""value"": null}], ""level_lr"": [{""between"": [0.0, 1.0], ""value"": 0}], ""road_flags_lr"": [{""start"": 0.0, ""end"": 1.0, ""value"": []}]}","{""name"": ""NEW CHARDON STREET"", ""class"": ""tertiary""}"
08d47e16-405b-4194-9909-991ed1e10f94,us_boston_streets_10002,"LINESTRING (-71.0599954000000054 42.3664065999999977, -71.0599023999999986 42.3664630000000031, -71.0598935999999952 42.3664715999999970, -71.0598887999999960 42.3664831999999976, -71.0598884999999996 42.3664942999999994, -71.0598932000000048 42.3665032999999980, -71.0600402999999972 42.3666466000000028, -71.0600658000000038 42.3666669999999996, -71.0600917000000010 42.3666854000000015, -71.0601506999999941 42.3667194000000009, -71.0601678000000021 42.3667259999999999, -71.0601828000000069 42.3667283999999995, -71.0602094000000051 42.3667281999999972, -71.0602341999999965 42.3667250000000024, -71.0602554000000026 42.3667194000000009, -71.0602762000000041 42.3667099999999976, -71.0602977000000067 42.3666981000000007)","LINESTRING (-71.0597932889496064 42.3662219045870003, -71.0602089372275998 42.3666032788605023)","{""class"": ""service"", ""names_lr"": [{""between"": [0.0, 1.0], ""value"": null}], ""subclass_lr"": [{""between"": [0.0, 1.0], ""value"": null}], ""level_lr"": [{""between"": [0.0, 1.0], ""value"": 0}], ""road_flags_lr"": [{""start"": 0.0, ""end"": 1.0, ""value"": []}]}","{""name"": ""BEVERLY STREET"", ""class"": ""residential""}"
e3260bcd-b5b0-40c1-97c4-14a8dda7e47d,us_boston_streets_4266,"LINESTRING (-71.0517889000000054 42.3641957999999974, -71.0517961000000042 42.3641570999999999, -71.0518011999999999 42.3641294999999971, -71.0518303000000060 42.3640375000000020, -71.0518715999999984 42.3639547000000007, -71.0519165999999984 42.3638788000000019, -71.0519821000000036 42.3638024999999985, -71.0520453999999972 42.3637360999999970, -71.0520633999999944 42.3637215999999981, -71.0521200000000022 42.3636759999999981)","LINESTRING (-71.0521206843561970 42.3636846365405972, -71.0520309124721052 42.3637505167680999, -71.0519641206284973 42.3638250355991985, -71.0519029901843027 42.3639145302653972, -71.0518412062814946 42.3640309491266009, -71.0518124687130950 42.3640850976280987, -71.0517884692823998 42.3642196010650025, -71.0517905094702940 42.3643204171868035, -71.0517931365685058 42.3644502825486029, -71.0517915492579988 42.3646444851075969, -71.0517890836925972 42.3649460122922008, -71.0517844341282938 42.3651959659468034, -71.0517665578562969 42.3652792226057002, -71.0517399157009066 42.3653795316972008, -71.0516754901513963 42.3655267012427004, -71.0516404652447022 42.3655906590439031, -71.0515937190225060 42.3656823441760011, -71.0514487310557001 42.3658929192881004, -71.0514103292821062 42.3659486928174971, -71.0513299744155944 42.3661139939823030, -71.0512963024327036 42.3661832632572981)","{""name"": ""North Street"", ""class"": ""residential"", ""names_lr"": [{""between"": [0.0, 1.0], ""value"": ""North Street""}], ""subclass_lr"": [{""between"": [0.0, 1.0], ""value"": null}], ""level_lr"": [{""between"": [0.0, 1.0], ""value"": 0}], ""road_flags_lr"": [{""start"": 0.0, ""end"": 1.0, ""value"": []}]}","{""name"": ""NORTH STREET"", ""class"": ""residential""}"
10991d41-8a6d-4b95-a691-fb9ed07126e5,us_boston_streets_2078,"LINESTRING (-71.0674872000000022 42.3525186000000033, -71.0675142000000051 42.3525891000000030, -71.0675554000000034 42.3527251000000007, -71.0675812000000064 42.3528112999999991)","LINESTRING (-71.0670116748014067 42.3525188820502976, -71.0672692937481969 42.3526046619271028, -71.0674268727832015 42.3527194549656016, -71.0676149207234999 42.3528800350346017)","{""name"": ""Charles Street South"", ""class"": ""primary"", ""names_lr"": [{""between"": [0.0, 1.0], ""value"": ""Charles Street South""}], ""subclass_lr"": [{""between"": [0.0, 1.0], ""value"": null}], ""level_lr"": [{""between"": [0.0, 1.0], ""value"": 0}], ""road_flags_lr"": [{""start"": 0.0, ""end"": 1.0, ""value"": []}]}","{""name"": ""CHARLES STREET"", ""class"": ""tertiary""}"
c22b1185-040b-47ba-be85-f97fa45324b4,us_boston_streets_9432,"LINESTRING (-71.0597542999999945 42.3501437999999979, -71.0597106000000025 42.3501313000000010, -71.0596708000000064 42.3501199000000028, -71.0596273000000025 42.3501090999999974, -71.0593922999999990 42.3500559000000010, -71.0591067999999950 42.3499912999999992, -71.0590689999999938 42.3499827999999994, -71.0589420999999959 42.3499540999999979)","LINESTRING (-71.0602546284193011 42.3502838039269989, -71.0600043573771956 42.3502059661105008, -71.0599429254223054 42.3501868600056000, -71.0598059401969948 42.3501442551310987, -71.0597336084652937 42.3501217590005012)","{""name"": ""Kneeland Street"", ""class"": ""primary"", ""names_lr"": [{""between"": [0.0, 1.0], ""value"": ""Kneeland Street""}], ""subclass_lr"": [{""between"": [0.0, 1.0], ""value"": null}], ""level_lr"": [{""between"": [0.0, 1.0], ""value"": 0}], ""road_flags_lr"": [{""start"": 0.0, ""end"": 1.0, ""value"": []}]}","{""name"": ""KNEELAND STREET"", ""class"": ""tertiary""}"
544c2ce7-7ed5-4e62-8a93-59816a54a97b,us_boston_streets_5981,"LINESTRING (-71.0613912000000028 42.3525072999999992, -71.0613737000000043 42.3524382000000017, -71.0613168999999942 42.3522115000000028, -71.0612603999999948 42.3519724000000011)","LINESTRING (-71.0612235672167998 42.3520009978877994, -71.0611701865070984 42.3517535173021002, -71.0611662951829999 42.3515762583636999, -71.0611875294202946 42.3514947513299020)","{""name"": ""Harrison Avenue"", ""class"": ""secondary"", ""names_lr"": [{""between"": [0.0, 1.0], ""value"": ""Harrison Avenue""}], ""subclass_lr"": [{""between"": [0.0, 1.0], ""value"": null}], ""level_lr"": [{""between"": [0.0, 1.0], ""value"": 0}], ""road_flags_lr"": [{""start"": 0.0, ""end"": 1.0, ""value"": []}]}","{""name"": ""HARRISON AVENUE"", ""class"": ""tertiary""}"
eba74383-ee6a-43f6-9ee0-96814406f07c,us_boston_streets_9461,"LINESTRING (-71.0597996999999992 42.3630331000000027, -71.0595509000000050 42.3630909999999972, -71.0595229999999987 42.3631000999999969, -71.0594106000000068 42.3631365000000031, -71.0593188999999938 42.3631786999999989, -71.0592519000000067 42.3632130000000018, -71.0591790999999944 42.3632548000000000)","LINESTRING (-71.0599738180844014 42.3630057017279995, -71.0597541896760987 42.3630820701106998)","{""name"": ""New Chardon Street"", ""class"": ""primary"", ""names_lr"": [{""between"": [0.0, 1.0], ""value"": ""New Chardon Street""}], ""subclass_lr"": [{""between"": [0.0, 1.0], ""value"": null}], ""level_lr"": [{""between"": [0.0, 1.0], ""value"": 0}], ""road_flags_lr"": [{""start"": 0.0, ""end"": 1.0, ""value"": []}]}","{""name"": ""NEW CHARDON STREET"", ""class"": ""tertiary""}"
eee2b09c-4bb6-44e4-8918-6010645e89f8,us_boston_streets_8216,"LINESTRING (-71.0623106999999976 42.3648142999999990, -71.0622462000000041 42.3648485000000008, -71.0621835999999973 42.3648816999999980, -71.0621433999999965 42.3649028999999970, -71.0618175999999977 42.3650750999999985, -71.0617503999999940 42.3651114000000035)","LINESTRING (-71.0617768486540058 42.3651181881368970, -71.0612505507795049 42.3653950481280006, -71.0611208029764043 42.3654633019085978)","{""name"": ""Causeway Street"", ""class"": ""secondary"", ""names_lr"": [{""between"": [0.0, 1.0], ""value"": ""Causeway Street""}], ""subclass_lr"": [{""between"": [0.0, 1.0], ""value"": null}], ""level_lr"": [{""between"": [0.0, 1.0], ""value"": 0}], ""road_flags_lr"": [{""start"": 0.0, ""end"": 1.0, ""value"": []}]}","{""name"": ""CAUSEWAY STREET"", ""class"": ""tertiary""}"
62e33057-b8ac-436e-bdcb-501bd5474da6,us_boston_streets_4040,"LINESTRING (-71.0628209000000055 42.3515190999999973, -71.0628588999999948 42.3515244999999965, -71.0628691000000003 42.3515258999999986, -71.0628987999999993 42.3515300999999980, -71.0629425000000055 42.3515360000000030, -71.0630155999999999 42.3515458999999979, -71.0630725999999981 42.3515534000000002, -71.0631350999999967 42.3515614000000014, -71.0631872000000016 42.3515682999999967, -71.0632420999999965 42.3515755999999968, -71.0632956000000036 42.3515827000000016, -71.0633035000000035 42.3515836999999991, -71.0633123000000069 42.3515839000000014, -71.0633205999999973 42.3515828000000027, -71.0633291000000042 42.3515805999999984)","LINESTRING (-71.0647254025625017 42.3517169525310990, -71.0643675291812968 42.3516824260987974, -71.0642687300219933 42.3516728940053966, -71.0641365567545051 42.3516601410299032, -71.0636338405025043 42.3515991501168969, -71.0632842363983031 42.3515561853416997, -71.0628289706064038 42.3515020683693990)","{""class"": ""service"", ""names_lr"": [{""between"": [0.0, 1.0], ""value"": null}], ""subclass_lr"": [{""between"": [0.0, 1.0], ""value"": null}], ""level_lr"": [{""between"": [0.0, 1.0], ""value"": 0}], ""road_flags_lr"": [{""start"": 0.0, ""end"": 1.0, ""value"": []}]}","{""name"": ""LAGRANGE STREET"", ""class"": ""residential""}"
716cf336-fa1d-4a0e-ac2b-88518bddc97a,us_boston_streets_2519,"LINESTRING (-71.0573423000000020 42.3554387000000006, -71.0574593999999991 42.3554164999999969, -71.0574847999999974 42.3554116999999977, -71.0575634000000065 42.3554065000000008, -71.0576077000000055 42.3554036000000025, -71.0576951000000037 42.3553976999999975, -71.0578066000000064 42.3553921000000031, -71.0578852999999953 42.3553921999999972, -71.0579635999999937 42.3553981000000022, -71.0579929000000021 42.3554020999999992, -71.0580755999999951 42.3554133000000022)","LINESTRING (-71.0565715066151995 42.3555375152963975, -71.0573518172558067 42.3554813362692002)","{""name"": ""Franklin Street"", ""class"": ""secondary"", ""names_lr"": [{""between"": [0.0, 1.0], ""value"": ""Franklin Street""}], ""subclass_lr"": [{""between"": [0.0, 1.0], ""value"": null}], ""level_lr"": [{""between"": [0.0, 1.0], ""value"": 0}], ""road_flags_lr"": [{""start"": 0.0, ""end"": 1.0, ""value"": []}]}","{""name"": ""FRANKLIN STREET"", ""class"": ""tertiary""}"
4b8b740f-22df-4dc2-bb42-16eb61983030,us_boston_streets_10839,"LINESTRING (-71.0802922999999964 42.3511298999999966, -71.0802032999999938 42.3511527000000001, -71.0791736000000043 42.3514308000000028, -71.0783112999999958 42.3516637000000031, -71.0782734999999946 42.3516733000000016, -71.0781405000000035 42.3517073000000011)","LINESTRING (-71.0819732420470984 42.3506717005951998, -71.0802792780810933 42.3511289729739033, -71.0800894427323016 42.3511797180551994, -71.0796819987447037 42.3512886294994999)","{""name"": ""Commonwealth Avenue"", ""class"": ""primary"", ""names_lr"": [{""between"": [0.0, 1.0], ""value"": ""Commonwealth Avenue""}], ""subclass_lr"": [{""between"": [0.0, 1.0], ""value"": null}], ""level_lr"": [{""between"": [0.0, 1.0], ""value"": 0}], ""road_flags_lr"": [{""start"": 0.0, ""end"": 1.0, ""value"": []}]}","{""name"": ""COMMONWEALTH AVENUE"", ""class"": ""primary""}"
d22ffb34-e694-4667-b15c-5424d7241ac9,us_boston_streets_8268,"LINESTRING (-71.0672215000000023 42.3508576999999988, -71.0670137000000040 42.3509013999999979, -71.0669781999999941 42.3509090000000015, -71.0669079000000039 42.3509238999999980, -71.0668522999999936 42.3509355999999997)","LINESTRING (-71.0668682313726947 42.3509704874712014, -71.0667103067131052 42.3510038893423015, -71.0666487757795977 42.3510169034721997, -71.0664395786770058 42.3510611502180012, -71.0661488629123994 42.3511140721662969, -71.0660407748793972 42.3511225231863975)","{""name"": ""Stuart Street"", ""class"": ""primary"", ""names_lr"": [{""between"": [0.0, 1.0], ""value"": ""Stuart Street""}], ""subclass_lr"": [{""between"": [0.0, 1.0], ""value"": null}], ""level_lr"": [{""between"": [0.0, 1.0], ""value"": 0}], ""road_flags_lr"": [{""start"": 0.0, ""end"": 1.0, ""value"": []}]}","{""name"": ""STUART STREET"", ""class"": ""tertiary""}"
25e9a2af-df68-44a9-a840-09aec024542a,us_boston_streets_9432,"LINESTRING (-71.0602501000000046 42.3502981999999975, -71.0608115999999939 42.3504521999999994, -71.0608717000000070 42.3504705000000001)","LINESTRING (-71.0602546284193011 42.3502838039269989, -71.0600043573771956 42.3502059661105008, -71.0599429254223054 42.3501868600056000, -71.0598059401969948 42.3501442551310987, -71.0597336084652937 42.3501217590005012)","{""name"": ""Kneeland Street"", ""class"": ""primary"", ""names_lr"": [{""between"": [0.0, 1.0], ""value"": ""Kneeland Street""}], ""subclass_lr"": [{""between"": [0.0, 1.0], ""value"": null}], ""level_lr"": [{""between"": [0.0, 1.0], ""value"": 0}], ""road_flags_lr"": [{""start"": 0.0, ""end"": 1.0, ""value"": []}]}","{""name"": ""KNEELAND STREET"", ""class"": ""tertiary""}"
0243ff00-7016-4624-9762-271387dfa3ac,us_boston_streets_7401,"LINESTRING (-71.0610479000000055 42.3573718000000028, -71.0611339999999956 42.3572986000000000, -71.0612231000000065 42.3572228999999965, -71.0612624999999980 42.3571839000000026)","LINESTRING (-71.0618204446167994 42.3566704719546010, -71.0616479896822000 42.3568318401092014, -71.0612734087381028 42.3571823165475010)","{""name"": ""Tremont Street"", ""class"": ""primary"", ""names_lr"": [{""between"": [0.0, 1.0], ""value"": ""Tremont Street""}], ""subclass_lr"": [{""between"": [0.0, 1.0], ""value"": null}], ""level_lr"": [{""between"": [0.0, 1.0], ""value"": 0}], ""road_flags_lr"": [{""start"": 0.0, ""end"": 1.0, ""value"": []}]}","{""name"": ""TREMONT STREET"", ""class"": ""tertiary""}"
906347ca-a557-41ad-b616-e600349d470e,us_boston_streets_8524,"LINESTRING (-71.0584391000000011 42.3624533999999997, -71.0584785000000068 42.3625322999999980, -71.0585145999999952 42.3625609999999995, -71.0586686999999984 42.3626834000000017, -71.0589714000000043 42.3628442999999990, -71.0591242999999935 42.3628917999999999)","LINESTRING (-71.0599738180844014 42.3630057017279995, -71.0597842179086001 42.3629560238352028, -71.0595209869419051 42.3628870540422966, -71.0592055712606054 42.3627956978129987, -71.0590448899465059 42.3627409942694015, -71.0588389475134932 42.3626410402831013, -71.0586634011448979 42.3625389536404029, -71.0585226555481029 42.3624358659472975)","{""name"": ""Congress Street"", ""class"": ""secondary"", ""names_lr"": [{""between"": [0.0, 1.0], ""value"": ""Congress Street""}], ""subclass_lr"": [{""between"": [0.0, 1.0], ""value"": null}], ""level_lr"": [{""between"": [0.0, 1.0], ""value"": 0}], ""road_flags_lr"": [{""start"": 0.0, ""end"": 1.0, ""value"": []}]}","{""name"": ""CONGRESS STREET"", ""class"": ""tertiary""}"
ad758497-0837-41dc-8e3c-749744993bb5,us_boston_streets_890,"LINESTRING (-71.0563307000000037 42.3628459000000035, -71.0567812999999973 42.3631093999999990, -71.0568135000000041 42.3631281999999985, -71.0568575000000067 42.3631548999999978, -71.0569000999999929 42.3631814000000020, -71.0569595999999990 42.3632192999999972)","LINESTRING (-71.0569727442263002 42.3632167596542004, -71.0571186055158961 42.3633010096551033, -71.0571919510279031 42.3633433734084974)","{""name"": ""Cross Street"", ""class"": ""primary"", ""names_lr"": [{""between"": [0.0, 1.0], ""value"": ""Cross Street""}], ""subclass_lr"": [{""between"": [0.0, 1.0], ""value"": null}], ""level_lr"": [{""between"": [0.0, 1.0], ""value"": 0}], ""road_flags_lr"": [{""start"": 0.0, ""end"": 1.0, ""value"": []}]}","{""name"": ""CROSS STREET"", ""class"": ""tertiary""}"
33183962-28bd-403e-98e1-95b30c9e5797,us_boston_streets_10188,"LINESTRING (-71.0543732000000006 42.3586486000000022, -71.0543942000000044 42.3586924999999965, -71.0545055000000048 42.3589163999999982, -71.0546262000000013 42.3591606999999968, -71.0546532000000042 42.3592153000000025)","LINESTRING (-71.0542047912781953 42.3583714401991003, -71.0543573202627954 42.3586758930627028)","{""name"": ""Broad Street"", ""class"": ""secondary"", ""names_lr"": [{""between"": [0.0, 1.0], ""value"": ""Broad Street""}], ""subclass_lr"": [{""between"": [0.0, 1.0], ""value"": null}], ""level_lr"": [{""between"": [0.0, 1.0], ""value"": 0}], ""road_flags_lr"": [{""start"": 0.0, ""end"": 1.0, ""value"": []}]}","{""name"": ""BROAD STREET"", ""class"": ""tertiary""}"
5a5f4ec6-83dc-431e-a63e-730cf471df9d,us_boston_streets_60,"LINESTRING (-71.0622570999999965 42.3621836000000016, -71.0623683000000028 42.3620854999999992, -71.0624420999999984 42.3620153000000030, -71.0624835999999931 42.3619741999999988, -71.0625189999999947 42.3619340999999991, -71.0625519999999966 42.3618950999999981, -71.0625933999999972 42.3618414000000030, -71.0626297000000022 42.3617895000000004)","LINESTRING (-71.0622606306615978 42.3621712381704967, -71.0621528099513000 42.3622559420563007, -71.0620179390388955 42.3623442349225030, -71.0618777152711942 42.3624190524081996, -71.0617449848931955 42.3624782809493965)","{""name"": ""New Chardon Street"", ""class"": ""primary"", ""names_lr"": [{""between"": [0.0, 1.0], ""value"": ""New Chardon Street""}], ""subclass_lr"": [{""between"": [0.0, 1.0], ""value"": null}], ""level_lr"": [{""between"": [0.0, 1.0], ""value"": 0}], ""road_flags_lr"": [{""start"": 0.0, ""end"": 1.0, ""value"": []}]}","{""name"": ""NEW CHARDON STREET"", ""class"": ""tertiary""}"
bbd8ffa5-fa5e-41d7-898a-d1cb144e6b50,us_boston_streets_5221,"LINESTRING (-71.0536873000000071 42.3587290999999979, -71.0536194000000023 42.3587660000000028, -71.0535947000000050 42.3587775000000022, -71.0535749000000010 42.3587867000000031, -71.0535229999999984 42.3588000000000022, -71.0531948000000000 42.3588561999999982)","LINESTRING (-71.0543573202627954 42.3586758930627028, -71.0538610742308947 42.3588101614915971)","{""name"": ""Central Street"", ""class"": ""residential"", ""names_lr"": [{""between"": [0.0, 1.0], ""value"": ""Central Street""}], ""subclass_lr"": [{""between"": [0.0, 1.0], ""value"": null}], ""level_lr"": [{""between"": [0.0, 1.0], ""value"": 0}], ""road_flags_lr"": [{""start"": 0.0, ""end"": 1.0, ""value"": []}]}","{""name"": ""CENTRAL STREET"", ""class"": ""residential""}"
ebda57b9-1c98-4648-b8db-9e243fa58367,us_boston_streets_4913,"LINESTRING (-71.0641410000000064 42.3523285999999999, -71.0639046999999948 42.3523201000000000, -71.0637652000000060 42.3523162999999983, -71.0636808000000002 42.3523133999999999, -71.0634952000000055 42.3523093000000017)","LINESTRING (-71.0645681703681049 42.3523681306812989, -71.0641515441212022 42.3523486851697015)","{""name"": ""Boylston Street"", ""class"": ""primary"", ""names_lr"": [{""between"": [0.0, 1.0], ""value"": ""Boylston Street""}], ""subclass_lr"": [{""between"": [0.0, 1.0], ""value"": null}], ""level_lr"": [{""between"": [0.0, 1.0], ""value"": 0}], ""road_flags_lr"": [{""start"": 0.0, ""end"": 1.0, ""value"": []}]}","{""name"": ""BOYLSTON STREET"", ""class"": ""tertiary""}"
e5417e0e-11d8-4b0b-bddb-a72ed60082d8,us_boston_streets_7675,"LINESTRING (-71.0699259999999953 42.3501478000000020, -71.0698591999999962 42.3499841000000004, -71.0697317000000055 42.3496552000000008)","LINESTRING (-71.0696241307930023 42.3493579102429010, -71.0697161002733964 42.3496677640016017)","{""name"": ""Arlington Street"", ""class"": ""primary"", ""names_lr"": [{""between"": [0.0, 1.0], ""value"": ""Arlington Street""}], ""subclass_lr"": [{""between"": [0.0, 1.0], ""value"": null}], ""level_lr"": [{""between"": [0.0, 1.0], ""value"": 0}], ""road_flags_lr"": [{""start"": 0.0, ""end"": 1.0, ""value"": []}]}","{""name"": ""ARLINGTON STREET"", ""class"": ""tertiary""}"
e6fd6afb-9eea-483e-8b0f-a4506534459a,us_boston_streets_4289,"LINESTRING (-71.0554678999999965 42.3590774999999979, -71.0555370999999951 42.3590652000000034, -71.0558376000000038 42.3590117999999975, -71.0559130999999979 42.3589983999999973)","LINESTRING (-71.0546355456100969 42.3592312025175985, -71.0551683131493945 42.3591278493616983, -71.0554466706560959 42.3590738476784026)","{""name"": ""State Street"", ""class"": ""primary"", ""names_lr"": [{""between"": [0.0, 1.0], ""value"": ""State Street""}], ""subclass_lr"": [{""between"": [0.0, 1.0], ""value"": null}], ""level_lr"": [{""between"": [0.0, 1.0], ""value"": 0}], ""road_flags_lr"": [{""start"": 0.0, ""end"": 1.0, ""value"": []}]}","{""name"": ""STATE STREET"", ""class"": ""tertiary""}"
68dfedd7-12c0-43ce-9ee8-e99af22b33fc,us_boston_streets_10186,"LINESTRING (-71.0637703999999957 42.3612875999999972, -71.0638947999999999 42.3612851000000035, -71.0639532000000003 42.3612838999999965, -71.0643835999999993 42.3612727000000007)","LINESTRING (-71.0628347521432033 42.3613103328234004, -71.0632513577503033 42.3613050427977029, -71.0636640504312993 42.3612998012390989, -71.0637559776220940 42.3612986338720034)","{""name"": ""Cambridge Street"", ""class"": ""primary"", ""names_lr"": [{""between"": [0.0, 1.0], ""value"": ""Cambridge Street""}], ""subclass_lr"": [{""between"": [0.0, 1.0], ""value"": null}], ""level_lr"": [{""between"": [0.0, 1.0], ""value"": 0}], ""road_flags_lr"": [{""start"": 0.0, ""end"": 1.0, ""value"": []}]}","{""name"": ""CAMBRIDGE STREET"", ""class"": ""tertiary""}"
688d3808-cb07-4252-bfb3-71735638b007,us_boston_streets_1659,"LINESTRING (-71.0668522999999936 42.3509355999999997, -71.0667100999999946 42.3509634999999989, -71.0664260000000070 42.3510260999999986)","LINESTRING (-71.0675361931331935 42.3508078096391003, -71.0675356606331974 42.3508079390789973, -71.0674121724786971 42.3508380142960021, -71.0673687857082967 42.3508485807496982, -71.0668688210181045 42.3509703438448000)","{""name"": ""Stuart Street"", ""class"": ""primary"", ""names_lr"": [{""between"": [0.0, 1.0], ""value"": ""Stuart Street""}], ""subclass_lr"": [{""between"": [0.0, 1.0], ""value"": null}], ""level_lr"": [{""between"": [0.0, 1.0], ""value"": 0}], ""road_flags_lr"": [{""start"": 0.0, ""end"": 1.0, ""value"": []}]}","{""name"": ""STUART STREET"", ""class"": ""primary""}"
83413653-0c09-4b07-a901-0bf14d5ee98f,us_boston_streets_3603,"LINESTRING (-71.0578562000000034 42.3532514999999989, -71.0578186999999986 42.3533019999999993, -71.0577822000000054 42.3533417000000014, -71.0577408999999989 42.3533690000000007, -71.0576903000000044 42.3533888999999988, -71.0575886999999966 42.3534110000000013)","LINESTRING (-71.0585377074030049 42.3532888582273017, -71.0580641192103002 42.3533183693433983, -71.0578328956992067 42.3533517798308026)","{""name"": ""Lincoln Street"", ""class"": ""secondary"", ""subclass"": ""link"", ""names_lr"": [{""between"": [0.0, 1.0], ""value"": ""Lincoln Street""}], ""subclass_lr"": [{""between"": [0.0, 1.0], ""value"": ""link""}], ""level_lr"": [{""between"": [0.0, 1.0], ""value"": 0}], ""road_flags_lr"": [{""start"": 0.0, ""end"": 1.0, ""value"": []}]}","{""name"": ""BEDFORD STREET"", ""class"": ""residential""}"
9d01fd24-0f04-4eab-abd2-9fb5d5b49258,us_boston_streets_226,"LINESTRING (-71.0511039999999952 42.3653418999999971, -71.0511091000000050 42.3654191999999981, -71.0511225000000053 42.3655704999999969, -71.0511319000000015 42.3656745999999984, -71.0511438000000055 42.3657609999999991, -71.0511609999999934 42.3658436999999992, -71.0511829999999946 42.3659182000000030, -71.0512171999999964 42.3659973999999977, -71.0512334000000010 42.3660369999999986)","LINESTRING (-71.0510696164993050 42.3648363815696030, -71.0510817091862066 42.3650096634511968, -71.0511038780821025 42.3653273452246992, -71.0511088390663019 42.3653984352644031)","{""name"": ""Commercial Street"", ""class"": ""secondary"", ""names_lr"": [{""between"": [0.0, 1.0], ""value"": ""Commercial Street""}], ""subclass_lr"": [{""between"": [0.0, 1.0], ""value"": null}], ""level_lr"": [{""between"": [0.0, 1.0], ""value"": 0}], ""road_flags_lr"": [{""start"": 0.0, ""end"": 1.0, ""value"": []}]}","{""name"": ""COMMERCIAL STREET"", ""class"": ""tertiary""}"
6d173603-6a99-4dea-9c82-58d1cacae0bb,us_boston_streets_1359,"LINESTRING (-71.0598518999999982 42.3533814999999976, -71.0597276999999963 42.3532872999999981, -71.0595686000000057 42.3531922000000023, -71.0594887000000028 42.3531442999999967)","LINESTRING (-71.0602965614325939 42.3536173809267993, -71.0598385659799021 42.3533751420002034, -71.0597160923370978 42.3533426002615982, -71.0595690167034064 42.3533285362889984, -71.0594181380286045 42.3533242797407965, -71.0589614837569030 42.3533121390066967, -71.0585377074030049 42.3532888582273017)","{""name"": ""Bedford Street"", ""class"": ""residential"", ""names_lr"": [{""between"": [0.0, 1.0], ""value"": ""Bedford Street""}], ""subclass_lr"": [{""between"": [0.0, 1.0], ""value"": null}], ""level_lr"": [{""between"": [0.0, 1.0], ""value"": 0}], ""road_flags_lr"": [{""start"": 0.0, ""end"": 1.0, ""value"": []}]}","{""name"": ""BEDFORD STREET"", ""class"": ""residential""}"
ef054655-6cc9-4c87-b16b-4a7e9920c0fd,us_boston_streets_6516,"LINESTRING (-71.0549240999999938 42.3549119999999988, -71.0547483000000000 42.3547397000000032, -71.0547052999999948 42.3546976000000015, -71.0546606000000054 42.3546538000000012)","LINESTRING (-71.0540825698615066 42.3541166029640976, -71.0546293261402013 42.3546440483509983)","{""name"": ""Congress Street"", ""class"": ""primary"", ""names_lr"": [{""between"": [0.0, 1.0], ""value"": ""Congress Street""}], ""subclass_lr"": [{""between"": [0.0, 1.0], ""value"": null}], ""level_lr"": [{""between"": [0.0, 1.0], ""value"": 0}], ""road_flags_lr"": [{""start"": 0.0, ""end"": 1.0, ""value"": []}]}","{""name"": ""CONGRESS STREET"", ""class"": ""tertiary""}"
f6b42284-807b-438b-8481-a1b07d0deae9,us_boston_streets_6528,"LINESTRING (-71.0542525000000040 42.3640145999999973, -71.0541867000000025 42.3639745999999988, -71.0540904000000069 42.3639149999999987)","LINESTRING (-71.0546784339956048 42.3641667314952031, -71.0546306739847040 42.3641412718304977, -71.0543110533486981 42.3639708899807985)","{""name"": ""Lathrop Place"", ""class"": ""service"", ""subclass"": ""alley"", ""names_lr"": [{""between"": [0.0, 1.0], ""value"": ""Lathrop Place""}], ""subclass_lr"": [{""between"": [0.0, 1.0], ""value"": ""alley""}], ""level_lr"": [{""between"": [0.0, 1.0], ""value"": 0}], ""road_flags_lr"": [{""start"": 0.0, ""end"": 1.0, ""value"": []}]}","{""name"": ""WESLEY PLACE"", ""class"": ""residential""}"
baf32705-78dc-43cd-87cf-4fed3eed43cf,us_boston_streets_9780,"LINESTRING (-71.0567367000000019 42.3603767000000033, -71.0567621000000003 42.3603822999999977, -71.0567855999999978 42.3603853999999984, -71.0568149000000062 42.3603869000000017, -71.0568446000000051 42.3603870000000029, -71.0568722000000008 42.3603851000000020, -71.0568963000000053 42.3603823999999989, -71.0569198999999969 42.3603780999999984, -71.0570369999999940 42.3603505999999967, -71.0570776999999936 42.3603407000000018, -71.0571625999999981 42.3603195000000028)","LINESTRING (-71.0571766778317055 42.3603211700859035, -71.0572903668360993 42.3602591213061999)","{""name"": ""North Street"", ""class"": ""secondary"", ""names_lr"": [{""between"": [0.0, 1.0], ""value"": ""North Street""}], ""subclass_lr"": [{""between"": [0.0, 1.0], ""value"": null}], ""level_lr"": [{""between"": [0.0, 1.0], ""value"": 0}], ""road_flags_lr"": [{""start"": 0.0, ""end"": 1.0, ""value"": []}]}","{""name"": ""NORTH STREET"", ""class"": ""tertiary""}"
e8647b8a-8b69-4d3c-935b-0e3759e4d75c,us_boston_streets_580,"LINESTRING (-71.0636456999999950 42.3634394999999984, -71.0636003000000045 42.3635408999999967, -71.0635711999999984 42.3636026000000001, -71.0635134000000050 42.3637253999999999, -71.0634665999999982 42.3638185000000007, -71.0634524999999968 42.3638466000000022, -71.0634193000000067 42.3639127000000002)","LINESTRING (-71.0634129081700934 42.3638932588971997, -71.0633691477796958 42.3640089663307009)","{""name"": ""Staniford Street"", ""class"": ""primary"", ""names_lr"": [{""between"": [0.0, 1.0], ""value"": ""Staniford Street""}], ""subclass_lr"": [{""between"": [0.0, 1.0], ""value"": null}], ""level_lr"": [{""between"": [0.0, 1.0], ""value"": 0}], ""road_flags_lr"": [{""start"": 0.0, ""end"": 1.0, ""value"": []}]}","{""name"": ""STANIFORD STREET"", ""class"": ""tertiary""}"
f102582f-6425-40c6-a57d-87456bda614e,us_boston_streets_793,"LINESTRING (-71.0598147999999981 42.3590384000000029, -71.0598222999999933 42.3589970000000022, -71.0598344999999938 42.3589424999999977, -71.0598485999999951 42.3588920999999985, -71.0598666000000065 42.3588365000000024, -71.0598788000000070 42.3588003999999998, -71.0598937999999976 42.3587624000000034, -71.0599069000000014 42.3587326000000033, -71.0599215999999956 42.3587042999999994, -71.0599394000000046 42.3586752000000004, -71.0599590000000063 42.3586464999999990, -71.0599880999999982 42.3586067000000028, -71.0600127999999955 42.3585751000000030, -71.0600397000000044 42.3585416000000023, -71.0600733999999932 42.3584974999999986, -71.0603243999999989 42.3581812999999983, -71.0603502000000020 42.3581446999999969, -71.0603787000000011 42.3581019000000012, -71.0604081999999977 42.3580578999999986, -71.0604270999999983 42.3580266000000023, -71.0604464999999976 42.3579951999999977)","LINESTRING (-71.0594877273065038 42.3592767584045973, -71.0596221968469024 42.3592055868453983, -71.0597086131894997 42.3590571095797017, -71.0599229557523984 42.3587675088126971)","{""name"": ""Tremont Street"", ""class"": ""primary"", ""names_lr"": [{""between"": [0.0, 1.0], ""value"": ""Tremont Street""}], ""subclass_lr"": [{""between"": [0.0, 1.0], ""value"": null}], ""level_lr"": [{""between"": [0.0, 1.0], ""value"": 0}], ""road_flags_lr"": [{""start"": 0.0, ""end"": 1.0, ""value"": []}]}","{""name"": ""TREMONT STREET"", ""class"": ""tertiary""}"
8e56b798-50e2-4156-8108-e3baf22f460c,us_boston_streets_8256,"LINESTRING (-71.0542135000000030 42.3583519000000024, -71.0543502000000018 42.3586045999999996, -71.0543732000000006 42.3586486000000022)","LINESTRING (-71.0543573202627954 42.3586758930627028, -71.0545441168729042 42.3590487204816029, -71.0546355456100969 42.3592312025175985)","{""name"": ""Broad Street"", ""class"": ""secondary"", ""names_lr"": [{""between"": [0.0, 1.0], ""value"": ""Broad Street""}], ""subclass_lr"": [{""between"": [0.0, 1.0], ""value"": null}], ""level_lr"": [{""between"": [0.0, 1.0], ""value"": 0}], ""road_flags_lr"": [{""start"": 0.0, ""end"": 1.0, ""value"": []}]}","{""name"": ""BROAD STREET"", ""class"": ""tertiary""}"
08e3c620-6376-4d96-8d49-8f79f4694265,us_boston_streets_9338,"LINESTRING (-71.0755996999999979 42.3514777999999978, -71.0755666999999960 42.3514108999999976, -71.0754052999999999 42.3510829000000015, -71.0752605999999929 42.3507876999999979, -71.0752496000000065 42.3507664999999989, -71.0752372000000037 42.3507413999999969, -71.0752018000000021 42.3506692999999999)","LINESTRING (-71.0752126789389962 42.3506853867334030, -71.0751026498764986 42.3504716993748005, -71.0750080410269049 42.3502879549682021, -71.0749043224879955 42.3500865166785019, -71.0747921940954939 42.3498687456059031)","{""name"": ""Clarendon Street"", ""class"": ""secondary"", ""names_lr"": [{""between"": [0.0, 1.0], ""value"": ""Clarendon Street""}], ""subclass_lr"": [{""between"": [0.0, 1.0], ""value"": null}], ""level_lr"": [{""between"": [0.0, 1.0], ""value"": 0}], ""road_flags_lr"": [{""start"": 0.0, ""end"": 1.0, ""value"": []}]}","{""name"": ""CLARENDON STREET"", ""class"": ""primary""}"
f073281f-c7a9-45fb-9ca5-ed5558724d10,us_boston_streets_10051,"LINESTRING (-71.0678563999999966 42.3611091000000002, -71.0674187000000046 42.3611172999999965, -71.0671454999999952 42.3611222999999981, -71.0671097999999972 42.3611229999999992, -71.0669460000000015 42.3611258000000035)","LINESTRING (-71.0663898339234947 42.3611683919274995, -71.0665208360654930 42.3611633345644023, -71.0668473001072982 42.3611507306966004, -71.0669637481459944 42.3611462347135017)","{""name"": ""Cambridge Street"", ""class"": ""primary"", ""names_lr"": [{""between"": [0.0, 1.0], ""value"": ""Cambridge Street""}], ""subclass_lr"": [{""between"": [0.0, 1.0], ""value"": null}], ""level_lr"": [{""between"": [0.0, 1.0], ""value"": 0}], ""road_flags_lr"": [{""start"": 0.0, ""end"": 1.0, ""value"": []}]}","{""name"": ""CAMBRIDGE STREET"", ""class"": ""tertiary""}"
99e3e5fd-87c8-43c0-9bac-e22fa664d82a,us_boston_streets_3093,"LINESTRING (-71.0601939000000016 42.3660039999999967, -71.0602238999999969 42.3659985000000034, -71.0602578000000022 42.3659907999999987, -71.0602918999999957 42.3659808999999967, -71.0603263999999939 42.3659692000000021, -71.0604198999999994 42.3659285999999966, -71.0604608000000013 42.3659104999999983, -71.0605177000000054 42.3658860999999973, -71.0606276999999977 42.3658399999999986, -71.0606539000000055 42.3658287000000016, -71.0606814000000071 42.3658163999999999, -71.0607133999999974 42.3658006000000000)","LINESTRING (-71.0601537758138022 42.3659636591898021, -71.0597932889496064 42.3662219045870003)","{""name"": ""Causeway Street"", ""class"": ""secondary"", ""names_lr"": [{""between"": [0.0, 1.0], ""value"": ""Causeway Street""}], ""subclass_lr"": [{""between"": [0.0, 1.0], ""value"": null}], ""level_lr"": [{""between"": [0.0, 1.0], ""value"": 0}], ""road_flags_lr"": [{""start"": 0.0, ""end"": 1.0, ""value"": []}]}","{""name"": ""CAUSEWAY STREET"", ""class"": ""tertiary""}"
32a6f446-56f0-4bb1-a462-816cb849b23b,us_boston_streets_6136,"LINESTRING (-71.0586219999999997 42.3540903000000029, -71.0585686999999950 42.3540533999999980, -71.0580245000000019 42.3536752999999990)","LINESTRING (-71.0586624510115001 42.3541032115752998, -71.0591341970336998 42.3544752416757007)","{""name"": ""Summer Street"", ""class"": ""secondary"", ""names_lr"": [{""between"": [0.0, 1.0], ""value"": ""Summer Street""}], ""subclass_lr"": [{""between"": [0.0, 1.0], ""value"": null}], ""level_lr"": [{""between"": [0.0, 1.0], ""value"": 0}], ""road_flags_lr"": [{""start"": 0.0, ""end"": 1.0, ""value"": []}]}","{""name"": ""SUMMER STREET"", ""class"": ""tertiary""}"
82e03239-1fc2-481b-82f5-ce0f5e4aae89,us_boston_streets_9093,"LINESTRING (-71.0593954999999937 42.3525232000000003, -71.0593243999999942 42.3525151999999991, -71.0585064999999929 42.3524073999999970)","LINESTRING (-71.0598285724867935 42.3525569968672002, -71.0593974420196020 42.3525213138707031)","{""name"": ""Essex Street"", ""class"": ""secondary"", ""names_lr"": [{""between"": [0.0, 1.0], ""value"": ""Essex Street""}], ""subclass_lr"": [{""between"": [0.0, 1.0], ""value"": null}], ""level_lr"": [{""between"": [0.0, 1.0], ""value"": 0}], ""road_flags_lr"": [{""start"": 0.0, ""end"": 1.0, ""value"": []}]}","{""name"": ""ESSEX STREET"", ""class"": ""tertiary""}"
56d359e6-1c08-4752-ad30-73a250a3653b,us_boston_streets_8723,"LINESTRING (-71.0728208000000024 42.3507718999999980, -71.0730132000000054 42.3511491000000007, -71.0730252000000036 42.3511736000000028, -71.0730623999999978 42.3512496999999968)","LINESTRING (-71.0726599621643942 42.3504182200296029, -71.0727775304018934 42.3506729901650019, -71.0728230779835997 42.3507637818254992)","{""name"": ""Berkeley Street"", ""class"": ""primary"", ""names_lr"": [{""between"": [0.0, 1.0], ""value"": ""Berkeley Street""}], ""subclass_lr"": [{""between"": [0.0, 1.0], ""value"": null}], ""level_lr"": [{""between"": [0.0, 1.0], ""value"": 0}], ""road_flags_lr"": [{""start"": 0.0, ""end"": 1.0, ""value"": []}]}","{""name"": ""BERKELEY STREET"", ""class"": ""tertiary""}"
e5ad4952-b84b-4e29-9204-b32984fdedd2,us_boston_streets_1842,"LINESTRING (-71.0537997999999931 42.3588047000000003, -71.0538551000000069 42.3588480000000018, -71.0538734999999946 42.3588708999999994, -71.0538923000000011 42.3588943999999969, -71.0539294999999953 42.3589490000000026, -71.0540397000000041 42.3591654000000020, -71.0540533000000067 42.3591921000000013, -71.0540933999999993 42.3592707000000033)","LINESTRING (-71.0532483681461002 42.3584866537105995, -71.0535968944603979 42.3586706761157998, -71.0538610742308947 42.3588101614915971)","{""name"": ""India Street"", ""class"": ""secondary"", ""names_lr"": [{""between"": [0.0, 1.0], ""value"": ""India Street""}], ""subclass_lr"": [{""between"": [0.0, 1.0], ""value"": null}], ""level_lr"": [{""between"": [0.0, 1.0], ""value"": 0}], ""road_flags_lr"": [{""start"": 0.0, ""end"": 1.0, ""value"": []}]}","{""name"": ""INDIA STREET"", ""class"": ""tertiary""}"
ff9ec614-23ff-4478-83a4-7ce094592b39,us_boston_streets_3095,"LINESTRING (-71.0665735000000041 42.3634252000000018, -71.0661307000000022 42.3634318000000007, -71.0660174000000069 42.3634300000000010, -71.0659021000000024 42.3634191000000015, -71.0658921999999933 42.3634181999999981, -71.0657942999999932 42.3633990000000011, -71.0651768999999973 42.3632647000000020, -71.0651287000000025 42.3632441000000028, -71.0650918000000047 42.3632063000000016, -71.0650789000000032 42.3631640999999988, -71.0650741000000039 42.3631152000000029, -71.0650983999999966 42.3628811000000027, -71.0651002000000034 42.3628569999999982, -71.0651024999999947 42.3628251000000020, -71.0651153000000022 42.3626618999999991, -71.0651208000000025 42.3625462999999982, -71.0651194000000004 42.3624831999999998, -71.0650933999999950 42.3624342000000027, -71.0650308999999964 42.3623955999999993, -71.0649832000000004 42.3623879000000017, -71.0640802000000065 42.3622176000000010, -71.0640475999999950 42.3622178000000034, -71.0638627999999954 42.3622215999999980)","LINESTRING (-71.0657449418034020 42.3633859496724980, -71.0652315276599040 42.3632870362875025, -71.0651499505570001 42.3632578033890965, -71.0650783258451071 42.3632138901348014, -71.0650732759849006 42.3631969023828034, -71.0650634111913035 42.3631637191206991, -71.0650749854360981 42.3630651613823019, -71.0650937374998932 42.3628744825469994)","{""name"": ""William Cardinal O'Connell Way"", ""class"": ""unclassified"", ""names_lr"": [{""between"": [0.0, 1.0], ""value"": ""William Cardinal O'Connell Way""}], ""subclass_lr"": [{""between"": [0.0, 1.0], ""value"": null}], ""level_lr"": [{""between"": [0.0, 1.0], ""value"": 0}], ""road_flags_lr"": [{""start"": 0.0, ""end"": 1.0, ""value"": []}]}","{""name"": ""WILLIAM CARDINAL OCONNELL WAY"", ""class"": ""residential""}"
325e84bd-0830-4f42-886e-8a74ae07e974,us_boston_streets_2273,"LINESTRING (-71.0613347000000033 42.3634598000000011, -71.0618594000000030 42.3635961000000023, -71.0620504000000039 42.3636456999999993)","LINESTRING (-71.0607218055368008 42.3633252558857976, -71.0613141737215983 42.3634782558930993)","{""name"": ""Merrimac Street"", ""class"": ""secondary"", ""names_lr"": [{""between"": [0.0, 1.0], ""value"": ""Merrimac Street""}], ""subclass_lr"": [{""between"": [0.0, 1.0], ""value"": null}], ""level_lr"": [{""between"": [0.0, 1.0], ""value"": 0}], ""road_flags_lr"": [{""start"": 0.0, ""end"": 1.0, ""value"": []}]}","{""name"": ""MERRIMAC STREET"", ""class"": ""tertiary""}"
d279f8ac-cce9-4c78-abff-4e95872c22f0,us_boston_streets_3862,"LINESTRING (-71.0621208999999965 42.3509989000000004, -71.0619837999999930 42.3509670999999983, -71.0619475999999963 42.3509586999999996, -71.0615252999999996 42.3508609000000007, -71.0614384999999942 42.3508404999999968)","LINESTRING (-71.0620048055828022 42.3507607025892980, -71.0618469867164038 42.3507222674842012, -71.0615541098631951 42.3506509391775978)","{""name"": ""Knapp Street"", ""class"": ""unclassified"", ""names_lr"": [{""between"": [0.0, 1.0], ""value"": ""Knapp Street""}], ""subclass_lr"": [{""between"": [0.0, 1.0], ""value"": null}], ""level_lr"": [{""between"": [0.0, 1.0], ""value"": 0}], ""road_flags_lr"": [{""start"": 0.0, ""end"": 1.0, ""value"": []}]}","{""name"": ""KNEELAND STREET"", ""class"": ""tertiary""}"
a4e19b35-4e85-4223-ac1c-1c382cab9122,us_boston_streets_10094,"LINESTRING (-71.0698565000000002 42.3578484000000017, -71.0695489999999950 42.3578882999999990, -71.0694768999999980 42.3578964000000013)","LINESTRING (-71.0694811840763947 42.3579372966839998, -71.0694088607306043 42.3579454661426027, -71.0690565909995939 42.3579837486410966, -71.0688299937803976 42.3580083739369968, -71.0684961223857954 42.3580377009873033)","{""name"": ""Mount Vernon Street"", ""class"": ""residential"", ""names_lr"": [{""between"": [0.0, 1.0], ""value"": ""Mount Vernon Street""}], ""subclass_lr"": [{""between"": [0.0, 1.0], ""value"": null}], ""level_lr"": [{""between"": [0.0, 1.0], ""value"": 0}], ""road_flags_lr"": [{""start"": 0.0, ""end"": 1.0, ""value"": []}]}","{""name"": ""MOUNT VERNON STREET"", ""class"": ""residential""}"
43a4da33-a356-4935-920f-b06970984bd9,us_boston_streets_97,"LINESTRING (-71.0607902999999936 42.3632974000000004, -71.0608122999999949 42.3633128000000028, -71.0608337000000034 42.3633256000000031, -71.0608600000000052 42.3633384999999976, -71.0608897999999982 42.3633491000000006, -71.0613347000000033 42.3634598000000011)","LINESTRING (-71.0597541896760987 42.3630820701106998, -71.0606082253350024 42.3632967104859972, -71.0607218055368008 42.3633252558857976)","{""name"": ""Merrimac Street"", ""class"": ""secondary"", ""names_lr"": [{""between"": [0.0, 1.0], ""value"": ""Merrimac Street""}], ""subclass_lr"": [{""between"": [0.0, 1.0], ""value"": null}], ""level_lr"": [{""between"": [0.0, 1.0], ""value"": 0}], ""road_flags_lr"": [{""start"": 0.0, ""end"": 1.0, ""value"": []}]}","{""name"": ""MERRIMAC STREET"", ""class"": ""tertiary""}"
16794a68-d5d4-4ab1-80cf-52286b43ecb6,us_boston_streets_10390,"LINESTRING (-71.0738439999999940 42.3528676999999973, -71.0737548000000032 42.3528917000000007, -71.0725058000000018 42.3532287000000025, -71.0716778000000033 42.3534521999999996, -71.0716309999999964 42.3534647999999976, -71.0716038000000054 42.3534720999999976, -71.0714947000000024 42.3535025999999988)","LINESTRING (-71.0753875252095071 42.3524342171779011, -71.0738426278434048 42.3528644161266001, -71.0732438124964006 42.3530209086686966)","{""name"": ""Commonwealth Avenue"", ""class"": ""primary"", ""names_lr"": [{""between"": [0.0, 1.0], ""value"": ""Commonwealth Avenue""}], ""subclass_lr"": [{""between"": [0.0, 1.0], ""value"": null}], ""level_lr"": [{""between"": [0.0, 1.0], ""value"": 0}], ""road_flags_lr"": [{""start"": 0.0, ""end"": 1.0, ""value"": []}]}","{""name"": ""COMMONWEALTH AVENUE"", ""class"": ""primary""}"
790e2e60-faf4-4cd1-8d0c-42f00c8107a6,us_boston_streets_2519,"LINESTRING (-71.0573423000000020 42.3554387000000006, -71.0574316999999951 42.3554518999999985, -71.0574411000000055 42.3554533000000006, -71.0575486000000041 42.3554551000000004, -71.0577066999999971 42.3554571000000024, -71.0578055000000006 42.3554639999999978, -71.0578830000000039 42.3554776000000004, -71.0579234000000071 42.3554869000000025, -71.0579721999999947 42.3554981999999995)","LINESTRING (-71.0565715066151995 42.3555375152963975, -71.0573518172558067 42.3554813362692002)","{""name"": ""Franklin Street"", ""class"": ""secondary"", ""names_lr"": [{""between"": [0.0, 1.0], ""value"": ""Franklin Street""}], ""subclass_lr"": [{""between"": [0.0, 1.0], ""value"": null}], ""level_lr"": [{""between"": [0.0, 1.0], ""value"": 0}], ""road_flags_lr"": [{""start"": 0.0, ""end"": 1.0, ""value"": []}]}","{""name"": ""FRANKLIN STREET"", ""class"": ""tertiary""}"
2c6feb55-b6b2-4bda-b8fa-90103209da56,us_boston_streets_4581,"LINESTRING (-71.0539162999999974 42.3643220000000014, -71.0538834999999978 42.3643552999999997, -71.0537934999999976 42.3644455000000022, -71.0534860000000066 42.3647538999999966, -71.0534609999999986 42.3647789999999986)","LINESTRING (-71.0543110533486981 42.3639708899807985, -71.0542455341675065 42.3640291630216979, -71.0539283694114943 42.3643112456161006)","{""name"": ""Hanover Street"", ""class"": ""secondary"", ""names_lr"": [{""between"": [0.0, 1.0], ""value"": ""Hanover Street""}], ""subclass_lr"": [{""between"": [0.0, 1.0], ""value"": null}], ""level_lr"": [{""between"": [0.0, 1.0], ""value"": 0}], ""road_flags_lr"": [{""start"": 0.0, ""end"": 1.0, ""value"": []}]}","{""name"": ""HANOVER STREET"", ""class"": ""tertiary""}"
b31f2702-5cc8-4dd3-9cc4-5695714b4628,us_boston_streets_1768,"LINESTRING (-71.0580245000000019 42.3536752999999990, -71.0579505000000040 42.3536251000000021, -71.0578012999999942 42.3535240000000002)","LINESTRING (-71.0580451186894066 42.3537145237500994, -71.0586624510115001 42.3541032115752998)","{""name"": ""Summer Street"", ""class"": ""secondary"", ""names_lr"": [{""between"": [0.0, 1.0], ""value"": ""Summer Street""}], ""subclass_lr"": [{""between"": [0.0, 1.0], ""value"": null}], ""level_lr"": [{""between"": [0.0, 1.0], ""value"": 0}], ""road_flags_lr"": [{""start"": 0.0, ""end"": 1.0, ""value"": []}]}","{""name"": ""SUMMER STREET"", ""class"": ""tertiary""}"
7fa900dd-a00d-430d-a565-3dc1f5bd43cb,us_boston_streets_2090,"LINESTRING (-71.0706986999999941 42.3519016999999991, -71.0706900999999931 42.3518869999999978, -71.0706442000000038 42.3518088000000006, -71.0706337999999960 42.3517910999999998, -71.0705190000000044 42.3515574999999984, -71.0704491999999988 42.3514111000000000)","LINESTRING (-71.0702908495483001 42.3510716693258971, -71.0703233842519069 42.3511398727517019, -71.0704551609572945 42.3514261167156008)","{""name"": ""Arlington Street"", ""class"": ""primary"", ""names_lr"": [{""between"": [0.0, 1.0], ""value"": ""Arlington Street""}], ""subclass_lr"": [{""between"": [0.0, 1.0], ""value"": null}], ""level_lr"": [{""between"": [0.0, 1.0], ""value"": 0}], ""road_flags_lr"": [{""start"": 0.0, ""end"": 1.0, ""value"": []}]}","{""name"": ""ARLINGTON STREET"", ""class"": ""tertiary""}"
f58c3a48-b4d9-4bef-b03f-477fec0fa14f,us_boston_streets_3862,"LINESTRING (-71.0608717000000070 42.3504705000000001, -71.0609321999999963 42.3504871000000023, -71.0612244000000004 42.3505601000000027, -71.0612835999999959 42.3505759999999967, -71.0613744999999994 42.3506004999999988, -71.0614520999999968 42.3506202000000016, -71.0615176000000019 42.3506366000000014)","LINESTRING (-71.0620048055828022 42.3507607025892980, -71.0618469867164038 42.3507222674842012, -71.0615541098631951 42.3506509391775978)","{""name"": ""Kneeland Street"", ""class"": ""primary"", ""names_lr"": [{""between"": [0.0, 1.0], ""value"": ""Kneeland Street""}], ""subclass_lr"": [{""between"": [0.0, 1.0], ""value"": null}], ""level_lr"": [{""between"": [0.0, 1.0], ""value"": 0}], ""road_flags_lr"": [{""start"": 0.0, ""end"": 1.0, ""value"": []}]}","{""name"": ""KNEELAND STREET"", ""class"": ""tertiary""}"
bdaca25d-240e-4256-a804-83e63f4fa222,us_boston_streets_1126,"LINESTRING (-71.0704678000000030 42.3519275000000022, -71.0702454000000046 42.3519859000000025, -71.0699665000000067 42.3520487999999986, -71.0692898000000071 42.3521856999999997, -71.0692484000000064 42.3521926000000022, -71.0691687999999999 42.3522060999999965)","LINESTRING (-71.0706476242261971 42.3519306989202988, -71.0705503338575966 42.3519858710053967, -71.0701948333507971 42.3520634110603993, -71.0700976506531958 42.3520846079671998)","{""name"": ""Boylston Street"", ""class"": ""primary"", ""names_lr"": [{""between"": [0.0, 1.0], ""value"": ""Boylston Street""}], ""subclass_lr"": [{""between"": [0.0, 1.0], ""value"": null}], ""level_lr"": [{""between"": [0.0, 1.0], ""value"": 0}], ""road_flags_lr"": [{""start"": 0.0, ""end"": 1.0, ""value"": []}]}","{""name"": ""ARLINGTON STREET"", ""class"": ""primary""}"
d86ac69b-7fe6-4657-ac6e-b1c10197a650,us_boston_streets_3519,"LINESTRING (-71.0614384999999942 42.3508404999999968, -71.0614855000000034 42.3507223000000010, -71.0614924000000059 42.3507018000000031, -71.0614972999999992 42.3506874999999994, -71.0615176000000019 42.3506366000000014)","LINESTRING (-71.0611875294202946 42.3514947513299020, -71.0612445248736009 42.3513706141694968, -71.0614635064097939 42.3508632985139997)","{""name"": ""Harrison Avenue"", ""class"": ""secondary"", ""names_lr"": [{""between"": [0.0, 1.0], ""value"": ""Harrison Avenue""}], ""subclass_lr"": [{""between"": [0.0, 1.0], ""value"": null}], ""level_lr"": [{""between"": [0.0, 1.0], ""value"": 0}], ""road_flags_lr"": [{""start"": 0.0, ""end"": 1.0, ""value"": []}]}","{""name"": ""HARRISON AVENUE"", ""class"": ""tertiary""}"
6408c029-cccf-4d6e-a858-287c2f6713bb,us_boston_streets_234,"LINESTRING (-71.0526882000000057 42.3574447000000021, -71.0526488000000001 42.3574995000000030, -71.0524656999999991 42.3577604999999977)","LINESTRING (-71.0526841375650946 42.3574487628103000, -71.0527832422135930 42.3572658750345994, -71.0528455227619986 42.3571954767479966, -71.0528635803024997 42.3571822235455997, -71.0529774845473980 42.3570986232517015, -71.0529882893188045 42.3570924037231009, -71.0532769190820943 42.3569262673147975)","{""name"": ""Franklin Street"", ""class"": ""residential"", ""names_lr"": [{""between"": [0.0, 1.0], ""value"": ""Franklin Street""}], ""subclass_lr"": [{""between"": [0.0, 1.0], ""value"": null}], ""level_lr"": [{""between"": [0.0, 1.0], ""value"": 0}], ""road_flags_lr"": [{""start"": 0.0, ""end"": 1.0, ""value"": []}]}","{""name"": ""FRANKLIN STREET"", ""class"": ""tertiary""}"
10991d41-8a6d-4b95-a691-fb9ed07126e5,us_boston_streets_9683,"LINESTRING (-71.0674872000000022 42.3525186000000033, -71.0675142000000051 42.3525891000000030, -71.0675554000000034 42.3527251000000007, -71.0675812000000064 42.3528112999999991)","LINESTRING (-71.0672522219989986 42.3518247840328996, -71.0673330053217001 42.3520775810963030, -71.0673690126576929 42.3521902917282986, -71.0674691698351069 42.3525038033935033)","{""name"": ""Charles Street South"", ""class"": ""primary"", ""names_lr"": [{""between"": [0.0, 1.0], ""value"": ""Charles Street South""}], ""subclass_lr"": [{""between"": [0.0, 1.0], ""value"": null}], ""level_lr"": [{""between"": [0.0, 1.0], ""value"": 0}], ""road_flags_lr"": [{""start"": 0.0, ""end"": 1.0, ""value"": []}]}","{""name"": ""CHARLES STREET SOUTH"", ""class"": ""primary""}"
37a4db7f-ef23-439b-88dd-62d71848b325,us_boston_streets_1731,"LINESTRING (-71.0591859999999969 42.3560398999999990, -71.0592376000000030 42.3560133000000008, -71.0592599000000007 42.3559613999999982, -71.0591874999999931 42.3558701999999982, -71.0590684000000010 42.3558044999999979, -71.0589848000000046 42.3557964000000027)","LINESTRING (-71.0589198382014047 42.3557483915082003, -71.0590572294297971 42.3559355478658972, -71.0594896211106004 42.3563906492115976)","{""class"": ""service"", ""subclass"": ""driveway"", ""names_lr"": [{""between"": [0.0, 1.0], ""value"": null}], ""subclass_lr"": [{""between"": [0.0, 1.0], ""value"": ""driveway""}], ""level_lr"": [{""between"": [0.0, 1.0], ""value"": 0}], ""road_flags_lr"": [{""start"": 0.0, ""end"": 1.0, ""value"": []}]}","{""name"": ""FRANKLIN STREET"", ""class"": ""tertiary""}"
347f6c73-9c6a-41c3-be8c-a444b19b329e,us_boston_streets_10183,"LINESTRING (-71.0660019999999975 42.3611274000000009, -71.0658557000000002 42.3611272999999997, -71.0656934000000007 42.3611276000000032, -71.0655268999999947 42.3611278999999996, -71.0654559000000035 42.3611288999999971, -71.0653867000000048 42.3611298000000005, -71.0652446999999938 42.3611332999999988, -71.0651378000000022 42.3611360000000019)","LINESTRING (-71.0643941105768988 42.3612520578943972, -71.0646423798312981 42.3612493580751988, -71.0650333552124067 42.3612451052417001, -71.0651760613532986 42.3612435525865010, -71.0655005712666963 42.3612400209730993, -71.0655398255245956 42.3612395939791995, -71.0656725997071987 42.3612381490360974, -71.0659795147119979 42.3612348080081986, -71.0663861277567008 42.3612303800139998)","{""name"": ""Cambridge Street"", ""class"": ""primary"", ""names_lr"": [{""between"": [0.0, 1.0], ""value"": ""Cambridge Street""}], ""subclass_lr"": [{""between"": [0.0, 1.0], ""value"": null}], ""level_lr"": [{""between"": [0.0, 1.0], ""value"": 0}], ""road_flags_lr"": [{""start"": 0.0, ""end"": 1.0, ""value"": []}]}","{""name"": ""CAMBRIDGE STREET"", ""class"": ""tertiary""}"
26a375ed-b74b-4da6-9535-be408b0e6a6a,us_boston_streets_2970,"LINESTRING (-71.0585449999999952 42.3669043000000016, -71.0585324000000043 42.3668592000000004, -71.0585267000000016 42.3668337000000008, -71.0585210999999930 42.3668037999999996, -71.0585195000000027 42.3667943000000022, -71.0585154000000045 42.3667694000000026, -71.0585114000000004 42.3667415999999974, -71.0585080000000033 42.3667094999999989, -71.0584953999999982 42.3665599999999998, -71.0584790999999996 42.3663657000000029)","LINESTRING (-71.0585323529609951 42.3669300288042976, -71.0585433564038027 42.3670292720885016, -71.0585855553734973 42.3671256524335007, -71.0586948994403969 42.3673038781858011)","{""name"": ""North Washington Street"", ""class"": ""primary"", ""names_lr"": [{""between"": [0.0, 1.0], ""value"": ""North Washington Street""}], ""subclass_lr"": [{""between"": [0.0, 1.0], ""value"": null}], ""level_lr"": [{""between"": [0.0, 1.0], ""value"": 0}], ""road_flags_lr"": [{""start"": 0.0, ""end"": 1.0, ""value"": []}]}","{""name"": ""NORTH WASHINGTON STREET"", ""class"": ""tertiary""}"
b2c3e225-c3de-47a6-913b-ad93d8fd6138,us_boston_streets_1027,"LINESTRING (-71.0533025999999950 42.3612303000000026, -71.0536161999999933 42.3613969999999966, -71.0539224000000047 42.3615567000000013)","LINESTRING (-71.0528093114564001 42.3609235975736027, -71.0529252167139020 42.3610130022969997, -71.0529723269308988 42.3610409998937030, -71.0531060625848028 42.3611204787071998, -71.0532971278963998 42.3612253863790968)","{""name"": ""Cross Street"", ""class"": ""primary"", ""names_lr"": [{""between"": [0.0, 1.0], ""value"": ""Cross Street""}], ""subclass_lr"": [{""between"": [0.0, 1.0], ""value"": null}], ""level_lr"": [{""between"": [0.0, 1.0], ""value"": 0}], ""road_flags_lr"": [{""start"": 0.0, ""end"": 1.0, ""value"": []}]}","{""name"": ""CROSS STREET"", ""class"": ""tertiary""}"
1339129d-0c1e-4b52-ac10-72d5fb36aaee,us_boston_streets_3620,"LINESTRING (-71.0557500000000033 42.3569024000000027, -71.0556892000000033 42.3569134999999974, -71.0556509999999975 42.3569245999999993, -71.0556236999999982 42.3569326000000004, -71.0555576000000002 42.3569571000000025, -71.0552605000000028 42.3571154999999990, -71.0551092999999980 42.3572033000000019)","LINESTRING (-71.0563437849452981 42.3568312911043989, -71.0560161580796006 42.3568721621581972, -71.0557596352087018 42.3569212358310025)","{""name"": ""Milk Street"", ""class"": ""secondary"", ""names_lr"": [{""between"": [0.0, 1.0], ""value"": ""Milk Street""}], ""subclass_lr"": [{""between"": [0.0, 1.0], ""value"": null}], ""level_lr"": [{""between"": [0.0, 1.0], ""value"": 0}], ""road_flags_lr"": [{""start"": 0.0, ""end"": 1.0, ""value"": []}]}","{""name"": ""MILK STREET"", ""class"": ""tertiary""}"
d19e3841-b97b-44bd-9423-df9d677836e2,us_boston_streets_2225,"LINESTRING (-71.0533659999999969 42.3576995000000025, -71.0538575000000066 42.3578842000000009, -71.0539129000000003 42.3579079000000007, -71.0539459000000022 42.3579269999999966, -71.0539602000000059 42.3579353000000012, -71.0539973000000060 42.3579750000000033)","LINESTRING (-71.0526841375650946 42.3574487628103000, -71.0532222614915980 42.3576677869988032, -71.0533566108787937 42.3577224703701987)","{""name"": ""Broad Street"", ""class"": ""secondary"", ""names_lr"": [{""between"": [0.0, 1.0], ""value"": ""Broad Street""}], ""subclass_lr"": [{""between"": [0.0, 1.0], ""value"": null}], ""level_lr"": [{""between"": [0.0, 1.0], ""value"": 0}], ""road_flags_lr"": [{""start"": 0.0, ""end"": 1.0, ""value"": []}]}","{""name"": ""BROAD STREET"", ""class"": ""tertiary""}"
fc163120-e470-46b7-ba39-850fc62764c4,us_boston_streets_5285,"LINESTRING (-71.0607902999999936 42.3632974000000004, -71.0605714000000006 42.3632390000000001)","LINESTRING (-71.0607218055368008 42.3633252558857976, -71.0608324232286037 42.3634509203130989, -71.0610174229913980 42.3636610834399008)","{""name"": ""Merrimac Street"", ""class"": ""secondary"", ""names_lr"": [{""between"": [0.0, 1.0], ""value"": ""Merrimac Street""}], ""subclass_lr"": [{""between"": [0.0, 1.0], ""value"": null}], ""level_lr"": [{""between"": [0.0, 1.0], ""value"": 0}], ""road_flags_lr"": [{""start"": 0.0, ""end"": 1.0, ""value"": []}]}","{""name"": ""PORTLAND STREET"", ""class"": ""tertiary""}"
958de271-0d62-49f5-94d1-d311e857c892,us_boston_streets_7596,"LINESTRING (-71.0553606000000002 42.3578019999999995, -71.0552988000000028 42.3578186000000017, -71.0552571999999998 42.3578353999999990, -71.0552117999999950 42.3578571999999980, -71.0551475999999980 42.3578951000000004, -71.0550944999999956 42.3579332999999991)","LINESTRING (-71.0564128671013009 42.3576044818539970, -71.0553809959065035 42.3578295609361035)","{""name"": ""Water Street"", ""class"": ""residential"", ""names_lr"": [{""between"": [0.0, 1.0], ""value"": ""Water Street""}], ""subclass_lr"": [{""between"": [0.0, 1.0], ""value"": null}], ""level_lr"": [{""between"": [0.0, 1.0], ""value"": 0}], ""road_flags_lr"": [{""start"": 0.0, ""end"": 1.0, ""value"": []}]}","{""name"": ""WATER STREET"", ""class"": ""residential""}"
3782ba8d-54b1-4f96-a57f-9d064ecf780b,us_boston_streets_5812,"LINESTRING (-71.0700420000000008 42.3610424000000023, -71.0700137000000041 42.3610546000000028, -71.0699840999999992 42.3610636000000014, -71.0699519000000066 42.3610690000000005, -71.0699196000000057 42.3610710000000026, -71.0695390000000060 42.3610775000000004, -71.0694605999999993 42.3610788000000014)","LINESTRING (-71.0687026633647037 42.3612050495965988, -71.0693867108699067 42.3611839846684006, -71.0695761458291031 42.3611781504701028, -71.0697558174855999 42.3611726161451969, -71.0697893310197060 42.3611709337290989, -71.0698780462981006 42.3611664814038988, -71.0699901572445043 42.3611749492140035, -71.0700876465380986 42.3612048323667025)","{""name"": ""Cambridge Street"", ""class"": ""primary"", ""names_lr"": [{""between"": [0.0, 1.0], ""value"": ""Cambridge Street""}], ""subclass_lr"": [{""between"": [0.0, 1.0], ""value"": null}], ""level_lr"": [{""between"": [0.0, 1.0], ""value"": 0}], ""road_flags_lr"": [{""start"": 0.0, ""end"": 1.0, ""value"": []}]}","{""name"": ""CAMBRIDGE STREET"", ""class"": ""tertiary""}"
baf32705-78dc-43cd-87cf-4fed3eed43cf,us_boston_streets_5332,"LINESTRING (-71.0567367000000019 42.3603767000000033, -71.0567621000000003 42.3603822999999977, -71.0567855999999978 42.3603853999999984, -71.0568149000000062 42.3603869000000017, -71.0568446000000051 42.3603870000000029, -71.0568722000000008 42.3603851000000020, -71.0568963000000053 42.3603823999999989, -71.0569198999999969 42.3603780999999984, -71.0570369999999940 42.3603505999999967, -71.0570776999999936 42.3603407000000018, -71.0571625999999981 42.3603195000000028)","LINESTRING (-71.0567248971341030 42.3603868020396988, -71.0564702292679016 42.3604486199710024, -71.0562301641248979 42.3605478485390989, -71.0561815727039061 42.3605733679320977, -71.0559810889667034 42.3606786582235983)","{""name"": ""North Street"", ""class"": ""secondary"", ""names_lr"": [{""between"": [0.0, 1.0], ""value"": ""North Street""}], ""subclass_lr"": [{""between"": [0.0, 1.0], ""value"": null}], ""level_lr"": [{""between"": [0.0, 1.0], ""value"": 0}], ""road_flags_lr"": [{""start"": 0.0, ""end"": 1.0, ""value"": []}]}","{""name"": ""NORTH STREET"", ""class"": ""tertiary""}"
1fed679a-4c1b-4540-a5db-dff45199257e,us_boston_streets_176,"LINESTRING (-71.0608897000000042 42.3627357000000018, -71.0610183000000006 42.3626985000000005, -71.0615497000000005 42.3625382000000030, -71.0617440000000045 42.3624700000000018)","LINESTRING (-71.0609495338250952 42.3627212963714967, -71.0607542037657964 42.3627754763404027, -71.0605624578281976 42.3628286622479990, -71.0600957868122975 42.3629690187369974, -71.0599738180844014 42.3630057017279995)","{""name"": ""New Chardon Street"", ""class"": ""primary"", ""names_lr"": [{""between"": [0.0, 1.0], ""value"": ""New Chardon Street""}], ""subclass_lr"": [{""between"": [0.0, 1.0], ""value"": null}], ""level_lr"": [{""between"": [0.0, 1.0], ""value"": 0}], ""road_flags_lr"": [{""start"": 0.0, ""end"": 1.0, ""value"": []}]}","{""name"": ""NEW CHARDON STREET"", ""class"": ""tertiary""}"
742b2102-512d-46f9-a7ca-bb52b091b167,us_boston_streets_8289,"LINESTRING (-71.0514163999999937 42.3547614000000010, -71.0513749999999931 42.3547887000000003, -71.0513337000000007 42.3548194999999978, -71.0512879999999996 42.3548595999999975, -71.0512487999999962 42.3548973999999987, -71.0512147999999968 42.3549334000000002, -71.0511872000000011 42.3549648999999988, -71.0511606000000029 42.3549979000000008, -71.0511352000000045 42.3550320000000013, -71.0511103000000048 42.3550684000000004, -71.0510864000000026 42.3551075000000026, -71.0510706000000027 42.3551371000000003, -71.0510565000000014 42.3551667999999992, -71.0510392000000053 42.3552049999999980, -71.0510162000000065 42.3552614999999975, -71.0509964000000025 42.3553201000000001, -71.0509801000000039 42.3553721999999979, -71.0509657000000061 42.3554215999999997, -71.0509330000000006 42.3555350000000033, -71.0509064999999964 42.3556424000000007, -71.0508848999999998 42.3557515999999978, -71.0508116000000030 42.3562154999999976, -71.0508013999999974 42.3562905000000001, -71.0507901000000004 42.3563807000000025, -71.0507721000000032 42.3565719999999999, -71.0507714000000021 42.3566239000000024, -71.0507709999999975 42.3566823000000028)","LINESTRING (-71.0510603900945057 42.3551400766618968, -71.0510096332415060 42.3552968921055992, -71.0509575154205066 42.3554573015749014, -71.0509226340271027 42.3555831197923993)","{""name"": ""Atlantic Avenue"", ""class"": ""primary"", ""names_lr"": [{""between"": [0.0, 1.0], ""value"": ""Atlantic Avenue""}], ""subclass_lr"": [{""between"": [0.0, 1.0], ""value"": null}], ""level_lr"": [{""between"": [0.0, 1.0], ""value"": 0}], ""road_flags_lr"": [{""start"": 0.0, ""end"": 1.0, ""value"": []}]}","{""name"": ""ATLANTIC AVENUE"", ""class"": ""tertiary""}"
2d1def46-24ac-474b-b944-e491ce260545,us_boston_streets_1007,"LINESTRING (-71.0591790999999944 42.3632548000000000, -71.0589695999999975 42.3633779000000033, -71.0589420000000018 42.3633950999999982, -71.0588506999999936 42.3634522999999987, -71.0587909000000053 42.3634883000000002, -71.0587493000000023 42.3635133000000010, -71.0585420000000028 42.3636380000000017, -71.0585083999999938 42.3636582000000033, -71.0584048000000053 42.3637165999999965)","LINESTRING (-71.0589692954922043 42.3635587905820969, -71.0595705239170030 42.3631914921882995)","{""name"": ""New Chardon Street"", ""class"": ""primary"", ""names_lr"": [{""between"": [0.0, 1.0], ""value"": ""New Chardon Street""}], ""subclass_lr"": [{""between"": [0.0, 1.0], ""value"": null}], ""level_lr"": [{""between"": [0.0, 1.0], ""value"": 0}], ""road_flags_lr"": [{""start"": 0.0, ""end"": 1.0, ""value"": []}]}","{""name"": ""NEW CHARDON STREET"", ""class"": ""tertiary""}"
be0ff5d9-28a9-488a-b1b3-afd303392c24,us_boston_streets_5543,"LINESTRING (-71.0627999999999957 42.3516030999999984, -71.0627829999999960 42.3516714000000007, -71.0627547999999933 42.3517798999999968, -71.0627393000000041 42.3518443999999974, -71.0627350000000035 42.3518624000000017, -71.0627194000000060 42.3519160999999968)","LINESTRING (-71.0630404505497069 42.3509310408957020, -71.0629733897365981 42.3510899855931982, -71.0629545289341991 42.3511346890349998, -71.0628289706064038 42.3515020683693990, -71.0628216946470985 42.3515237836588980, -71.0627942687845007 42.3516056365652034)","{""name"": ""Washington Street"", ""class"": ""primary"", ""names_lr"": [{""between"": [0.0, 1.0], ""value"": ""Washington Street""}], ""subclass_lr"": [{""between"": [0.0, 1.0], ""value"": null}], ""level_lr"": [{""between"": [0.0, 1.0], ""value"": 0}], ""road_flags_lr"": [{""start"": 0.0, ""end"": 1.0, ""value"": []}]}","{""name"": ""WASHINGTON STREET"", ""class"": ""tertiary""}"
3af46e0f-c3ac-415d-8fb2-ac535f6cb194,us_boston_streets_2257,"LINESTRING (-71.0554819999999978 42.3652224000000004, -71.0554036999999994 42.3651722999999976, -71.0548229000000049 42.3648311000000035, -71.0539938000000006 42.3643576999999993, -71.0539712000000065 42.3643467999999999, -71.0539483000000018 42.3643361000000027, -71.0539162999999974 42.3643220000000014)","LINESTRING (-71.0565336129548939 42.3658318249961994, -71.0563643453578067 42.3657307539654013, -71.0559568120003036 42.3655069863213001, -71.0558420396855013 42.3654403142750979, -71.0554863362868048 42.3652210178453998, -71.0552928162077961 42.3651083610830028, -71.0552166273403003 42.3650640081067991, -71.0547808237536032 42.3648158586939019, -71.0546915082498032 42.3647650012751029, -71.0545628032861032 42.3646884752338977, -71.0539283694114943 42.3643112456161006)","{""name"": ""Prince Street"", ""class"": ""residential"", ""names_lr"": [{""between"": [0.0, 1.0], ""value"": ""Prince Street""}], ""subclass_lr"": [{""between"": [0.0, 1.0], ""value"": null}], ""level_lr"": [{""between"": [0.0, 1.0], ""value"": 0}], ""road_flags_lr"": [{""start"": 0.0, ""end"": 1.0, ""value"": []}]}","{""name"": ""PRINCE STREET"", ""class"": ""residential""}"
907beb18-fa22-4eec-ac39-1253be6a0a26,us_boston_streets_10750,"LINESTRING (-71.0781405000000035 42.3517073000000011, -71.0780811000000057 42.3517220000000023, -71.0780309999999957 42.3517352000000002, -71.0770071999999971 42.3520123999999996, -71.0761518999999993 42.3522438999999977, -71.0761118000000067 42.3522547999999972, -71.0760793999999976 42.3522634999999994, -71.0759979000000044 42.3522851999999972)","LINESTRING (-71.0775380467354978 42.3518592136934018, -71.0759818748862955 42.3522687049191973, -71.0758923628678048 42.3522936324952965, -71.0753875252095071 42.3524342171779011)","{""name"": ""Commonwealth Avenue"", ""class"": ""primary"", ""names_lr"": [{""between"": [0.0, 1.0], ""value"": ""Commonwealth Avenue""}], ""subclass_lr"": [{""between"": [0.0, 1.0], ""value"": null}], ""level_lr"": [{""between"": [0.0, 1.0], ""value"": 0}], ""road_flags_lr"": [{""start"": 0.0, ""end"": 1.0, ""value"": []}]}","{""name"": ""COMMONWEALTH AVENUE"", ""class"": ""primary""}"
b2c3e225-c3de-47a6-913b-ad93d8fd6138,us_boston_streets_766,"LINESTRING (-71.0533025999999950 42.3612303000000026, -71.0536161999999933 42.3613969999999966, -71.0539224000000047 42.3615567000000013)","LINESTRING (-71.0532971278963998 42.3612253863790968, -71.0536145061777944 42.3614070386509027)","{""name"": ""Cross Street"", ""class"": ""primary"", ""names_lr"": [{""between"": [0.0, 1.0], ""value"": ""Cross Street""}], ""subclass_lr"": [{""between"": [0.0, 1.0], ""value"": null}], ""level_lr"": [{""between"": [0.0, 1.0], ""value"": 0}], ""road_flags_lr"": [{""start"": 0.0, ""end"": 1.0, ""value"": []}]}","{""name"": ""CROSS STREET"", ""class"": ""tertiary""}"
6ffe34e3-a279-44f8-bb0b-e71c494b981c,us_boston_streets_3938,"LINESTRING (-71.0538348999999982 42.3650085000000018, -71.0542542000000026 42.3653053999999969, -71.0544115000000005 42.3654167999999984, -71.0545005999999972 42.3654798999999969, -71.0545699999999982 42.3655290000000022)","LINESTRING (-71.0550897837382962 42.3658946162355008, -71.0545708261101936 42.3655379503127989, -71.0545554751025037 42.3655272287331996, -71.0545010139345976 42.3654891894357988, -71.0539802480984974 42.3651254492132026, -71.0538398934592976 42.3650095345319997, -71.0534611672869971 42.3647880078857000)","{""name"": ""North Bennet Street"", ""class"": ""residential"", ""names_lr"": [{""between"": [0.0, 1.0], ""value"": ""North Bennet Street""}], ""subclass_lr"": [{""between"": [0.0, 1.0], ""value"": null}], ""level_lr"": [{""between"": [0.0, 1.0], ""value"": 0}], ""road_flags_lr"": [{""start"": 0.0, ""end"": 1.0, ""value"": []}]}","{""name"": ""NORTH BENNET STREET"", ""class"": ""residential""}"
e18509db-aa26-4ad1-b72d-408643c9655c,us_boston_streets_5675,"LINESTRING (-71.0675138999999945 42.3639149999999987, -71.0673854000000063 42.3639071999999999, -71.0673184999999989 42.3638987000000000, -71.0673043999999976 42.3638969000000003, -71.0672244000000006 42.3638675999999990, -71.0671655000000015 42.3638320000000022, -71.0671056999999990 42.3637757999999991, -71.0670693000000000 42.3637233999999978, -71.0670508000000041 42.3636626999999990, -71.0670386000000036 42.3635936000000015, -71.0670336999999961 42.3634872000000016, -71.0670305999999954 42.3634214000000000)","LINESTRING (-71.0669104006549048 42.3635174055426020, -71.0669144211847055 42.3635576789191006, -71.0669253968596024 42.3636495137441997, -71.0669365100299046 42.3637212699321992, -71.0669785828255982 42.3637902752600013, -71.0670399203014966 42.3638708263775996, -71.0671156587290938 42.3639142290100992, -71.0671709223240953 42.3639459011993011, -71.0673071433108987 42.3639878288491971, -71.0673407606554974 42.3639981753960981, -71.0674798688648934 42.3640187777475035)","{""name"": ""Blossom Street"", ""class"": ""tertiary"", ""names_lr"": [{""between"": [0.0, 1.0], ""value"": ""Blossom Street""}], ""subclass_lr"": [{""between"": [0.0, 1.0], ""value"": null}], ""level_lr"": [{""between"": [0.0, 1.0], ""value"": 0}], ""road_flags_lr"": [{""start"": 0.0, ""end"": 1.0, ""value"": []}]}","{""name"": ""BLOSSOM STREET"", ""class"": ""residential""}"
fecb64bc-d8db-4816-9e2d-a5340e08afee,us_boston_streets_9960,"LINESTRING (-71.0515876999999989 42.3656666999999985, -71.0516489000000036 42.3656805999999975, -71.0518512999999956 42.3657266000000021, -71.0519050000000050 42.3657340000000033, -71.0519627999999983 42.3657413000000034, -71.0520996000000054 42.3657474999999977)","LINESTRING (-71.0528613569127003 42.3658374555231987, -71.0522410173842047 42.3657665464454993, -71.0521204485338984 42.3657527644371967, -71.0515937190225060 42.3656823441760011)","{""name"": ""Hanover Avenue"", ""class"": ""living_street"", ""names_lr"": [{""between"": [0.0, 1.0], ""value"": ""Hanover Avenue""}], ""subclass_lr"": [{""between"": [0.0, 1.0], ""value"": null}], ""level_lr"": [{""between"": [0.0, 1.0], ""value"": 0}], ""road_flags_lr"": [{""start"": 0.0, ""end"": 1.0, ""value"": []}]}","{""name"": ""HANOVER AVENUE"", ""class"": ""residential""}"
c43d7a80-a603-445a-a2be-1922497277b6,us_boston_streets_10416,"LINESTRING (-71.0678201000000058 42.3571111999999985, -71.0677675000000022 42.3569736999999975)","LINESTRING (-71.0677770529789967 42.3569766309792968, -71.0678327602926032 42.3571354805349003, -71.0679376289278935 42.3574479179626024)","{""name"": ""Spruce Street"", ""class"": ""residential"", ""names_lr"": [{""between"": [0.0, 1.0], ""value"": ""Spruce Street""}], ""subclass_lr"": [{""between"": [0.0, 1.0], ""value"": null}], ""level_lr"": [{""between"": [0.0, 1.0], ""value"": 0}], ""road_flags_lr"": [{""start"": 0.0, ""end"": 1.0, ""value"": []}]}","{""name"": ""SPRUCE STREET"", ""class"": ""residential""}"
5da0d45a-4f25-4786-9de8-bdec8b8e554b,us_boston_streets_98,"LINESTRING (-71.0558142999999944 42.3625449999999972, -71.0559226000000024 42.3626065999999994, -71.0560059999999964 42.3626541000000003)","LINESTRING (-71.0558125996693946 42.3625506528670996, -71.0563611822031049 42.3628635512339997)","{""name"": ""Cross Street"", ""class"": ""primary"", ""names_lr"": [{""between"": [0.0, 1.0], ""value"": ""Cross Street""}], ""subclass_lr"": [{""between"": [0.0, 1.0], ""value"": null}], ""level_lr"": [{""between"": [0.0, 1.0], ""value"": 0}], ""road_flags_lr"": [{""start"": 0.0, ""end"": 1.0, ""value"": []}]}","{""name"": ""CROSS STREET"", ""class"": ""tertiary""}"
ad6a9fff-e16c-4afc-9703-4c8f50cc8d6c,us_boston_streets_4640,"LINESTRING (-71.0526518000000067 42.3642058000000006, -71.0523995000000070 42.3643616000000023, -71.0523531000000048 42.3643898999999990)","LINESTRING (-71.0531214676345968 42.3639363629409971, -71.0526702105753003 42.3641952616198978, -71.0523490310216062 42.3643927042135999)","{""name"": ""Moon Street"", ""class"": ""residential"", ""names_lr"": [{""between"": [0.0, 1.0], ""value"": ""Moon Street""}], ""subclass_lr"": [{""between"": [0.0, 1.0], ""value"": null}], ""level_lr"": [{""between"": [0.0, 1.0], ""value"": 0}], ""road_flags_lr"": [{""start"": 0.0, ""end"": 1.0, ""value"": []}]}","{""name"": ""MOON STREET"", ""class"": ""residential""}"
f37c1a58-91dd-40e9-80dc-c50de46319a6,us_boston_streets_985,"LINESTRING (-71.0535629999999969 42.3665740000000000, -71.0535902999999962 42.3665536000000031, -71.0537850000000049 42.3664040000000028, -71.0539445000000001 42.3662684999999968)","LINESTRING (-71.0543841748061027 42.3658598352863009, -71.0541060809112963 42.3661321232524983, -71.0539859161019933 42.3662373621410993, -71.0539075459431047 42.3663059969847993, -71.0537856079969998 42.3664127826852024, -71.0535637373451010 42.3665830622625990)","{""name"": ""Unity Street"", ""class"": ""residential"", ""names_lr"": [{""between"": [0.0, 1.0], ""value"": ""Unity Street""}], ""subclass_lr"": [{""between"": [0.0, 1.0], ""value"": null}], ""level_lr"": [{""between"": [0.0, 1.0], ""value"": 0}], ""road_flags_lr"": [{""start"": 0.0, ""end"": 1.0, ""value"": []}]}","{""name"": ""UNITY STREET"", ""class"": ""residential""}"
a36da67e-888c-4c4f-8200-e8d079f72008,us_boston_streets_10679,"LINESTRING (-71.0676756999999952 42.3588463000000033, -71.0676756000000012 42.3588948000000016, -71.0677048000000013 42.3592579999999970, -71.0677069999999986 42.3592909999999989)","LINESTRING (-71.0676983531132009 42.3588747892505992, -71.0677092231941003 42.3590585082155968)","{""name"": ""Anderson Street"", ""class"": ""residential"", ""names_lr"": [{""between"": [0.0, 1.0], ""value"": ""Anderson Street""}], ""subclass_lr"": [{""between"": [0.0, 1.0], ""value"": null}], ""level_lr"": [{""between"": [0.0, 1.0], ""value"": 0}], ""road_flags_lr"": [{""start"": 0.0, ""end"": 1.0, ""value"": []}]}","{""name"": ""ANDERSON STREET"", ""class"": ""residential""}"
08bca227-bcde-4a42-a73d-d430703f6129,us_boston_streets_4093,"LINESTRING (-71.0537790999999999 42.3574438999999998, -71.0537256000000070 42.3574204000000023, -71.0536783999999955 42.3573919000000032, -71.0536409999999989 42.3573577000000014, -71.0535516999999999 42.3572585000000004, -71.0533211999999992 42.3570009000000027, -71.0532750999999934 42.3569493999999978)","LINESTRING (-71.0528457676252998 42.3564318279971985, -71.0530101530368938 42.3566258388529988, -71.0530908335363023 42.3567210584354967, -71.0532769190820943 42.3569262673147975, -71.0533946783521060 42.3570610877681020, -71.0536160257792062 42.3573145004585001, -71.0537795551284006 42.3574543138037996)","{""name"": ""Batterymarch Street"", ""class"": ""residential"", ""names_lr"": [{""between"": [0.0, 1.0], ""value"": ""Batterymarch Street""}], ""subclass_lr"": [{""between"": [0.0, 1.0], ""value"": null}], ""level_lr"": [{""between"": [0.0, 1.0], ""value"": 0}], ""road_flags_lr"": [{""start"": 0.0, ""end"": 1.0, ""value"": []}]}","{""name"": ""BATTERYMARCH STREET"", ""class"": ""residential""}"
d9f2f158-f48c-4ed3-9d8f-d67ebbf41263,us_boston_streets_5681,"LINESTRING (-71.0544210999999990 42.3576839999999990, -71.0543547000000046 42.3576580000000007, -71.0539392999999961 42.3574952999999965, -71.0538544000000059 42.3574660000000023, -71.0537790999999999 42.3574438999999998)","LINESTRING (-71.0550755277442931 42.3579488952317007, -71.0548236992586055 42.3578636822602022, -71.0543707609264032 42.3576705000670017, -71.0537795551284006 42.3574543138037996)","{""name"": ""Batterymarch Street"", ""class"": ""residential"", ""names_lr"": [{""between"": [0.0, 1.0], ""value"": ""Batterymarch Street""}], ""subclass_lr"": [{""between"": [0.0, 1.0], ""value"": null}], ""level_lr"": [{""between"": [0.0, 1.0], ""value"": 0}], ""road_flags_lr"": [{""start"": 0.0, ""end"": 1.0, ""value"": []}]}","{""name"": ""BATTERYMARCH STREET"", ""class"": ""residential""}"
74129703-100f-40c5-b128-ed8c70a5f4e1,us_boston_streets_9202,"LINESTRING (-71.0685220000000015 42.3580232999999993, -71.0685002000000026 42.3579701000000028, -71.0682699000000042 42.3574170999999993, -71.0682527000000022 42.3573749999999976)","LINESTRING (-71.0682729815735996 42.3573841511868991, -71.0683894105993943 42.3577352873420026)","{""name"": ""Willow Street"", ""class"": ""residential"", ""names_lr"": [{""between"": [0.0, 1.0], ""value"": ""Willow Street""}], ""subclass_lr"": [{""between"": [0.0, 1.0], ""value"": null}], ""level_lr"": [{""between"": [0.0, 1.0], ""value"": 0}], ""road_flags_lr"": [{""start"": 0.0, ""end"": 1.0, ""value"": []}]}","{""name"": ""WILLOW STREET"", ""class"": ""residential""}"
1aae62b6-47ac-4da2-9ea7-50106221a863,us_boston_streets_2240,"LINESTRING (-71.0586219999999997 42.3540903000000029, -71.0586519999999950 42.3540366000000006, -71.0586899999999986 42.3539924000000028, -71.0589231000000012 42.3537831000000011, -71.0590097000000043 42.3536986000000013, -71.0593314000000049 42.3533849000000018, -71.0593978999999933 42.3533224999999973)","LINESTRING (-71.0589434565558946 42.3538191555935981, -71.0594181380286045 42.3533242797407965)","{""name"": ""Kingston Street"", ""class"": ""tertiary"", ""names_lr"": [{""between"": [0.0, 1.0], ""value"": ""Kingston Street""}], ""subclass_lr"": [{""between"": [0.0, 1.0], ""value"": null}], ""level_lr"": [{""between"": [0.0, 1.0], ""value"": 0}], ""road_flags_lr"": [{""start"": 0.0, ""end"": 1.0, ""value"": []}]}","{""name"": ""KINGSTON STREET"", ""class"": ""residential""}"
edc6031f-ee3d-4dbe-834c-de63e5a206c3,us_boston_streets_5075,"LINESTRING (-71.0628727999999938 42.3593675999999988, -71.0628648999999939 42.3594013000000018, -71.0628441000000066 42.3594904999999997, -71.0628387999999944 42.3595404000000002, -71.0628423999999939 42.3596152000000004)","LINESTRING (-71.0628969023802028 42.3590476688941990, -71.0628937485989951 42.3591933211973029, -71.0628877610409972 42.3593162114869983, -71.0628809949220965 42.3593657314510992, -71.0628613165970933 42.3594247310097032, -71.0628310488330044 42.3594876749972968)","{""name"": ""Bowdoin Street"", ""class"": ""secondary"", ""names_lr"": [{""between"": [0.0, 1.0], ""value"": ""Bowdoin Street""}], ""subclass_lr"": [{""between"": [0.0, 1.0], ""value"": null}], ""level_lr"": [{""between"": [0.0, 1.0], ""value"": 0}], ""road_flags_lr"": [{""start"": 0.0, ""end"": 1.0, ""value"": []}]}","{""name"": ""BOWDOIN STREET"", ""class"": ""tertiary""}"
70f25f20-3c2f-483e-8542-23aff7887265,us_boston_streets_6192,"LINESTRING (-71.0685789999999997 42.3641092000000015, -71.0691233999999952 42.3642334000000034, -71.0696133000000003 42.3643453999999977, -71.0696434999999980 42.3643525000000025, -71.0697459000000009 42.3643767000000011)","LINESTRING (-71.0697675488901979 42.3643457666539973, -71.0695824963897991 42.3643259539602965, -71.0695624449164995 42.3643238073568966, -71.0694621924380954 42.3643130725044017, -71.0687863521548024 42.3641556342382017, -71.0685969184549009 42.3641119035540967, -71.0684386999009945 42.3640854879083975, -71.0682030282011965 42.3640444405887990, -71.0678704951363045 42.3640259799784005, -71.0674798688648934 42.3640187777475035)","{""name"": ""Blossom Street"", ""class"": ""tertiary"", ""names_lr"": [{""between"": [0.0, 1.0], ""value"": ""Blossom Street""}], ""subclass_lr"": [{""between"": [0.0, 1.0], ""value"": null}], ""level_lr"": [{""between"": [0.0, 1.0], ""value"": 0}], ""road_flags_lr"": [{""start"": 0.0, ""end"": 1.0, ""value"": []}]}","{""name"": ""BLOSSOM STREET"", ""class"": ""residential""}"
351f73aa-db85-4c3e-a050-e056a650da4c,us_boston_streets_8268,"LINESTRING (-71.0664260000000070 42.3510260999999986, -71.0664043000000021 42.3510311000000002, -71.0662465000000054 42.3510678999999968, -71.0661699000000056 42.3510836999999967, -71.0660744999999991 42.3510969000000017)","LINESTRING (-71.0668682313726947 42.3509704874712014, -71.0667103067131052 42.3510038893423015, -71.0666487757795977 42.3510169034721997, -71.0664395786770058 42.3510611502180012, -71.0661488629123994 42.3511140721662969, -71.0660407748793972 42.3511225231863975)","{""name"": ""Stuart Street"", ""class"": ""primary"", ""names_lr"": [{""between"": [0.0, 1.0], ""value"": ""Stuart Street""}], ""subclass_lr"": [{""between"": [0.0, 1.0], ""value"": null}], ""level_lr"": [{""between"": [0.0, 1.0], ""value"": 0}], ""road_flags_lr"": [{""start"": 0.0, ""end"": 1.0, ""value"": []}]}","{""name"": ""STUART STREET"", ""class"": ""tertiary""}"
c6c8d93d-ca6d-4ad1-9a59-b7fff21e1cb4,us_boston_streets_8673,"LINESTRING (-71.0602415999999977 42.3567273999999969, -71.0602082000000053 42.3567622999999998, -71.0598719999999986 42.3571366999999981)","LINESTRING (-71.0602389578040032 42.3567180665978000, -71.0600774759647038 42.3568959559988016)","{""name"": ""Province Street"", ""class"": ""residential"", ""names_lr"": [{""between"": [0.0, 1.0], ""value"": ""Province Street""}], ""subclass_lr"": [{""between"": [0.0, 1.0], ""value"": null}], ""level_lr"": [{""between"": [0.0, 1.0], ""value"": 0}], ""road_flags_lr"": [{""start"": 0.0, ""end"": 1.0, ""value"": []}]}","{""name"": ""PROVINCE STREET"", ""class"": ""residential""}"
d5bc85ea-3faa-4d8b-af03-f3f66c2c304f,us_boston_streets_7946,"LINESTRING (-71.0697887000000037 42.3642923000000025, -71.0696692000000070 42.3642643000000021, -71.0691558000000043 42.3641446000000030, -71.0686124000000063 42.3640210000000010)","LINESTRING (-71.0675038421857010 42.3639069907587000, -71.0681920701704968 42.3639497394464968, -71.0684278002610057 42.3639821757441979, -71.0686286776401062 42.3640202201903975, -71.0694357825388039 42.3642154417302024, -71.0695653780050947 42.3642663492842004, -71.0697675488901979 42.3643457666539973)","{""name"": ""Blossom Street"", ""class"": ""tertiary"", ""names_lr"": [{""between"": [0.0, 1.0], ""value"": ""Blossom Street""}], ""subclass_lr"": [{""between"": [0.0, 1.0], ""value"": null}], ""level_lr"": [{""between"": [0.0, 1.0], ""value"": 0}], ""road_flags_lr"": [{""start"": 0.0, ""end"": 1.0, ""value"": []}]}","{""name"": ""BLOSSOM STREET"", ""class"": ""residential""}"
1fc0ff35-e6e4-42c1-8f30-3f5c8819e8bb,us_boston_streets_9278,"LINESTRING (-71.0566242999999957 42.3655119000000013, -71.0565696999999972 42.3655558999999968)","LINESTRING (-71.0565728354799973 42.3655798690635024, -71.0563643453578067 42.3657307539654013)","{""name"": ""Thacher Street"", ""class"": ""residential"", ""names_lr"": [{""between"": [0.0, 1.0], ""value"": ""Thacher Street""}], ""subclass_lr"": [{""between"": [0.0, 1.0], ""value"": null}], ""level_lr"": [{""between"": [0.0, 1.0], ""value"": 0}], ""road_flags_lr"": [{""start"": 0.0, ""end"": 1.0, ""value"": []}]}","{""name"": ""THACHER STREET"", ""class"": ""residential""}"
617ed031-8a11-4014-a924-56dbc5937032,us_boston_streets_10056,"LINESTRING (-71.0628638999999964 42.3613050000000015, -71.0628573999999986 42.3613338999999982, -71.0628525000000053 42.3613521999999989, -71.0628501000000057 42.3613610000000023, -71.0628411999999940 42.3613890999999967, -71.0628358999999961 42.3614044999999990, -71.0628301999999934 42.3614200000000025, -71.0628253999999941 42.3614326000000005, -71.0628197999999998 42.3614463999999984, -71.0628078999999957 42.3614725999999990, -71.0627961999999940 42.3614980999999986, -71.0627752999999984 42.3615410999999966, -71.0627547999999933 42.3615818999999973, -71.0626445000000047 42.3617648999999972, -71.0626297000000022 42.3617895000000004)","LINESTRING (-71.0628347521432033 42.3613103328234004, -71.0628118159416999 42.3614094143808018, -71.0628011575991962 42.3614364599891005, -71.0627361026907067 42.3616015401202972, -71.0626625758923041 42.3617398493853017, -71.0625672759794043 42.3618780802931028, -71.0624593744152975 42.3620014579127968, -71.0623078793593947 42.3621327451387018, -71.0622606306615978 42.3621712381704967)","{""name"": ""New Chardon Street"", ""class"": ""primary"", ""names_lr"": [{""between"": [0.0, 1.0], ""value"": ""New Chardon Street""}], ""subclass_lr"": [{""between"": [0.0, 1.0], ""value"": null}], ""level_lr"": [{""between"": [0.0, 1.0], ""value"": 0}], ""road_flags_lr"": [{""start"": 0.0, ""end"": 1.0, ""value"": []}]}","{""name"": ""NEW CHARDON STREET"", ""class"": ""tertiary""}"
59daa9f5-d0db-48da-813d-5da0496edaab,us_boston_streets_7676,"LINESTRING (-71.0578871999999961 42.3618291000000013, -71.0579855000000009 42.3619403000000005, -71.0581736999999976 42.3621531000000004, -71.0583469999999977 42.3623491999999970, -71.0584391000000011 42.3624533999999997)","LINESTRING (-71.0576069560401038 42.3615312812200031, -71.0576781960199071 42.3616870182355996, -71.0577952451970987 42.3618513508520991, -71.0579660671304936 42.3620425701184971, -71.0582056027083979 42.3622883045641032, -71.0583906570570036 42.3624956975332978)","{""name"": ""Congress Street"", ""class"": ""primary"", ""names_lr"": [{""between"": [0.0, 1.0], ""value"": ""Congress Street""}], ""subclass_lr"": [{""between"": [0.0, 1.0], ""value"": null}], ""level_lr"": [{""between"": [0.0, 1.0], ""value"": 0}], ""road_flags_lr"": [{""start"": 0.0, ""end"": 1.0, ""value"": []}]}","{""name"": ""CONGRESS STREET"", ""class"": ""tertiary""}"
54dc9aa6-5cc8-44e4-a284-a5a37b946aee,us_boston_streets_1619,"LINESTRING (-71.0582196999999951 42.3517001000000022, -71.0581590999999975 42.3516852999999998, -71.0581375999999949 42.3516812000000016, -71.0580918999999938 42.3516722999999971, -71.0578524999999956 42.3516392000000010)","LINESTRING (-71.0582179364600961 42.3517189353180967, -71.0578812296670037 42.3516572802777986, -71.0572641297982983 42.3515795956975012)","{""name"": ""Tufts Street"", ""class"": ""residential"", ""names_lr"": [{""between"": [0.0, 1.0], ""value"": ""Tufts Street""}], ""subclass_lr"": [{""between"": [0.0, 1.0], ""value"": null}], ""level_lr"": [{""between"": [0.0, 1.0], ""value"": 0}], ""road_flags_lr"": [{""start"": 0.0, ""end"": 1.0, ""value"": []}]}","{""name"": ""TUFTS STREET"", ""class"": ""residential""}"
b2c3e225-c3de-47a6-913b-ad93d8fd6138,us_boston_streets_5818,"LINESTRING (-71.0533025999999950 42.3612303000000026, -71.0536161999999933 42.3613969999999966, -71.0539224000000047 42.3615567000000013)","LINESTRING (-71.0536145061777944 42.3614070386509027, -71.0538167598961934 42.3615065754239026, -71.0539423540367068 42.3615683840743031)","{""name"": ""Cross Street"", ""class"": ""primary"", ""names_lr"": [{""between"": [0.0, 1.0], ""value"": ""Cross Street""}], ""subclass_lr"": [{""between"": [0.0, 1.0], ""value"": null}], ""level_lr"": [{""between"": [0.0, 1.0], ""value"": 0}], ""road_flags_lr"": [{""start"": 0.0, ""end"": 1.0, ""value"": []}]}","{""name"": ""CROSS STREET"", ""class"": ""tertiary""}"
c3178d45-0bc3-4af0-8f82-3eb0fc1fc03c,us_boston_streets_9877,"LINESTRING (-71.0627487000000002 42.3579049000000012, -71.0625801999999993 42.3579618999999994, -71.0620298999999989 42.3581481000000011)","LINESTRING (-71.0627101226676956 42.3579493408140024, -71.0624151850956025 42.3580379338468020, -71.0620539971396994 42.3581549256098029, -71.0619846327082030 42.3581773658765997, -71.0617856952764981 42.3582417233460973, -71.0616309845843972 42.3582669108596974, -71.0615076686189013 42.3582712086880022)","{""name"": ""Beacon Street"", ""class"": ""primary"", ""names_lr"": [{""between"": [0.0, 1.0], ""value"": ""Beacon Street""}], ""subclass_lr"": [{""between"": [0.0, 1.0], ""value"": null}], ""level_lr"": [{""between"": [0.0, 1.0], ""value"": 0}], ""road_flags_lr"": [{""start"": 0.0, ""end"": 1.0, ""value"": []}]}","{""name"": ""BEACON STREET"", ""class"": ""tertiary""}"
82c6efad-eafb-470e-aea9-f94f22933865,us_boston_streets_1896,"LINESTRING (-71.0620257000000066 42.3635531999999984, -71.0619010000000060 42.3635206000000011, -71.0614343000000019 42.3633987999999988)","LINESTRING (-71.0613141737215983 42.3634782558930993, -71.0619226792598937 42.3636143240344012)","{""name"": ""Merrimac Street"", ""class"": ""secondary"", ""names_lr"": [{""between"": [0.0, 1.0], ""value"": ""Merrimac Street""}], ""subclass_lr"": [{""between"": [0.0, 1.0], ""value"": null}], ""level_lr"": [{""between"": [0.0, 1.0], ""value"": 0}], ""road_flags_lr"": [{""start"": 0.0, ""end"": 1.0, ""value"": []}]}","{""name"": ""MERRIMAC STREET"", ""class"": ""tertiary""}"
a40b572a-2bff-43cf-a473-19998ee1526a,us_boston_streets_9201,"LINESTRING (-71.0583620000000025 42.3498305999999971, -71.0583366000000041 42.3499193999999974, -71.0582334000000060 42.3502731999999966, -71.0581004000000007 42.3507602000000034, -71.0580922000000044 42.3508083999999982)","LINESTRING (-71.0583771827924977 42.3498196375729989, -71.0583209683202028 42.3500296705768022, -71.0582676920961944 42.3502287231613010, -71.0582511583270957 42.3502904971334004, -71.0581078496492040 42.3508360800814003, -71.0579456541657066 42.3514238292027017, -71.0578812296670037 42.3516572802777986)","{""name"": ""Utica Street"", ""class"": ""residential"", ""names_lr"": [{""between"": [0.0, 1.0], ""value"": ""Utica Street""}], ""subclass_lr"": [{""between"": [0.0, 1.0], ""value"": null}], ""level_lr"": [{""between"": [0.0, 1.0], ""value"": 0}], ""road_flags_lr"": [{""start"": 0.0, ""end"": 1.0, ""value"": []}]}","{""name"": ""UTICA STREET"", ""class"": ""residential""}"
a01e84bb-74aa-423b-8eec-c43aadf412b7,us_boston_streets_8379,"LINESTRING (-71.0602501000000046 42.3502981999999975, -71.0602977000000067 42.3501787000000007, -71.0606571999999943 42.3492626000000030)","LINESTRING (-71.0602546284193011 42.3502838039269989, -71.0602136610639974 42.3503869017801975, -71.0602136474692969 42.3503869368395982, -71.0598758243956041 42.3512370921240020)","{""name"": ""Hudson Street"", ""class"": ""secondary"", ""names_lr"": [{""between"": [0.0, 1.0], ""value"": ""Hudson Street""}], ""subclass_lr"": [{""between"": [0.0, 1.0], ""value"": null}], ""level_lr"": [{""between"": [0.0, 1.0], ""value"": 0}], ""road_flags_lr"": [{""start"": 0.0, ""end"": 1.0, ""value"": []}]}","{""name"": ""HUDSON STREET"", ""class"": ""residential""}"
364e3ae5-c0f2-4d0c-a7e6-af9318eb97f2,us_boston_streets_6334,"LINESTRING (-71.0633590999999996 42.3643975999999967, -71.0634818000000053 42.3643325000000033)","LINESTRING (-71.0631710503949989 42.3644444367475970, -71.0631177229543027 42.3644701391257996, -71.0629411882437978 42.3645552236997034)","{""name"": ""Causeway Street"", ""class"": ""secondary"", ""names_lr"": [{""between"": [0.0, 1.0], ""value"": ""Causeway Street""}], ""subclass_lr"": [{""between"": [0.0, 1.0], ""value"": null}], ""level_lr"": [{""between"": [0.0, 1.0], ""value"": 0}], ""road_flags_lr"": [{""start"": 0.0, ""end"": 1.0, ""value"": []}]}","{""name"": ""CAUSEWAY STREET"", ""class"": ""tertiary""}"
0c63aead-3cac-4c24-9bb5-18390fb37ce9,us_boston_streets_125,"LINESTRING (-71.0634333999999939 42.3642206999999971, -71.0634332999999998 42.3641959999999997, -71.0634328000000011 42.3640049999999988)","LINESTRING (-71.0633702187412979 42.3642310600848973, -71.0633031394618939 42.3643283319631010, -71.0632795203048033 42.3643543137625969, -71.0632415012177034 42.3643918294012991, -71.0631710503949989 42.3644444367475970)","{""name"": ""Staniford Street"", ""class"": ""primary"", ""names_lr"": [{""between"": [0.0, 1.0], ""value"": ""Staniford Street""}], ""subclass_lr"": [{""between"": [0.0, 1.0], ""value"": null}], ""level_lr"": [{""between"": [0.0, 1.0], ""value"": 0}], ""road_flags_lr"": [{""start"": 0.0, ""end"": 1.0, ""value"": []}]}","{""name"": ""CAUSEWAY STREET"", ""class"": ""tertiary""}"
91dabea6-f38c-432c-9d26-7deebfd07983,us_boston_streets_9384,"LINESTRING (-71.0564978999999965 42.3670817000000000, -71.0565023000000053 42.3670363000000023, -71.0565419999999932 42.3666240000000016)","LINESTRING (-71.0565045070870980 42.3671071976200011, -71.0564639246906040 42.3674819233282989, -71.0564274892893053 42.3678183549866034)","{""name"": ""Snow Hill Street"", ""class"": ""residential"", ""names_lr"": [{""between"": [0.0, 1.0], ""value"": ""Snow Hill Street""}], ""subclass_lr"": [{""between"": [0.0, 1.0], ""value"": null}], ""level_lr"": [{""between"": [0.0, 1.0], ""value"": 0}], ""road_flags_lr"": [{""start"": 0.0, ""end"": 1.0, ""value"": []}]}","{""name"": ""SNOW HILL STREET"", ""class"": ""residential""}"
bbd8ffa5-fa5e-41d7-898a-d1cb144e6b50,us_boston_streets_4540,"LINESTRING (-71.0536873000000071 42.3587290999999979, -71.0536194000000023 42.3587660000000028, -71.0535947000000050 42.3587775000000022, -71.0535749000000010 42.3587867000000031, -71.0535229999999984 42.3588000000000022, -71.0531948000000000 42.3588561999999982)","LINESTRING (-71.0531848468401961 42.3588558296652025, -71.0530457000491964 42.3588692236836977, -71.0529552535697064 42.3588779299713991, -71.0525953148373048 42.3589179184650035, -71.0522445748983955 42.3589717431089028)","{""name"": ""Central Street"", ""class"": ""residential"", ""names_lr"": [{""between"": [0.0, 1.0], ""value"": ""Central Street""}], ""subclass_lr"": [{""between"": [0.0, 1.0], ""value"": null}], ""level_lr"": [{""between"": [0.0, 1.0], ""value"": 0}], ""road_flags_lr"": [{""start"": 0.0, ""end"": 1.0, ""value"": []}]}","{""name"": ""CENTRAL STREET"", ""class"": ""tertiary""}"
617ed031-8a11-4014-a924-56dbc5937032,us_boston_streets_3196,"LINESTRING (-71.0628638999999964 42.3613050000000015, -71.0628573999999986 42.3613338999999982, -71.0628525000000053 42.3613521999999989, -71.0628501000000057 42.3613610000000023, -71.0628411999999940 42.3613890999999967, -71.0628358999999961 42.3614044999999990, -71.0628301999999934 42.3614200000000025, -71.0628253999999941 42.3614326000000005, -71.0628197999999998 42.3614463999999984, -71.0628078999999957 42.3614725999999990, -71.0627961999999940 42.3614980999999986, -71.0627752999999984 42.3615410999999966, -71.0627547999999933 42.3615818999999973, -71.0626445000000047 42.3617648999999972, -71.0626297000000022 42.3617895000000004)","LINESTRING (-71.0628638509640069 42.3611846143947020, -71.0628347521432033 42.3613103328234004)","{""name"": ""New Chardon Street"", ""class"": ""primary"", ""names_lr"": [{""between"": [0.0, 1.0], ""value"": ""New Chardon Street""}], ""subclass_lr"": [{""between"": [0.0, 1.0], ""value"": null}], ""level_lr"": [{""between"": [0.0, 1.0], ""value"": 0}], ""road_flags_lr"": [{""start"": 0.0, ""end"": 1.0, ""value"": []}]}","{""name"": ""NEW CHARDON STREET"", ""class"": ""tertiary""}"
2c32ccb4-34ad-46f2-934d-2a9010cb949e,us_boston_streets_8656,"LINESTRING (-71.0578890000000030 42.3628900000000002, -71.0577810000000056 42.3628780000000020, -71.0576379999999972 42.3628769999999975)","LINESTRING (-71.0576386160214071 42.3628859416485000, -71.0575071655122059 42.3627791963779998)","{""class"": ""unknown"", ""names_lr"": [{""between"": [0.0, 1.0], ""value"": null}], ""subclass_lr"": [{""between"": [0.0, 1.0], ""value"": null}], ""level_lr"": [{""between"": [0.0, 1.0], ""value"": 0}], ""road_flags_lr"": [{""start"": 0.0, ""end"": 1.0, ""value"": []}]}","{""name"": ""JOHN F FITZGERALD SURFACE ROAD"", ""class"": ""tertiary""}"
91cb4548-5ddd-4e43-9889-10d2ae036660,us_boston_streets_9381,"LINESTRING (-71.0583794000000069 42.3647542000000001, -71.0583910000000003 42.3652420000000021)","LINESTRING (-71.0583669829400009 42.3652705714010978, -71.0583754396286054 42.3654811599568006)","{""name"": ""North Washington Street"", ""class"": ""primary"", ""names_lr"": [{""between"": [0.0, 1.0], ""value"": ""North Washington Street""}], ""subclass_lr"": [{""between"": [0.0, 1.0], ""value"": null}], ""level_lr"": [{""between"": [0.0, 1.0], ""value"": 0}], ""road_flags_lr"": [{""start"": 0.0, ""end"": 1.0, ""value"": []}]}","{""name"": ""NORTH WASHINGTON STREET"", ""class"": ""tertiary""}"
3385cbf1-fb5c-411a-8397-c1039a6adb36,us_boston_streets_3057,"LINESTRING (-71.0518167999999974 42.3596323000000012, -71.0519314000000008 42.3596143999999981, -71.0523158000000024 42.3595541999999980, -71.0524347000000063 42.3595358999999974)","LINESTRING (-71.0524080141220935 42.3595295378800998, -71.0526778847280980 42.3594871866302967, -71.0529707195126008 42.3594412301172980, -71.0532003963214009 42.3594051845936974, -71.0532941804949019 42.3593904663287972)","{""name"": ""State Street"", ""class"": ""primary"", ""names_lr"": [{""between"": [0.0, 1.0], ""value"": ""State Street""}], ""subclass_lr"": [{""between"": [0.0, 1.0], ""value"": null}], ""level_lr"": [{""between"": [0.0, 1.0], ""value"": 0}], ""road_flags_lr"": [{""start"": 0.0, ""end"": 1.0, ""value"": []}]}","{""name"": ""STATE STREET"", ""class"": ""tertiary""}"
616dc619-d070-4c6f-aa4f-a6887c6a0217,us_boston_streets_7146,"LINESTRING (-71.0589889000000028 42.3635597999999973, -71.0590755999999999 42.3635055000000023, -71.0595813999999990 42.3631886000000009)","LINESTRING (-71.0583938635135013 42.3638215541085970, -71.0585694592627988 42.3638074184118025, -71.0589692954922043 42.3635587905820969)","{""name"": ""New Chardon Street"", ""class"": ""primary"", ""names_lr"": [{""between"": [0.0, 1.0], ""value"": ""New Chardon Street""}], ""subclass_lr"": [{""between"": [0.0, 1.0], ""value"": null}], ""level_lr"": [{""between"": [0.0, 1.0], ""value"": 0}], ""road_flags_lr"": [{""start"": 0.0, ""end"": 1.0, ""value"": []}]}","{""name"": ""NEW CHARDON STREET"", ""class"": ""tertiary""}"
347f6c73-9c6a-41c3-be8c-a444b19b329e,us_boston_streets_10377,"LINESTRING (-71.0660019999999975 42.3611274000000009, -71.0658557000000002 42.3611272999999997, -71.0656934000000007 42.3611276000000032, -71.0655268999999947 42.3611278999999996, -71.0654559000000035 42.3611288999999971, -71.0653867000000048 42.3611298000000005, -71.0652446999999938 42.3611332999999988, -71.0651378000000022 42.3611360000000019)","LINESTRING (-71.0645836277633975 42.3611548428989977, -71.0651562474244969 42.3611383175135998)","{""name"": ""Cambridge Street"", ""class"": ""primary"", ""names_lr"": [{""between"": [0.0, 1.0], ""value"": ""Cambridge Street""}], ""subclass_lr"": [{""between"": [0.0, 1.0], ""value"": null}], ""level_lr"": [{""between"": [0.0, 1.0], ""value"": 0}], ""road_flags_lr"": [{""start"": 0.0, ""end"": 1.0, ""value"": []}]}","{""name"": ""CAMBRIDGE STREET"", ""class"": ""tertiary""}"
99e3e5fd-87c8-43c0-9bac-e22fa664d82a,us_boston_streets_7459,"LINESTRING (-71.0601939000000016 42.3660039999999967, -71.0602238999999969 42.3659985000000034, -71.0602578000000022 42.3659907999999987, -71.0602918999999957 42.3659808999999967, -71.0603263999999939 42.3659692000000021, -71.0604198999999994 42.3659285999999966, -71.0604608000000013 42.3659104999999983, -71.0605177000000054 42.3658860999999973, -71.0606276999999977 42.3658399999999986, -71.0606539000000055 42.3658287000000016, -71.0606814000000071 42.3658163999999999, -71.0607133999999974 42.3658006000000000)","LINESTRING (-71.0611208029764043 42.3654633019085978, -71.0609011070890944 42.3655798422142027, -71.0606346354809943 42.3657211945586027)","{""name"": ""Causeway Street"", ""class"": ""secondary"", ""names_lr"": [{""between"": [0.0, 1.0], ""value"": ""Causeway Street""}], ""subclass_lr"": [{""between"": [0.0, 1.0], ""value"": null}], ""level_lr"": [{""between"": [0.0, 1.0], ""value"": 0}], ""road_flags_lr"": [{""start"": 0.0, ""end"": 1.0, ""value"": []}]}","{""name"": ""CAUSEWAY STREET"", ""class"": ""tertiary""}"
9ab196d7-6800-4fe6-ab2c-912a7b22b7fc,us_boston_streets_4501,"LINESTRING (-71.0656184999999994 42.3616335000000035, -71.0656077999999951 42.3616316999999967, -71.0656012000000032 42.3616299999999981, -71.0655948999999936 42.3616278000000008, -71.0655890999999968 42.3616254000000012, -71.0655842999999976 42.3616224000000017, -71.0655794999999983 42.3616185999999999, -71.0655765000000059 42.3616160999999991, -71.0655741000000063 42.3616132000000007, -71.0655722000000054 42.3616091000000026, -71.0655703999999986 42.3616047000000009, -71.0655689999999964 42.3615999000000016, -71.0655677999999966 42.3615945999999965, -71.0655670999999955 42.3615885000000034, -71.0655634999999961 42.3615124000000023, -71.0655598000000026 42.3613801999999993, -71.0655308999999988 42.3613241999999985)","LINESTRING (-71.0655395930161973 42.3612306739292990, -71.0655398255245956 42.3612395939791995, -71.0655540737204063 42.3617857329831011, -71.0663128728034934 42.3617800133947000)","{""class"": ""service"", ""subclass"": ""driveway"", ""names_lr"": [{""between"": [0.0, 1.0], ""value"": null}], ""subclass_lr"": [{""between"": [0.0, 1.0], ""value"": ""driveway""}], ""level_lr"": [{""between"": [0.0, 1.0], ""value"": 0}], ""road_flags_lr"": [{""start"": 0.0, ""end"": 1.0, ""value"": []}]}","{""name"": ""CHARLES RIVER PLAZA"", ""class"": ""residential""}"
39c3dd6b-5ad7-4d38-a86b-eaca1483a9f4,us_boston_streets_3519,"LINESTRING (-71.0612603999999948 42.3519724000000011, -71.0612260999999990 42.3518163000000030, -71.0611717999999968 42.3515686000000002, -71.0611727000000002 42.3515447999999992, -71.0611863999999969 42.3514797999999999)","LINESTRING (-71.0611875294202946 42.3514947513299020, -71.0612445248736009 42.3513706141694968, -71.0614635064097939 42.3508632985139997)","{""name"": ""Harrison Avenue"", ""class"": ""secondary"", ""names_lr"": [{""between"": [0.0, 1.0], ""value"": ""Harrison Avenue""}], ""subclass_lr"": [{""between"": [0.0, 1.0], ""value"": null}], ""level_lr"": [{""between"": [0.0, 1.0], ""value"": 0}], ""road_flags_lr"": [{""start"": 0.0, ""end"": 1.0, ""value"": []}]}","{""name"": ""HARRISON AVENUE"", ""class"": ""tertiary""}"
bdaca25d-240e-4256-a804-83e63f4fa222,us_boston_streets_10080,"LINESTRING (-71.0704678000000030 42.3519275000000022, -71.0702454000000046 42.3519859000000025, -71.0699665000000067 42.3520487999999986, -71.0692898000000071 42.3521856999999997, -71.0692484000000064 42.3521926000000022, -71.0691687999999999 42.3522060999999965)","LINESTRING (-71.0700976506531958 42.3520846079671998, -71.0699412336440020 42.3521187248357975, -71.0692241934815030 42.3522751171002980, -71.0685221535694041 42.3524282346087020, -71.0682270852583997 42.3524925881852994, -71.0678521573197060 42.3525738896085997, -71.0677290558509043 42.3526325130614012, -71.0676674563723054 42.3526823557018020, -71.0676144842034034 42.3528789053280974, -71.0676478615382052 42.3529434088603978)","{""name"": ""Boylston Street"", ""class"": ""primary"", ""names_lr"": [{""between"": [0.0, 1.0], ""value"": ""Boylston Street""}], ""subclass_lr"": [{""between"": [0.0, 1.0], ""value"": null}], ""level_lr"": [{""between"": [0.0, 1.0], ""value"": 0}], ""road_flags_lr"": [{""start"": 0.0, ""end"": 1.0, ""value"": []}]}","{""name"": ""BOYLSTON STREET"", ""class"": ""primary""}"
0a37db4e-ad3e-4136-8eef-23c464d782ae,us_boston_streets_2893,"LINESTRING (-71.0663528999999983 42.3642651999999984, -71.0662583000000012 42.3642471000000000, -71.0660110999999972 42.3641999999999967, -71.0659780000000012 42.3641973000000007, -71.0659548999999942 42.3641987999999969, -71.0659358000000054 42.3642028000000010, -71.0659162000000038 42.3642077000000015, -71.0659035999999986 42.3642187000000021, -71.0658906999999971 42.3642308000000014, -71.0658817000000056 42.3642431999999971, -71.0658748000000031 42.3642565000000033, -71.0658506999999986 42.3643196000000017, -71.0658444000000031 42.3643489000000031, -71.0658446000000055 42.3643642999999983, -71.0658487999999977 42.3643756999999965, -71.0658538999999934 42.3643859000000020, -71.0658600000000007 42.3643953999999994, -71.0658736999999974 42.3644046000000003, -71.0658925000000039 42.3644125000000003, -71.0659150999999980 42.3644180000000006, -71.0660898000000003 42.3644516000000024, -71.0661738000000014 42.3644688999999985, -71.0662176999999957 42.3644778000000031, -71.0662303000000009 42.3644796000000028, -71.0662410000000051 42.3644809999999978, -71.0662528999999950 42.3644796000000028, -71.0662647999999990 42.3644762999999998, -71.0662729000000013 42.3644722000000016, -71.0662846000000030 42.3644614000000033, -71.0662935000000004 42.3644462999999973)","LINESTRING (-71.0665719076241942 42.3634222347753990, -71.0665575368002038 42.3636645655164017, -71.0665067540331989 42.3638288911933003, -71.0663746321655054 42.3642564527790029)","{""name"": ""Hawthorne Place"", ""class"": ""residential"", ""names_lr"": [{""between"": [0.0, 1.0], ""value"": ""Hawthorne Place""}], ""subclass_lr"": [{""between"": [0.0, 1.0], ""value"": null}], ""level_lr"": [{""between"": [0.0, 1.0], ""value"": 0}], ""road_flags_lr"": [{""start"": 0.0, ""end"": 1.0, ""value"": []}]}","{""name"": ""HAWTHORNE PLACE"", ""class"": ""residential""}"
4c551cad-4f1f-4e91-b894-686cbb2d34bb,us_boston_streets_4676,"LINESTRING (-71.0523282999999992 42.3573097000000018, -71.0526250000000061 42.3574210000000022, -71.0526882000000057 42.3574447000000021)","LINESTRING (-71.0516035444667011 42.3571667085692027, -71.0516860369829004 42.3571577940859001, -71.0517788405846034 42.3571477646570997, -71.0518837448257017 42.3571615914115966, -71.0521337901605960 42.3572317960586986, -71.0522571623148025 42.3572766563114982, -71.0523377747986018 42.3573059685152984)","{""name"": ""Broad Street"", ""class"": ""secondary"", ""names_lr"": [{""between"": [0.0, 1.0], ""value"": ""Broad Street""}], ""subclass_lr"": [{""between"": [0.0, 1.0], ""value"": null}], ""level_lr"": [{""between"": [0.0, 1.0], ""value"": 0}], ""road_flags_lr"": [{""start"": 0.0, ""end"": 1.0, ""value"": []}]}","{""name"": ""BROAD STREET"", ""class"": ""tertiary""}"
698b97a5-3dfa-4d67-9c2d-a89b0d2f0dff,us_boston_streets_4511,"LINESTRING (-71.0682527000000022 42.3573749999999976, -71.0686874000000017 42.3572805000000017, -71.0691221000000013 42.3571858999999975)","LINESTRING (-71.0682729815735996 42.3573841511868991, -71.0679376289278935 42.3574479179626024)","{""name"": ""Chestnut Street"", ""class"": ""residential"", ""names_lr"": [{""between"": [0.0, 1.0], ""value"": ""Chestnut Street""}], ""subclass_lr"": [{""between"": [0.0, 1.0], ""value"": null}], ""level_lr"": [{""between"": [0.0, 1.0], ""value"": 0}], ""road_flags_lr"": [{""start"": 0.0, ""end"": 1.0, ""value"": []}]}","{""name"": ""CHESTNUT STREET"", ""class"": ""residential""}"
215c143a-f5d7-4e77-b075-2d24ae4d8190,us_boston_streets_5075,"LINESTRING (-71.0628423999999939 42.3596152000000004, -71.0628877000000045 42.3595285999999973, -71.0629210000000029 42.3594993999999971, -71.0629531999999955 42.3594847999999971, -71.0629686000000049 42.3594778000000005, -71.0630381999999940 42.3594646000000026)","LINESTRING (-71.0628969023802028 42.3590476688941990, -71.0628937485989951 42.3591933211973029, -71.0628877610409972 42.3593162114869983, -71.0628809949220965 42.3593657314510992, -71.0628613165970933 42.3594247310097032, -71.0628310488330044 42.3594876749972968)","{""name"": ""Derne Street"", ""class"": ""secondary"", ""names_lr"": [{""between"": [0.0, 1.0], ""value"": ""Derne Street""}], ""subclass_lr"": [{""between"": [0.0, 1.0], ""value"": null}], ""level_lr"": [{""between"": [0.0, 1.0], ""value"": 0}], ""road_flags_lr"": [{""start"": 0.0, ""end"": 1.0, ""value"": []}]}","{""name"": ""BOWDOIN STREET"", ""class"": ""tertiary""}"
ea9e0ad9-d8e3-414e-950d-602637da6b3e,us_boston_streets_7072,"LINESTRING (-71.0591486999999944 42.3544888999999998, -71.0590689999999938 42.3545099999999977, -71.0590432000000050 42.3545179999999988, -71.0590164000000044 42.3545277999999996, -71.0589922000000058 42.3545395000000013, -71.0589733999999993 42.3545493000000022, -71.0589547999999951 42.3545597000000029, -71.0589362999999992 42.3545713000000035, -71.0589219000000014 42.3545823999999982, -71.0589073999999954 42.3545945999999986, -71.0586688000000066 42.3548229000000021, -71.0584180999999973 42.3550638999999975, -71.0583424999999949 42.3551276000000030, -71.0581937999999980 42.3553023999999994, -71.0581312000000054 42.3553647999999967, -71.0581248999999957 42.3553702999999970, -71.0580755999999951 42.3554133000000022)","LINESTRING (-71.0583969438320935 42.3550797874214027, -71.0581459447469967 42.3553526685592985, -71.0580222159475028 42.3554984940609032)","{""name"": ""Arch Street"", ""class"": ""secondary"", ""names_lr"": [{""between"": [0.0, 1.0], ""value"": ""Arch Street""}], ""subclass_lr"": [{""between"": [0.0, 1.0], ""value"": null}], ""level_lr"": [{""between"": [0.0, 1.0], ""value"": 0}], ""road_flags_lr"": [{""start"": 0.0, ""end"": 1.0, ""value"": []}]}","{""name"": ""ARCH STREET"", ""class"": ""tertiary""}"
05ccb40d-5572-40de-89c8-4738d9dfc29a,us_boston_streets_2262,"LINESTRING (-71.0628638999999964 42.3613050000000015, -71.0630510999999956 42.3613021999999972, -71.0631604000000010 42.3612996999999964, -71.0633442999999971 42.3612960999999970, -71.0635594999999967 42.3612918999999977, -71.0635922000000022 42.3612915000000001, -71.0636451000000022 42.3612906999999979, -71.0637703999999957 42.3612875999999972)","LINESTRING (-71.0637559776220940 42.3612986338720034, -71.0638299082488061 42.3612932379426965, -71.0640458617337032 42.3612774760839983, -71.0643026711742039 42.3612587319918035, -71.0643941105768988 42.3612520578943972)","{""name"": ""Cambridge Street"", ""class"": ""primary"", ""names_lr"": [{""between"": [0.0, 1.0], ""value"": ""Cambridge Street""}], ""subclass_lr"": [{""between"": [0.0, 1.0], ""value"": null}], ""level_lr"": [{""between"": [0.0, 1.0], ""value"": 0}], ""road_flags_lr"": [{""start"": 0.0, ""end"": 1.0, ""value"": []}]}","{""name"": ""CAMBRIDGE STREET"", ""class"": ""tertiary""}"
261ebab5-7bae-461c-bf6b-6198b79215ea,us_boston_streets_8538,"LINESTRING (-71.0597996999999992 42.3630331000000027, -71.0600359999999966 42.3629777000000018, -71.0600928000000067 42.3629646999999991, -71.0605263000000065 42.3628429999999980)","LINESTRING (-71.0606438924916972 42.3631786441017013, -71.0599738180844014 42.3630057017279995)","{""name"": ""New Chardon Street"", ""class"": ""primary"", ""names_lr"": [{""between"": [0.0, 1.0], ""value"": ""New Chardon Street""}], ""subclass_lr"": [{""between"": [0.0, 1.0], ""value"": null}], ""level_lr"": [{""between"": [0.0, 1.0], ""value"": 0}], ""road_flags_lr"": [{""start"": 0.0, ""end"": 1.0, ""value"": []}]}","{""name"": ""MERRIMAC STREET"", ""class"": ""tertiary""}"
b31fdbd3-0165-4072-b384-3a7ba8e1c85e,us_boston_streets_6923,"LINESTRING (-71.0663293000000067 42.3612351000000018, -71.0666156000000058 42.3612340999999972, -71.0667145999999974 42.3612340999999972, -71.0667602000000045 42.3612356000000005, -71.0668522999999936 42.3612352999999970)","LINESTRING (-71.0669172238866054 42.3612372444834975, -71.0669648150028053 42.3612368790058014, -71.0669866281075997 42.3612367108529000, -71.0678730013371052 42.3612298965336009)","{""name"": ""Cambridge Street"", ""class"": ""primary"", ""names_lr"": [{""between"": [0.0, 1.0], ""value"": ""Cambridge Street""}], ""subclass_lr"": [{""between"": [0.0, 1.0], ""value"": null}], ""level_lr"": [{""between"": [0.0, 1.0], ""value"": 0}], ""road_flags_lr"": [{""start"": 0.0, ""end"": 1.0, ""value"": []}]}","{""name"": ""CAMBRIDGE STREET"", ""class"": ""tertiary""}"
32f8a658-9b4b-4733-b33f-67888fd7eac4,us_boston_streets_3217,"LINESTRING (-71.0700472999999988 42.3560561999999976, -71.0706329000000068 42.3559192999999965, -71.0712182000000041 42.3557837000000035, -71.0712513999999942 42.3557764000000034, -71.0713207999999952 42.3557597000000001)","LINESTRING (-71.0712968816015973 42.3557794408668968, -71.0713837304115970 42.3557544475170005, -71.0720407092948960 42.3555863971999003)","{""name"": ""Beacon Street"", ""class"": ""primary"", ""names_lr"": [{""between"": [0.0, 1.0], ""value"": ""Beacon Street""}], ""subclass_lr"": [{""between"": [0.0, 1.0], ""value"": null}], ""level_lr"": [{""between"": [0.0, 1.0], ""value"": 0}], ""road_flags_lr"": [{""start"": 0.0, ""end"": 1.0, ""value"": []}]}","{""name"": ""BEACON STREET"", ""class"": ""primary""}"
43c03d72-15e5-487e-8752-aa1df04eaa0d,us_boston_streets_8857,"LINESTRING (-71.0518715999999984 42.3668376999999978, -71.0520900000000069 42.3670120000000026, -71.0522069000000016 42.3670655999999966, -71.0523179999999996 42.3671140000000008, -71.0524364999999989 42.3671588999999997, -71.0525283000000059 42.3671955000000011)","LINESTRING (-71.0525078163076955 42.3671964081202006, -71.0528260293422989 42.3673152513783009, -71.0529606570391934 42.3673655300816989, -71.0529991816314066 42.3673799187779991, -71.0534007765436968 42.3675338401083010)","{""name"": ""Commercial Street"", ""class"": ""secondary"", ""names_lr"": [{""between"": [0.0, 1.0], ""value"": ""Commercial Street""}], ""subclass_lr"": [{""between"": [0.0, 1.0], ""value"": null}], ""level_lr"": [{""between"": [0.0, 1.0], ""value"": 0}], ""road_flags_lr"": [{""start"": 0.0, ""end"": 1.0, ""value"": []}]}","{""name"": ""COMMERCIAL STREET"", ""class"": ""tertiary""}"
1edd2261-aaaa-497e-b2f9-d3901c3dd382,us_boston_streets_343,"LINESTRING (-71.0536873000000071 42.3587290999999979, -71.0537997999999931 42.3588047000000003)","LINESTRING (-71.0538610742308947 42.3588101614915971, -71.0539289426193932 42.3588587181576983, -71.0539811979591036 42.3589233015323998, -71.0541615721354987 42.3592850256708999)","{""name"": ""India Street"", ""class"": ""secondary"", ""names_lr"": [{""between"": [0.0, 1.0], ""value"": ""India Street""}], ""subclass_lr"": [{""between"": [0.0, 1.0], ""value"": null}], ""level_lr"": [{""between"": [0.0, 1.0], ""value"": 0}], ""road_flags_lr"": [{""start"": 0.0, ""end"": 1.0, ""value"": []}]}","{""name"": ""INDIA STREET"", ""class"": ""tertiary""}"
39c3dd6b-5ad7-4d38-a86b-eaca1483a9f4,us_boston_streets_684,"LINESTRING (-71.0612603999999948 42.3519724000000011, -71.0612260999999990 42.3518163000000030, -71.0611717999999968 42.3515686000000002, -71.0611727000000002 42.3515447999999992, -71.0611863999999969 42.3514797999999999)","LINESTRING (-71.0614259146506981 42.3524923577443033, -71.0612811313135069 42.3521407816708972, -71.0612235672167998 42.3520009978877994)","{""name"": ""Harrison Avenue"", ""class"": ""secondary"", ""names_lr"": [{""between"": [0.0, 1.0], ""value"": ""Harrison Avenue""}], ""subclass_lr"": [{""between"": [0.0, 1.0], ""value"": null}], ""level_lr"": [{""between"": [0.0, 1.0], ""value"": 0}], ""road_flags_lr"": [{""start"": 0.0, ""end"": 1.0, ""value"": []}]}","{""name"": ""HARRISON AVENUE"", ""class"": ""tertiary""}"
96f30fe0-4a3c-4c2f-a9b9-9f240becc1aa,us_boston_streets_2155,"LINESTRING (-71.0606999999999971 42.3531531000000001, -71.0606353999999953 42.3532183000000018, -71.0603492999999986 42.3535527000000016, -71.0602959999999939 42.3536089999999987)","LINESTRING (-71.0611423704653049 42.3525168496904030, -71.0610838104989995 42.3527534758642972, -71.0610367980038973 42.3528268781654020, -71.0608337752496055 42.3530445606046015, -71.0607213093225027 42.3531683010843025)","{""name"": ""Chauncy Street"", ""class"": ""tertiary"", ""names_lr"": [{""between"": [0.0, 1.0], ""value"": ""Chauncy Street""}], ""subclass_lr"": [{""between"": [0.0, 1.0], ""value"": null}], ""level_lr"": [{""between"": [0.0, 1.0], ""value"": 0}], ""road_flags_lr"": [{""start"": 0.0, ""end"": 1.0, ""value"": []}]}","{""name"": ""CHAUNCY STREET"", ""class"": ""residential""}"
5c54bf88-e86a-4285-ac5e-203905fdb708,us_boston_streets_5460,"LINESTRING (-71.0539973000000060 42.3579750000000033, -71.0540204999999929 42.3580077000000017, -71.0540399000000065 42.3580351000000022, -71.0540488000000039 42.3580504999999974, -71.0540866000000051 42.3581154000000026, -71.0542135000000030 42.3583519000000024)","LINESTRING (-71.0533566108787937 42.3577224703701987, -71.0534423243233988 42.3577530971222984, -71.0539291852864068 42.3579270582982019, -71.0539400682452964 42.3579367849414012, -71.0539956953872007 42.3579865022920004)","{""name"": ""Broad Street"", ""class"": ""secondary"", ""names_lr"": [{""between"": [0.0, 1.0], ""value"": ""Broad Street""}], ""subclass_lr"": [{""between"": [0.0, 1.0], ""value"": null}], ""level_lr"": [{""between"": [0.0, 1.0], ""value"": 0}], ""road_flags_lr"": [{""start"": 0.0, ""end"": 1.0, ""value"": []}]}","{""name"": ""BROAD STREET"", ""class"": ""tertiary""}"
0bbc8b14-fa43-48ea-ae32-40b971829602,us_boston_streets_730,"LINESTRING (-71.0565291000000059 42.3555025000000001, -71.0566160000000053 42.3554956999999987, -71.0572384000000028 42.3554468999999969, -71.0573423000000020 42.3554387000000006)","LINESTRING (-71.0556858508362978 42.3556719027306983, -71.0558888692383022 42.3556135008631998, -71.0561283147634981 42.3555733504068002, -71.0565715066151995 42.3555375152963975)","{""name"": ""Franklin Street"", ""class"": ""secondary"", ""names_lr"": [{""between"": [0.0, 1.0], ""value"": ""Franklin Street""}], ""subclass_lr"": [{""between"": [0.0, 1.0], ""value"": null}], ""level_lr"": [{""between"": [0.0, 1.0], ""value"": 0}], ""road_flags_lr"": [{""start"": 0.0, ""end"": 1.0, ""value"": []}]}","{""name"": ""FRANKLIN STREET"", ""class"": ""tertiary""}"
7b76731a-25a7-4080-a9a0-a36560d20916,us_boston_streets_9780,"LINESTRING (-71.0571395000000052 42.3602380000000025, -71.0570569000000063 42.3602583999999993, -71.0569074999999941 42.3602941999999985, -71.0568796999999961 42.3603021999999996, -71.0568545999999941 42.3603108000000006, -71.0568281000000042 42.3603225000000023, -71.0568042000000020 42.3603341999999969, -71.0567721999999975 42.3603517999999966, -71.0567367000000019 42.3603767000000033)","LINESTRING (-71.0571766778317055 42.3603211700859035, -71.0572903668360993 42.3602591213061999)","{""name"": ""North Street"", ""class"": ""secondary"", ""names_lr"": [{""between"": [0.0, 1.0], ""value"": ""North Street""}], ""subclass_lr"": [{""between"": [0.0, 1.0], ""value"": null}], ""level_lr"": [{""between"": [0.0, 1.0], ""value"": 0}], ""road_flags_lr"": [{""start"": 0.0, ""end"": 1.0, ""value"": []}]}","{""name"": ""NORTH STREET"", ""class"": ""tertiary""}"
e555ca0c-c7ec-4d5e-aa35-31034630f1a4,us_boston_streets_3326,"LINESTRING (-71.0578304000000003 42.3588328000000018, -71.0579127000000028 42.3588448000000000, -71.0585932000000042 42.3589934000000028, -71.0586250000000064 42.3590002999999982)","LINESTRING (-71.0585936977471988 42.3589950741069003, -71.0589722375887050 42.3591134596996994)","{""name"": ""Court Street"", ""class"": ""primary"", ""names_lr"": [{""between"": [0.0, 1.0], ""value"": ""Court Street""}], ""subclass_lr"": [{""between"": [0.0, 1.0], ""value"": null}], ""level_lr"": [{""between"": [0.0, 1.0], ""value"": 0}], ""road_flags_lr"": [{""start"": 0.0, ""end"": 1.0, ""value"": []}]}","{""name"": ""COURT STREET"", ""class"": ""tertiary""}"
0243ff00-7016-4624-9762-271387dfa3ac,us_boston_streets_3931,"LINESTRING (-71.0610479000000055 42.3573718000000028, -71.0611339999999956 42.3572986000000000, -71.0612231000000065 42.3572228999999965, -71.0612624999999980 42.3571839000000026)","LINESTRING (-71.0610746318385935 42.3573746911671023, -71.0608302408710983 42.3576136820773002, -71.0606323579171004 42.3578138036396012, -71.0604419597601975 42.3580098922532002)","{""name"": ""Tremont Street"", ""class"": ""primary"", ""names_lr"": [{""between"": [0.0, 1.0], ""value"": ""Tremont Street""}], ""subclass_lr"": [{""between"": [0.0, 1.0], ""value"": null}], ""level_lr"": [{""between"": [0.0, 1.0], ""value"": 0}], ""road_flags_lr"": [{""start"": 0.0, ""end"": 1.0, ""value"": []}]}","{""name"": ""TREMONT STREET"", ""class"": ""tertiary""}"
16794a68-d5d4-4ab1-80cf-52286b43ecb6,us_boston_streets_5240,"LINESTRING (-71.0738439999999940 42.3528676999999973, -71.0737548000000032 42.3528917000000007, -71.0725058000000018 42.3532287000000025, -71.0716778000000033 42.3534521999999996, -71.0716309999999964 42.3534647999999976, -71.0716038000000054 42.3534720999999976, -71.0714947000000024 42.3535025999999988)","LINESTRING (-71.0716373747142995 42.3538394593803034, -71.0736496511766944 42.3533183361017009, -71.0740171427134015 42.3532231615854968)","{""name"": ""Commonwealth Avenue"", ""class"": ""primary"", ""names_lr"": [{""between"": [0.0, 1.0], ""value"": ""Commonwealth Avenue""}], ""subclass_lr"": [{""between"": [0.0, 1.0], ""value"": null}], ""level_lr"": [{""between"": [0.0, 1.0], ""value"": 0}], ""road_flags_lr"": [{""start"": 0.0, ""end"": 1.0, ""value"": []}]}","{""name"": ""COMMONWEALTH AVENUE"", ""class"": ""primary""}"
2c6feb55-b6b2-4bda-b8fa-90103209da56,us_boston_streets_891,"LINESTRING (-71.0539162999999974 42.3643220000000014, -71.0538834999999978 42.3643552999999997, -71.0537934999999976 42.3644455000000022, -71.0534860000000066 42.3647538999999966, -71.0534609999999986 42.3647789999999986)","LINESTRING (-71.0534611672869971 42.3647880078857000, -71.0532046638905967 42.3650749244365983)","{""name"": ""Hanover Street"", ""class"": ""secondary"", ""names_lr"": [{""between"": [0.0, 1.0], ""value"": ""Hanover Street""}], ""subclass_lr"": [{""between"": [0.0, 1.0], ""value"": null}], ""level_lr"": [{""between"": [0.0, 1.0], ""value"": 0}], ""road_flags_lr"": [{""start"": 0.0, ""end"": 1.0, ""value"": []}]}","{""name"": ""HANOVER STREET"", ""class"": ""tertiary""}"
bdb507dd-094e-43c9-b542-6d69b74a918c,us_boston_streets_6009,"LINESTRING (-71.0637873999999954 42.3533049999999989, -71.0636327999999935 42.3532934999999995, -71.0633660999999961 42.3532851000000008, -71.0631477999999959 42.3532778000000008)","LINESTRING (-71.0642356837398950 42.3534031446720007, -71.0639438224579010 42.3533545146463979, -71.0638358494619951 42.3533365242800031)","{""name"": ""Avery Street"", ""class"": ""unclassified"", ""names_lr"": [{""between"": [0.0, 1.0], ""value"": ""Avery Street""}], ""subclass_lr"": [{""between"": [0.0, 1.0], ""value"": null}], ""level_lr"": [{""between"": [0.0, 1.0], ""value"": 0}], ""road_flags_lr"": [{""start"": 0.0, ""end"": 1.0, ""value"": []}]}","{""name"": ""AVERY STREET"", ""class"": ""tertiary""}"
c1721d9f-9deb-47db-9df7-4988c3f1d04c,us_boston_streets_3509,"LINESTRING (-71.0673606000000007 42.3661742000000032, -71.0669400000000024 42.3660921000000030)","LINESTRING (-71.0672874747170056 42.3662460001100030, -71.0671139880604983 42.3662047604967000, -71.0668258915657987 42.3661438084648978, -71.0662145663072948 42.3660144737948983, -71.0661188167067053 42.3659942162625001)","{""class"": ""service"", ""subclass"": ""driveway"", ""names_lr"": [{""between"": [0.0, 1.0], ""value"": null}], ""subclass_lr"": [{""between"": [0.0, 1.0], ""value"": ""driveway""}], ""level_lr"": [{""between"": [0.0, 1.0], ""value"": 0}], ""road_flags_lr"": [{""start"": 0.0, ""end"": 1.0, ""value"": []}]}","{""name"": ""MARTHA ROAD"", ""class"": ""tertiary""}"
1621b8ad-aa29-4f36-aebb-6f46b1632705,us_boston_streets_3524,"LINESTRING (-71.0615075000000047 42.3053844000000012, -71.0614063999999956 42.3054091999999997, -71.0601752999999974 42.3057086999999967, -71.0589441000000051 42.3060080999999997, -71.0589123000000029 42.3060126000000025, -71.0588781999999952 42.3060131000000013, -71.0587952000000058 42.3060095000000018)","LINESTRING (-71.0615043008442058 42.3053788327104030, -71.0610152248430040 42.3055086325422991, -71.0604498502075046 42.3056550227074979, -71.0594524982860065 42.3058942827575990, -71.0589980975056932 42.3059955125655023, -71.0587915679869013 42.3060177899686991, -71.0582438196846056 42.3059717985503028, -71.0578761354461932 42.3059603586911024, -71.0576039771115973 42.3059518945372020)","{""name"": ""Linden Street"", ""class"": ""residential"", ""names_lr"": [{""between"": [0.0, 1.0], ""value"": ""Linden Street""}], ""subclass_lr"": [{""between"": [0.0, 1.0], ""value"": null}], ""level_lr"": [{""between"": [0.0, 1.0], ""value"": 0}], ""road_flags_lr"": [{""start"": 0.0, ""end"": 1.0, ""value"": []}]}","{""name"": ""LINDEN STREET"", ""class"": ""residential""}"
4707dc04-f9a2-4e72-81ba-78f8618198c8,us_boston_streets_1476,"LINESTRING (-71.0361580000000004 42.3477761999999984, -71.0361900999999989 42.3477827000000033, -71.0362233999999972 42.3477833000000032, -71.0362558000000064 42.3477778000000029, -71.0362855000000053 42.3477667000000011, -71.0363107000000014 42.3477505999999977, -71.0363296999999960 42.3477304000000032, -71.0363411000000013 42.3477146999999974, -71.0363480999999979 42.3476980000000012)","LINESTRING (-71.0360386891747027 42.3477498931786016, -71.0361487721232976 42.3478141231449996, -71.0362552057003001 42.3478175900376996, -71.0363352478863987 42.3477905789922033)","{""name"": ""Northern Avenue"", ""class"": ""secondary"", ""names_lr"": [{""between"": [0.0, 1.0], ""value"": ""Northern Avenue""}], ""subclass_lr"": [{""between"": [0.0, 1.0], ""value"": null}], ""level_lr"": [{""between"": [0.0, 1.0], ""value"": 0}], ""road_flags_lr"": [{""start"": 0.0, ""end"": 1.0, ""value"": []}]}","{""name"": ""NORTHERN AVENUE"", ""class"": ""tertiary""}"
1af82d85-44bf-4308-aff7-a0b8a0ebc7c3,us_boston_streets_8305,"LINESTRING (-71.1375663000000031 42.3564538999999982, -71.1378962000000001 42.3555372000000006)","LINESTRING (-71.1379212558214959 42.3555274140121014, -71.1377407408349995 42.3560833383644990, -71.1376165044004978 42.3565145221713024)","{""class"": ""footway"", ""subclass"": ""sidewalk"", ""names_lr"": [{""between"": [0.0, 1.0], ""value"": null}], ""subclass_lr"": [{""between"": [0.0, 1.0], ""value"": ""sidewalk""}], ""level_lr"": [{""between"": [0.0, 1.0], ""value"": 0}], ""road_flags_lr"": [{""start"": 0.0, ""end"": 1.0, ""value"": []}]}","{""name"": ""BLAINE STREET"", ""class"": ""residential""}"
8b23da18-4997-4667-801c-b374b433ddca,us_boston_streets_9101,"LINESTRING (-71.0568245000000047 42.3146589999999989, -71.0568032000000045 42.3147401000000016, -71.0567549999999954 42.3149230000000003)","LINESTRING (-71.0567557731092023 42.3149319312322021, -71.0566992879255963 42.3151764840536018, -71.0566647259285986 42.3154289945252984)","{""name"": ""Dorchester Avenue"", ""class"": ""primary"", ""names_lr"": [{""between"": [0.0, 1.0], ""value"": ""Dorchester Avenue""}], ""subclass_lr"": [{""between"": [0.0, 1.0], ""value"": null}], ""level_lr"": [{""between"": [0.0, 1.0], ""value"": 0}], ""road_flags_lr"": [{""start"": 0.0, ""end"": 1.0, ""value"": []}]}","{""name"": ""DORCHESTER AVENUE"", ""class"": ""tertiary""}"
7f221f12-52aa-4e60-b465-c92fbe4db861,us_boston_streets_8592,"LINESTRING (-71.0509172000000007 42.3552097999999972, -71.0508738000000051 42.3551988999999978, -71.0508406000000008 42.3551888000000005, -71.0508058000000062 42.3551767000000012, -71.0503705999999937 42.3549994999999981)","LINESTRING (-71.0510603900945057 42.3551400766618968, -71.0503987300483004 42.3548722108331006)","{""name"": ""Boston HarborWalk"", ""class"": ""footway"", ""names_lr"": [{""between"": [0.0, 1.0], ""value"": ""Boston HarborWalk""}], ""subclass_lr"": [{""between"": [0.0, 1.0], ""value"": null}], ""level_lr"": [{""between"": [0.0, 1.0], ""value"": 0}], ""road_flags_lr"": [{""start"": 0.0, ""end"": 1.0, ""value"": []}]}","{""name"": ""NORTHERN AVENUE"", ""class"": ""residential""}"
3931d67e-fc5d-4913-89a8-a2c1ede8b793,us_boston_streets_409,"LINESTRING (-71.0620480000000043 42.3105550000000008, -71.0619520000000051 42.3105639999999994, -71.0616428999999954 42.3105532000000011)","LINESTRING (-71.0609309251452999 42.3102968924794993, -71.0614699419478058 42.3104766527628016, -71.0617248175376943 42.3105642798619996)","{""name"": ""Hancock Street"", ""class"": ""secondary"", ""names_lr"": [{""between"": [0.0, 1.0], ""value"": ""Hancock Street""}], ""subclass_lr"": [{""between"": [0.0, 1.0], ""value"": null}], ""level_lr"": [{""between"": [0.0, 1.0], ""value"": 0}], ""road_flags_lr"": [{""start"": 0.0, ""end"": 1.0, ""value"": []}]}","{""name"": ""HANCOCK STREET"", ""class"": ""tertiary""}"
a139bacf-2ac0-48f8-a6cb-92532697e282,us_boston_streets_3916,"LINESTRING (-71.1643111000000061 42.2948943000000028, -71.1636620000000022 42.2953267999999980)","LINESTRING (-71.1649394142596066 42.2944907217314991, -71.1645139673317999 42.2948222510066998, -71.1644078428776936 42.2948996430789990, -71.1638756353514026 42.2952877542085020, -71.1636850498046982 42.2954244909951029)","{""class"": ""footway"", ""subclass"": ""sidewalk"", ""names_lr"": [{""between"": [0.0, 1.0], ""value"": null}], ""subclass_lr"": [{""between"": [0.0, 1.0], ""value"": ""sidewalk""}], ""level_lr"": [{""between"": [0.0, 1.0], ""value"": 0}], ""road_flags_lr"": [{""start"": 0.0, ""end"": 1.0, ""value"": []}]}","{""name"": ""LEDGEWOOD ROAD"", ""class"": ""residential""}"
5a85988b-dc29-4b0f-8d95-fab416464208,us_boston_streets_5890,"LINESTRING (-71.1644443999999936 42.2864588999999995, -71.1642470000000031 42.2862670000000023, -71.1639830000000018 42.2860179999999986)","LINESTRING (-71.1635128217825041 42.2856157900583014, -71.1639838899579047 42.2860262461757017)","{""name"": ""Lagrange Street"", ""class"": ""secondary"", ""names_lr"": [{""between"": [0.0, 1.0], ""value"": ""Lagrange Street""}], ""subclass_lr"": [{""between"": [0.0, 1.0], ""value"": null}], ""level_lr"": [{""between"": [0.0, 1.0], ""value"": 0}], ""road_flags_lr"": [{""start"": 0.0, ""end"": 1.0, ""value"": []}]}","{""name"": ""LAGRANGE STREET"", ""class"": ""tertiary""}"
5ca308f2-8aaa-4763-99fc-922bcb034159,us_boston_streets_2701,"LINESTRING (-71.0773276000000038 42.3502281000000025, -71.0773515000000060 42.3502214000000023, -71.0773616000000032 42.3502185999999980, -71.0774023000000028 42.3502070999999987, -71.0774738000000070 42.3501886000000027, -71.0775033999999977 42.3501812000000015, -71.0775321999999932 42.3501514000000014, -71.0776872999999938 42.3501108999999971, -71.0777123999999958 42.3501041999999970, -71.0777382999999929 42.3500972000000004, -71.0780438999999973 42.3500129999999970, -71.0781467000000049 42.3499851999999990, -71.0782818999999932 42.3499497000000034, -71.0788972000000001 42.3497848000000019, -71.0794704999999993 42.3496463000000034)","LINESTRING (-71.0773687979531985 42.3500839466165999, -71.0794878087879027 42.3495221800466979)","{""class"": ""footway"", ""names_lr"": [{""between"": [0.0, 1.0], ""value"": null}], ""subclass_lr"": [{""between"": [0.0, 0.011177976], ""value"": ""sidewalk""}, {""between"": [0.011177976, 0.067915474], ""value"": ""crosswalk""}, {""between"": [0.067915474, 0.174927377], ""value"": ""sidewalk""}, {""between"": [0.174927377, 0.198607733], ""value"": ""crosswalk""}, {""between"": [0.198607733, 1.0], ""value"": ""sidewalk""}], ""level_lr"": [{""between"": [0.0, 1.0], ""value"": 0}], ""road_flags_lr"": [{""start"": 0.0, ""end"": 1.0, ""value"": []}]}","{""name"": ""BOYLSTON STREET"", ""class"": ""tertiary""}"
817ef25b-a61f-4dc0-80f9-b3bde10f2678,us_boston_streets_7581,"LINESTRING (-71.0873059000000040 42.2966307000000015, -71.0870263000000051 42.2975194999999999, -71.0869741000000062 42.2976911000000015)","LINESTRING (-71.0870251961382991 42.2981566267897975, -71.0871483010028982 42.2976984712176005, -71.0871549777075984 42.2976736225938978, -71.0874448270527068 42.2967358694104973, -71.0875291882660036 42.2964629264003023)","{""name"": ""Blue Hill Avenue"", ""class"": ""primary"", ""names_lr"": [{""between"": [0.0, 1.0], ""value"": ""Blue Hill Avenue""}], ""subclass_lr"": [{""between"": [0.0, 1.0], ""value"": null}], ""level_lr"": [{""between"": [0.0, 1.0], ""value"": 0}], ""road_flags_lr"": [{""start"": 0.0, ""end"": 1.0, ""value"": []}]}","{""name"": ""BLUE HILL AVENUE"", ""class"": ""primary""}"
98224be1-c998-451f-bfcb-ebda329c4982,us_boston_streets_346,"LINESTRING (-71.1402472000000046 42.2907492000000005, -71.1396868000000069 42.2911982999999978)","LINESTRING (-71.1397463708681954 42.2913078923605994, -71.1403827943502023 42.2907742080219009)","{""class"": ""footway"", ""subclass"": ""sidewalk"", ""names_lr"": [{""between"": [0.0, 1.0], ""value"": null}], ""subclass_lr"": [{""between"": [0.0, 1.0], ""value"": ""sidewalk""}], ""level_lr"": [{""between"": [0.0, 1.0], ""value"": 0}], ""road_flags_lr"": [{""start"": 0.0, ""end"": 1.0, ""value"": []}]}","{""name"": ""CENTRE STREET"", ""class"": ""tertiary""}"
91e2abb0-a126-4d59-86bf-98fe367f868c,us_boston_streets_5501,"LINESTRING (-71.0755269999999939 42.3080369999999988, -71.0756889999999970 42.3078999999999965, -71.0758368000000047 42.3077731999999997, -71.0760135000000020 42.3076215999999974, -71.0760273000000069 42.3076098000000016, -71.0760760000000005 42.3075680000000034)","LINESTRING (-71.0760767194989000 42.3075767950225980, -71.0762773081669934 42.3073952232441997, -71.0766371844025997 42.3070853826729021)","{""name"": ""Columbia Road"", ""class"": ""primary"", ""names_lr"": [{""between"": [0.0, 1.0], ""value"": ""Columbia Road""}], ""subclass_lr"": [{""between"": [0.0, 1.0], ""value"": null}], ""level_lr"": [{""between"": [0.0, 1.0], ""value"": 0}], ""road_flags_lr"": [{""start"": 0.0, ""end"": 1.0, ""value"": []}]}","{""name"": ""COLUMBIA ROAD"", ""class"": ""tertiary""}"
ba99a3cb-1e7d-4b22-baeb-2c5a8256fd29,us_boston_streets_5261,"LINESTRING (-71.0606245999999970 42.3783093999999991, -71.0602360999999974 42.3781798999999992, -71.0599906000000061 42.3780967000000004, -71.0598650999999961 42.3780519000000027)","LINESTRING (-71.0598670928857956 42.3780628704161018, -71.0594984370032989 42.3779415718218004, -71.0590781205142008 42.3778032683945014)","{""name"": ""Bunker Hill Street"", ""class"": ""secondary"", ""names_lr"": [{""between"": [0.0, 1.0], ""value"": ""Bunker Hill Street""}], ""subclass_lr"": [{""between"": [0.0, 1.0], ""value"": null}], ""level_lr"": [{""between"": [0.0, 1.0], ""value"": 0}], ""road_flags_lr"": [{""start"": 0.0, ""end"": 1.0, ""value"": []}]}","{""name"": ""BUNKER HILL STREET"", ""class"": ""tertiary""}"
78959f7c-19ee-4726-aa46-5638b42f3352,us_boston_streets_391,"LINESTRING (-71.0705714999999998 42.3445455999999965, -71.0704991000000064 42.3445924999999974, -71.0704489999999964 42.3446360000000013, -71.0703220000000044 42.3447510000000023, -71.0701947000000018 42.3448873999999975)","LINESTRING (-71.0710760143225002 42.3442671766497014, -71.0708393135228960 42.3444042416983990, -71.0707260119364008 42.3444629400838011, -71.0705889231812051 42.3445393654199975)","{""name"": ""Tremont Street"", ""class"": ""primary"", ""names_lr"": [{""between"": [0.0, 1.0], ""value"": ""Tremont Street""}], ""subclass_lr"": [{""between"": [0.0, 1.0], ""value"": null}], ""level_lr"": [{""between"": [0.0, 1.0], ""value"": 0}], ""road_flags_lr"": [{""start"": 0.0, ""end"": 1.0, ""value"": []}]}","{""name"": ""TREMONT STREET"", ""class"": ""tertiary""}"
5ec7fbb1-0cb7-4194-b977-e57e1cf03047,us_boston_streets_10004,"LINESTRING (-71.1163770000000000 42.2788589999999971, -71.1163176000000021 42.2789162999999988, -71.1162822000000006 42.2789505000000005, -71.1160579999999953 42.2791670000000011, -71.1157829999999933 42.2794030000000021)","LINESTRING (-71.1163780330106050 42.2788677161298025, -71.1160582972103015 42.2791761242311992, -71.1157839045701934 42.2794115380107982, -71.1156649232652001 42.2795394331105996, -71.1153155329384958 42.2798950102960021, -71.1151835316024972 42.2800138771632987, -71.1150696301749008 42.2801164451340981, -71.1144697211148014 42.2806405493657991, -71.1141944514203033 42.2808618882472018, -71.1140271799619939 42.2810177511839029, -71.1139336222914977 42.2811378522500974, -71.1138518332772946 42.2812231069752968, -71.1137816640067939 42.2813596045240985, -71.1136090114165995 42.2815902900057026)","{""name"": ""Canterbury Street"", ""class"": ""residential"", ""names_lr"": [{""between"": [0.0, 1.0], ""value"": ""Canterbury Street""}], ""subclass_lr"": [{""between"": [0.0, 1.0], ""value"": null}], ""level_lr"": [{""between"": [0.0, 1.0], ""value"": 0}], ""road_flags_lr"": [{""start"": 0.0, ""end"": 1.0, ""value"": []}]}","{""name"": ""CANTERBURY STREET"", ""class"": ""residential""}"
5f782fb7-f020-4897-bdd2-c5f94a72a2f1,us_boston_streets_3549,"LINESTRING (-71.0588137999999958 42.3648413000000019, -71.0585327999999947 42.3645958999999976)","LINESTRING (-71.0584541431334031 42.3642194002735977, -71.0584897755510951 42.3643389820851013, -71.0585105323811064 42.3644134310843015, -71.0585495665140030 42.3644811926566973, -71.0585977587233941 42.3645422272860017, -71.0586339105265949 42.3645874381165015, -71.0588453473368986 42.3647730526165986, -71.0589700892365954 42.3649096214597023)","{""class"": ""footway"", ""subclass"": ""sidewalk"", ""names_lr"": [{""between"": [0.0, 1.0], ""value"": null}], ""subclass_lr"": [{""between"": [0.0, 1.0], ""value"": ""sidewalk""}], ""level_lr"": [{""between"": [0.0, 1.0], ""value"": 0}], ""road_flags_lr"": [{""start"": 0.0, ""end"": 1.0, ""value"": []}]}","{""name"": ""BEVERLY STREET"", ""class"": ""residential""}"
749f24d8-bed2-4099-923e-bf1ccab74fb6,us_boston_streets_4657,"LINESTRING (-71.0900304999999975 42.3431781999999970, -71.0900204000000002 42.3432170000000028, -71.0900120000000015 42.3432494999999989, -71.0900081000000057 42.3432644999999965, -71.0898533999999955 42.3438609000000028)","LINESTRING (-71.0901823847134011 42.3432293957500008, -71.0901287527828032 42.3433824514047004, -71.0899659276323064 42.3439287973940992)","{""class"": ""footway"", ""names_lr"": [{""between"": [0.0, 1.0], ""value"": null}], ""subclass_lr"": [{""between"": [0.0, 0.104498834], ""value"": ""crosswalk""}, {""between"": [0.104498834, 1.0], ""value"": ""sidewalk""}], ""level_lr"": [{""between"": [0.0, 1.0], ""value"": 0}], ""road_flags_lr"": [{""start"": 0.0, ""end"": 1.0, ""value"": []}]}","{""name"": ""HEMENWAY STREET"", ""class"": ""tertiary""}"
46ee6f31-bc79-4a81-ab1a-155233368163,us_boston_streets_3101,"LINESTRING (-71.0995872000000020 42.3431035999999992, -71.0995632000000057 42.3430553999999972, -71.0993797999999941 42.3426862999999969, -71.0992064999999940 42.3423243000000014, -71.0991810000000015 42.3422711999999990)","LINESTRING (-71.0984048627045979 42.3407848938506035, -71.0985081193535962 42.3409175884225988, -71.0987945270066035 42.3414432136349035, -71.0989865419647060 42.3418398625519004, -71.0991880416948021 42.3422687683179007, -71.0993344387097039 42.3425961934458996, -71.0993733144441933 42.3426906713898035, -71.0995215626035986 42.3430509309300973, -71.0995550760822965 42.3431191349170035, -71.0996134032601930 42.3432211799400022, -71.0997722355098034 42.3435451491961032, -71.1000037406712977 42.3439806848895017, -71.1002594108710042 42.3444786339537984, -71.1002976171642018 42.3445311718368984, -71.1003390135411024 42.3445861047663996, -71.1003932684540985 42.3446386938965986, -71.1004347642024044 42.3446769537393024, -71.1004987465903042 42.3447152871969976)","{""name"": ""Kilmarnock Street"", ""class"": ""residential"", ""names_lr"": [{""between"": [0.0, 1.0], ""value"": ""Kilmarnock Street""}], ""subclass_lr"": [{""between"": [0.0, 1.0], ""value"": null}], ""level_lr"": [{""between"": [0.0, 1.0], ""value"": 0}], ""road_flags_lr"": [{""start"": 0.0, ""end"": 1.0, ""value"": []}]}","{""name"": ""KILMARNOCK STREET"", ""class"": ""residential""}"
215d3e8e-86b3-4c51-89f2-aea6c41e27fe,us_boston_streets_4219,"LINESTRING (-71.0621720000000039 42.3107759999999971, -71.0622269999999929 42.3108330000000024, -71.0622939999999943 42.3108999999999966, -71.0623230000000063 42.3109304999999978, -71.0623970000000043 42.3110029999999995, -71.0625110000000006 42.3111040000000003)","LINESTRING (-71.0625111008467059 42.3111122697048998, -71.0626467271557942 42.3112332154423996)","{""name"": ""Hancock Street"", ""class"": ""secondary"", ""names_lr"": [{""between"": [0.0, 1.0], ""value"": ""Hancock Street""}], ""subclass_lr"": [{""between"": [0.0, 1.0], ""value"": null}], ""level_lr"": [{""between"": [0.0, 1.0], ""value"": 0}], ""road_flags_lr"": [{""start"": 0.0, ""end"": 1.0, ""value"": []}]}","{""name"": ""HANCOCK STREET"", ""class"": ""tertiary""}"
cb36f4b9-167e-4131-912e-27d492700cbf,us_boston_streets_6269,"LINESTRING (-71.0615013000000033 42.3154206999999971, -71.0610580000000027 42.3152090000000030, -71.0608955999999949 42.3151305000000022)","LINESTRING (-71.0614802782072985 42.3154148339855993, -71.0619365994433991 42.3156467149632007)","{""name"": ""Stoughton Street"", ""class"": ""secondary"", ""names_lr"": [{""between"": [0.0, 1.0], ""value"": ""Stoughton Street""}], ""subclass_lr"": [{""between"": [0.0, 1.0], ""value"": null}], ""level_lr"": [{""between"": [0.0, 1.0], ""value"": 0}], ""road_flags_lr"": [{""start"": 0.0, ""end"": 1.0, ""value"": []}]}","{""name"": ""STOUGHTON STREET"", ""class"": ""tertiary""}"
27ac3e11-cb6b-4ac7-9e4d-ea12ca97dd37,us_boston_streets_2021,"LINESTRING (-71.0945281000000051 42.3130465999999998, -71.0946176000000065 42.3130822999999978, -71.0947060999999962 42.3131298999999999, -71.0947663000000034 42.3131640000000004, -71.0948302999999981 42.3132041000000001, -71.0948814999999996 42.3132374999999996, -71.0949315999999953 42.3132774999999981, -71.0949825999999945 42.3133209000000008, -71.0950540999999987 42.3133912999999993)","LINESTRING (-71.0934831395695994 42.3121918251503004, -71.0935608710184965 42.3123952244066999, -71.0936825078879053 42.3125790902262011, -71.0938446154852954 42.3127467855485975, -71.0939767780372023 42.3128254704327986, -71.0942666819672979 42.3129564702952976, -71.0944568093313052 42.3130415451960005, -71.0946333067953020 42.3131243200583000, -71.0947326438132023 42.3131786882687990)","{""name"": ""Seaver Street"", ""class"": ""primary"", ""names_lr"": [{""between"": [0.0, 1.0], ""value"": ""Seaver Street""}], ""subclass_lr"": [{""between"": [0.0, 1.0], ""value"": null}], ""level_lr"": [{""between"": [0.0, 1.0], ""value"": 0}], ""road_flags_lr"": [{""start"": 0.0, ""end"": 1.0, ""value"": []}]}","{""name"": ""SEAVER STREET"", ""class"": ""primary""}"
bccae33b-5828-484b-b319-820b77fd021c,us_boston_streets_1303,"LINESTRING (-71.1504427999999933 42.3490627999999987, -71.1506411999999955 42.3490601000000026)","LINESTRING (-71.1506613850927039 42.3489473392294968, -71.1503700910656960 42.3489786446102983)","{""name"": ""Cambridge Street"", ""class"": ""primary"", ""names_lr"": [{""between"": [0.0, 1.0], ""value"": ""Cambridge Street""}], ""subclass_lr"": [{""between"": [0.0, 1.0], ""value"": null}], ""level_lr"": [{""between"": [0.0, 1.0], ""value"": 0}], ""road_flags_lr"": [{""start"": 0.0, ""end"": 1.0, ""value"": []}]}","{""name"": ""WASHINGTON STREET"", ""class"": ""tertiary""}"
c299333f-32b4-4f79-b66f-2a483ba38280,us_boston_streets_9280,"LINESTRING (-71.0599689999999953 42.3779982000000004, -71.0599013000000070 42.3779826999999969, -71.0598298000000028 42.3779662999999971)","LINESTRING (-71.0602387816608996 42.3781809257778974, -71.0598670928857956 42.3780628704161018)","{""class"": ""footway"", ""subclass"": ""crosswalk"", ""names_lr"": [{""between"": [0.0, 1.0], ""value"": null}], ""subclass_lr"": [{""between"": [0.0, 1.0], ""value"": ""crosswalk""}], ""level_lr"": [{""between"": [0.0, 1.0], ""value"": 0}], ""road_flags_lr"": [{""start"": 0.0, ""end"": 1.0, ""value"": []}]}","{""name"": ""BUNKER HILL STREET"", ""class"": ""tertiary""}"
c4fb2d95-cbad-48bf-8f7c-c7ebe239121c,us_boston_streets_6587,"LINESTRING (-71.1026739999999933 42.3141740000000013, -71.1026140999999967 42.3141545000000008, -71.1020622000000060 42.3139746000000017)","LINESTRING (-71.1020696772241934 42.3139881452518978, -71.1016310692456983 42.3138414536919001, -71.1013752726823043 42.3137691047288982)","{""name"": ""Germania Street"", ""class"": ""residential"", ""names_lr"": [{""between"": [0.0, 1.0], ""value"": ""Germania Street""}], ""subclass_lr"": [{""between"": [0.0, 1.0], ""value"": null}], ""level_lr"": [{""between"": [0.0, 1.0], ""value"": 0}], ""road_flags_lr"": [{""start"": 0.0, ""end"": 1.0, ""value"": []}]}","{""name"": ""GERMANIA STREET"", ""class"": ""residential""}"
90336280-bb45-4efa-835f-af06e8879d96,us_boston_streets_4001,"LINESTRING (-71.0631453999999962 42.3191835000000012, -71.0635067999999990 42.3186905000000024, -71.0635295999999954 42.3186594000000014, -71.0635647000000006 42.3186115000000029)","LINESTRING (-71.0635722656175943 42.3186261712813021, -71.0638293686923959 42.3182611958159001, -71.0639786542890022 42.3180492729411029)","{""name"": ""Columbia Road"", ""class"": ""primary"", ""names_lr"": [{""between"": [0.0, 1.0], ""value"": ""Columbia Road""}], ""subclass_lr"": [{""between"": [0.0, 1.0], ""value"": null}], ""level_lr"": [{""between"": [0.0, 1.0], ""value"": 0}], ""road_flags_lr"": [{""start"": 0.0, ""end"": 1.0, ""value"": []}]}","{""name"": ""COLUMBIA ROAD"", ""class"": ""tertiary""}"
dacac891-555b-46c2-a2f0-bc5c91f70dda,us_boston_streets_8577,"LINESTRING (-71.0985751999999991 42.3226131999999993, -71.0984681999999992 42.3225772999999990, -71.0983712000000025 42.3225428000000008)","LINESTRING (-71.0994074310444972 42.3227271061338968, -71.0987627339439996 42.3226504425769008, -71.0985355023924939 42.3226125137281031)","{""name"": ""Centre Street"", ""class"": ""tertiary"", ""names_lr"": [{""between"": [0.0, 1.0], ""value"": ""Centre Street""}], ""subclass_lr"": [{""between"": [0.0, 1.0], ""value"": null}], ""level_lr"": [{""between"": [0.0, 1.0], ""value"": 0}], ""road_flags_lr"": [{""start"": 0.0, ""end"": 1.0, ""value"": []}]}","{""name"": ""RITCHIE STREET"", ""class"": ""tertiary""}"
09491297-421e-4ed3-9229-21c8cfebdae3,us_boston_streets_4497,"LINESTRING (-71.0874455999999952 42.3270780000000002, -71.0878036999999949 42.3262513999999967, -71.0878206000000006 42.3262046999999981, -71.0878431000000006 42.3261515000000017)","LINESTRING (-71.0876956385092029 42.3261922052989021, -71.0873927422807981 42.3268837815160026, -71.0872629283776973 42.3271680357115017)","{""class"": ""footway"", ""names_lr"": [{""between"": [0.0, 1.0], ""value"": null}], ""subclass_lr"": [{""between"": [0.0, 0.892965097], ""value"": ""sidewalk""}, {""between"": [0.892965097, 1.0], ""value"": ""crosswalk""}], ""level_lr"": [{""between"": [0.0, 1.0], ""value"": 0}], ""road_flags_lr"": [{""start"": 0.0, ""end"": 1.0, ""value"": []}]}","{""name"": ""WASHINGTON STREET"", ""class"": ""tertiary""}"
4c5f1724-bf36-4810-9387-f9862bb08546,us_boston_streets_391,"LINESTRING (-71.0710153999999932 42.3441626999999983, -71.0709947999999940 42.3441766999999984, -71.0709599999999995 42.3441935000000029, -71.0709324000000038 42.3442075000000031, -71.0708967999999999 42.3442269000000024, -71.0706658000000004 42.3443524999999994, -71.0705403000000047 42.3444197999999972, -71.0705243000000024 42.3444283999999982)","LINESTRING (-71.0710760143225002 42.3442671766497014, -71.0708393135228960 42.3444042416983990, -71.0707260119364008 42.3444629400838011, -71.0705889231812051 42.3445393654199975)","{""class"": ""footway"", ""names_lr"": [{""between"": [0.0, 1.0], ""value"": null}], ""subclass_lr"": [{""between"": [0.0, 0.045901016], ""value"": ""sidewalk""}, {""between"": [0.045901016, 0.169235051], ""value"": ""crosswalk""}, {""between"": [0.169235051, 1.0], ""value"": ""sidewalk""}], ""level_lr"": [{""between"": [0.0, 1.0], ""value"": 0}], ""road_flags_lr"": [{""start"": 0.0, ""end"": 1.0, ""value"": []}]}","{""name"": ""TREMONT STREET"", ""class"": ""tertiary""}"
3d8891c2-7716-44a5-bfe6-5828050b6bc8,us_boston_streets_6761,"LINESTRING (-71.0778270999999933 42.3183122000000012, -71.0777784999999938 42.3186028000000007, -71.0777589000000063 42.3187505000000002, -71.0777539999999988 42.3188685000000007)","LINESTRING (-71.0777490662948992 42.3188499403844034, -71.0777487456052057 42.3188980159929997, -71.0777512077456066 42.3190679507857013)","{""name"": ""Blue Hill Avenue"", ""class"": ""secondary"", ""names_lr"": [{""between"": [0.0, 1.0], ""value"": ""Blue Hill Avenue""}], ""subclass_lr"": [{""between"": [0.0, 1.0], ""value"": null}], ""level_lr"": [{""between"": [0.0, 1.0], ""value"": 0}], ""road_flags_lr"": [{""start"": 0.0, ""end"": 1.0, ""value"": []}]}","{""name"": ""BLUE HILL AVENUE"", ""class"": ""tertiary""}"
7e6d5c32-e928-48a0-bb0d-51b697080875,us_boston_streets_6007,"LINESTRING (-71.0581372000000044 42.3524253000000002, -71.0582394000000050 42.3523786000000015, -71.0583402000000035 42.3523325000000028, -71.0584297000000049 42.3522916000000009)","LINESTRING (-71.0586360460645068 42.3524327727029970, -71.0585869349856978 42.3524269915847995, -71.0584887128613047 42.3524154283851004, -71.0581507157465069 42.3523756381983034, -71.0580091604263941 42.3523589735787027)","{""class"": ""footway"", ""subclass"": ""crosswalk"", ""names_lr"": [{""between"": [0.0, 1.0], ""value"": null}], ""subclass_lr"": [{""between"": [0.0, 1.0], ""value"": ""crosswalk""}], ""level_lr"": [{""between"": [0.0, 1.0], ""value"": 0}], ""road_flags_lr"": [{""start"": 0.0, ""end"": 1.0, ""value"": []}]}","{""name"": ""ESSEX STREET"", ""class"": ""tertiary""}"
1909e400-d1f1-464e-8d6b-e64a0e1501a0,us_boston_streets_2921,"LINESTRING (-71.1507261000000000 42.2821621000000007, -71.1506739000000010 42.2821318000000019, -71.1505856999999935 42.2820804999999993, -71.1505554999999958 42.2820630000000008, -71.1505173000000042 42.2820904000000013, -71.1504630000000020 42.2821294000000023)","LINESTRING (-71.1506446660091001 42.2821700353891998, -71.1503512176493018 42.2820067948707035, -71.1501270444252043 42.2818474378482989)","{""class"": ""footway"", ""subclass"": ""crosswalk"", ""names_lr"": [{""between"": [0.0, 1.0], ""value"": null}], ""subclass_lr"": [{""between"": [0.0, 1.0], ""value"": ""crosswalk""}], ""level_lr"": [{""between"": [0.0, 1.0], ""value"": 0}], ""road_flags_lr"": [{""start"": 0.0, ""end"": 1.0, ""value"": []}]}","{""name"": ""PARK STREET"", ""class"": ""residential""}"
3c5415cb-1ae8-4ad9-a962-087255661fb3,us_boston_streets_4801,"LINESTRING (-71.0995572000000067 42.3356034999999977, -71.0997626000000054 42.3354398999999972, -71.0998199999999940 42.3353815999999981)","LINESTRING (-71.0995469500076069 42.3356030394873031, -71.0992762961311939 42.3360071707027004)","{""name"": ""Saint Alphonsus Street"", ""class"": ""secondary"", ""names_lr"": [{""between"": [0.0, 1.0], ""value"": ""Saint Alphonsus Street""}], ""subclass_lr"": [{""between"": [0.0, 1.0], ""value"": null}], ""level_lr"": [{""between"": [0.0, 1.0], ""value"": 0}], ""road_flags_lr"": [{""start"": 0.0, ""end"": 1.0, ""value"": []}]}","{""name"": ""SAINT ALPHONSUS STREET"", ""class"": ""tertiary""}"
c79d8cf1-6ad7-48c7-aa6b-b2c7a6578318,us_boston_streets_2077,"LINESTRING (-71.1391100000000023 42.2936929999999975, -71.1387480000000068 42.2937510000000003)","LINESTRING (-71.1399232749333947 42.2936182749359020, -71.1393539869129938 42.2936699463450978, -71.1391103388434942 42.2937018152911008)","{""name"": ""Weld Street"", ""class"": ""tertiary"", ""names_lr"": [{""between"": [0.0, 1.0], ""value"": ""Weld Street""}], ""subclass_lr"": [{""between"": [0.0, 1.0], ""value"": null}], ""level_lr"": [{""between"": [0.0, 1.0], ""value"": 0}], ""road_flags_lr"": [{""start"": 0.0, ""end"": 1.0, ""value"": []}]}","{""name"": ""WELD STREET"", ""class"": ""residential""}"
d98a1623-d854-4c22-81ba-3ec8aef5e300,us_boston_streets_4342,"LINESTRING (-71.0641619999999961 42.3477651999999978, -71.0636348999999967 42.3476827000000000, -71.0634342000000032 42.3475642000000008, -71.0634067999999957 42.3475480000000033, -71.0633741999999984 42.3475287999999992, -71.0631736999999930 42.3474104000000011, -71.0629461000000049 42.3472632000000004, -71.0629880000000043 42.3471923999999973, -71.0630134999999967 42.3471686000000034)","LINESTRING (-71.0634742001863060 42.3476225446654979, -71.0630606712242070 42.3473498472708982, -71.0629678818831962 42.3472763467515989, -71.0628903690216021 42.3472411630715015)","{""class"": ""footway"", ""names_lr"": [{""between"": [0.0, 1.0], ""value"": null}], ""subclass_lr"": [{""between"": [0.0, 0.504755807], ""value"": ""sidewalk""}, {""between"": [0.504755807, 0.553444096], ""value"": ""crosswalk""}, {""between"": [0.553444096, 1.0], ""value"": ""sidewalk""}], ""level_lr"": [{""between"": [0.0, 1.0], ""value"": 0}], ""road_flags_lr"": [{""start"": 0.0, ""end"": 1.0, ""value"": []}]}","{""name"": ""PINE STREET"", ""class"": ""residential""}"
218a329c-2a5d-49fb-983c-4b9bf5399a0d,us_boston_streets_1359,"LINESTRING (-71.0601603000000068 42.3536317000000011, -71.0601515000000035 42.3536269000000019, -71.0598241999999942 42.3534482999999966, -71.0597407000000061 42.3534166000000027, -71.0596562000000063 42.3533930999999981, -71.0595562000000029 42.3533832999999973, -71.0594825999999955 42.3533801000000025, -71.0594205999999957 42.3533772999999982)","LINESTRING (-71.0602965614325939 42.3536173809267993, -71.0598385659799021 42.3533751420002034, -71.0597160923370978 42.3533426002615982, -71.0595690167034064 42.3533285362889984, -71.0594181380286045 42.3533242797407965, -71.0589614837569030 42.3533121390066967, -71.0585377074030049 42.3532888582273017)","{""class"": ""footway"", ""subclass"": ""sidewalk"", ""names_lr"": [{""between"": [0.0, 1.0], ""value"": null}], ""subclass_lr"": [{""between"": [0.0, 1.0], ""value"": ""sidewalk""}], ""level_lr"": [{""between"": [0.0, 1.0], ""value"": 0}], ""road_flags_lr"": [{""start"": 0.0, ""end"": 1.0, ""value"": []}]}","{""name"": ""BEDFORD STREET"", ""class"": ""residential""}"
7b7715d0-aaee-4a90-ab2b-8dcd2d3d1b47,us_boston_streets_8269,"LINESTRING (-71.0646880999999979 42.3467154000000008, -71.0657453000000032 42.3469448000000028)","LINESTRING (-71.0658989607691041 42.3468778174481031, -71.0650915460403070 42.3467181496601981)","{""class"": ""footway"", ""subclass"": ""sidewalk"", ""names_lr"": [{""between"": [0.0, 1.0], ""value"": null}], ""subclass_lr"": [{""between"": [0.0, 1.0], ""value"": ""sidewalk""}], ""level_lr"": [{""between"": [0.0, 1.0], ""value"": 0}], ""road_flags_lr"": [{""start"": 0.0, ""end"": 1.0, ""value"": []}]}","{""name"": ""HERALD STREET"", ""class"": ""tertiary""}"
794c7508-4404-47b8-b684-e903955e2c39,us_boston_streets_240,"LINESTRING (-71.1523640000000057 42.3385589000000024, -71.1523274999999984 42.3385383999999974, -71.1522820999999936 42.3385206999999966, -71.1521795000000026 42.3384925000000010, -71.1520165999999961 42.3384669000000002, -71.1519054999999980 42.3384575999999981, -71.1517604999999946 42.3384545999999986, -71.1516328000000016 42.3384537000000023, -71.1515038999999945 42.3384524000000013, -71.1514430000000004 42.3384501000000029, -71.1513563999999974 42.3384461999999999, -71.1512256999999977 42.3384337999999971, -71.1510837000000009 42.3384148999999965, -71.1509875999999934 42.3383990000000026, -71.1508891000000006 42.3383782000000011, -71.1508263999999997 42.3383609999999990, -71.1507936000000001 42.3383534999999966, -71.1507691999999992 42.3383509000000018, -71.1507476999999966 42.3383522000000028, -71.1507285999999937 42.3383583999999971, -71.1507119000000046 42.3383672000000004, -71.1506992999999994 42.3383800000000008, -71.1506868000000026 42.3384046999999981, -71.1505166999999972 42.3386999000000017, -71.1504469000000057 42.3388070999999968, -71.1503722000000067 42.3389323999999974)","LINESTRING (-71.1525450152988981 42.3385908382385026, -71.1524535394639059 42.3385659217089980, -71.1520875969486042 42.3384662277326029, -71.1518850935497937 42.3384324165542978, -71.1517124289533029 42.3384206372885004, -71.1513745491927949 42.3384196132249997, -71.1511194696271048 42.3383963367042995, -71.1507522552585954 42.3383170072736021, -71.1506923373320035 42.3382830652578974)","{""class"": ""footway"", ""subclass"": ""sidewalk"", ""names_lr"": [{""between"": [0.0, 1.0], ""value"": null}], ""subclass_lr"": [{""between"": [0.0, 1.0], ""value"": ""sidewalk""}], ""level_lr"": [{""between"": [0.0, 1.0], ""value"": 0}], ""road_flags_lr"": [{""start"": 0.0, ""end"": 1.0, ""value"": []}]}","{""name"": ""BRAEMORE ROAD"", ""class"": ""residential""}"
36db7c45-545f-44fd-8b4d-cf61bb470729,us_boston_streets_9135,"LINESTRING (-71.1544267000000019 42.3503236000000030, -71.1544405000000069 42.3502871000000027, -71.1545330000000007 42.3499939000000012, -71.1546270999999990 42.3497096999999982, -71.1546617000000055 42.3496072000000012, -71.1546704999999946 42.3495750000000015, -71.1546761000000032 42.3495198000000030, -71.1546720999999991 42.3493536000000006, -71.1546737000000036 42.3492607000000021)","LINESTRING (-71.1546498963426046 42.3491400677973004, -71.1546205431992007 42.3492885748652981, -71.1545913528296978 42.3494814954135990, -71.1545678738161058 42.3496491035046034, -71.1544840024551064 42.3499003721440985, -71.1543389542852935 42.3503467049398026, -71.1542392756466029 42.3507155223288976, -71.1541396820480969 42.3510674603684976, -71.1540255135540036 42.3513799668679027)","{""class"": ""footway"", ""subclass"": ""sidewalk"", ""names_lr"": [{""between"": [0.0, 1.0], ""value"": null}], ""subclass_lr"": [{""between"": [0.0, 1.0], ""value"": ""sidewalk""}], ""level_lr"": [{""between"": [0.0, 1.0], ""value"": 0}], ""road_flags_lr"": [{""start"": 0.0, ""end"": 1.0, ""value"": []}]}","{""name"": ""LEICESTER STREET"", ""class"": ""residential""}"
df261e37-fd10-4e32-9904-e5235640a17b,us_boston_streets_4095,"LINESTRING (-71.1257779999999968 42.2618209999999976, -71.1258150000000029 42.2613709999999969, -71.1258399999999966 42.2610019999999977, -71.1258899999999983 42.2603300000000033)","LINESTRING (-71.1268743586916941 42.2572229639961989, -71.1267205698170955 42.2573231831965970, -71.1266257232743015 42.2574151589053031, -71.1263759864792036 42.2577305764021034, -71.1262452938987053 42.2579282193221033, -71.1261672517037056 42.2581564206503018, -71.1261379504360036 42.2583279064905994, -71.1261292780295946 42.2583693355486005, -71.1260637856649964 42.2586821965187980, -71.1260122734948936 42.2591283959729012, -71.1259767689518014 42.2594359229740988, -71.1259310451215043 42.2598673581631985, -71.1258907722766054 42.2603381958362974, -71.1258407796425018 42.2610110105704990, -71.1258154980501018 42.2613800579978971, -71.1258015308247025 42.2615491501914988, -71.1257783711787965 42.2618295261963013, -71.1257179416434013 42.2623138034289028, -71.1256512948568940 42.2628880944552989, -71.1255914938944045 42.2632654641276986)","{""name"": ""Austin Street"", ""class"": ""residential"", ""names_lr"": [{""between"": [0.0, 1.0], ""value"": ""Austin Street""}], ""subclass_lr"": [{""between"": [0.0, 1.0], ""value"": null}], ""level_lr"": [{""between"": [0.0, 1.0], ""value"": 0}], ""road_flags_lr"": [{""start"": 0.0, ""end"": 1.0, ""value"": []}]}","{""name"": ""AUSTIN STREET"", ""class"": ""residential""}"
94ce86ba-1eaf-48a9-b16d-bc12a4b06401,us_boston_streets_5852,"LINESTRING (-71.0775560999999954 42.2959701999999993, -71.0772682000000060 42.2960227000000017, -71.0770980000000066 42.2960533999999981, -71.0767919999999975 42.2961079999999967)","LINESTRING (-71.0783293441926958 42.2958192793764027, -71.0780621890792048 42.2958740047309973, -71.0775556052999065 42.2959751116002991, -71.0771522435425993 42.2960529668648988, -71.0767927517610048 42.2961163524167034, -71.0764982778649994 42.2961760395062996, -71.0760460739823969 42.2962475203714021, -71.0758280379257030 42.2962951068278983, -71.0753812802356038 42.2963744828283978, -71.0752321826349061 42.2963986899958968, -71.0748887092027957 42.2964745097711017, -71.0747141677802006 42.2965346359941989, -71.0746157237568070 42.2966068574858980)","{""name"": ""Athelwold Street"", ""class"": ""residential"", ""names_lr"": [{""between"": [0.0, 1.0], ""value"": ""Athelwold Street""}], ""subclass_lr"": [{""between"": [0.0, 1.0], ""value"": null}], ""level_lr"": [{""between"": [0.0, 1.0], ""value"": 0}], ""road_flags_lr"": [{""start"": 0.0, ""end"": 1.0, ""value"": []}]}","{""name"": ""ATHELWOLD STREET"", ""class"": ""residential""}"
e3430872-eaed-423c-b144-c46f17bafcc9,us_boston_streets_4643,"LINESTRING (-71.1165945000000050 42.3210248999999976, -71.1164691999999974 42.3210174000000023, -71.1164335999999935 42.3210161000000014, -71.1163209999999992 42.3210120000000032, -71.1159899999999965 42.3210309999999978, -71.1158140000000003 42.3210551000000024, -71.1156703000000050 42.3210753999999980)","LINESTRING (-71.1158147726894043 42.3210568897647974, -71.1156697134277067 42.3210691727912973, -71.1156000094632930 42.3210750752047034)","{""name"": ""Perkins Street"", ""class"": ""secondary"", ""names_lr"": [{""between"": [0.0, 1.0], ""value"": ""Perkins Street""}], ""subclass_lr"": [{""between"": [0.0, 1.0], ""value"": null}], ""level_lr"": [{""between"": [0.0, 1.0], ""value"": 0}], ""road_flags_lr"": [{""start"": 0.0, ""end"": 1.0, ""value"": []}]}","{""name"": ""PERKINS STREET"", ""class"": ""tertiary""}"
aa2d2a93-071f-4872-8f78-54208c69de42,us_boston_streets_6816,"LINESTRING (-71.1278939999999977 42.3127160000000018, -71.1279430000000019 42.3128189999999975, -71.1280009999999976 42.3129259999999974, -71.1280650000000065 42.3130060000000014, -71.1281919999999985 42.3131139999999988, -71.1284160000000014 42.3132480000000015, -71.1285850000000011 42.3133460000000028, -71.1286786000000006 42.3134021999999987, -71.1289260000000070 42.3135509999999968, -71.1294199999999961 42.3138580000000033, -71.1298079999999970 42.3140959999999993, -71.1301380000000023 42.3142679999999984, -71.1303158999999994 42.3143603999999982, -71.1306390000000022 42.3145280000000028, -71.1306720000000041 42.3145460000000000, -71.1307259999999957 42.3145740000000004, -71.1308300000000031 42.3146300000000011, -71.1309200000000033 42.3146989999999974, -71.1310079999999942 42.3148079999999993, -71.1311100000000067 42.3149400000000000, -71.1312199999999990 42.3151300000000035, -71.1314100000000025 42.3154299999999992, -71.1315699999999964 42.3156699999999972, -71.1316900000000061 42.3157799999999966)","LINESTRING (-71.1284170610102962 42.3132565234715017, -71.1285857439382028 42.3133544123626990, -71.1289262672664933 42.3135597697328976, -71.1294206677041956 42.3138669020557003, -71.1298087652123030 42.3141050404889967, -71.1301385030899951 42.3142771610596000, -71.1302406532342957 42.3143299472966987, -71.1303314535050930 42.3143768684196999)","{""name"": ""Rockwood Street"", ""class"": ""residential"", ""names_lr"": [{""between"": [0.0, 1.0], ""value"": ""Rockwood Street""}], ""subclass_lr"": [{""between"": [0.0, 1.0], ""value"": null}], ""level_lr"": [{""between"": [0.0, 1.0], ""value"": 0}], ""road_flags_lr"": [{""start"": 0.0, ""end"": 1.0, ""value"": []}]}","{""name"": ""ROCKWOOD STREET"", ""class"": ""residential""}"
27beb36f-bec9-480a-aace-52d461d2c4e5,us_boston_streets_6257,"LINESTRING (-71.1038192000000038 42.3119409999999974, -71.1032028000000054 42.3117360000000033)","LINESTRING (-71.1032046631192003 42.3117424524874011, -71.1027594956948974 42.3115546618920035, -71.1025659438859066 42.3114730127133996)","{""name"": ""Cornwall Street"", ""class"": ""residential"", ""names_lr"": [{""between"": [0.0, 1.0], ""value"": ""Cornwall Street""}], ""subclass_lr"": [{""between"": [0.0, 1.0], ""value"": null}], ""level_lr"": [{""between"": [0.0, 1.0], ""value"": 0}], ""road_flags_lr"": [{""start"": 0.0, ""end"": 1.0, ""value"": []}]}","{""name"": ""CORNWALL STREET"", ""class"": ""residential""}"
aaba1cfb-748c-4aee-96d4-b99098037c29,us_boston_streets_25,"LINESTRING (-71.0398787999999968 42.3771290999999977, -71.0398863000000063 42.3772082999999995, -71.0399331999999930 42.3777071000000021, -71.0399503000000010 42.3778880999999998, -71.0399993999999992 42.3784101999999976, -71.0400156999999979 42.3785833999999966, -71.0400206000000054 42.3786348000000004)","LINESTRING (-71.0397352531996944 42.3753774753958012, -71.0397269425234015 42.3754407954390970, -71.0397662727676931 42.3757573654412028, -71.0398993484989063 42.3771289079145035, -71.0399344375088049 42.3775421985084009, -71.0400291938810966 42.3786582284946007, -71.0400346765502064 42.3787197994848981, -71.0400516490526002 42.3789103745180000, -71.0401964383847968 42.3805361324586016, -71.0401946839243976 42.3805568122484999, -71.0402434088327936 42.3811031968475973, -71.0402662594586047 42.3813594783795011, -71.0403224158273048 42.3819870885207024, -71.0403664649988968 42.3824790480596008, -71.0403452937875954 42.3825459214150015, -71.0402650541386009 42.3825951156887015, -71.0402307506857937 42.3826048889672009)","{""name"": ""Border Street"", ""class"": ""residential"", ""names_lr"": [{""between"": [0.0, 1.0], ""value"": ""Border Street""}], ""subclass_lr"": [{""between"": [0.0, 1.0], ""value"": null}], ""level_lr"": [{""between"": [0.0, 1.0], ""value"": 0}], ""road_flags_lr"": [{""start"": 0.0, ""end"": 1.0, ""value"": []}]}","{""name"": ""BORDER STREET"", ""class"": ""residential""}"
d07bbbff-e828-4118-8670-0f6d59ebf21a,us_boston_streets_1557,"LINESTRING (-71.1189866999999936 42.2619339999999966, -71.1187048000000033 42.2624789999999990, -71.1186340000000001 42.2626350000000031, -71.1183740000000029 42.2632180000000020)","LINESTRING (-71.1212258810125064 42.2582201286168981, -71.1208047064470037 42.2587617312335979, -71.1205600990897011 42.2590687180817994, -71.1203786069572033 42.2593016342185024, -71.1201054773100054 42.2596901151247977, -71.1199804933583977 42.2598478187190025, -71.1198427973838960 42.2601360235734020, -71.1197867830867949 42.2602236179548996, -71.1195972293328964 42.2606005550965023, -71.1192736384584947 42.2613484219633975, -71.1189580392496055 42.2619314494552967, -71.1186346461895056 42.2626438663958979, -71.1183745176383013 42.2632270763883966, -71.1181921140925937 42.2635781519266018, -71.1180390762761050 42.2639132417813030)","{""name"": ""Central Avenue"", ""class"": ""residential"", ""names_lr"": [{""between"": [0.0, 1.0], ""value"": ""Central Avenue""}], ""subclass_lr"": [{""between"": [0.0, 1.0], ""value"": null}], ""level_lr"": [{""between"": [0.0, 1.0], ""value"": 0}], ""road_flags_lr"": [{""start"": 0.0, ""end"": 1.0, ""value"": []}]}","{""name"": ""CENTRAL AVENUE"", ""class"": ""residential""}"
cfe575d3-2e88-47a1-8616-55188773049d,us_boston_streets_5150,"LINESTRING (-71.0745205000000055 42.3355511999999976, -71.0745529000000005 42.3355249000000029, -71.0745936999999941 42.3354919000000010)","LINESTRING (-71.0747605382922956 42.3352415984075989, -71.0745137092843038 42.3354487170957015)","{""class"": ""footway"", ""subclass"": ""crosswalk"", ""names_lr"": [{""between"": [0.0, 1.0], ""value"": null}], ""subclass_lr"": [{""between"": [0.0, 1.0], ""value"": ""crosswalk""}], ""level_lr"": [{""between"": [0.0, 1.0], ""value"": 0}], ""road_flags_lr"": [{""start"": 0.0, ""end"": 1.0, ""value"": []}]}","{""name"": ""HARRISON AVENUE"", ""class"": ""tertiary""}"
c481c0a8-13bb-4613-b0b8-29c3c84e84d8,us_boston_streets_8781,"LINESTRING (-71.0862142000000006 42.3416299000000009, -71.0859125000000063 42.3418197000000021, -71.0851887000000033 42.3424157999999977, -71.0850446000000034 42.3425344999999993, -71.0849563999999958 42.3426079999999985, -71.0849312999999938 42.3426278000000025, -71.0848984000000002 42.3426547999999983, -71.0848337000000043 42.3427081000000030)","LINESTRING (-71.0850462719123044 42.3428336086742974, -71.0852275998922067 42.3426782962715009, -71.0853527399248009 42.3425711104645970, -71.0853834750648019 42.3425447851123025, -71.0860916381706005 42.3419382112880029, -71.0862968256478069 42.3417595097481012, -71.0866147360630976 42.3414826293342017)","{""name"": ""Huntington Avenue"", ""class"": ""primary"", ""subclass"": ""link"", ""names_lr"": [{""between"": [0.0, 1.0], ""value"": ""Huntington Avenue""}], ""subclass_lr"": [{""between"": [0.0, 1.0], ""value"": ""link""}], ""level_lr"": [{""between"": [0.0, 1.0], ""value"": 0}], ""road_flags_lr"": [{""start"": 0.0, ""end"": 1.0, ""value"": []}]}","{""name"": ""HUNTINGTON AVENUE"", ""class"": ""tertiary""}"
798a4132-39d7-4818-a43c-42087c80e1f0,us_boston_streets_2393,"LINESTRING (-71.0390235999999931 42.3723736000000031, -71.0389085000000051 42.3723758000000004)","LINESTRING (-71.0391715019301984 42.3721535485876970, -71.0390248222214069 42.3721478949516026)","{""name"": ""Havre Street"", ""class"": ""tertiary"", ""names_lr"": [{""between"": [0.0, 1.0], ""value"": ""Havre Street""}], ""subclass_lr"": [{""between"": [0.0, 1.0], ""value"": null}], ""level_lr"": [{""between"": [0.0, 1.0], ""value"": 0}], ""road_flags_lr"": [{""start"": 0.0, ""end"": 1.0, ""value"": []}]}","{""name"": ""HAVRE STREET"", ""class"": ""residential""}"
5f517239-02c7-479f-8693-72aa6381ff78,us_boston_streets_1185,"LINESTRING (-71.1529483000000056 42.3500529000000014, -71.1528710000000046 42.3500265999999996, -71.1528430000000043 42.3500216999999992, -71.1528047000000043 42.3500159999999966, -71.1520040000000051 42.3499389999999991, -71.1519820000000038 42.3499369999999971)","LINESTRING (-71.1529645566154016 42.3500454667515029, -71.1519828810616985 42.3499457648972992, -71.1515014617428960 42.3499071267959977, -71.1513569742419065 42.3498941550037031, -71.1511187631789994 42.3498727691112009, -71.1509864161962042 42.3498611850187032, -71.1508985071806990 42.3498534916932030, -71.1505859423809994 42.3498261351031005, -71.1503985142436051 42.3498030573256017, -71.1502634843944008 42.3497694495000019, -71.1501435664356023 42.3497128167121986, -71.1500914708394987 42.3496682046771014, -71.1500018778741037 42.3495452695664980, -71.1499686627125953 42.3494936665831005, -71.1498986468918986 42.3494330828129009, -71.1498134242005023 42.3493796162820999, -71.1496978625140031 42.3493240109121984, -71.1494444139160009 42.3492587788013992)","{""name"": ""Henshaw Street"", ""class"": ""residential"", ""names_lr"": [{""between"": [0.0, 1.0], ""value"": ""Henshaw Street""}], ""subclass_lr"": [{""between"": [0.0, 1.0], ""value"": null}], ""level_lr"": [{""between"": [0.0, 1.0], ""value"": 0}], ""road_flags_lr"": [{""start"": 0.0, ""end"": 1.0, ""value"": []}]}","{""name"": ""HENSHAW STREET"", ""class"": ""residential""}"
c57d7ead-f772-4826-a183-671577708efc,us_boston_streets_4581,"LINESTRING (-71.0545627999999994 42.3636180000000024, -71.0541955000000058 42.3639662000000001, -71.0541867000000025 42.3639745999999988, -71.0541664999999938 42.3639926999999972, -71.0538674999999955 42.3642602999999980, -71.0538605999999930 42.3642657999999983)","LINESTRING (-71.0543110533486981 42.3639708899807985, -71.0542455341675065 42.3640291630216979, -71.0539283694114943 42.3643112456161006)","{""class"": ""footway"", ""names_lr"": [{""between"": [0.0, 1.0], ""value"": null}], ""subclass_lr"": [{""between"": [0.0, 0.531858243], ""value"": ""sidewalk""}, {""between"": [0.531858243, 0.572903707], ""value"": ""crosswalk""}, {""between"": [0.572903707, 1.0], ""value"": ""sidewalk""}], ""level_lr"": [{""between"": [0.0, 1.0], ""value"": 0}], ""road_flags_lr"": [{""start"": 0.0, ""end"": 1.0, ""value"": []}]}","{""name"": ""HANOVER STREET"", ""class"": ""tertiary""}"
39642fd9-8641-42a0-a2d0-3e73de9f6f34,us_boston_streets_10381,"LINESTRING (-71.1056434999999993 42.3098968999999983, -71.1054024000000027 42.3097943000000001)","LINESTRING (-71.1054083143834958 42.3097958324467029, -71.1053113663810024 42.3097510491096003, -71.1048910188171988 42.3095667316276973, -71.1045584218010021 42.3094434810964017)","{""name"": ""Green Street"", ""class"": ""tertiary"", ""names_lr"": [{""between"": [0.0, 1.0], ""value"": ""Green Street""}], ""subclass_lr"": [{""between"": [0.0, 1.0], ""value"": null}], ""level_lr"": [{""between"": [0.0, 1.0], ""value"": 0}], ""road_flags_lr"": [{""start"": 0.0, ""end"": 1.0, ""value"": []}]}","{""name"": ""GREEN STREET"", ""class"": ""residential""}"
13d18108-3b0d-435c-8e19-0b8d7e7ce904,us_boston_streets_4899,"LINESTRING (-71.0334364999999934 42.3346492000000012, -71.0334296999999992 42.3346109000000013, -71.0334236000000061 42.3345768000000007)","LINESTRING (-71.0333125077529957 42.3346260063621003, -71.0333236841857030 42.3348072337822003)","{""class"": ""footway"", ""subclass"": ""crosswalk"", ""names_lr"": [{""between"": [0.0, 1.0], ""value"": null}], ""subclass_lr"": [{""between"": [0.0, 1.0], ""value"": ""crosswalk""}], ""level_lr"": [{""between"": [0.0, 1.0], ""value"": 0}], ""road_flags_lr"": [{""start"": 0.0, ""end"": 1.0, ""value"": []}]}","{""name"": ""M STREET"", ""class"": ""residential""}"
9fda925d-8633-49b3-ab7c-06addaadf30a,us_boston_streets_6328,"LINESTRING (-71.1031097000000045 42.3193340999999990, -71.1030865999999975 42.3193957000000012, -71.1030599000000052 42.3194518999999971)","LINESTRING (-71.1035498769868042 42.3189932843441028, -71.1031521892185054 42.3194488121738033)","{""name"": ""Pierre Lallement Bike Path"", ""class"": ""cycleway"", ""names_lr"": [{""between"": [0.0, 1.0], ""value"": ""Pierre Lallement Bike Path""}], ""subclass_lr"": [{""between"": [0.0, 1.0], ""value"": null}], ""level_lr"": [{""between"": [0.0, 1.0], ""value"": 0}], ""road_flags_lr"": [{""start"": 0.0, ""end"": 1.0, ""value"": []}]}","{""name"": ""LAMARTINE STREET"", ""class"": ""residential""}"
b1927bda-9a04-40f8-a7dd-3b2da867f20e,us_boston_streets_1103,"LINESTRING (-71.1134109999999993 42.3121379999999974, -71.1132709999999975 42.3121060000000000, -71.1127699999999976 42.3119810000000030, -71.1126720000000034 42.3119599999999991)","LINESTRING (-71.1134111163797940 42.3121469783924979, -71.1137563768872951 42.3122234869652019, -71.1141813066101065 42.3123160676053018)","{""name"": ""Seaverns Avenue"", ""class"": ""residential"", ""names_lr"": [{""between"": [0.0, 1.0], ""value"": ""Seaverns Avenue""}], ""subclass_lr"": [{""between"": [0.0, 1.0], ""value"": null}], ""level_lr"": [{""between"": [0.0, 1.0], ""value"": 0}], ""road_flags_lr"": [{""start"": 0.0, ""end"": 1.0, ""value"": []}]}","{""name"": ""SEAVERNS AVENUE"", ""class"": ""residential""}"
82b3657f-288e-40e0-bed3-5dda82e78862,us_boston_streets_3846,"LINESTRING (-71.0637935999999968 42.3008831000000001, -71.0640257999999960 42.3012912000000014)","LINESTRING (-71.0640204549062986 42.3013016006117013, -71.0642116694878041 42.3016579477813011, -71.0642798664026003 42.3017988758095029)","{""name"": ""Ditson Street"", ""class"": ""residential"", ""names_lr"": [{""between"": [0.0, 1.0], ""value"": ""Ditson Street""}], ""subclass_lr"": [{""between"": [0.0, 1.0], ""value"": null}], ""level_lr"": [{""between"": [0.0, 1.0], ""value"": 0}], ""road_flags_lr"": [{""start"": 0.0, ""end"": 1.0, ""value"": []}]}","{""name"": ""DITSON STREET"", ""class"": ""residential""}"
3dc31768-a5da-4a17-8cf3-1f3c9aa77e4e,us_boston_streets_5192,"LINESTRING (-71.0752504999999957 42.3392959000000033, -71.0746802999999971 42.3396771999999970, -71.0749289999999974 42.3398869000000033, -71.0749500999999952 42.3399064999999979, -71.0749808999999999 42.3399349999999970, -71.0762876999999946 42.3410252999999983, -71.0763246000000066 42.3410506000000026, -71.0763659999999931 42.3410859000000031, -71.0765186000000000 42.3412222999999983)","LINESTRING (-71.0749039601754049 42.3399457654737006, -71.0753720749950020 42.3403334574555004, -71.0755912844869044 42.3405150043627003, -71.0762559938769982 42.3410654998028022, -71.0765926626194045 42.3413443149351991)","{""class"": ""footway"", ""names_lr"": [{""between"": [0.0, 1.0], ""value"": null}], ""subclass_lr"": [{""between"": [0.0, 0.32266346], ""value"": ""sidewalk""}, {""between"": [0.32266346, 0.346070164], ""value"": ""crosswalk""}, {""between"": [0.346070164, 0.900678999], ""value"": ""sidewalk""}, {""between"": [0.900678999, 0.932606563], ""value"": ""crosswalk""}, {""between"": [0.932606563, 1.0], ""value"": ""sidewalk""}], ""level_lr"": [{""between"": [0.0, 1.0], ""value"": 0}], ""road_flags_lr"": [{""start"": 0.0, ""end"": 1.0, ""value"": []}]}","{""name"": ""WEST NEWTON STREET"", ""class"": ""tertiary""}"
a3b24405-9015-4641-998f-87ce86184d72,us_boston_streets_7860,"LINESTRING (-71.1595190000000031 42.2902320000000032, -71.1594549000000001 42.2901769999999999, -71.1592320000000029 42.2899859999999990)","LINESTRING (-71.1595191801926035 42.2902405705373994, -71.1596878582236059 42.2903716118819020, -71.1598653186240995 42.2905251873486989, -71.1600037187374994 42.2906854009828024)","{""name"": ""Corey Street"", ""class"": ""tertiary"", ""names_lr"": [{""between"": [0.0, 1.0], ""value"": ""Corey Street""}], ""subclass_lr"": [{""between"": [0.0, 1.0], ""value"": null}], ""level_lr"": [{""between"": [0.0, 1.0], ""value"": 0}], ""road_flags_lr"": [{""start"": 0.0, ""end"": 1.0, ""value"": []}]}","{""name"": ""COREY STREET"", ""class"": ""residential""}"
55668e11-1dd5-440c-aee3-535814fb8b93,us_boston_streets_2620,"LINESTRING (-71.1415752000000055 42.2811929000000006, -71.1415374000000043 42.2812219999999996, -71.1414914000000067 42.2812553999999992, -71.1415515999999997 42.2812957000000011, -71.1415939999999978 42.2813238000000027, -71.1416451000000052 42.2812903000000020, -71.1416877999999997 42.2812623000000016)","LINESTRING (-71.1415953591569945 42.2812680078632965, -71.1410853621880932 42.2809400597592031, -71.1408788299122961 42.2808150573832009)","{""class"": ""footway"", ""subclass"": ""crosswalk"", ""names_lr"": [{""between"": [0.0, 1.0], ""value"": null}], ""subclass_lr"": [{""between"": [0.0, 1.0], ""value"": ""crosswalk""}], ""level_lr"": [{""between"": [0.0, 1.0], ""value"": 0}], ""road_flags_lr"": [{""start"": 0.0, ""end"": 1.0, ""value"": []}]}","{""name"": ""BEECH STREET"", ""class"": ""residential""}"
db07eb5c-857e-4668-a7d2-405993bec6e3,us_boston_streets_8561,"LINESTRING (-71.0818191000000041 42.3182861000000017, -71.0816757000000052 42.3185720999999972, -71.0816015999999991 42.3187250000000006)","LINESTRING (-71.0819175645459040 42.3180298366301031, -71.0817894935330941 42.3182786441312970)","{""name"": ""Warren Street"", ""class"": ""secondary"", ""names_lr"": [{""between"": [0.0, 1.0], ""value"": ""Warren Street""}], ""subclass_lr"": [{""between"": [0.0, 1.0], ""value"": null}], ""level_lr"": [{""between"": [0.0, 1.0], ""value"": 0}], ""road_flags_lr"": [{""start"": 0.0, ""end"": 1.0, ""value"": []}]}","{""name"": ""WARREN STREET"", ""class"": ""tertiary""}"
00c74c00-45e2-43a5-be92-a3f2ba77a53e,us_boston_streets_20,"LINESTRING (-71.0692001000000033 42.3572192000000030, -71.0694459999999992 42.3571665999999993, -71.0695022000000023 42.3571546000000012, -71.0698055999999951 42.3570867000000035)","LINESTRING (-71.0703498404834022 42.3569229695040974, -71.0701774205223984 42.3569642112316984, -71.0698778379832987 42.3570315834580029, -71.0694571526928058 42.3571306392620031)","{""class"": ""footway"", ""subclass"": ""sidewalk"", ""names_lr"": [{""between"": [0.0, 1.0], ""value"": null}], ""subclass_lr"": [{""between"": [0.0, 1.0], ""value"": ""sidewalk""}], ""level_lr"": [{""between"": [0.0, 1.0], ""value"": 0}], ""road_flags_lr"": [{""start"": 0.0, ""end"": 1.0, ""value"": []}]}","{""name"": ""CHESTNUT STREET"", ""class"": ""residential""}"
00b1f8ad-a783-4121-a7e0-51dee6d0af79,us_boston_streets_6680,"LINESTRING (-71.0721822999999944 42.3413309000000027, -71.0721061999999932 42.3412665999999973, -71.0720522999999957 42.3412228999999982)","LINESTRING (-71.0720753678841959 42.3412943933237003, -71.0725603172108009 42.3417172932704986)","{""class"": ""footway"", ""subclass"": ""crosswalk"", ""names_lr"": [{""between"": [0.0, 1.0], ""value"": null}], ""subclass_lr"": [{""between"": [0.0, 1.0], ""value"": ""crosswalk""}], ""level_lr"": [{""between"": [0.0, 1.0], ""value"": 0}], ""road_flags_lr"": [{""start"": 0.0, ""end"": 1.0, ""value"": []}]}","{""name"": ""WEST DEDHAM STREET"", ""class"": ""tertiary""}"
d9c7fbd5-9fa3-4edf-99d5-ea4905bdb00c,us_boston_streets_9284,"LINESTRING (-71.0506216999999936 42.3591517999999994, -71.0506874000000010 42.3591406999999975, -71.0507388000000049 42.3591556000000011, -71.0507776999999976 42.3592052999999993, -71.0507901999999945 42.3596513000000030, -71.0507810999999947 42.3597072999999966, -71.0507750000000016 42.3597279999999969, -71.0507632000000058 42.3597431000000029, -71.0507427000000007 42.3597571000000030, -71.0507171999999940 42.3597631000000021)","LINESTRING (-71.0508193798495000 42.3589068978134975, -71.0508821096771044 42.3591912908743993, -71.0509354438397054 42.3597907598393988)","{""class"": ""footway"", ""subclass"": ""sidewalk"", ""names_lr"": [{""between"": [0.0, 1.0], ""value"": null}], ""subclass_lr"": [{""between"": [0.0, 1.0], ""value"": ""sidewalk""}], ""level_lr"": [{""between"": [0.0, 1.0], ""value"": 0}], ""road_flags_lr"": [{""start"": 0.0, ""end"": 1.0, ""value"": []}]}","{""name"": ""OLD ATLANTIC AVENUE"", ""class"": ""residential""}"
6e25a5de-4ad3-4f00-9046-66516592d000,us_boston_streets_7029,"LINESTRING (-71.0778750000000059 42.2716550000000026, -71.0774530000000055 42.2715699999999970, -71.0772350000000017 42.2715430000000012)","LINESTRING (-71.0785049368737987 42.2717165352782018, -71.0783387947175953 42.2717209869261978, -71.0781310884799069 42.2717095348074992, -71.0778752865408023 42.2716636795062968)","{""name"": ""River Street"", ""class"": ""secondary"", ""names_lr"": [{""between"": [0.0, 1.0], ""value"": ""River Street""}], ""subclass_lr"": [{""between"": [0.0, 1.0], ""value"": null}], ""level_lr"": [{""between"": [0.0, 1.0], ""value"": 0}], ""road_flags_lr"": [{""start"": 0.0, ""end"": 1.0, ""value"": []}]}","{""name"": ""RIVER STREET"", ""class"": ""tertiary""}"
805eb8bc-b3a2-4cfa-acaf-27274508ed2f,us_boston_streets_1040,"LINESTRING (-71.0976577999999932 42.3501137000000014, -71.0995268000000067 42.3502565000000004, -71.0997830000000022 42.3502757999999986, -71.1002443999999940 42.3503150000000019, -71.1002802999999943 42.3503183999999990, -71.1003651000000048 42.3503262999999990)","LINESTRING (-71.0997785179047952 42.3502793356243998, -71.1003590098609948 42.3503283892952993)","{""name"": ""Bay State Road"", ""class"": ""residential"", ""names_lr"": [{""between"": [0.0, 1.0], ""value"": ""Bay State Road""}], ""subclass_lr"": [{""between"": [0.0, 1.0], ""value"": null}], ""level_lr"": [{""between"": [0.0, 1.0], ""value"": 0}], ""road_flags_lr"": [{""start"": 0.0, ""end"": 1.0, ""value"": []}]}","{""name"": ""BAY STATE ROAD"", ""class"": ""residential""}"
196ce58a-00dd-44ba-92ff-21c041f12116,us_boston_streets_6150,"LINESTRING (-71.0520111999999955 42.3104240999999988, -71.0519448000000011 42.3103782000000024, -71.0518723999999935 42.3103308999999967, -71.0517616000000061 42.3102626000000015, -71.0513652000000064 42.3100183000000030)","LINESTRING (-71.0525104483084959 42.3108327901307035, -71.0523244062709978 42.3106610057595987, -71.0521632838892003 42.3105294067710034, -71.0520915587592015 42.3104756088738014, -71.0520164179970948 42.3104192479646031)","{""name"": ""Savin Hill Avenue"", ""class"": ""tertiary"", ""names_lr"": [{""between"": [0.0, 1.0], ""value"": ""Savin Hill Avenue""}], ""subclass_lr"": [{""between"": [0.0, 1.0], ""value"": null}], ""level_lr"": [{""between"": [0.0, 1.0], ""value"": 0}], ""road_flags_lr"": [{""start"": 0.0, ""end"": 1.0, ""value"": []}]}","{""name"": ""SAVIN HILL AVENUE"", ""class"": ""residential""}"
67da6444-0792-4a52-a0ac-36ed70af5fa2,us_boston_streets_2911,"LINESTRING (-71.0551334999999966 42.3351261999999977, -71.0550609000000009 42.3351858999999990, -71.0550491999999991 42.3351897000000008, -71.0550371000000069 42.3351886000000022, -71.0550276000000025 42.3351842000000005, -71.0549926999999997 42.3352124999999972, -71.0549519000000060 42.3352456000000004, -71.0549572000000040 42.3352543000000026, -71.0549577000000028 42.3352648999999985, -71.0549538000000069 42.3352730000000008, -71.0549443999999966 42.3352817000000030, -71.0546657000000010 42.3355108000000016, -71.0546559000000002 42.3355148999999997, -71.0546453999999983 42.3355158999999972, -71.0546367000000032 42.3355151000000021)","LINESTRING (-71.0549196016846025 42.3353836827796997, -71.0546665274669067 42.3355924355770981)","{""class"": ""footway"", ""names_lr"": [{""between"": [0.0, 1.0], ""value"": null}], ""subclass_lr"": [{""between"": [0.0, 0.190892394], ""value"": ""sidewalk""}, {""between"": [0.190892394, 0.33915055], ""value"": ""crosswalk""}, {""between"": [0.33915055, 1.0], ""value"": ""sidewalk""}], ""level_lr"": [{""between"": [0.0, 1.0], ""value"": 0}], ""road_flags_lr"": [{""start"": 0.0, ""end"": 1.0, ""value"": []}]}","{""name"": ""D STREET"", ""class"": ""tertiary""}"
76c03cc9-10ff-45f0-89c6-424cc3b69af6,us_boston_streets_5437,"LINESTRING (-71.1268608000000029 42.2485641000000030, -71.1268811000000056 42.2485193999999993, -71.1269101999999975 42.2484783000000022, -71.1269795000000045 42.2485149000000035, -71.1270506000000040 42.2485465000000033, -71.1270257000000043 42.2485792000000018, -71.1269908000000015 42.2486335999999980, -71.1269245999999953 42.2486000999999973)","LINESTRING (-71.1277768992270012 42.2489014312111024, -71.1273748031981938 42.2487296283551004, -71.1269302484733004 42.2485661300982969)","{""class"": ""footway"", ""subclass"": ""crosswalk"", ""names_lr"": [{""between"": [0.0, 1.0], ""value"": null}], ""subclass_lr"": [{""between"": [0.0, 1.0], ""value"": ""crosswalk""}], ""level_lr"": [{""between"": [0.0, 1.0], ""value"": 0}], ""road_flags_lr"": [{""start"": 0.0, ""end"": 1.0, ""value"": []}]}","{""name"": ""GLENWOOD AVENUE"", ""class"": ""residential""}"
b5f5a829-1c4c-41a0-932a-3f603b6b9c1d,us_boston_streets_2356,"LINESTRING (-71.0679037999999963 42.3406353000000024, -71.0677697999999936 42.3407388999999981, -71.0674772999999931 42.3405033000000017, -71.0675204000000065 42.3404906999999966, -71.0678608999999994 42.3405954999999992)","LINESTRING (-71.0677886841391029 42.3408237068328006, -71.0670614920456956 42.3402712352080997)","{""class"": ""footway"", ""subclass"": ""sidewalk"", ""names_lr"": [{""between"": [0.0, 1.0], ""value"": null}], ""subclass_lr"": [{""between"": [0.0, 1.0], ""value"": ""sidewalk""}], ""level_lr"": [{""between"": [0.0, 1.0], ""value"": 0}], ""road_flags_lr"": [{""start"": 0.0, ""end"": 1.0, ""value"": []}]}","{""name"": ""WALTHAM STREET"", ""class"": ""tertiary""}"
776639f1-723c-4add-8c6a-abc616dc1306,us_boston_streets_5963,"LINESTRING (-71.1178677999999991 42.2640596000000031, -71.1178735000000017 42.2641271000000032, -71.1178802999999959 42.2641795999999985, -71.1178957999999994 42.2642392999999998, -71.1179154000000011 42.2642807000000005)","LINESTRING (-71.1179472215685990 42.2642874317865989, -71.1179991523129047 42.2645888530476981)","{""name"": ""Greenwood Square"", ""class"": ""tertiary"", ""names_lr"": [{""between"": [0.0, 1.0], ""value"": ""Greenwood Square""}], ""subclass_lr"": [{""between"": [0.0, 1.0], ""value"": null}], ""level_lr"": [{""between"": [0.0, 1.0], ""value"": 0}], ""road_flags_lr"": [{""start"": 0.0, ""end"": 1.0, ""value"": []}]}","{""name"": ""METROPOLITAN AVENUE"", ""class"": ""residential""}"
21b8c1e6-f307-440a-bec9-957d3a1c1a76,us_boston_streets_10022,"LINESTRING (-71.0668036999999941 42.3621245000000002, -71.0668062999999961 42.3622417999999996, -71.0668074000000018 42.3623136000000002, -71.0668086000000017 42.3623633999999996, -71.0668091999999945 42.3624082999999985, -71.0668138000000056 42.3627782000000010, -71.0668249999999944 42.3633422999999993, -71.0668249999999944 42.3633543999999986, -71.0668175999999931 42.3633645000000030, -71.0667835999999937 42.3633761000000035)","LINESTRING (-71.0669172238866054 42.3612372444834975, -71.0668599796073011 42.3613400778802003, -71.0668602031855983 42.3613478473224987, -71.0668634787397053 42.3614617931267006, -71.0668849674617036 42.3622093458451019, -71.0668914099709070 42.3623986946998983, -71.0668955237473057 42.3628905815576005, -71.0668976699488013 42.3631471541187992, -71.0668998853827958 42.3634120573032007, -71.0669104006549048 42.3635174055426020)","{""class"": ""footway"", ""names_lr"": [{""between"": [0.0, 1.0], ""value"": null}], ""subclass_lr"": [{""between"": [0.0, 0.149018193], ""value"": ""sidewalk""}, {""between"": [0.149018193, 0.223633681], ""value"": ""crosswalk""}, {""between"": [0.223633681, 1.0], ""value"": ""sidewalk""}], ""level_lr"": [{""between"": [0.0, 1.0], ""value"": 0}], ""road_flags_lr"": [{""start"": 0.0, ""end"": 1.0, ""value"": []}]}","{""name"": ""BLOSSOM STREET"", ""class"": ""residential""}"
73590df8-f3ea-43d6-89cc-0eac5c0172a0,us_boston_streets_8269,"LINESTRING (-71.0659681000000063 42.3468626000000015, -71.0658851999999968 42.3468464999999981, -71.0657903999999974 42.3468279000000010)","LINESTRING (-71.0658989607691041 42.3468778174481031, -71.0650915460403070 42.3467181496601981)","{""class"": ""footway"", ""subclass"": ""crosswalk"", ""names_lr"": [{""between"": [0.0, 1.0], ""value"": null}], ""subclass_lr"": [{""between"": [0.0, 1.0], ""value"": ""crosswalk""}], ""level_lr"": [{""between"": [0.0, 1.0], ""value"": 0}], ""road_flags_lr"": [{""start"": 0.0, ""end"": 1.0, ""value"": []}]}","{""name"": ""HERALD STREET"", ""class"": ""tertiary""}"
8c2372cb-7d84-4c0a-9d86-3d4243cff32a,us_boston_streets_681,"LINESTRING (-71.0396212999999932 42.3704462999999976, -71.0396839000000000 42.3704741000000027, -71.0399309000000017 42.3705836000000033, -71.0402124999999955 42.3707084999999992, -71.0402816000000001 42.3707391000000015)","LINESTRING (-71.0389537154772057 42.3701435866642981, -71.0396177132329001 42.3704425764152006)","{""name"": ""Maverick Street"", ""class"": ""secondary"", ""names_lr"": [{""between"": [0.0, 1.0], ""value"": ""Maverick Street""}], ""subclass_lr"": [{""between"": [0.0, 1.0], ""value"": null}], ""level_lr"": [{""between"": [0.0, 1.0], ""value"": 0}], ""road_flags_lr"": [{""start"": 0.0, ""end"": 1.0, ""value"": []}]}","{""name"": ""MAVERICK STREET"", ""class"": ""tertiary""}"
187e38b4-6f6c-492c-9129-2c114686f8b9,us_boston_streets_9419,"LINESTRING (-71.0414822000000044 42.3313149000000024, -71.0414078000000018 42.3313081000000011, -71.0413266000000050 42.3313096999999985, -71.0413271000000037 42.3313229000000035, -71.0413290999999987 42.3313765999999987, -71.0413314000000042 42.3314380999999997, -71.0414123000000046 42.3314365000000024, -71.0414916000000005 42.3314348999999979, -71.0414894000000032 42.3313738000000015)","LINESTRING (-71.0414094607484969 42.3305493514152005, -71.0414282751161039 42.3313753923978027)","{""class"": ""footway"", ""subclass"": ""crosswalk"", ""names_lr"": [{""between"": [0.0, 1.0], ""value"": null}], ""subclass_lr"": [{""between"": [0.0, 1.0], ""value"": ""crosswalk""}], ""level_lr"": [{""between"": [0.0, 1.0], ""value"": 0}], ""road_flags_lr"": [{""start"": 0.0, ""end"": 1.0, ""value"": []}]}","{""name"": ""H STREET"", ""class"": ""residential""}"
4d52d3a0-849e-453f-b3b3-d25bb4f532cc,us_boston_streets_2086,"LINESTRING (-71.1510648000000003 42.2739872000000005, -71.1509264000000030 42.2739806000000016, -71.1507880000000057 42.2739740000000026, -71.1505089999999996 42.2739529999999988)","LINESTRING (-71.1511795301662033 42.2740450217916006, -71.1507889243676033 42.2739825044106965, -71.1505100340917949 42.2739613974908011, -71.1501995448140008 42.2738991173645005, -71.1499942672984957 42.2738219689744028, -71.1496800714122060 42.2736432022255997, -71.1492628471915936 42.2733600180478035, -71.1488733349602995 42.2730999927067970)","{""name"": ""Sparrow Street"", ""class"": ""residential"", ""names_lr"": [{""between"": [0.0, 1.0], ""value"": ""Sparrow Street""}], ""subclass_lr"": [{""between"": [0.0, 1.0], ""value"": null}], ""level_lr"": [{""between"": [0.0, 1.0], ""value"": 0}], ""road_flags_lr"": [{""start"": 0.0, ""end"": 1.0, ""value"": []}]}","{""name"": ""SPARROW STREET"", ""class"": ""residential""}"
e7540a27-7b01-479e-ac2a-cc3ee4fc785e,us_boston_streets_6324,"LINESTRING (-71.0967437999999987 42.3489857000000001, -71.0969542999999931 42.3489112999999975, -71.0970966999999945 42.3488613000000029, -71.0971075000000070 42.3488563000000013, -71.0971145999999976 42.3488524999999996, -71.0971250999999995 42.3488465000000005, -71.0971286000000049 42.3488441000000009, -71.0971334000000041 42.3488404000000003, -71.0971389000000045 42.3488357000000022, -71.0971415000000064 42.3488331000000002, -71.0971470000000068 42.3488266999999965, -71.0971521000000024 42.3488195999999988, -71.0971549000000067 42.3488146999999984, -71.0971578000000051 42.3488078000000030, -71.0971598000000000 42.3488005999999970, -71.0971617999999950 42.3487926999999971, -71.0971629000000007 42.3487847000000031)","LINESTRING (-71.0974607635023972 42.3482643023426988, -71.0972948856234979 42.3484254776768978, -71.0972389735545960 42.3484781019099970, -71.0971417352621984 42.3485696233463003, -71.0971108762991975 42.3487367379303024, -71.0971049732305005 42.3487687072773014, -71.0970980002981037 42.3488064878526984)","{""name"": ""Brookline Avenue"", ""class"": ""primary"", ""names_lr"": [{""between"": [0.0, 1.0], ""value"": ""Brookline Avenue""}], ""subclass_lr"": [{""between"": [0.0, 1.0], ""value"": null}], ""level_lr"": [{""between"": [0.0, 1.0], ""value"": 0}], ""road_flags_lr"": [{""start"": 0.0, ""end"": 1.0, ""value"": []}]}","{""name"": ""BROOKLINE AVENUE"", ""class"": ""tertiary""}"
4a8505e4-92db-4a35-a232-2c0a91bf06a3,us_boston_streets_634,"LINESTRING (-71.0867003999999980 42.3370553999999970, -71.0862874999999974 42.3373123000000007, -71.0861782000000062 42.3373805000000019)","LINESTRING (-71.0871247751179993 42.3367311376399016, -71.0866622038846003 42.3370231260459988)","{""name"": ""Columbus Avenue"", ""class"": ""primary"", ""names_lr"": [{""between"": [0.0, 1.0], ""value"": ""Columbus Avenue""}], ""subclass_lr"": [{""between"": [0.0, 1.0], ""value"": null}], ""level_lr"": [{""between"": [0.0, 1.0], ""value"": 0}], ""road_flags_lr"": [{""start"": 0.0, ""end"": 1.0, ""value"": []}]}","{""name"": ""COLUMBUS AVENUE"", ""class"": ""primary""}"
2a2b9ce8-27bc-4574-9e9a-e07574026be2,us_boston_streets_4983,"LINESTRING (-71.1197990999999945 42.2941487000000009, -71.1198370000000040 42.2941203999999971, -71.1198909000000015 42.2940757000000005)","LINESTRING (-71.1202525443842006 42.2938593533789984, -71.1199165984399002 42.2941755991232000)","{""class"": ""footway"", ""subclass"": ""sidewalk"", ""names_lr"": [{""between"": [0.0, 1.0], ""value"": null}], ""subclass_lr"": [{""between"": [0.0, 1.0], ""value"": ""sidewalk""}], ""level_lr"": [{""between"": [0.0, 1.0], ""value"": 0}], ""road_flags_lr"": [{""start"": 0.0, ""end"": 1.0, ""value"": []}]}","{""name"": ""WASHINGTON STREET"", ""class"": ""tertiary""}"
a3220425-132c-4002-8fe3-26f7b5fb6a6d,us_boston_streets_7811,"LINESTRING (-71.0799513999999988 42.3502332999999993, -71.0799178000000040 42.3501657999999992, -71.0798156999999975 42.3499651999999998, -71.0797957999999994 42.3499248999999978, -71.0797874999999948 42.3499081000000004, -71.0797768999999988 42.3498858999999968, -71.0796420000000069 42.3496025000000031, -71.0796397000000013 42.3495813999999982)","LINESTRING (-71.0798700868898976 42.3503082785360974, -71.0796822189647060 42.3499226994420965)","{""class"": ""footway"", ""names_lr"": [{""between"": [0.0, 1.0], ""value"": null}], ""subclass_lr"": [{""between"": [0.0, 0.475573489], ""value"": ""sidewalk""}, {""between"": [0.475573489, 0.5353777], ""value"": ""crosswalk""}, {""between"": [0.5353777, 1.0], ""value"": ""sidewalk""}], ""level_lr"": [{""between"": [0.0, 1.0], ""value"": 0}], ""road_flags_lr"": [{""start"": 0.0, ""end"": 1.0, ""value"": []}]}","{""name"": ""EXETER STREET"", ""class"": ""tertiary""}"
9d53c586-466d-4731-969b-175b6b18d562,us_boston_streets_9062,"LINESTRING (-71.1067120000000017 42.3314243000000019, -71.1066964000000041 42.3314674000000011, -71.1066330000000022 42.3316439999999972, -71.1066284000000053 42.3316581999999997, -71.1065760000000040 42.3318179999999984, -71.1065399999999954 42.3318749999999966, -71.1065030000000036 42.3319419999999980)","LINESTRING (-71.1068410988267061 42.3310577383069031, -71.1068139061653994 42.3311200788695032, -71.1067069517426944 42.3313652825044002, -71.1067249242571933 42.3314271383458021)","{""name"": ""Wait Street"", ""class"": ""residential"", ""names_lr"": [{""between"": [0.0, 1.0], ""value"": ""Wait Street""}], ""subclass_lr"": [{""between"": [0.0, 1.0], ""value"": null}], ""level_lr"": [{""between"": [0.0, 1.0], ""value"": 0}], ""road_flags_lr"": [{""start"": 0.0, ""end"": 1.0, ""value"": []}]}","{""name"": ""WAIT STREET"", ""class"": ""residential""}"
03ae3487-67fa-428a-b383-d64082b1424f,us_boston_streets_10172,"LINESTRING (-71.0695101000000022 42.3798426000000035, -71.0692973000000023 42.3796237000000033, -71.0690845000000024 42.3794048000000032)","LINESTRING (-71.0695191289037069 42.3798431349813995, -71.0696852943995054 42.3800159380868990, -71.0699879608488061 42.3803175374426004)","{""name"": ""Main Street"", ""class"": ""secondary"", ""names_lr"": [{""between"": [0.0, 1.0], ""value"": ""Main Street""}], ""subclass_lr"": [{""between"": [0.0, 1.0], ""value"": null}], ""level_lr"": [{""between"": [0.0, 1.0], ""value"": 0}], ""road_flags_lr"": [{""start"": 0.0, ""end"": 1.0, ""value"": []}]}","{""name"": ""MAIN STREET"", ""class"": ""tertiary""}"
a16d80f3-0c5f-4f9c-b007-7e5d4f5b3f6d,us_boston_streets_6467,"LINESTRING (-71.1191160999999994 42.3088127999999983, -71.1189822000000049 42.3087935000000002, -71.1188836999999978 42.3087809000000021, -71.1187905000000029 42.3087698000000003, -71.1187012000000038 42.3087605999999994, -71.1186174999999992 42.3087526999999994, -71.1185334000000040 42.3087481999999966, -71.1184441000000049 42.3087488999999977)","LINESTRING (-71.1184734115894059 42.3087601565884981, -71.1183934390705019 42.3087598910458027, -71.1182544258609965 42.3087751845349018, -71.1179992934687988 42.3088131629323030)","{""name"": ""Centre Street"", ""class"": ""secondary"", ""names_lr"": [{""between"": [0.0, 1.0], ""value"": ""Centre Street""}], ""subclass_lr"": [{""between"": [0.0, 1.0], ""value"": null}], ""level_lr"": [{""between"": [0.0, 1.0], ""value"": 0}], ""road_flags_lr"": [{""start"": 0.0, ""end"": 1.0, ""value"": []}]}","{""name"": ""CENTRE STREET"", ""class"": ""tertiary""}"
b4b4f74b-719a-48c0-a4d5-bcd0d9217dd3,us_boston_streets_1874,"LINESTRING (-71.1330679999999944 42.2540750000000003, -71.1329589999999996 42.2540410000000008, -71.1327299999999951 42.2539739999999995)","LINESTRING (-71.1327308902263979 42.2539821721603985, -71.1326565002684958 42.2539447992324995, -71.1324778208791031 42.2538665750739000, -71.1322943960753946 42.2537585154812021, -71.1321953732641958 42.2536912353000034)","{""name"": ""Reservation Road"", ""class"": ""tertiary"", ""names_lr"": [{""between"": [0.0, 1.0], ""value"": ""Reservation Road""}], ""subclass_lr"": [{""between"": [0.0, 1.0], ""value"": null}], ""level_lr"": [{""between"": [0.0, 1.0], ""value"": 0}], ""road_flags_lr"": [{""start"": 0.0, ""end"": 1.0, ""value"": []}]}","{""name"": ""RESERVATION ROAD"", ""class"": ""residential""}"
18637422-a7e0-4e28-8711-566f1a7bcaa5,us_boston_streets_6041,"LINESTRING (-71.0615839999999963 42.2937700000000021, -71.0609089000000012 42.2939493000000013)","LINESTRING (-71.0620916938091938 42.2936642054816971, -71.0615842459837950 42.2937787450556968)","{""name"": ""Centre Street"", ""class"": ""residential"", ""names_lr"": [{""between"": [0.0, 1.0], ""value"": ""Centre Street""}], ""subclass_lr"": [{""between"": [0.0, 1.0], ""value"": null}], ""level_lr"": [{""between"": [0.0, 1.0], ""value"": 0}], ""road_flags_lr"": [{""start"": 0.0, ""end"": 1.0, ""value"": []}]}","{""name"": ""CENTRE STREET"", ""class"": ""residential""}"
9f548ae0-9ac3-455e-88a6-7045ce3215e1,us_boston_streets_4052,"LINESTRING (-71.1500072000000046 42.2949398000000016, -71.1500790999999992 42.2949332000000027, -71.1501824000000056 42.2949235999999971, -71.1501904999999937 42.2949717999999990, -71.1502009999999956 42.2950340000000011, -71.1501204999999999 42.2950414000000023, -71.1500178999999946 42.2950508999999997)","LINESTRING (-71.1500974241807000 42.2949939658399003, -71.1502411684655982 42.2953793900566026, -71.1503006290525946 42.2955388221396973)","{""class"": ""footway"", ""subclass"": ""crosswalk"", ""names_lr"": [{""between"": [0.0, 1.0], ""value"": null}], ""subclass_lr"": [{""between"": [0.0, 1.0], ""value"": ""crosswalk""}], ""level_lr"": [{""between"": [0.0, 1.0], ""value"": 0}], ""road_flags_lr"": [{""start"": 0.0, ""end"": 1.0, ""value"": []}]}","{""name"": ""CHURCH STREET"", ""class"": ""residential""}"
731f4f08-6bdf-48e3-b41a-9f365264145a,us_boston_streets_5285,"LINESTRING (-71.0608646999999962 42.3634202000000002, -71.0607844000000028 42.3634058000000024, -71.0606899999999939 42.3633876999999970)","LINESTRING (-71.0607218055368008 42.3633252558857976, -71.0608324232286037 42.3634509203130989, -71.0610174229913980 42.3636610834399008)","{""class"": ""footway"", ""subclass"": ""crosswalk"", ""names_lr"": [{""between"": [0.0, 1.0], ""value"": null}], ""subclass_lr"": [{""between"": [0.0, 1.0], ""value"": ""crosswalk""}], ""level_lr"": [{""between"": [0.0, 1.0], ""value"": 0}], ""road_flags_lr"": [{""start"": 0.0, ""end"": 1.0, ""value"": []}]}","{""name"": ""PORTLAND STREET"", ""class"": ""tertiary""}"
9704048e-f710-44c3-ba91-68956f8a2d7e,us_boston_streets_2361,"LINESTRING (-71.1449357000000049 42.2833893999999972, -71.1449721999999980 42.2833406000000025, -71.1449968999999953 42.2833077000000017, -71.1449352000000061 42.2832561000000027, -71.1448931000000044 42.2832209000000034, -71.1448438999999979 42.2832561000000027, -71.1447885999999983 42.2832956000000024)","LINESTRING (-71.1448976152972961 42.2832971919754996, -71.1444443354488953 42.2830166965406988, -71.1442090653981012 42.2828786721636973)","{""class"": ""footway"", ""subclass"": ""crosswalk"", ""names_lr"": [{""between"": [0.0, 1.0], ""value"": null}], ""subclass_lr"": [{""between"": [0.0, 1.0], ""value"": ""crosswalk""}], ""level_lr"": [{""between"": [0.0, 1.0], ""value"": 0}], ""road_flags_lr"": [{""start"": 0.0, ""end"": 1.0, ""value"": []}]}","{""name"": ""BEECH STREET"", ""class"": ""residential""}"
bd58c5ad-81d6-492e-8754-352634164a44,us_boston_streets_5789,"LINESTRING (-71.1070440000000019 42.3340650000000025, -71.1069940000000003 42.3341550000000026, -71.1069389999999970 42.3342200000000020, -71.1068982000000034 42.3342559000000023, -71.1068559999999934 42.3342930000000024, -71.1067053000000016 42.3344260000000006, -71.1066559000000069 42.3344695999999985)","LINESTRING (-71.1066764989357978 42.3344609612234990, -71.1061001319916954 42.3349504758071973)","{""name"": ""Saint Albans Road"", ""class"": ""residential"", ""names_lr"": [{""between"": [0.0, 1.0], ""value"": ""Saint Albans Road""}], ""subclass_lr"": [{""between"": [0.0, 1.0], ""value"": null}], ""level_lr"": [{""between"": [0.0, 1.0], ""value"": 0}], ""road_flags_lr"": [{""start"": 0.0, ""end"": 1.0, ""value"": []}]}","{""name"": ""SAINT ALBANS ROAD"", ""class"": ""residential""}"
a94190b4-b8d7-453a-b934-4e4d74ec1233,us_boston_streets_1921,"LINESTRING (-71.0717470000000020 42.2919953000000035, -71.0717690000000033 42.2922980000000024)","LINESTRING (-71.0717699564217043 42.2923069015033022, -71.0717884819563039 42.2925652503050031, -71.0718144710094037 42.2928691993272992)","{""name"": ""Washington Street"", ""class"": ""secondary"", ""names_lr"": [{""between"": [0.0, 1.0], ""value"": ""Washington Street""}], ""subclass_lr"": [{""between"": [0.0, 1.0], ""value"": null}], ""level_lr"": [{""between"": [0.0, 1.0], ""value"": 0}], ""road_flags_lr"": [{""start"": 0.0, ""end"": 1.0, ""value"": []}]}","{""name"": ""WASHINGTON STREET"", ""class"": ""tertiary""}"
a86b083f-f506-43e6-8766-1991255f946d,us_boston_streets_4379,"LINESTRING (-71.0531031000000013 42.3316692000000003, -71.0531471999999980 42.3317435000000017, -71.0533125000000041 42.3319959999999966)","LINESTRING (-71.0533075786071038 42.3320046760680029, -71.0535911098030937 42.3324634889480009)","{""name"": ""Old Colony Avenue"", ""class"": ""primary"", ""names_lr"": [{""between"": [0.0, 1.0], ""value"": ""Old Colony Avenue""}], ""subclass_lr"": [{""between"": [0.0, 1.0], ""value"": null}], ""level_lr"": [{""between"": [0.0, 1.0], ""value"": 0}], ""road_flags_lr"": [{""start"": 0.0, ""end"": 1.0, ""value"": []}]}","{""name"": ""OLD COLONY AVENUE"", ""class"": ""tertiary""}"
d3bbbc5b-903f-4cb5-8b02-6c0a92e91782,us_boston_streets_6176,"LINESTRING (-71.0823089999999951 42.3041210000000021, -71.0822648000000044 42.3040907000000033, -71.0813399999999973 42.3034579999999991)","LINESTRING (-71.0845919784712947 42.3052496684302994, -71.0843705822313012 42.3051724098878026, -71.0842938072007939 42.3051456183353025, -71.0842182603143016 42.3051200177701006, -71.0837919667848013 42.3049755590969028, -71.0834773665399950 42.3048630061481035, -71.0833118169954048 42.3047926362998012, -71.0831245360787989 42.3046850437006015, -71.0828160565632032 42.3044779832386979, -71.0824752285551966 42.3042330989310997, -71.0823099068622071 42.3041295262831980, -71.0813406115636042 42.3034665307027993, -71.0806522606169011 42.3029908011800018, -71.0800571176302043 42.3026071235452008)","{""name"": ""Seaver Street"", ""class"": ""residential"", ""names_lr"": [{""between"": [0.0, 1.0], ""value"": ""Seaver Street""}], ""subclass_lr"": [{""between"": [0.0, 1.0], ""value"": null}], ""level_lr"": [{""between"": [0.0, 1.0], ""value"": 0}], ""road_flags_lr"": [{""start"": 0.0, ""end"": 1.0, ""value"": []}]}","{""name"": ""SEAVER STREET"", ""class"": ""residential""}"
d34ed4d7-3dc6-4473-a208-76b1ed4d9214,us_boston_streets_7569,"LINESTRING (-71.0622524999999996 42.3740353000000027, -71.0617691000000065 42.3736934000000005)","LINESTRING (-71.0616402184375033 42.3736661130242993, -71.0619003499916033 42.3738527874087012)","{""class"": ""footway"", ""subclass"": ""sidewalk"", ""names_lr"": [{""between"": [0.0, 1.0], ""value"": null}], ""subclass_lr"": [{""between"": [0.0, 1.0], ""value"": ""sidewalk""}], ""level_lr"": [{""between"": [0.0, 1.0], ""value"": 0}], ""road_flags_lr"": [{""start"": 0.0, ""end"": 1.0, ""value"": []}]}","{""name"": ""WARREN STREET"", ""class"": ""tertiary""}"
3ec72f1b-b3f5-40a2-a412-4c7049b89af2,us_boston_streets_1779,"LINESTRING (-71.1395758999999970 42.3527983000000035, -71.1395123000000069 42.3528216999999998, -71.1392770000000070 42.3529049999999998, -71.1389970000000034 42.3529920000000004)","LINESTRING (-71.1389973828159015 42.3530009897773994, -71.1388828284604955 42.3530407388319006, -71.1383459661158071 42.3532270201101966)","{""name"": ""Cambridge Street"", ""class"": ""primary"", ""names_lr"": [{""between"": [0.0, 1.0], ""value"": ""Cambridge Street""}], ""subclass_lr"": [{""between"": [0.0, 1.0], ""value"": null}], ""level_lr"": [{""between"": [0.0, 1.0], ""value"": 0}], ""road_flags_lr"": [{""start"": 0.0, ""end"": 1.0, ""value"": []}]}","{""name"": ""CAMBRIDGE STREET"", ""class"": ""tertiary""}"
e69aa12a-303f-4c58-894b-ab0cf2f85a13,us_boston_streets_99,"LINESTRING (-71.0756679999999932 42.3132260000000002, -71.0755805999999950 42.3131975000000011, -71.0753579999999943 42.3131249999999994)","LINESTRING (-71.0753581329292956 42.3131340531855002, -71.0749733821185004 42.3129930818738984, -71.0746500800377987 42.3128492468883977)","{""name"": ""Quincy Street"", ""class"": ""secondary"", ""names_lr"": [{""between"": [0.0, 1.0], ""value"": ""Quincy Street""}], ""subclass_lr"": [{""between"": [0.0, 1.0], ""value"": null}], ""level_lr"": [{""between"": [0.0, 1.0], ""value"": 0}], ""road_flags_lr"": [{""start"": 0.0, ""end"": 1.0, ""value"": []}]}","{""name"": ""QUINCY STREET"", ""class"": ""tertiary""}"
e57168a9-a5e6-4268-9ca9-5170c0a9e309,us_boston_streets_10772,"LINESTRING (-71.0984502000000020 42.3180059999999969, -71.0984471999999954 42.3180705999999986, -71.0984456999999992 42.3181050999999968, -71.0984545000000026 42.3181251999999972)","LINESTRING (-71.0982464554145963 42.3181555959395013, -71.0982437572300938 42.3183435243174983)","{""name"": ""Columbus Avenue"", ""class"": ""footway"", ""subclass"": ""crosswalk"", ""names_lr"": [{""between"": [0.0, 1.0], ""value"": ""Columbus Avenue""}], ""subclass_lr"": [{""between"": [0.0, 1.0], ""value"": ""crosswalk""}], ""level_lr"": [{""between"": [0.0, 1.0], ""value"": 0}], ""road_flags_lr"": [{""start"": 0.0, ""end"": 1.0, ""value"": []}]}","{""name"": ""COLUMBUS AVENUE"", ""class"": ""primary""}"
0aaadd5d-5753-405e-b0c8-a9924b88b41a,us_boston_streets_1842,"LINESTRING (-71.0533987999999965 42.3584607000000020, -71.0538592000000051 42.3587727999999970, -71.0542791000000022 42.3586442000000005)","LINESTRING (-71.0532483681461002 42.3584866537105995, -71.0535968944603979 42.3586706761157998, -71.0538610742308947 42.3588101614915971)","{""class"": ""footway"", ""subclass"": ""sidewalk"", ""names_lr"": [{""between"": [0.0, 1.0], ""value"": null}], ""subclass_lr"": [{""between"": [0.0, 1.0], ""value"": ""sidewalk""}], ""level_lr"": [{""between"": [0.0, 1.0], ""value"": 0}], ""road_flags_lr"": [{""start"": 0.0, ""end"": 1.0, ""value"": []}]}","{""name"": ""INDIA STREET"", ""class"": ""tertiary""}"
28715ad6-2aca-4703-89df-f5bf5fd9b955,us_boston_streets_2997,"LINESTRING (-71.0825573999999989 42.3336570000000023, -71.0826219000000066 42.3336950999999999, -71.0826907999999946 42.3337359000000006, -71.0826502000000033 42.3337828000000016, -71.0825935999999956 42.3338480999999973, -71.0825490000000002 42.3338996000000023)","LINESTRING (-71.0825820360992964 42.3337414376690973, -71.0826662126264068 42.3336528995277988, -71.0828695312311964 42.3334390468659976)","{""class"": ""footway"", ""subclass"": ""crosswalk"", ""names_lr"": [{""between"": [0.0, 1.0], ""value"": null}], ""subclass_lr"": [{""between"": [0.0, 1.0], ""value"": ""crosswalk""}], ""level_lr"": [{""between"": [0.0, 1.0], ""value"": 0}], ""road_flags_lr"": [{""start"": 0.0, ""end"": 1.0, ""value"": []}]}","{""name"": ""SHAWMUT AVENUE"", ""class"": ""tertiary""}"
c5ed6091-74aa-4b3a-8590-83b2aa6c285f,us_boston_streets_5418,"LINESTRING (-71.0740576000000033 42.3216017000000022, -71.0740559999999988 42.3207560000000029)","LINESTRING (-71.0735339180656069 42.3202111725531012, -71.0737065116942972 42.3201761439422981, -71.0738342169544950 42.3201833706579009, -71.0738652814998062 42.3201868646530031, -71.0739601592700012 42.3202200178188974, -71.0740139684646977 42.3202605640938003, -71.0740537479867953 42.3203203544250997, -71.0740566357656007 42.3207643269710019, -71.0740568049915993 42.3215847207708009, -71.0740490025665963 42.3218986695856998, -71.0740247301776975 42.3220690760970015, -71.0739604030239036 42.3222483326048007, -71.0739072007522026 42.3223516695513027, -71.0738566113311947 42.3224325087333000, -71.0738157641869037 42.3224739951210012, -71.0737639725661978 42.3225081295965992, -71.0732456399083929 42.3227160871204973, -71.0730058885818039 42.3227934055152986)","{""name"": ""Brook Avenue"", ""class"": ""residential"", ""names_lr"": [{""between"": [0.0, 1.0], ""value"": ""Brook Avenue""}], ""subclass_lr"": [{""between"": [0.0, 1.0], ""value"": null}], ""level_lr"": [{""between"": [0.0, 1.0], ""value"": 0}], ""road_flags_lr"": [{""start"": 0.0, ""end"": 1.0, ""value"": []}]}","{""name"": ""BROOK AVENUE"", ""class"": ""residential""}"
b9ff70d0-4e30-4b61-9142-f09233ef0c85,us_boston_streets_5483,"LINESTRING (-71.1434899999999999 42.3007800000000032, -71.1433358000000027 42.3007580000000019, -71.1431400000000025 42.3007300000000015, -71.1424509999999941 42.3006099999999989, -71.1423029999999983 42.3005819999999986, -71.1420499999999976 42.3005350000000035, -71.1419259999999980 42.3004850000000019)","LINESTRING (-71.1423035168714932 42.3005910070830993, -71.1420507588272955 42.3005437186592985, -71.1419267370216062 42.3004932549592993)","{""name"": ""Payson Road"", ""class"": ""residential"", ""names_lr"": [{""between"": [0.0, 1.0], ""value"": ""Payson Road""}], ""subclass_lr"": [{""between"": [0.0, 1.0], ""value"": null}], ""level_lr"": [{""between"": [0.0, 1.0], ""value"": 0}], ""road_flags_lr"": [{""start"": 0.0, ""end"": 1.0, ""value"": []}]}","{""name"": ""PAYSON ROAD"", ""class"": ""residential""}"
55c8f44e-8e68-4293-b860-e5d990852c5f,us_boston_streets_5954,"LINESTRING (-71.1650041999999985 42.2715446999999998, -71.1655762999999979 42.2690100000000015)","LINESTRING (-71.1656759322013954 42.2689687946454029, -71.1654881979212064 42.2697295662349006, -71.1652041994033056 42.2709632763866026, -71.1650587117415938 42.2716127568759035, -71.1650439832028070 42.2716762986546968, -71.1649795709150936 42.2717503838955011, -71.1647156445460070 42.2719088555202021, -71.1640236433760975 42.2722827093176008)","{""class"": ""footway"", ""subclass"": ""sidewalk"", ""names_lr"": [{""between"": [0.0, 1.0], ""value"": null}], ""subclass_lr"": [{""between"": [0.0, 1.0], ""value"": ""sidewalk""}], ""level_lr"": [{""between"": [0.0, 1.0], ""value"": 0}], ""road_flags_lr"": [{""start"": 0.0, ""end"": 1.0, ""value"": []}]}","{""name"": ""JOYCE KILMER ROAD"", ""class"": ""residential""}"
6d8c3c93-0aca-4296-b122-bbaf12eaed59,us_boston_streets_10779,"LINESTRING (-71.1251601999999963 42.3516248000000033, -71.1247695999999934 42.3519367000000031, -71.1247443999999973 42.3519628000000026, -71.1247137000000009 42.3520003000000003, -71.1247010999999958 42.3520236999999966, -71.1246728999999931 42.3520857999999976)","LINESTRING (-71.1244102973418961 42.3522403090235997, -71.1245840487240031 42.3521519998868996, -71.1246976364262053 42.3520757398775984)","{""name"": ""Commonwealth Avenue"", ""class"": ""primary"", ""names_lr"": [{""between"": [0.0, 1.0], ""value"": ""Commonwealth Avenue""}], ""subclass_lr"": [{""between"": [0.0, 1.0], ""value"": null}], ""level_lr"": [{""between"": [0.0, 1.0], ""value"": 0}], ""road_flags_lr"": [{""start"": 0.0, ""end"": 1.0, ""value"": []}]}","{""name"": ""COMMONWEALTH AVENUE"", ""class"": ""primary""}"
c5ccc511-b572-44fd-a536-4232fd5c51cf,us_boston_streets_1166,"LINESTRING (-71.1383598999999975 42.3441390999999996, -71.1383428999999978 42.3441273999999979, -71.1383048999999943 42.3441012999999984, -71.1382602999999989 42.3440707000000032, -71.1382100999999949 42.3441112000000004, -71.1381637000000069 42.3441485000000029)","LINESTRING (-71.1382467989679981 42.3441347278142999, -71.1378901981843939 42.3439220345326035)","{""class"": ""footway"", ""subclass"": ""crosswalk"", ""names_lr"": [{""between"": [0.0, 1.0], ""value"": null}], ""subclass_lr"": [{""between"": [0.0, 1.0], ""value"": ""crosswalk""}], ""level_lr"": [{""between"": [0.0, 1.0], ""value"": 0}], ""road_flags_lr"": [{""start"": 0.0, ""end"": 1.0, ""value"": []}]}","{""name"": ""SUMMIT AVENUE"", ""class"": ""residential""}"
eea7dae6-fa51-4399-8067-4b11908f7201,us_boston_streets_4818,"LINESTRING (-71.0681019999999961 42.3505770000000012, -71.0680183000000056 42.3503113000000013, -71.0680439000000064 42.3503071000000020)","LINESTRING (-71.0679501615305043 42.3499988662719034, -71.0680494259867004 42.3503340730667972)","{""class"": ""footway"", ""names_lr"": [{""between"": [0.0, 1.0], ""value"": null}], ""subclass_lr"": [{""between"": [0.0, 1.0], ""value"": null}], ""level_lr"": [{""between"": [0.0, 1.0], ""value"": 0}], ""road_flags_lr"": [{""start"": 0.0, ""end"": 1.0, ""value"": []}]}","{""name"": ""SHAWMUT STREET"", ""class"": ""residential""}"
6097226f-8766-43f6-9ceb-c736ba975778,us_boston_streets_2978,"LINESTRING (-71.0776400999999964 42.3840417999999985, -71.0775940000000048 42.3840276000000031, -71.0775538999999981 42.3840136000000030)","LINESTRING (-71.0776426141976998 42.3839509749463019, -71.0772205723657038 42.3838133216433022)","{""class"": ""footway"", ""subclass"": ""crosswalk"", ""names_lr"": [{""between"": [0.0, 1.0], ""value"": null}], ""subclass_lr"": [{""between"": [0.0, 1.0], ""value"": ""crosswalk""}], ""level_lr"": [{""between"": [0.0, 1.0], ""value"": 0}], ""road_flags_lr"": [{""start"": 0.0, ""end"": 1.0, ""value"": []}]}","{""name"": ""PERKINS STREET"", ""class"": ""residential""}"
fa1fadb8-1344-4a9f-b37e-ecdea93887ca,us_boston_streets_3408,"LINESTRING (-71.1300796000000020 42.2873931000000027, -71.1300595000000015 42.2874002000000004, -71.1299927000000025 42.2874224999999981, -71.1299565999999999 42.2874316999999991, -71.1299290999999982 42.2874336000000000, -71.1298989999999947 42.2874320999999966, -71.1298761000000042 42.2874267999999987, -71.1298486000000025 42.2874151999999981, -71.1297945999999968 42.2873884999999987, -71.1297615000000008 42.2873718999999966, -71.1297272999999990 42.2873549999999980, -71.1296191999999934 42.2873051999999987)","LINESTRING (-71.1298317629333070 42.2873251102246996, -71.1295557256888031 42.2872192336281998)","{""class"": ""footway"", ""subclass"": ""sidewalk"", ""names_lr"": [{""between"": [0.0, 1.0], ""value"": null}], ""subclass_lr"": [{""between"": [0.0, 1.0], ""value"": ""sidewalk""}], ""level_lr"": [{""between"": [0.0, 1.0], ""value"": 0}], ""road_flags_lr"": [{""start"": 0.0, ""end"": 1.0, ""value"": []}]}","{""name"": ""SOUTH STREET FREEWAY"", ""class"": ""residential""}"
fdaac776-4e66-480c-8d63-5b194369e580,us_boston_streets_5390,"LINESTRING (-71.0831076999999993 42.3111835999999997, -71.0830428999999953 42.3113341999999975)","LINESTRING (-71.0830359573988062 42.3113415828283976, -71.0830042618826070 42.3114374144493013, -71.0829246645484005 42.3116380047248981, -71.0829096109561931 42.3117651181660008, -71.0829166297851032 42.3118799299059987)","{""name"": ""Warren Street"", ""class"": ""secondary"", ""names_lr"": [{""between"": [0.0, 1.0], ""value"": ""Warren Street""}], ""subclass_lr"": [{""between"": [0.0, 1.0], ""value"": null}], ""level_lr"": [{""between"": [0.0, 1.0], ""value"": 0}], ""road_flags_lr"": [{""start"": 0.0, ""end"": 1.0, ""value"": []}]}","{""name"": ""WARREN STREET"", ""class"": ""tertiary""}"
23037a83-9e17-46fd-a963-b89e3015f8e4,us_boston_streets_5584,"LINESTRING (-71.0704300000000018 42.3458644000000035, -71.0705724000000032 42.3461557999999982, -71.0705858999999975 42.3461883000000014, -71.0706188999999995 42.3462510000000023)","LINESTRING (-71.0702181302765013 42.3454445677336011, -71.0702641979135024 42.3455297068446015, -71.0704330413085046 42.3458544449266014)","{""name"": ""Berkeley Street"", ""class"": ""primary"", ""names_lr"": [{""between"": [0.0, 1.0], ""value"": ""Berkeley Street""}], ""subclass_lr"": [{""between"": [0.0, 1.0], ""value"": null}], ""level_lr"": [{""between"": [0.0, 1.0], ""value"": 0}], ""road_flags_lr"": [{""start"": 0.0, ""end"": 1.0, ""value"": []}]}","{""name"": ""BERKELEY STREET"", ""class"": ""tertiary""}"
c6447995-dbcc-430d-a052-20b0a91a9e01,us_boston_streets_770,"LINESTRING (-71.0716113999999948 42.3833016000000029, -71.0715705000000071 42.3832997000000020, -71.0715282999999971 42.3832877999999980, -71.0715102000000059 42.3832787999999994, -71.0709777999999943 42.3830128000000030, -71.0706710999999984 42.3828649000000013, -71.0704848999999967 42.3827764999999985, -71.0700053999999994 42.3825354000000019, -71.0699716000000024 42.3825057000000029)","LINESTRING (-71.0717346264394934 42.3834587354214989, -71.0716443259642006 42.3834172481293976, -71.0711513313544003 42.3831891456470018, -71.0711442895516967 42.3831858873754967, -71.0705830879888936 42.3828979527006027, -71.0705505613665025 42.3828820808049969)","{""class"": ""footway"", ""subclass"": ""sidewalk"", ""names_lr"": [{""between"": [0.0, 1.0], ""value"": null}], ""subclass_lr"": [{""between"": [0.0, 1.0], ""value"": ""sidewalk""}], ""level_lr"": [{""between"": [0.0, 1.0], ""value"": 0}], ""road_flags_lr"": [{""start"": 0.0, ""end"": 1.0, ""value"": []}]}","{""name"": ""BUNKER HILL STREET"", ""class"": ""tertiary""}"
d7663089-c740-4e11-ad34-26918df496d3,us_boston_streets_4276,"LINESTRING (-71.0057663000000048 42.3870458000000028, -71.0059222000000005 42.3869948999999977, -71.0063741999999962 42.3868483999999981)","LINESTRING (-71.0063628695328930 42.3868540907448974, -71.0066761278163057 42.3867462491714022, -71.0067956549244030 42.3866726696928993)","{""name"": ""Bennington Street"", ""class"": ""secondary"", ""names_lr"": [{""between"": [0.0, 1.0], ""value"": ""Bennington Street""}], ""subclass_lr"": [{""between"": [0.0, 1.0], ""value"": null}], ""level_lr"": [{""between"": [0.0, 1.0], ""value"": 0}], ""road_flags_lr"": [{""start"": 0.0, ""end"": 1.0, ""value"": []}]}","{""name"": ""BENNINGTON STREET"", ""class"": ""tertiary""}"
d1acd985-bb6e-40bf-be2e-fd68ed67b1a6,us_boston_streets_1779,"LINESTRING (-71.1383528000000069 42.3530986999999968, -71.1389194000000060 42.3529301000000018)","LINESTRING (-71.1389973828159015 42.3530009897773994, -71.1388828284604955 42.3530407388319006, -71.1383459661158071 42.3532270201101966)","{""class"": ""footway"", ""subclass"": ""sidewalk"", ""names_lr"": [{""between"": [0.0, 1.0], ""value"": null}], ""subclass_lr"": [{""between"": [0.0, 1.0], ""value"": ""sidewalk""}], ""level_lr"": [{""between"": [0.0, 1.0], ""value"": 0}], ""road_flags_lr"": [{""start"": 0.0, ""end"": 1.0, ""value"": []}]}","{""name"": ""CAMBRIDGE STREET"", ""class"": ""tertiary""}"
b2f04f28-3424-4954-b085-4cd27b5d967e,us_boston_streets_10480,"LINESTRING (-71.0713149999999985 42.2893600000000021, -71.0713434000000035 42.2894334000000001, -71.0713692000000066 42.2894999999999968, -71.0713834000000020 42.2895366999999993, -71.0714688000000052 42.2897572999999980, -71.0715119999999985 42.2898690000000030)","LINESTRING (-71.0711192811133969 42.2887435791669972, -71.0711918458405023 42.2890383402016994, -71.0713154077482017 42.2893690938460978)","{""name"": ""Washington Street"", ""class"": ""secondary"", ""names_lr"": [{""between"": [0.0, 1.0], ""value"": ""Washington Street""}], ""subclass_lr"": [{""between"": [0.0, 1.0], ""value"": null}], ""level_lr"": [{""between"": [0.0, 1.0], ""value"": 0}], ""road_flags_lr"": [{""start"": 0.0, ""end"": 1.0, ""value"": []}]}","{""name"": ""WASHINGTON STREET"", ""class"": ""tertiary""}"
ae72ba1a-6476-4aa3-9beb-b7a109c09575,us_boston_streets_6036,"LINESTRING (-71.1512120999999951 42.3552887000000027, -71.1504364000000038 42.3549883000000023)","LINESTRING (-71.1504351379948048 42.3549931163728033, -71.1503548351012967 42.3549610110924988, -71.1503070122294048 42.3549423584827025, -71.1499651747232065 42.3548090276371028)","{""name"": ""Faneuil Street"", ""class"": ""tertiary"", ""names_lr"": [{""between"": [0.0, 1.0], ""value"": ""Faneuil Street""}], ""subclass_lr"": [{""between"": [0.0, 1.0], ""value"": null}], ""level_lr"": [{""between"": [0.0, 1.0], ""value"": 0}], ""road_flags_lr"": [{""start"": 0.0, ""end"": 1.0, ""value"": []}]}","{""name"": ""FANEUIL STREET"", ""class"": ""residential""}"
4625ae19-eb5c-49a5-bbd4-c814c46227f7,us_boston_streets_10479,"LINESTRING (-71.0788229999999999 42.3146079999999998, -71.0787799000000007 42.3146892999999977, -71.0786643999999939 42.3149074000000027, -71.0784907000000032 42.3152351999999965)","LINESTRING (-71.0791686251196069 42.3140568058688018, -71.0788892516587936 42.3145121212224993, -71.0788233562442002 42.3146165394214009)","{""name"": ""Blue Hill Avenue"", ""class"": ""secondary"", ""names_lr"": [{""between"": [0.0, 1.0], ""value"": ""Blue Hill Avenue""}], ""subclass_lr"": [{""between"": [0.0, 1.0], ""value"": null}], ""level_lr"": [{""between"": [0.0, 1.0], ""value"": 0}], ""road_flags_lr"": [{""start"": 0.0, ""end"": 1.0, ""value"": []}]}","{""name"": ""BLUE HILL AVENUE"", ""class"": ""tertiary""}"
bfa4ba88-3b7a-4696-9cc3-9b82ab234839,us_boston_streets_1614,"LINESTRING (-71.0719129999999950 42.2939330000000027, -71.0719789999999989 42.2944180000000003)","LINESTRING (-71.0719792113426934 42.2944262093630030, -71.0720033186193945 42.2946153572635026)","{""name"": ""Washington Street"", ""class"": ""secondary"", ""names_lr"": [{""between"": [0.0, 1.0], ""value"": ""Washington Street""}], ""subclass_lr"": [{""between"": [0.0, 1.0], ""value"": null}], ""level_lr"": [{""between"": [0.0, 1.0], ""value"": 0}], ""road_flags_lr"": [{""start"": 0.0, ""end"": 1.0, ""value"": []}]}","{""name"": ""WASHINGTON STREET"", ""class"": ""tertiary""}"
fc5c3531-63c1-4ac3-abdd-64fb54356d6d,us_boston_streets_9177,"LINESTRING (-71.1682761999999940 42.2906578999999994, -71.1683397000000042 42.2907216999999989, -71.1683649000000003 42.2907464999999974, -71.1686020000000070 42.2909794999999988, -71.1686183999999997 42.2909957999999975, -71.1686646999999937 42.2910419999999974)","LINESTRING (-71.1681078405241010 42.2904892150599991, -71.1682816897115060 42.2906724669766021)","{""name"": ""Lagrange Street"", ""class"": ""secondary"", ""names_lr"": [{""between"": [0.0, 1.0], ""value"": ""Lagrange Street""}], ""subclass_lr"": [{""between"": [0.0, 1.0], ""value"": null}], ""level_lr"": [{""between"": [0.0, 1.0], ""value"": 0}], ""road_flags_lr"": [{""start"": 0.0, ""end"": 1.0, ""value"": []}]}","{""name"": ""LAGRANGE STREET"", ""class"": ""tertiary""}"
2ec667f2-00fc-4cf8-bf89-e52ddd3a5e1c,us_boston_streets_3913,"LINESTRING (-71.1321899999999943 42.3481798999999981, -71.1320379000000003 42.3482521000000034, -71.1318171000000063 42.3483573000000035, -71.1316882999999933 42.3484183999999999, -71.1315699000000023 42.3484746999999970)","LINESTRING (-71.1311702562091028 42.3486761501338975, -71.1315831025027023 42.3484805335693011)","{""name"": ""Brainerd Road"", ""class"": ""tertiary"", ""names_lr"": [{""between"": [0.0, 1.0], ""value"": ""Brainerd Road""}], ""subclass_lr"": [{""between"": [0.0, 1.0], ""value"": null}], ""level_lr"": [{""between"": [0.0, 1.0], ""value"": 0}], ""road_flags_lr"": [{""start"": 0.0, ""end"": 1.0, ""value"": []}]}","{""name"": ""BRAINERD ROAD"", ""class"": ""residential""}"
acfb54cb-ec4b-44c7-8ce9-c289b13fbb9d,us_boston_streets_8902,"LINESTRING (-71.0873595999999992 42.3068600000000004, -71.0882718000000011 42.3073017999999976, -71.0887323999999978 42.3075716000000028, -71.0889465000000058 42.3077141999999995)","LINESTRING (-71.0874141969032962 42.3067543325798994, -71.0877654689805070 42.3069412790963995, -71.0881131101538983 42.3071068393077994, -71.0883501629892010 42.3072275365731016, -71.0886314117369977 42.3073725916063026, -71.0887750471818975 42.3074621795009023, -71.0888573342607941 42.3075135037950005, -71.0889989623980938 42.3076220535237013)","{""class"": ""footway"", ""subclass"": ""sidewalk"", ""names_lr"": [{""between"": [0.0, 1.0], ""value"": null}], ""subclass_lr"": [{""between"": [0.0, 1.0], ""value"": ""sidewalk""}], ""level_lr"": [{""between"": [0.0, 1.0], ""value"": 0}], ""road_flags_lr"": [{""start"": 0.0, ""end"": 1.0, ""value"": []}]}","{""name"": ""SEAVER STREET"", ""class"": ""primary""}"
3a4ff50e-19fd-46ff-a6c8-606dfcec3a8b,us_boston_streets_4780,"LINESTRING (-71.0914558000000056 42.3301773999999966, -71.0913374000000005 42.3301463000000027, -71.0913292999999982 42.3301232999999968, -71.0913101999999952 42.3300649999999976, -71.0913079000000039 42.3300581000000022, -71.0913000000000039 42.3300338000000025, -71.0912928000000051 42.3300114999999977, -71.0913137999999947 42.3299780999999982, -71.0913464000000062 42.3299262000000027)","LINESTRING (-71.0914417279029038 42.3300459030154030, -71.0913353071089062 42.3299965667118983, -71.0912191029735965 42.3299418468684010)","{""class"": ""footway"", ""names_lr"": [{""between"": [0.0, 1.0], ""value"": null}], ""subclass_lr"": [{""between"": [0.0, 0.358592036], ""value"": ""sidewalk""}, {""between"": [0.358592036, 1.0], ""value"": ""crosswalk""}], ""level_lr"": [{""between"": [0.0, 1.0], ""value"": 0}], ""road_flags_lr"": [{""start"": 0.0, ""end"": 1.0, ""value"": []}]}","{""name"": ""DUDLEY STREET"", ""class"": ""tertiary""}"
7f7d17c5-5eec-4a81-ba75-5b8691f8f35b,us_boston_streets_5459,"LINESTRING (-71.0759312999999935 42.3388285999999994, -71.0761909999999943 42.3390473999999983, -71.0762186000000042 42.3390699999999995, -71.0762552999999997 42.3391000000000020, -71.0775631000000061 42.3401980000000009, -71.0775892000000056 42.3402177999999978, -71.0776182999999975 42.3402399000000003, -71.0778942000000029 42.3404774999999987)","LINESTRING (-71.0749776649357017 42.3379275910171984, -71.0753802589320003 42.3382654851740980, -71.0754854446281001 42.3383546344858033, -71.0755696306648019 42.3384234009488978, -71.0759609178766993 42.3387322618121971, -71.0763112925859986 42.3390370290599023, -71.0777069004054027 42.3402179469877993, -71.0777314896519954 42.3402387530517998, -71.0780744665071040 42.3405289577600996)","{""class"": ""footway"", ""names_lr"": [{""between"": [0.0, 1.0], ""value"": null}], ""subclass_lr"": [{""between"": [0.0, 0.132500913], ""value"": ""sidewalk""}, {""between"": [0.132500913, 0.164787269], ""value"": ""crosswalk""}, {""between"": [0.164787269, 0.830811006], ""value"": ""sidewalk""}, {""between"": [0.830811006, 0.857450319], ""value"": ""crosswalk""}, {""between"": [0.857450319, 1.0], ""value"": ""sidewalk""}], ""level_lr"": [{""between"": [0.0, 1.0], ""value"": 0}], ""road_flags_lr"": [{""start"": 0.0, ""end"": 1.0, ""value"": []}]}","{""name"": ""WEST CONCORD STREET"", ""class"": ""residential""}"
68eca339-2396-4352-bdd2-59baccd51e8c,us_boston_streets_1673,"LINESTRING (-71.0564425000000028 42.3555750000000018, -71.0566531000000055 42.3566715999999985, -71.0566520999999938 42.3567217000000014)","LINESTRING (-71.0565715066151995 42.3555375152963975, -71.0568096717991011 42.3568137230834978)","{""class"": ""footway"", ""subclass"": ""sidewalk"", ""names_lr"": [{""between"": [0.0, 1.0], ""value"": null}], ""subclass_lr"": [{""between"": [0.0, 1.0], ""value"": ""sidewalk""}], ""level_lr"": [{""between"": [0.0, 1.0], ""value"": 0}], ""road_flags_lr"": [{""start"": 0.0, ""end"": 1.0, ""value"": []}]}","{""name"": ""FEDERAL STREET"", ""class"": ""tertiary""}"
fb98d9e9-41d8-4048-a698-1e6d79c44e31,us_boston_streets_3323,"LINESTRING (-71.0676586000000015 42.3376536000000030, -71.0671324000000055 42.3380281000000025, -71.0670884000000029 42.3380593999999988)","LINESTRING (-71.0665118852749060 42.3384871427901004, -71.0668035235600968 42.3382881039039987, -71.0671022385798068 42.3380842329346976)","{""name"": ""Albany Street"", ""class"": ""secondary"", ""names_lr"": [{""between"": [0.0, 1.0], ""value"": ""Albany Street""}], ""subclass_lr"": [{""between"": [0.0, 1.0], ""value"": null}], ""level_lr"": [{""between"": [0.0, 1.0], ""value"": 0}], ""road_flags_lr"": [{""start"": 0.0, ""end"": 1.0, ""value"": []}]}","{""name"": ""ALBANY STREET"", ""class"": ""tertiary""}"
f212c4ba-d046-4dc5-ad30-c4d0ebded68a,us_boston_streets_10500,"LINESTRING (-71.0677491999999944 42.3603626000000020, -71.0677376000000010 42.3603505999999967, -71.0669728999999961 42.3603650000000016)","LINESTRING (-71.0687103708091001 42.3603151294474998, -71.0677923153863986 42.3603226260715005, -71.0674500557846045 42.3603270210761025, -71.0673665541062007 42.3603280934433997, -71.0669135695016934 42.3603339095750968, -71.0663905449842019 42.3603465280563967)","{""class"": ""footway"", ""subclass"": ""sidewalk"", ""names_lr"": [{""between"": [0.0, 1.0], ""value"": null}], ""subclass_lr"": [{""between"": [0.0, 1.0], ""value"": ""sidewalk""}], ""level_lr"": [{""between"": [0.0, 1.0], ""value"": 0}], ""road_flags_lr"": [{""start"": 0.0, ""end"": 1.0, ""value"": []}]}","{""name"": ""PHILLIPS STREET"", ""class"": ""residential""}"
64146c95-131a-4823-8b32-37d78197f3e1,us_boston_streets_8163,"LINESTRING (-71.0700765999999931 42.3595455000000030, -71.0700566000000009 42.3595378999999994, -71.0696944000000030 42.3595469999999992, -71.0693679999999972 42.3595510000000033, -71.0690821999999969 42.3595566999999988, -71.0686915999999940 42.3595686000000029)","LINESTRING (-71.0707757973182055 42.3594861980553006, -71.0701492622559954 42.3595112484658003, -71.0697440740053992 42.3595190072206975, -71.0696602910727933 42.3595217952496981, -71.0694298879744935 42.3595294613394984)","{""class"": ""footway"", ""subclass"": ""sidewalk"", ""names_lr"": [{""between"": [0.0, 1.0], ""value"": null}], ""subclass_lr"": [{""between"": [0.0, 1.0], ""value"": ""sidewalk""}], ""level_lr"": [{""between"": [0.0, 1.0], ""value"": 0}], ""road_flags_lr"": [{""start"": 0.0, ""end"": 1.0, ""value"": []}]}","{""name"": ""REVERE STREET"", ""class"": ""residential""}"
b330661c-53f3-4b13-8abd-e6524d56b5d8,us_boston_streets_6468,"LINESTRING (-71.0568410999999998 42.3652932000000035, -71.0568370000000016 42.3653284000000028, -71.0568291999999957 42.3653952000000018)","LINESTRING (-71.0567675470775981 42.3653391934315025, -71.0567179001479019 42.3654351467191006, -71.0566569185448031 42.3655032796636988, -71.0565728354799973 42.3655798690635024)","{""class"": ""footway"", ""subclass"": ""crosswalk"", ""names_lr"": [{""between"": [0.0, 1.0], ""value"": null}], ""subclass_lr"": [{""between"": [0.0, 1.0], ""value"": ""crosswalk""}], ""level_lr"": [{""between"": [0.0, 1.0], ""value"": 0}], ""road_flags_lr"": [{""start"": 0.0, ""end"": 1.0, ""value"": []}]}","{""name"": ""THACHER STREET"", ""class"": ""residential""}"
146e0356-ef47-41a3-a6c5-67e01df5dcbd,us_boston_streets_853,"LINESTRING (-71.1653983000000068 42.2949934000000027, -71.1653715000000062 42.2949490000000026, -71.1653419999999954 42.2949002000000007)","LINESTRING (-71.1653325443357971 42.2949988460307011, -71.1654027394437065 42.2950896465547999, -71.1655906794193953 42.2952460920126967)","{""class"": ""footway"", ""subclass"": ""crosswalk"", ""names_lr"": [{""between"": [0.0, 1.0], ""value"": null}], ""subclass_lr"": [{""between"": [0.0, 1.0], ""value"": ""crosswalk""}], ""level_lr"": [{""between"": [0.0, 1.0], ""value"": 0}], ""road_flags_lr"": [{""start"": 0.0, ""end"": 1.0, ""value"": []}]}","{""name"": ""COREY STREET"", ""class"": ""residential""}"
c41efff8-df75-4e43-8d0f-1f91deacc3fb,us_boston_streets_718,"LINESTRING (-71.1209101000000032 42.2932296999999977, -71.1213549999999941 42.2928088999999972, -71.1213929999999976 42.2927729999999968)","LINESTRING (-71.1219144253402931 42.2922729949585019, -71.1213931814264981 42.2927816324626988)","{""name"": ""Washington Street"", ""class"": ""primary"", ""names_lr"": [{""between"": [0.0, 1.0], ""value"": ""Washington Street""}], ""subclass_lr"": [{""between"": [0.0, 1.0], ""value"": null}], ""level_lr"": [{""between"": [0.0, 1.0], ""value"": 0}], ""road_flags_lr"": [{""start"": 0.0, ""end"": 1.0, ""value"": []}]}","{""name"": ""WASHINGTON STREET"", ""class"": ""tertiary""}"
55bc82e7-4cb0-40ae-8e1d-4b632892b1c7,us_boston_streets_900,"LINESTRING (-71.1302050000000037 42.3527249999999995, -71.1301425999999992 42.3527179000000018, -71.1300453000000061 42.3527068000000000, -71.1296200000000027 42.3526582000000005, -71.1292851000000041 42.3526200000000017)","LINESTRING (-71.1311357250667982 42.3528415581019999, -71.1308770208576959 42.3528116855863033, -71.1305050080607941 42.3527687291974004, -71.1301934223647976 42.3527327496140984)","{""name"": ""Brighton Avenue"", ""class"": ""primary"", ""names_lr"": [{""between"": [0.0, 1.0], ""value"": ""Brighton Avenue""}], ""subclass_lr"": [{""between"": [0.0, 1.0], ""value"": null}], ""level_lr"": [{""between"": [0.0, 1.0], ""value"": 0}], ""road_flags_lr"": [{""start"": 0.0, ""end"": 1.0, ""value"": []}]}","{""name"": ""BRIGHTON AVENUE"", ""class"": ""primary""}"
1081a75a-0444-4144-beb3-931e6bca0619,us_boston_streets_3815,"LINESTRING (-71.0984827000000053 42.3300772999999992, -71.0985211999999933 42.3300345999999976, -71.0985730000000018 42.3299779999999970, -71.0986450000000048 42.3298929999999984, -71.0986543000000069 42.3298793000000018, -71.0987379999999973 42.3297560000000033, -71.0987752000000057 42.3296777999999989)","LINESTRING (-71.0987606407090027 42.3297155329448032, -71.0988181100477021 42.3295851602317015, -71.0988491258040938 42.3294893249991020, -71.0989039668419025 42.3293198738896024, -71.0989416803207064 42.3291416310376007)","{""name"": ""Parker Street"", ""class"": ""tertiary"", ""names_lr"": [{""between"": [0.0, 1.0], ""value"": ""Parker Street""}], ""subclass_lr"": [{""between"": [0.0, 1.0], ""value"": null}], ""level_lr"": [{""between"": [0.0, 1.0], ""value"": 0}], ""road_flags_lr"": [{""start"": 0.0, ""end"": 1.0, ""value"": []}]}","{""name"": ""PARKER STREET"", ""class"": ""residential""}"
78c2dbc9-b938-4a46-909e-40435bb999ec,us_boston_streets_2469,"LINESTRING (-71.0300483000000042 42.3646625000000014, -71.0298815999999960 42.3645965999999987, -71.0298178999999976 42.3645714000000027)","LINESTRING (-71.0306835121765943 42.3649518348179015, -71.0300762254694007 42.3646832075955970)","{""name"": ""Sumner Street"", ""class"": ""secondary"", ""names_lr"": [{""between"": [0.0, 1.0], ""value"": ""Sumner Street""}], ""subclass_lr"": [{""between"": [0.0, 1.0], ""value"": null}], ""level_lr"": [{""between"": [0.0, 1.0], ""value"": 0}], ""road_flags_lr"": [{""start"": 0.0, ""end"": 1.0, ""value"": []}]}","{""name"": ""SUMNER STREET"", ""class"": ""tertiary""}"
18b9be8e-44d7-4470-b970-d924f4ef8c92,us_boston_streets_521,"LINESTRING (-71.1028921999999994 42.3229309999999970, -71.1024888999999973 42.3229243999999980)","LINESTRING (-71.1036063598579062 42.3228780727635012, -71.1035065113737943 42.3228902901973996, -71.1032189878422969 42.3229134934532993, -71.1028625204376965 42.3229280175306002)","{""name"": ""Centre Street"", ""class"": ""secondary"", ""names_lr"": [{""between"": [0.0, 1.0], ""value"": ""Centre Street""}], ""subclass_lr"": [{""between"": [0.0, 1.0], ""value"": null}], ""level_lr"": [{""between"": [0.0, 1.0], ""value"": 0}], ""road_flags_lr"": [{""start"": 0.0, ""end"": 1.0, ""value"": []}]}","{""name"": ""CENTRE STREET"", ""class"": ""tertiary""}"
faa68d1d-da12-4388-ae97-78601cf7cd1f,us_boston_streets_5430,"LINESTRING (-71.0539258000000018 42.3566821000000004, -71.0539847999999949 42.3566497999999996, -71.0540546000000006 42.3566117000000020)","LINESTRING (-71.0534544917555024 42.3568453365304975, -71.0536723704754962 42.3567481387917013, -71.0539293144308033 42.3566165849032004)","{""class"": ""footway"", ""subclass"": ""crosswalk"", ""names_lr"": [{""between"": [0.0, 1.0], ""value"": null}], ""subclass_lr"": [{""between"": [0.0, 1.0], ""value"": ""crosswalk""}], ""level_lr"": [{""between"": [0.0, 1.0], ""value"": 0}], ""road_flags_lr"": [{""start"": 0.0, ""end"": 1.0, ""value"": []}]}","{""name"": ""FRANKLIN STREET"", ""class"": ""tertiary""}"
726368b1-fe84-432d-bf84-a3892a0af23b,us_boston_streets_277,"LINESTRING (-71.0883819000000017 42.3481746000000001, -71.0883764000000014 42.3481643000000005, -71.0883476000000059 42.3481094999999996, -71.0883292000000040 42.3480745000000027, -71.0883168000000012 42.3480498999999995)","LINESTRING (-71.0881531273926015 42.3481216669268008, -71.0881554312907014 42.3481268365485022, -71.0883157529142977 42.3484865710418035)","{""name"": ""Massachusetts Avenue"", ""class"": ""footway"", ""subclass"": ""crosswalk"", ""names_lr"": [{""between"": [0.0, 1.0], ""value"": ""Massachusetts Avenue""}], ""subclass_lr"": [{""between"": [0.0, 1.0], ""value"": ""crosswalk""}], ""level_lr"": [{""between"": [0.0, 1.0], ""value"": 0}], ""road_flags_lr"": [{""start"": 0.0, ""end"": 1.0, ""value"": []}]}","{""name"": ""MASSACHUSETTS AVENUE"", ""class"": ""tertiary""}"
8fdb5c6b-736d-494c-be34-90b9c97612a4,us_boston_streets_9914,"LINESTRING (-71.1630478000000011 42.2851222999999976, -71.1626562000000007 42.2847790000000003, -71.1626588999999967 42.2847492000000003, -71.1639463000000063 42.2839415999999986, -71.1643540000000030 42.2842729999999989)","LINESTRING (-71.1639753263795001 42.2838919498640990, -71.1631218781662938 42.2844262539520983, -71.1625575457585029 42.2847762771950997)","{""class"": ""footway"", ""subclass"": ""sidewalk"", ""names_lr"": [{""between"": [0.0, 1.0], ""value"": null}], ""subclass_lr"": [{""between"": [0.0, 1.0], ""value"": ""sidewalk""}], ""level_lr"": [{""between"": [0.0, 1.0], ""value"": 0}], ""road_flags_lr"": [{""start"": 0.0, ""end"": 1.0, ""value"": []}]}","{""name"": ""PENDER STREET"", ""class"": ""residential""}"
595f97af-916a-4875-a5af-082790117043,us_boston_streets_9033,"LINESTRING (-71.0459895999999986 42.3530348999999973, -71.0460453999999970 42.3530609999999967, -71.0467795999999936 42.3534041999999999, -71.0469023999999933 42.3534616000000028)","LINESTRING (-71.0433604887501957 42.3518147139798984, -71.0446794661475991 42.3523934783133029, -71.0448167965216015 42.3524707287324986, -71.0450785698227065 42.3525856507376020, -71.0452860778745929 42.3526807726108032, -71.0460066476917973 42.3530110785535996, -71.0460287761011955 42.3530212221804021, -71.0461520679188965 42.3530777394427034, -71.0469246661642018 42.3534300427735033)","{""name"": ""Northern Avenue"", ""class"": ""tertiary"", ""names_lr"": [{""between"": [0.0, 1.0], ""value"": ""Northern Avenue""}], ""subclass_lr"": [{""between"": [0.0, 1.0], ""value"": null}], ""level_lr"": [{""between"": [0.0, 1.0], ""value"": 0}], ""road_flags_lr"": [{""start"": 0.0, ""end"": 1.0, ""value"": []}]}","{""name"": ""NORTHERN AVENUE"", ""class"": ""residential""}"
79f6cd5f-da22-4ac9-8583-252214b36d13,us_boston_streets_1409,"LINESTRING (-71.0641825000000011 42.2862032999999968, -71.0641997999999973 42.2861416000000006, -71.0642088000000030 42.2861096000000032, -71.0642748000000068 42.2858743999999973, -71.0643060000000020 42.2857571999999990)","LINESTRING (-71.0644222215863977 42.2852918023259008, -71.0643519685654041 42.2855351789947989, -71.0642951134047962 42.2857351379343029)","{""name"": ""Dorchester Avenue"", ""class"": ""primary"", ""names_lr"": [{""between"": [0.0, 1.0], ""value"": ""Dorchester Avenue""}], ""subclass_lr"": [{""between"": [0.0, 1.0], ""value"": null}], ""level_lr"": [{""between"": [0.0, 1.0], ""value"": 0}], ""road_flags_lr"": [{""start"": 0.0, ""end"": 1.0, ""value"": []}]}","{""name"": ""DORCHESTER AVENUE"", ""class"": ""tertiary""}"
c7d00d75-f2eb-4992-91d3-ef09ca25b284,us_boston_streets_479,"LINESTRING (-71.0786985000000016 42.3368143000000003, -71.0786434000000042 42.3368438999999981, -71.0786006999999955 42.3368589000000028)","LINESTRING (-71.0783681713092932 42.3371335046717974, -71.0787183605763033 42.3368877918805993)","{""class"": ""footway"", ""subclass"": ""crosswalk"", ""names_lr"": [{""between"": [0.0, 1.0], ""value"": null}], ""subclass_lr"": [{""between"": [0.0, 1.0], ""value"": ""crosswalk""}], ""level_lr"": [{""between"": [0.0, 1.0], ""value"": 0}], ""road_flags_lr"": [{""start"": 0.0, ""end"": 1.0, ""value"": []}]}","{""name"": ""SHAWMUT AVENUE"", ""class"": ""tertiary""}"
3d24c618-c9a6-472d-8446-714911372ef3,us_boston_streets_8297,"LINESTRING (-71.0666516000000001 42.3770456000000024, -71.0668662000000069 42.3772337999999991, -71.0668818000000044 42.3772473000000005, -71.0669062000000054 42.3772693000000018, -71.0672421000000014 42.3775528999999977)","LINESTRING (-71.0667585841864025 42.3772702182831011, -71.0671715894714993 42.3776494448812002)","{""class"": ""footway"", ""names_lr"": [{""between"": [0.0, 1.0], ""value"": null}], ""subclass_lr"": [{""between"": [0.0, 0.367815679], ""value"": ""sidewalk""}, {""between"": [0.367815679, 0.436730742], ""value"": ""crosswalk""}, {""between"": [0.436730742, 1.0], ""value"": ""sidewalk""}], ""level_lr"": [{""between"": [0.0, 1.0], ""value"": 0}], ""road_flags_lr"": [{""start"": 0.0, ""end"": 1.0, ""value"": []}]}","{""name"": ""MAIN STREET"", ""class"": ""tertiary""}"
b6acd059-923e-4f84-b7fd-a4ee14f998b4,us_boston_streets_1829,"LINESTRING (-71.0977677000000057 42.3103599000000017, -71.0977594000000011 42.3104139000000004, -71.0977495000000062 42.3104779000000022)","LINESTRING (-71.0979262780800951 42.3100444868235002, -71.0979039226325966 42.3102222210837979, -71.0978668716890070 42.3104460405851981)","{""class"": ""footway"", ""subclass"": ""crosswalk"", ""names_lr"": [{""between"": [0.0, 1.0], ""value"": null}], ""subclass_lr"": [{""between"": [0.0, 1.0], ""value"": ""crosswalk""}], ""level_lr"": [{""between"": [0.0, 1.0], ""value"": 0}], ""road_flags_lr"": [{""start"": 0.0, ""end"": 1.0, ""value"": []}]}","{""name"": ""SIGOURNEY STREET"", ""class"": ""residential""}"
1d96de00-120c-440d-880b-62c3779e1d9d,us_boston_streets_7162,"LINESTRING (-71.0725948999999986 42.3369679999999988, -71.0728569999999991 42.3367679999999993, -71.0731444999999979 42.3365475000000018, -71.0731707000000057 42.3365274000000014, -71.0732289000000037 42.3364813000000026)","LINESTRING (-71.0738258767319024 42.3359784702440010, -71.0734700871199010 42.3362567020998029, -71.0733009487237979 42.3363889687130026, -71.0732172218167051 42.3364612477610009)","{""name"": ""Harrison Avenue"", ""class"": ""secondary"", ""names_lr"": [{""between"": [0.0, 1.0], ""value"": ""Harrison Avenue""}], ""subclass_lr"": [{""between"": [0.0, 1.0], ""value"": null}], ""level_lr"": [{""between"": [0.0, 1.0], ""value"": 0}], ""road_flags_lr"": [{""start"": 0.0, ""end"": 1.0, ""value"": []}]}","{""name"": ""HARRISON AVENUE"", ""class"": ""tertiary""}"
f1f4176e-0a2a-4438-ae84-be220290de68,us_boston_streets_9346,"LINESTRING (-71.0482971999999933 42.3342075999999992, -71.0478386000000057 42.3344231000000022, -71.0478150999999940 42.3344473000000008, -71.0477807999999982 42.3345024999999993)","LINESTRING (-71.0482804247350970 42.3342982075576018, -71.0487815049162066 42.3340733268498965)","{""name"": ""Dorchester Street"", ""class"": ""secondary"", ""names_lr"": [{""between"": [0.0, 1.0], ""value"": ""Dorchester Street""}], ""subclass_lr"": [{""between"": [0.0, 1.0], ""value"": null}], ""level_lr"": [{""between"": [0.0, 1.0], ""value"": 0}], ""road_flags_lr"": [{""start"": 0.0, ""end"": 1.0, ""value"": []}]}","{""name"": ""DORCHESTER STREET"", ""class"": ""tertiary""}"
09e81068-be11-4bf2-9c68-083b5a2cffba,us_boston_streets_6624,"LINESTRING (-71.1622439000000071 42.3562822000000025, -71.1622341000000063 42.3563237999999984, -71.1622260000000040 42.3563580000000002)","LINESTRING (-71.1624416020484034 42.3559744977243966, -71.1623287264878002 42.3563348426320019)","{""class"": ""footway"", ""subclass"": ""crosswalk"", ""names_lr"": [{""between"": [0.0, 1.0], ""value"": null}], ""subclass_lr"": [{""between"": [0.0, 1.0], ""value"": ""crosswalk""}], ""level_lr"": [{""between"": [0.0, 1.0], ""value"": 0}], ""road_flags_lr"": [{""start"": 0.0, ""end"": 1.0, ""value"": []}]}","{""name"": ""BROOKS STREET"", ""class"": ""residential""}"
d16ef0ce-298f-4511-9404-fce49468cc0d,us_boston_streets_4812,"LINESTRING (-71.0766222000000027 42.3533623000000006, -71.0764692000000053 42.3530575999999996, -71.0764635000000027 42.3530463000000026, -71.0764602999999937 42.3530400000000000, -71.0764511999999939 42.3530213000000018, -71.0762811999999968 42.3526741000000015)","LINESTRING (-71.0763775857058988 42.3530625904665001, -71.0761583748186041 42.3526481350413988)","{""class"": ""footway"", ""names_lr"": [{""between"": [0.0, 1.0], ""value"": null}], ""subclass_lr"": [{""between"": [0.0, 0.443486971], ""value"": ""sidewalk""}, {""between"": [0.443486971, 0.496160257], ""value"": ""crosswalk""}, {""between"": [0.496160257, 1.0], ""value"": ""sidewalk""}], ""level_lr"": [{""between"": [0.0, 1.0], ""value"": 0}], ""road_flags_lr"": [{""start"": 0.0, ""end"": 1.0, ""value"": []}]}","{""name"": ""CLARENDON STREET"", ""class"": ""primary""}"
3bf2f29e-d87f-4935-95e1-5ef8caff3d4e,us_boston_streets_10192,"LINESTRING (-71.1098729999999932 42.2629549999999981, -71.1099690000000066 42.2631609999999966, -71.1101230000000015 42.2634430000000023, -71.1103789999999947 42.2638460000000009)","LINESTRING (-71.1098734101274061 42.2629633063454975, -71.1099698581682986 42.2631701425786019, -71.1101234153371990 42.2634520087655972, -71.1103798298039038 42.2638546396777031, -71.1106654279828945 42.2642855052810020, -71.1110321050935994 42.2648049872824032, -71.1112663842039012 42.2651749059138027, -71.1116915079874019 42.2657711067867012, -71.1118162662063042 42.2659645315641015, -71.1123511309487952 42.2667653593386987, -71.1125858800490960 42.2670913885942028)","{""name"": ""Lewiston Street"", ""class"": ""residential"", ""names_lr"": [{""between"": [0.0, 1.0], ""value"": ""Lewiston Street""}], ""subclass_lr"": [{""between"": [0.0, 1.0], ""value"": null}], ""level_lr"": [{""between"": [0.0, 1.0], ""value"": 0}], ""road_flags_lr"": [{""start"": 0.0, ""end"": 1.0, ""value"": []}]}","{""name"": ""LEWISTON STREET"", ""class"": ""residential""}"
ac05e0a6-9de3-425d-ae82-30397a7846a4,us_boston_streets_8266,"LINESTRING (-71.0538688000000036 42.3752582999999987, -71.0535414999999944 42.3754737000000006)","LINESTRING (-71.0552434395302015 42.3744737625593970, -71.0551411606856931 42.3745299321560012, -71.0546187496588004 42.3748168301695003, -71.0538990245703985 42.3752647506091975, -71.0535510975861939 42.3754507714248021)","{""name"": ""First Avenue"", ""class"": ""residential"", ""names_lr"": [{""between"": [0.0, 1.0], ""value"": ""First Avenue""}], ""subclass_lr"": [{""between"": [0.0, 1.0], ""value"": null}], ""level_lr"": [{""between"": [0.0, 1.0], ""value"": 0}], ""road_flags_lr"": [{""start"": 0.0, ""end"": 1.0, ""value"": []}]}","{""name"": ""FIRST AVENUE"", ""class"": ""residential""}"
14f49515-1e2c-4a1e-bcba-0e7263b08ed7,us_boston_streets_1953,"LINESTRING (-71.0792763999999977 42.2922763999999987, -71.0792955000000006 42.2922940999999994, -71.0794096999999994 42.2923307000000008, -71.0795061000000032 42.2923615999999996, -71.0795155999999935 42.2923728000000025)","LINESTRING (-71.0795342813644027 42.2924475619204969, -71.0791795504311068 42.2923426599026016, -71.0787058430731946 42.2922025715719982)","{""class"": ""footway"", ""names_lr"": [{""between"": [0.0, 1.0], ""value"": null}], ""subclass_lr"": [{""between"": [0.0, 0.110009651], ""value"": ""sidewalk""}, {""between"": [0.110009651, 0.935955127], ""value"": ""crosswalk""}, {""between"": [0.935955127, 1.0], ""value"": ""sidewalk""}], ""level_lr"": [{""between"": [0.0, 1.0], ""value"": 0}], ""road_flags_lr"": [{""start"": 0.0, ""end"": 1.0, ""value"": []}]}","{""name"": ""TALBOT AVENUE"", ""class"": ""tertiary""}"
86a7cc29-9b84-4ed0-a6ce-e0a37b1feb43,us_boston_streets_2111,"LINESTRING (-71.0974628000000024 42.2697161999999977, -71.0974602999999945 42.2697256000000010, -71.0974535999999944 42.2697369999999992, -71.0974558000000059 42.2697518000000017, -71.0976761999999951 42.2698603999999989, -71.0977680000000021 42.2699053999999990, -71.0980480999999997 42.2700424000000012, -71.0981089999999938 42.2700673000000009, -71.0983109000000013 42.2701206999999997, -71.0983597000000032 42.2701287000000008, -71.0984554000000060 42.2701424999999986, -71.0985890999999981 42.2701536000000004, -71.0991815000000003 42.2702019000000035, -71.0994922000000003 42.2702371999999968, -71.0995393999999976 42.2702394000000012)","LINESTRING (-71.0995982775747990 42.2702959606126001, -71.0982943523172963 42.2701739334606970, -71.0982846642115049 42.2701730271770018, -71.0980578876057052 42.2701047594183024, -71.0979995287191997 42.2700756382439025)","{""class"": ""footway"", ""subclass"": ""sidewalk"", ""names_lr"": [{""between"": [0.0, 1.0], ""value"": null}], ""subclass_lr"": [{""between"": [0.0, 1.0], ""value"": ""sidewalk""}], ""level_lr"": [{""between"": [0.0, 0.185777906], ""value"": 0}, {""between"": [0.185777906, 0.332690585], ""value"": 1}, {""between"": [0.332690585, 1.0], ""value"": 0}], ""road_flags_lr"": [{""start"": 0.0, ""end"": 1.0, ""value"": []}]}","{""name"": ""CUMMINS HIGHWAY"", ""class"": ""tertiary""}"
4d0487ad-3d58-46f2-8041-75937d315a69,us_boston_streets_232,"LINESTRING (-71.0931939000000028 42.2679108000000028, -71.0932726000000059 42.2678712000000019, -71.0933535000000063 42.2678342000000029, -71.0935300999999953 42.2677637999999973, -71.0935695999999950 42.2677480999999986, -71.0937198999999964 42.2676882000000020)","LINESTRING (-71.0931939978228939 42.2678993427132994, -71.0930492661622964 42.2679886885724017, -71.0929509863724007 42.2680609922577020, -71.0929145091707966 42.2680970363542983, -71.0928680849090000 42.2681429098282990)","{""name"": ""River Street"", ""class"": ""secondary"", ""names_lr"": [{""between"": [0.0, 1.0], ""value"": ""River Street""}], ""subclass_lr"": [{""between"": [0.0, 1.0], ""value"": null}], ""level_lr"": [{""between"": [0.0, 1.0], ""value"": 0}], ""road_flags_lr"": [{""start"": 0.0, ""end"": 1.0, ""value"": []}]}","{""name"": ""RIVER STREET"", ""class"": ""tertiary""}"
28f3023c-0db4-420d-89af-ffed4038f62a,us_boston_streets_4655,"LINESTRING (-71.0373529000000019 42.3335113999999990, -71.0373474000000016 42.3331526999999994, -71.0373457999999971 42.3330843999999971)","LINESTRING (-71.0373494893943018 42.3335500015772013, -71.0373594005627069 42.3339091824847031)","{""name"": ""K Street"", ""class"": ""residential"", ""names_lr"": [{""between"": [0.0, 1.0], ""value"": ""K Street""}], ""subclass_lr"": [{""between"": [0.0, 1.0], ""value"": null}], ""level_lr"": [{""between"": [0.0, 1.0], ""value"": 0}], ""road_flags_lr"": [{""start"": 0.0, ""end"": 1.0, ""value"": []}]}","{""name"": ""K STREET"", ""class"": ""residential""}"
c8ca801e-efb2-4498-8cf2-2480c799257e,us_boston_streets_5464,"LINESTRING (-71.0851569999999953 42.2710012000000006, -71.0850252000000040 42.2710251999999969, -71.0845812999999964 42.2711015000000003)","LINESTRING (-71.0853962662308021 42.2709487199142018, -71.0851819727260050 42.2709935898005966)","{""name"": ""River Street"", ""class"": ""secondary"", ""names_lr"": [{""between"": [0.0, 1.0], ""value"": ""River Street""}], ""subclass_lr"": [{""between"": [0.0, 1.0], ""value"": null}], ""level_lr"": [{""between"": [0.0, 1.0], ""value"": 0}], ""road_flags_lr"": [{""start"": 0.0, ""end"": 1.0, ""value"": []}]}","{""name"": ""RIVER STREET"", ""class"": ""tertiary""}"
64bbaa21-0c11-499a-ac01-609a3eecc860,us_boston_streets_7864,"LINESTRING (-71.1249140000000040 42.2726990000000029, -71.1246737000000024 42.2724630000000019)","LINESTRING (-71.1254662751213971 42.2732353653113009, -71.1250537031238963 42.2728412518010970, -71.1249142278961983 42.2727080150918013)","{""name"": ""Dale Street"", ""class"": ""residential"", ""names_lr"": [{""between"": [0.0, 1.0], ""value"": ""Dale Street""}], ""subclass_lr"": [{""between"": [0.0, 1.0], ""value"": null}], ""level_lr"": [{""between"": [0.0, 1.0], ""value"": 0}], ""road_flags_lr"": [{""start"": 0.0, ""end"": 1.0, ""value"": []}]}","{""name"": ""DALE STREET"", ""class"": ""residential""}"
528d057e-2f3e-44c5-9b3f-96c05d1b061a,us_boston_streets_269,"LINESTRING (-71.0471780000000024 42.3110613999999998, -71.0471830000000040 42.3110876000000005, -71.0471847000000025 42.3111262999999980, -71.0471799999999973 42.3111600000000010, -71.0471574000000032 42.3112921000000028, -71.0471443999999934 42.3113614000000027, -71.0471296999999993 42.3114211999999981, -71.0471134999999947 42.3114776000000035, -71.0470897999999949 42.3115434999999991)","LINESTRING (-71.0471032600342056 42.3115030059134014, -71.0470685028568028 42.3116130981276015, -71.0470161527534003 42.3117789171081995, -71.0470234096424065 42.3119573168461969, -71.0471223184515992 42.3121456461866998)","{""name"": ""Savin Hill Avenue"", ""class"": ""tertiary"", ""names_lr"": [{""between"": [0.0, 1.0], ""value"": ""Savin Hill Avenue""}], ""subclass_lr"": [{""between"": [0.0, 1.0], ""value"": null}], ""level_lr"": [{""between"": [0.0, 1.0], ""value"": 0}], ""road_flags_lr"": [{""start"": 0.0, ""end"": 1.0, ""value"": []}]}","{""name"": ""SAVIN HILL AVENUE"", ""class"": ""residential""}"
276f6976-47bb-41e1-986b-55d738c9af70,us_boston_streets_8582,"LINESTRING (-71.0564605000000000 42.3411195999999990, -71.0564501000000064 42.3411283000000012, -71.0564076000000000 42.3411637000000027, -71.0563659000000030 42.3412018000000003, -71.0563547000000000 42.3412130000000033)","LINESTRING (-71.0567434594412930 42.3407915634887004, -71.0565108984153966 42.3409850168142015, -71.0563427271602990 42.3411171587221986)","{""class"": ""footway"", ""names_lr"": [{""between"": [0.0, 1.0], ""value"": null}], ""subclass_lr"": [{""between"": [0.0, 0.095146114], ""value"": ""sidewalk""}, {""between"": [0.095146114, 0.885817701], ""value"": ""crosswalk""}, {""between"": [0.885817701, 1.0], ""value"": ""sidewalk""}], ""level_lr"": [{""between"": [0.0, 1.0], ""value"": 0}], ""road_flags_lr"": [{""start"": 0.0, ""end"": 1.0, ""value"": []}]}","{""name"": ""A STREET"", ""class"": ""tertiary""}"
30dddcf5-effc-4385-b811-273344ae966d,us_boston_streets_6988,"LINESTRING (-71.0779993999999959 42.3859016999999980, -71.0776517999999982 42.3858067999999975, -71.0776367999999934 42.3857981000000024, -71.0776290999999958 42.3857860000000031)","LINESTRING (-71.0776381516169948 42.3858457897731995, -71.0773863083511941 42.3857743736545984, -71.0773205770523049 42.3857557339907984)","{""class"": ""footway"", ""subclass"": ""sidewalk"", ""names_lr"": [{""between"": [0.0, 1.0], ""value"": null}], ""subclass_lr"": [{""between"": [0.0, 1.0], ""value"": ""sidewalk""}], ""level_lr"": [{""between"": [0.0, 1.0], ""value"": 0}], ""road_flags_lr"": [{""start"": 0.0, ""end"": 1.0, ""value"": []}]}","{""name"": ""BROADWAY"", ""class"": ""tertiary""}"
b1f33d91-493a-40e6-86ed-567302352f39,us_boston_streets_9196,"LINESTRING (-71.1701627999999999 42.2734009999999998, -71.1701470999999941 42.2734138000000002, -71.1701259999999962 42.2734331999999995, -71.1700778000000014 42.2734773999999973, -71.1693812999999977 42.2739927000000009, -71.1693401999999935 42.2740227999999973, -71.1693003000000033 42.2740519999999975, -71.1692898999999954 42.2740596000000011)","LINESTRING (-71.1694424170446069 42.2741057980150003, -71.1695230622394064 42.2740435626771003, -71.1699449035287017 42.2737219231095978, -71.1702260055502052 42.2735122076838010)","{""class"": ""footway"", ""names_lr"": [{""between"": [0.0, 1.0], ""value"": null}], ""subclass_lr"": [{""between"": [0.0, 0.01869514], ""value"": ""sidewalk""}, {""between"": [0.01869514, 0.107204941], ""value"": ""crosswalk""}, {""between"": [0.107204941, 0.896879846], ""value"": ""sidewalk""}, {""between"": [0.896879846, 0.988310763], ""value"": ""crosswalk""}, {""between"": [0.988310763, 1.0], ""value"": ""sidewalk""}], ""level_lr"": [{""between"": [0.0, 1.0], ""value"": 0}], ""road_flags_lr"": [{""start"": 0.0, ""end"": 1.0, ""value"": []}]}","{""name"": ""SPRING STREET"", ""class"": ""tertiary""}"
d6fb24e7-f56d-43ad-8c49-68c2fecbaa0e,us_boston_streets_9274,"LINESTRING (-71.1294890000000066 42.2703300000000013, -71.1288397999999944 42.2706707999999978)","LINESTRING (-71.1301643896075007 42.2700049983517019, -71.1298756428434018 42.2701509283984009, -71.1294891132436931 42.2703381849486988)","{""name"": ""Alpheus Road"", ""class"": ""residential"", ""names_lr"": [{""between"": [0.0, 1.0], ""value"": ""Alpheus Road""}], ""subclass_lr"": [{""between"": [0.0, 1.0], ""value"": null}], ""level_lr"": [{""between"": [0.0, 1.0], ""value"": 0}], ""road_flags_lr"": [{""start"": 0.0, ""end"": 1.0, ""value"": []}]}","{""name"": ""ALPHEUS ROAD"", ""class"": ""residential""}"
47eb019f-23fc-4160-a8dd-91fc1f37f554,us_boston_streets_4686,"LINESTRING (-71.0496808000000044 42.2931025000000034, -71.0496155999999957 42.2931189999999972, -71.0491315999999955 42.2932423000000028, -71.0490171000000004 42.2932714000000018)","LINESTRING (-71.0490045922988998 42.2932765263103008, -71.0484173347416004 42.2934199552630972)","{""name"": ""Popes Hill Street"", ""class"": ""tertiary"", ""names_lr"": [{""between"": [0.0, 1.0], ""value"": ""Popes Hill Street""}], ""subclass_lr"": [{""between"": [0.0, 1.0], ""value"": null}], ""level_lr"": [{""between"": [0.0, 1.0], ""value"": 0}], ""road_flags_lr"": [{""start"": 0.0, ""end"": 1.0, ""value"": []}]}","{""name"": ""POPES HILL STREET"", ""class"": ""residential""}"
b54a3362-2af3-4603-8eb3-d4df87e7f9ae,us_boston_streets_9069,"LINESTRING (-71.0611099000000053 42.3524276999999998, -71.0611738000000059 42.3524439999999984)","LINESTRING (-71.0614259146506981 42.3524923577443033, -71.0612187864232965 42.3525102495581010, -71.0611423704653049 42.3525168496904030)","{""class"": ""footway"", ""subclass"": ""crosswalk"", ""names_lr"": [{""between"": [0.0, 1.0], ""value"": null}], ""subclass_lr"": [{""between"": [0.0, 1.0], ""value"": ""crosswalk""}], ""level_lr"": [{""between"": [0.0, 1.0], ""value"": 0}], ""road_flags_lr"": [{""start"": 0.0, ""end"": 1.0, ""value"": []}]}","{""name"": ""ESSEX STREET"", ""class"": ""tertiary""}"
73ea9467-8c4a-4d85-a427-02ce06a94154,us_boston_streets_3297,"LINESTRING (-71.0629645000000068 42.3586456999999967, -71.0629574000000019 42.3589302999999973, -71.0629545999999976 42.3590341000000024)","LINESTRING (-71.0627101226676956 42.3579493408140024, -71.0628368985991017 42.3584794025352025, -71.0628654720583057 42.3585988689644992, -71.0628668795417013 42.3586047559124026, -71.0628967383259038 42.3587537792513018, -71.0629088054342049 42.3588702785880997, -71.0628969023802028 42.3590476688941990)","{""class"": ""footway"", ""subclass"": ""sidewalk"", ""names_lr"": [{""between"": [0.0, 1.0], ""value"": null}], ""subclass_lr"": [{""between"": [0.0, 1.0], ""value"": ""sidewalk""}], ""level_lr"": [{""between"": [0.0, 1.0], ""value"": 0}], ""road_flags_lr"": [{""start"": 0.0, ""end"": 1.0, ""value"": []}]}","{""name"": ""BOWDOIN STREET"", ""class"": ""tertiary""}"
68c25d92-d032-4d86-9010-8a27cd1f20a1,us_boston_streets_1671,"LINESTRING (-71.1247829999999936 42.3120139999999978, -71.1242892000000069 42.3122200000000035, -71.1242771000000005 42.3122249999999980, -71.1242275000000035 42.3122456999999983)","LINESTRING (-71.1251683293750006 42.3118718951811985, -71.1248780739727948 42.3119823597926015, -71.1247834557541978 42.3120225642448986)","{""name"": ""Pond Street"", ""class"": ""tertiary"", ""names_lr"": [{""between"": [0.0, 1.0], ""value"": ""Pond Street""}], ""subclass_lr"": [{""between"": [0.0, 1.0], ""value"": null}], ""level_lr"": [{""between"": [0.0, 1.0], ""value"": 0}], ""road_flags_lr"": [{""start"": 0.0, ""end"": 1.0, ""value"": []}]}","{""name"": ""POND STREET"", ""class"": ""residential""}"
8ea9fd46-ad6f-4fd2-9d61-155100ff3e9a,us_boston_streets_10497,"LINESTRING (-71.0986606999999964 42.3225420999999997, -71.0986671999999942 42.3225449999999981, -71.0987058999999988 42.3225553999999988, -71.0995503999999983 42.3226364000000004, -71.0998235999999935 42.3226630999999998, -71.1001129999999932 42.3226876000000019, -71.1003196000000059 42.3227054999999979, -71.1004336999999964 42.3227157000000034, -71.1004807999999997 42.3227211000000025, -71.1004877000000022 42.3227217999999965, -71.1005006999999978 42.3227212999999978, -71.1005095999999952 42.3227161000000009, -71.1005148999999932 42.3227060999999978)","LINESTRING (-71.1003617699048931 42.3228158158834020, -71.1003203456202044 42.3228117447581980, -71.1000887863397963 42.3227889838223987, -71.1000118703796034 42.3227808385977013, -71.0999404609193988 42.3227721498025033, -71.0998112119268058 42.3227671965903980, -71.0996858315573945 42.3227584493562006, -71.0996499684192003 42.3227559458658007, -71.0994074310444972 42.3227271061338968)","{""name"": ""Centre Street"", ""class"": ""footway"", ""subclass"": ""sidewalk"", ""names_lr"": [{""between"": [0.0, 1.0], ""value"": ""Centre Street""}], ""subclass_lr"": [{""between"": [0.0, 1.0], ""value"": ""sidewalk""}], ""level_lr"": [{""between"": [0.0, 1.0], ""value"": 0}], ""road_flags_lr"": [{""start"": 0.0, ""end"": 1.0, ""value"": []}]}","{""name"": ""CENTRE STREET"", ""class"": ""tertiary""}"
28cd3949-00a3-4e1d-aeae-a78d3b5d0675,us_boston_streets_5333,"LINESTRING (-71.0771481000000023 42.3490759999999966, -71.0772228000000013 42.3490096000000023, -71.0772939999999949 42.3489484999999988, -71.0775485000000060 42.3487408000000016, -71.0780852000000039 42.3482977000000034, -71.0782207000000028 42.3481833000000023)","LINESTRING (-71.0769335716886985 42.3492884024665983, -71.0772202871074938 42.3491718158784991, -71.0772592859827057 42.3491499831395970, -71.0772599267856009 42.3491496244784997, -71.0773957745216052 42.3490735729233023, -71.0774308760835964 42.3490539216141997, -71.0776006415980959 42.3489131194374977, -71.0778425250891956 42.3487046709946995, -71.0778998637243973 42.3486555238956015, -71.0780973519246970 42.3484862501839032, -71.0783545994135011 42.3482760393386002, -71.0783774786944065 42.3482552571695976, -71.0785422293315037 42.3481056087449019, -71.0785608167788041 42.3480888558193982, -71.0787467090168974 42.3479213111578972)","{""name"": ""Huntington Avenue"", ""class"": ""primary"", ""names_lr"": [{""between"": [0.0, 1.0], ""value"": ""Huntington Avenue""}], ""subclass_lr"": [{""between"": [0.0, 1.0], ""value"": null}], ""level_lr"": [{""between"": [0.0, 1.0], ""value"": 0}], ""road_flags_lr"": [{""start"": 0.0, ""end"": 1.0, ""value"": []}]}","{""name"": ""HUNTINGTON AVENUE"", ""class"": ""primary""}"
78f9dd97-e029-4c80-8616-73762cc50fbe,us_boston_streets_3029,"LINESTRING (-71.1647999999999996 42.3536720000000031, -71.1646640000000019 42.3538560000000004, -71.1645730000000043 42.3541290000000004, -71.1644950000000023 42.3544529999999995)","LINESTRING (-71.1650224219624050 42.3531956584047009, -71.1649869332078993 42.3532794113298010, -71.1649763491214031 42.3533043904604014, -71.1648723786609025 42.3535311866330986, -71.1648008030662993 42.3536806011655997, -71.1646648003017930 42.3538642007408015, -71.1645732616901938 42.3541379621090996, -71.1644956852005066 42.3544612744808973)","{""name"": ""Dunboy Street"", ""class"": ""residential"", ""names_lr"": [{""between"": [0.0, 1.0], ""value"": ""Dunboy Street""}], ""subclass_lr"": [{""between"": [0.0, 1.0], ""value"": null}], ""level_lr"": [{""between"": [0.0, 1.0], ""value"": 0}], ""road_flags_lr"": [{""start"": 0.0, ""end"": 1.0, ""value"": []}]}","{""name"": ""DUNBOY STREET"", ""class"": ""residential""}"
92d24655-5109-45e5-8222-884b6e0a7551,us_boston_streets_7314,"LINESTRING (-71.0672729000000061 42.3778582999999998, -71.0670674999999932 42.3779510000000030, -71.0663097000000050 42.3783500999999987)","LINESTRING (-71.0673328108581046 42.3777952216233018, -71.0668009890854933 42.3780682685304981, -71.0662229905335039 42.3783650180704967)","{""class"": ""footway"", ""subclass"": ""sidewalk"", ""names_lr"": [{""between"": [0.0, 1.0], ""value"": null}], ""subclass_lr"": [{""between"": [0.0, 1.0], ""value"": ""sidewalk""}], ""level_lr"": [{""between"": [0.0, 1.0], ""value"": 0}], ""road_flags_lr"": [{""start"": 0.0, ""end"": 1.0, ""value"": []}]}","{""name"": ""SULLIVAN STREET"", ""class"": ""residential""}"
349a3013-5adb-4284-985c-342e5f147e6b,us_boston_streets_2525,"LINESTRING (-71.0652572000000049 42.3426861000000017, -71.0646880000000039 42.3424999000000000, -71.0645159000000035 42.3424391000000000, -71.0644149000000027 42.3424054999999981, -71.0643208000000044 42.3423809000000020, -71.0642304999999936 42.3423574999999985, -71.0641652999999991 42.3423318999999978, -71.0640968999999956 42.3423007999999967, -71.0640453000000036 42.3422866000000013, -71.0640223999999989 42.3422745000000020, -71.0639795999999961 42.3422703000000027, -71.0639256999999986 42.3422692999999981)","LINESTRING (-71.0653580934112057 42.3427141692034965, -71.0641116893666975 42.3423313237983976, -71.0630103663297064 42.3419760287108033)","{""name"": ""Thayer Street"", ""class"": ""pedestrian"", ""names_lr"": [{""between"": [0.0, 1.0], ""value"": ""Thayer Street""}], ""subclass_lr"": [{""between"": [0.0, 1.0], ""value"": null}], ""level_lr"": [{""between"": [0.0, 1.0], ""value"": 0}], ""road_flags_lr"": [{""start"": 0.0, ""end"": 1.0, ""value"": []}]}","{""name"": ""THAYER STREET"", ""class"": ""residential""}"
2d131c0c-6cb5-4804-927b-135dd6e4dc4e,us_boston_streets_2709,"LINESTRING (-71.0710830999999956 42.3836179999999985, -71.0709396999999967 42.3836314999999999, -71.0703065999999950 42.3836909999999989, -71.0699749000000054 42.3837221000000000, -71.0699359000000044 42.3837258000000006)","LINESTRING (-71.0717346264394934 42.3834587354214989, -71.0714701679475951 42.3835646577508030, -71.0712512887661063 42.3836033756092974, -71.0712364995242041 42.3836059916411969, -71.0709855056195039 42.3836286884760014, -71.0705211311258012 42.3836669061015030, -71.0699682206176959 42.3837222330901966)","{""name"": ""Medford Street"", ""class"": ""secondary"", ""names_lr"": [{""between"": [0.0, 1.0], ""value"": ""Medford Street""}], ""subclass_lr"": [{""between"": [0.0, 1.0], ""value"": null}], ""level_lr"": [{""between"": [0.0, 1.0], ""value"": 0}], ""road_flags_lr"": [{""start"": 0.0, ""end"": 1.0, ""value"": []}]}","{""name"": ""MEDFORD STREET"", ""class"": ""tertiary""}"
0a71eace-e4a5-4dba-9a12-1a69c814ce82,us_boston_streets_7132,"LINESTRING (-71.0477494999999948 42.3368232999999989, -71.0476656000000020 42.3368948000000032, -71.0472709999999950 42.3372310000000027)","LINESTRING (-71.0481774436076989 42.3364702259367007, -71.0477610330814002 42.3368208293545010, -71.0472713245509055 42.3372392247936986)","{""name"": ""F Street"", ""class"": ""residential"", ""names_lr"": [{""between"": [0.0, 1.0], ""value"": ""F Street""}], ""subclass_lr"": [{""between"": [0.0, 1.0], ""value"": null}], ""level_lr"": [{""between"": [0.0, 1.0], ""value"": 0}], ""road_flags_lr"": [{""start"": 0.0, ""end"": 1.0, ""value"": []}]}","{""name"": ""F STREET"", ""class"": ""residential""}"
4df649cb-0875-41eb-93ee-970296bfe080,us_boston_streets_9450,"LINESTRING (-71.0644891000000030 42.3798663000000033, -71.0645271000000065 42.3798225999999971, -71.0646904000000035 42.3796347999999981)","LINESTRING (-71.0649341506201040 42.3793404000167016, -71.0648068696842046 42.3795080299457965, -71.0646947413183057 42.3796557037042021, -71.0644985366838000 42.3798810689046022)","{""name"": ""Sullivan Street"", ""class"": ""residential"", ""names_lr"": [{""between"": [0.0, 1.0], ""value"": ""Sullivan Street""}], ""subclass_lr"": [{""between"": [0.0, 1.0], ""value"": null}], ""level_lr"": [{""between"": [0.0, 1.0], ""value"": 0}], ""road_flags_lr"": [{""start"": 0.0, ""end"": 1.0, ""value"": []}]}","{""name"": ""SULLIVAN STREET"", ""class"": ""residential""}"
bf081afe-a4b9-400f-b8c5-e27d8981e8ed,us_boston_streets_4174,"LINESTRING (-71.1688627000000054 42.3530135000000030, -71.1679321000000016 42.3528451000000032, -71.1678734000000048 42.3528389000000018, -71.1678354000000013 42.3528367999999986, -71.1677854999999937 42.3528355999999988)","LINESTRING (-71.1696002995388994 42.3531578848403996, -71.1694113738963949 42.3531183270619991, -71.1688713699604989 42.3530222469218032, -71.1681588049090976 42.3528857116940998, -71.1678062607598036 42.3528458680672983)","{""name"": ""Justin Road"", ""class"": ""residential"", ""names_lr"": [{""between"": [0.0, 1.0], ""value"": ""Justin Road""}], ""subclass_lr"": [{""between"": [0.0, 1.0], ""value"": null}], ""level_lr"": [{""between"": [0.0, 1.0], ""value"": 0}], ""road_flags_lr"": [{""start"": 0.0, ""end"": 1.0, ""value"": []}]}","{""name"": ""JUSTIN ROAD"", ""class"": ""residential""}"
093fe516-1059-479f-a967-6825c059c021,us_boston_streets_10486,"LINESTRING (-71.0622610000000066 42.3105830000000012, -71.0621699999999947 42.3105649999999969, -71.0620695000000069 42.3105565999999982, -71.0620480000000043 42.3105550000000008)","LINESTRING (-71.0622702054109965 42.3105588257636001, -71.0620442476564023 42.3105840645482019, -71.0617248175376943 42.3105642798619996)","{""name"": ""Hancock Street"", ""class"": ""secondary"", ""names_lr"": [{""between"": [0.0, 1.0], ""value"": ""Hancock Street""}], ""subclass_lr"": [{""between"": [0.0, 1.0], ""value"": null}], ""level_lr"": [{""between"": [0.0, 1.0], ""value"": 0}], ""road_flags_lr"": [{""start"": 0.0, ""end"": 1.0, ""value"": []}]}","{""name"": ""HANCOCK STREET"", ""class"": ""tertiary""}"
f4cdf843-6cf6-4a48-bc44-f1c55db38913,us_boston_streets_9604,"LINESTRING (-71.0780617000000063 42.3168974000000020, -71.0779694000000006 42.3168829000000031, -71.0775959999999998 42.3168239999999969, -71.0773757000000046 42.3167982000000009)","LINESTRING (-71.0780547022296929 42.3169038522270000, -71.0775960975895060 42.3168329599225999, -71.0773332704081042 42.3168018660770002, -71.0772438763588070 42.3167912891940006, -71.0771788629614036 42.3167835973644983, -71.0767661980826944 42.3167308712990007)","{""name"": ""Dewey Street"", ""class"": ""residential"", ""names_lr"": [{""between"": [0.0, 1.0], ""value"": ""Dewey Street""}], ""subclass_lr"": [{""between"": [0.0, 1.0], ""value"": null}], ""level_lr"": [{""between"": [0.0, 1.0], ""value"": 0}], ""road_flags_lr"": [{""start"": 0.0, ""end"": 1.0, ""value"": []}]}","{""name"": ""DEWEY STREET"", ""class"": ""residential""}"
b64bab6c-dfad-43f4-a398-ded46c0ece5b,us_boston_streets_7125,"LINESTRING (-71.1060530000000028 42.3148404000000014, -71.1060233000000039 42.3148944000000000, -71.1059955000000059 42.3149518000000029, -71.1059419999999989 42.3150689000000000)","LINESTRING (-71.1060526044982026 42.3148352081906012, -71.1059931587380021 42.3149464125362016, -71.1059356850685020 42.3150798501385026, -71.1058900185395970 42.3151858826520026, -71.1058080850294942 42.3153761179534982, -71.1057959968738942 42.3154041855561971)","{""name"": ""Lamartine Street"", ""class"": ""residential"", ""names_lr"": [{""between"": [0.0, 1.0], ""value"": ""Lamartine Street""}], ""subclass_lr"": [{""between"": [0.0, 1.0], ""value"": null}], ""level_lr"": [{""between"": [0.0, 1.0], ""value"": 0}], ""road_flags_lr"": [{""start"": 0.0, ""end"": 1.0, ""value"": []}]}","{""name"": ""LAMARTINE STREET"", ""class"": ""residential""}"
fdc65b99-33f8-4b19-b259-e8d16f7e95b7,us_boston_streets_8765,"LINESTRING (-71.0949741999999958 42.3488078999999971, -71.0948759000000052 42.3488102999999967, -71.0937808999999987 42.3488372999999996, -71.0936636999999934 42.3488395999999980, -71.0935728000000040 42.3488399000000015, -71.0934636000000069 42.3488408999999990, -71.0931939999999969 42.3488299999999995, -71.0930587000000003 42.3488299999999995, -71.0929859000000022 42.3488308000000018, -71.0929438000000005 42.3488313000000005, -71.0928427000000056 42.3488325000000003)","LINESTRING (-71.0943407891492001 42.3488145711033965, -71.0930657343945995 42.3488375544510021, -71.0928424228472977 42.3488415805113974, -71.0922077957530973 42.3488541981447995)","{""name"": ""Commonwealth Avenue"", ""class"": ""primary"", ""names_lr"": [{""between"": [0.0, 1.0], ""value"": ""Commonwealth Avenue""}], ""subclass_lr"": [{""between"": [0.0, 1.0], ""value"": null}], ""level_lr"": [{""between"": [0.0, 1.0], ""value"": 0}], ""road_flags_lr"": [{""start"": 0.0, ""end"": 1.0, ""value"": []}]}","{""name"": ""COMMONWEALTH AVENUE"", ""class"": ""primary""}"
dfcd84a0-d10e-45d5-b680-d5642c830b2b,us_boston_streets_1952,"LINESTRING (-71.0832166999999941 42.3277119999999982, -71.0832419999999985 42.3274449999999973, -71.0832561999999939 42.3273683999999975, -71.0832750000000004 42.3272690000000011, -71.0832817000000006 42.3272114999999971, -71.0833319999999986 42.3267809999999969, -71.0833590000000015 42.3266259999999974, -71.0834069000000000 42.3263462000000033, -71.0834499999999991 42.3260939999999977, -71.0834559999999982 42.3260687000000004, -71.0834578000000050 42.3260456000000005, -71.0834667999999965 42.3259296000000020)","LINESTRING (-71.0832752617809973 42.3272774362916024, -71.0833326898902982 42.3267897967662989, -71.0833502755698987 42.3266881640074999, -71.0833596188902987 42.3266341711276013, -71.0834054726147002 42.3263669728905967, -71.0834507834372999 42.3261029371939017)","{""name"": ""Warren Street"", ""class"": ""secondary"", ""names_lr"": [{""between"": [0.0, 1.0], ""value"": ""Warren Street""}], ""subclass_lr"": [{""between"": [0.0, 1.0], ""value"": null}], ""level_lr"": [{""between"": [0.0, 1.0], ""value"": 0}], ""road_flags_lr"": [{""start"": 0.0, ""end"": 1.0, ""value"": []}]}","{""name"": ""WARREN STREET"", ""class"": ""tertiary""}"
599ba133-cbb9-481a-927d-2626d4698934,us_boston_streets_7992,"LINESTRING (-71.1397991999999988 42.3490386000000001, -71.1398135999999965 42.3490627999999987, -71.1399856000000028 42.3494010000000003, -71.1401230999999967 42.3503011999999970)","LINESTRING (-71.1400715153140055 42.3503434453951968, -71.1400076902071987 42.3498627166578032, -71.1399562246183024 42.3494748660870997, -71.1399307132292051 42.3493256786135035, -71.1398665780053960 42.3491398985781018, -71.1398066496500974 42.3489662999773984)","{""class"": ""footway"", ""subclass"": ""sidewalk"", ""names_lr"": [{""between"": [0.0, 1.0], ""value"": null}], ""subclass_lr"": [{""between"": [0.0, 1.0], ""value"": ""sidewalk""}], ""level_lr"": [{""between"": [0.0, 1.0], ""value"": 0}], ""road_flags_lr"": [{""start"": 0.0, ""end"": 1.0, ""value"": []}]}","{""name"": ""GORDON STREET"", ""class"": ""residential""}"
bf56f475-e8d2-48fb-a1b0-0cd571a68906,us_boston_streets_8908,"LINESTRING (-71.0484002000000032 42.3343232000000000, -71.0485627999999991 42.3344358000000014, -71.0496518000000066 42.3351382999999970)","LINESTRING (-71.0496931820316036 42.3351842457925969, -71.0490663863781009 42.3347822826181002, -71.0482804247350970 42.3342982075576018)","{""class"": ""footway"", ""subclass"": ""sidewalk"", ""names_lr"": [{""between"": [0.0, 1.0], ""value"": null}], ""subclass_lr"": [{""between"": [0.0, 1.0], ""value"": ""sidewalk""}], ""level_lr"": [{""between"": [0.0, 1.0], ""value"": 0}], ""road_flags_lr"": [{""start"": 0.0, ""end"": 1.0, ""value"": []}]}","{""name"": ""BOWEN STREET"", ""class"": ""residential""}"
5e828d5f-f5e4-41d5-a7f2-6085f05b3b7e,us_boston_streets_4260,"LINESTRING (-71.0067949000000027 42.3866392999999988, -71.0065876999999972 42.3867090999999974, -71.0062709000000041 42.3868081999999973)","LINESTRING (-71.0067956549244030 42.3866726696928993, -71.0065201830913963 42.3867247828820979, -71.0062091016752959 42.3868261495004006, -71.0057907486014983 42.3869624691959999)","{""name"": ""Bennington Street"", ""class"": ""secondary"", ""names_lr"": [{""between"": [0.0, 1.0], ""value"": ""Bennington Street""}], ""subclass_lr"": [{""between"": [0.0, 1.0], ""value"": null}], ""level_lr"": [{""between"": [0.0, 1.0], ""value"": 0}], ""road_flags_lr"": [{""start"": 0.0, ""end"": 1.0, ""value"": []}]}","{""name"": ""BENNINGTON STREET"", ""class"": ""tertiary""}"
5a6f490b-c18a-405e-ad7f-e24426b34864,us_boston_streets_1901,"LINESTRING (-71.0662408000000028 42.3775657999999993, -71.0664206999999948 42.3777232999999995, -71.0664256999999964 42.3777364000000034, -71.0664254000000000 42.3777478000000016, -71.0664203000000043 42.3777566999999991, -71.0664105999999975 42.3777650999999977, -71.0659363000000042 42.3780562000000032)","LINESTRING (-71.0662359079842929 42.3775394924344013, -71.0664943739350008 42.3777440484682018, -71.0659175385147961 42.3781093216707987)","{""class"": ""footway"", ""subclass"": ""sidewalk"", ""names_lr"": [{""between"": [0.0, 1.0], ""value"": null}], ""subclass_lr"": [{""between"": [0.0, 1.0], ""value"": ""sidewalk""}], ""level_lr"": [{""between"": [0.0, 1.0], ""value"": 0}], ""road_flags_lr"": [{""start"": 0.0, ""end"": 1.0, ""value"": []}]}","{""name"": ""SALEM STREET AVENUE"", ""class"": ""residential""}"
e9533b07-664d-42fa-998a-12a2ad5bf733,us_boston_streets_9850,"LINESTRING (-71.0334155000000038 42.3745175000000032, -71.0334660999999983 42.3744739999999993, -71.0347591000000023 42.3733622999999966)","LINESTRING (-71.0343625980693929 42.3737057990242008, -71.0342301328733043 42.3738216890331998, -71.0341208165822025 42.3739173261097974, -71.0339947797555027 42.3740275907656994, -71.0334237547674974 42.3745271521305966)","{""name"": ""Chelsea Street"", ""class"": ""secondary"", ""names_lr"": [{""between"": [0.0, 1.0], ""value"": ""Chelsea Street""}], ""subclass_lr"": [{""between"": [0.0, 1.0], ""value"": null}], ""level_lr"": [{""between"": [0.0, 1.0], ""value"": 0}], ""road_flags_lr"": [{""start"": 0.0, ""end"": 1.0, ""value"": []}]}","{""name"": ""CHELSEA STREET"", ""class"": ""tertiary""}"
a4a91019-5bad-495f-a108-f7d85835e827,us_boston_streets_5983,"LINESTRING (-71.1414903000000010 42.3606843999999967, -71.1414970000000011 42.3607152000000013, -71.1414917000000031 42.3607428999999982, -71.1412073999999990 42.3612612000000013, -71.1405921000000063 42.3623894999999990)","LINESTRING (-71.1415698956144951 42.3606530352384993, -71.1414925720675058 42.3608086589886028, -71.1412322845437046 42.3612872497265016, -71.1406285504534992 42.3624551722264968)","{""class"": ""footway"", ""subclass"": ""sidewalk"", ""names_lr"": [{""between"": [0.0, 1.0], ""value"": null}], ""subclass_lr"": [{""between"": [0.0, 1.0], ""value"": ""sidewalk""}], ""level_lr"": [{""between"": [0.0, 1.0], ""value"": 0}], ""road_flags_lr"": [{""start"": 0.0, ""end"": 1.0, ""value"": []}]}","{""name"": ""WAVERLY STREET"", ""class"": ""residential""}"
c710c04b-e43c-464b-b947-caf66b4f7544,us_boston_streets_529,"LINESTRING (-71.1145460000000043 42.3009897000000024, -71.1145345000000049 42.3010748000000021, -71.1145297000000056 42.3011149000000017, -71.1145048000000060 42.3013248000000033)","LINESTRING (-71.1146089548449964 42.3010055324223018, -71.1145922322325958 42.3011260209651994, -71.1145647486591059 42.3013239954480014, -71.1145272787795051 42.3016038573137010)","{""name"": ""South Street"", ""class"": ""primary"", ""names_lr"": [{""between"": [0.0, 1.0], ""value"": ""South Street""}], ""subclass_lr"": [{""between"": [0.0, 1.0], ""value"": null}], ""level_lr"": [{""between"": [0.0, 1.0], ""value"": 0}], ""road_flags_lr"": [{""start"": 0.0, ""end"": 1.0, ""value"": []}]}","{""name"": ""SOUTH STREET"", ""class"": ""tertiary""}"
e5e09ece-faad-46a5-ba86-ab88335d0cab,us_boston_streets_4017,"LINESTRING (-71.0817887000000042 42.3488962999999998, -71.0809313999999972 42.3491282999999967, -71.0808892000000014 42.3491400999999996, -71.0807750000000027 42.3491704999999996)","LINESTRING (-71.0805924706721015 42.3492244952671015, -71.0814047638191937 42.3490087392233008)","{""name"": ""Boylston Street"", ""class"": ""primary"", ""names_lr"": [{""between"": [0.0, 1.0], ""value"": ""Boylston Street""}], ""subclass_lr"": [{""between"": [0.0, 1.0], ""value"": null}], ""level_lr"": [{""between"": [0.0, 1.0], ""value"": 0}], ""road_flags_lr"": [{""start"": 0.0, ""end"": 1.0, ""value"": []}]}","{""name"": ""BOYLSTON STREET"", ""class"": ""tertiary""}"
a21ce561-e83a-4b2a-b85a-72fda94a93c9,us_boston_streets_9960,"LINESTRING (-71.0527747000000005 42.3657955999999984, -71.0525693999999959 42.3657661000000019, -71.0523929999999950 42.3657467999999966, -71.0521748999999971 42.3657293999999993, -71.0518993000000023 42.3657177999999988, -71.0517569000000009 42.3656937000000013, -71.0516623999999979 42.3656616000000028)","LINESTRING (-71.0528613569127003 42.3658374555231987, -71.0522410173842047 42.3657665464454993, -71.0521204485338984 42.3657527644371967, -71.0515937190225060 42.3656823441760011)","{""class"": ""footway"", ""subclass"": ""sidewalk"", ""names_lr"": [{""between"": [0.0, 1.0], ""value"": null}], ""subclass_lr"": [{""between"": [0.0, 1.0], ""value"": ""sidewalk""}], ""level_lr"": [{""between"": [0.0, 1.0], ""value"": 0}], ""road_flags_lr"": [{""start"": 0.0, ""end"": 1.0, ""value"": []}]}","{""name"": ""HANOVER AVENUE"", ""class"": ""residential""}"
ce5b85e6-aaf9-42a0-98b8-98f7060c4a7e,us_boston_streets_4471,"LINESTRING (-71.0633770999999967 42.3001509999999996, -71.0637528000000032 42.3008114000000006)","LINESTRING (-71.0633656140285979 42.3001658620035030, -71.0633997966408941 42.3002098798081008, -71.0637674482189965 42.3008566494006999, -71.0637851896277937 42.3008878509872019, -71.0640204549062986 42.3013016006117013)","{""name"": ""Ditson Street"", ""class"": ""residential"", ""names_lr"": [{""between"": [0.0, 1.0], ""value"": ""Ditson Street""}], ""subclass_lr"": [{""between"": [0.0, 1.0], ""value"": null}], ""level_lr"": [{""between"": [0.0, 1.0], ""value"": 0}], ""road_flags_lr"": [{""start"": 0.0, ""end"": 1.0, ""value"": []}]}","{""name"": ""DITSON STREET"", ""class"": ""residential""}"
603d933d-bc71-4678-9ca2-3ec6dda67853,us_boston_streets_3788,"LINESTRING (-71.0679580000000044 42.2811459999999997, -71.0682230000000033 42.2816249999999982)","LINESTRING (-71.0679588634940984 42.2811541896124012, -71.0680195052227930 42.2812624524858975, -71.0682238367878938 42.2816340365419023, -71.0684778045085039 42.2820615094380017)","{""name"": ""Galty Avenue"", ""class"": ""residential"", ""names_lr"": [{""between"": [0.0, 1.0], ""value"": ""Galty Avenue""}], ""subclass_lr"": [{""between"": [0.0, 1.0], ""value"": null}], ""level_lr"": [{""between"": [0.0, 1.0], ""value"": 0}], ""road_flags_lr"": [{""start"": 0.0, ""end"": 1.0, ""value"": []}]}","{""name"": ""GALTY AVENUE"", ""class"": ""residential""}"
bb958f1c-25f6-4d70-a0fc-8beff54763f0,us_boston_streets_10596,"LINESTRING (-71.1186632999999944 42.2871008999999987, -71.1187251000000060 42.2867157000000020, -71.1187395999999978 42.2865919999999988, -71.1187599000000006 42.2864047999999997, -71.1187996000000027 42.2861750000000001, -71.1188382999999931 42.2859254999999976, -71.1188642000000044 42.2857583999999989, -71.1188829999999967 42.2856376000000012, -71.1188879999999983 42.2856055999999967, -71.1189073000000036 42.2854809000000031)","LINESTRING (-71.1185369824933957 42.2878919725101028, -71.1185615164220053 42.2877219015432999, -71.1186505025434030 42.2871050332343970, -71.1187049756768062 42.2867274178812025, -71.1187436459325966 42.2864593392262975, -71.1187825245882976 42.2861898207542026, -71.1188338760499050 42.2858338246615020, -71.1188808617584982 42.2855080947833031)","{""name"": ""Hyde Park Avenue"", ""class"": ""primary"", ""names_lr"": [{""between"": [0.0, 1.0], ""value"": ""Hyde Park Avenue""}], ""subclass_lr"": [{""between"": [0.0, 1.0], ""value"": null}], ""level_lr"": [{""between"": [0.0, 1.0], ""value"": 0}], ""road_flags_lr"": [{""start"": 0.0, ""end"": 1.0, ""value"": []}]}","{""name"": ""HYDE PARK AVENUE"", ""class"": ""tertiary""}"
14a6cc9b-2bdd-4644-a815-da4e56d1ed41,us_boston_streets_3547,"LINESTRING (-71.1618859999999955 42.2732140000000030, -71.1618160000000017 42.2733139999999992, -71.1617459999999937 42.2735160000000008, -71.1616410000000030 42.2738340000000008)","LINESTRING (-71.1623316424252010 42.2729231528949967, -71.1620377725002982 42.2731181014874977, -71.1618864410908998 42.2732228779613024, -71.1618169637096969 42.2733228346912000, -71.1617469362497985 42.2735246328073018, -71.1616420097358997 42.2738422437262997)","{""name"": ""Ansonia Road"", ""class"": ""residential"", ""names_lr"": [{""between"": [0.0, 1.0], ""value"": ""Ansonia Road""}], ""subclass_lr"": [{""between"": [0.0, 1.0], ""value"": null}], ""level_lr"": [{""between"": [0.0, 1.0], ""value"": 0}], ""road_flags_lr"": [{""start"": 0.0, ""end"": 1.0, ""value"": []}]}","{""name"": ""ANSONIA ROAD"", ""class"": ""residential""}"
0bd2edf8-a60d-4458-afaa-83073cafbe22,us_boston_streets_3878,"LINESTRING (-71.1065030000000036 42.3319419999999980, -71.1064350000000047 42.3321529999999981, -71.1064073000000008 42.3322489000000033, -71.1063740000000024 42.3323639999999983, -71.1063230000000033 42.3325680000000020)","LINESTRING (-71.1067249242571933 42.3314271383458021, -71.1066336589217940 42.3316530239544022, -71.1065768410255004 42.3318266996151991, -71.1065410339028006 42.3318834080964024, -71.1065034614350964 42.3319502370248983, -71.1064359184412069 42.3321612911928966, -71.1063742115239990 42.3323729009711016, -71.1063235309029977 42.3325763981116978)","{""name"": ""Wait Street"", ""class"": ""residential"", ""names_lr"": [{""between"": [0.0, 1.0], ""value"": ""Wait Street""}], ""subclass_lr"": [{""between"": [0.0, 1.0], ""value"": null}], ""level_lr"": [{""between"": [0.0, 1.0], ""value"": 0}], ""road_flags_lr"": [{""start"": 0.0, ""end"": 1.0, ""value"": []}]}","{""name"": ""WAIT STREET"", ""class"": ""residential""}"
7b202f4c-7069-4018-be51-793b8c872c8e,us_boston_streets_3439,"LINESTRING (-71.1534019999999998 42.3446556000000029, -71.1538120000000021 42.3447821999999974, -71.1546634999999981 42.3450539999999975, -71.1551027000000005 42.3451859999999982, -71.1550873000000053 42.3452100000000016, -71.1550665999999978 42.3452423000000024)","LINESTRING (-71.1551471773042010 42.3452381539611977, -71.1542902292432018 42.3449650825589998, -71.1532962059553000 42.3446617496133015)","{""class"": ""footway"", ""names_lr"": [{""between"": [0.0, 1.0], ""value"": null}], ""subclass_lr"": [{""between"": [0.0, 0.956444555], ""value"": ""sidewalk""}, {""between"": [0.956444555, 1.0], ""value"": ""crosswalk""}], ""level_lr"": [{""between"": [0.0, 1.0], ""value"": 0}], ""road_flags_lr"": [{""start"": 0.0, ""end"": 1.0, ""value"": []}]}","{""name"": ""WILLIAM JACKSON AVENUE"", ""class"": ""residential""}"
f155b47e-503b-4d17-ad03-44fd7d4e1453,us_boston_streets_6903,"LINESTRING (-71.0675329999999974 42.2869189999999975, -71.0679300000000040 42.2877799999999979, -71.0683259999999990 42.2886384999999976, -71.0683570000000060 42.2887079999999997)","LINESTRING (-71.0670433600756013 42.2859144782983023, -71.0675339381552931 42.2869280456311003, -71.0679306618161064 42.2877882014960988, -71.0683572461857977 42.2887165561651983)","{""name"": ""Ocean Street"", ""class"": ""residential"", ""names_lr"": [{""between"": [0.0, 1.0], ""value"": ""Ocean Street""}], ""subclass_lr"": [{""between"": [0.0, 1.0], ""value"": null}], ""level_lr"": [{""between"": [0.0, 1.0], ""value"": 0}], ""road_flags_lr"": [{""start"": 0.0, ""end"": 1.0, ""value"": []}]}","{""name"": ""OCEAN STREET"", ""class"": ""residential""}"
dcd0284e-d59f-4880-bfbb-f4b3dccd1b68,us_boston_streets_7706,"LINESTRING (-71.1177979999999934 42.2801660000000012, -71.1178270000000055 42.2813310000000016)","LINESTRING (-71.1177668215734968 42.2794828631137989, -71.1177986349328961 42.2801750793877034, -71.1178276005908998 42.2813393767921966)","{""name"": ""Harding Road"", ""class"": ""residential"", ""names_lr"": [{""between"": [0.0, 1.0], ""value"": ""Harding Road""}], ""subclass_lr"": [{""between"": [0.0, 1.0], ""value"": null}], ""level_lr"": [{""between"": [0.0, 1.0], ""value"": 0}], ""road_flags_lr"": [{""start"": 0.0, ""end"": 1.0, ""value"": []}]}","{""name"": ""HARDING ROAD"", ""class"": ""residential""}"
56ec7bff-906d-48ca-a3e6-cc0b0f8651de,us_boston_streets_8695,"LINESTRING (-71.0935846999999939 42.3121664000000024, -71.0935551999999973 42.3120503000000028, -71.0935163999999986 42.3118217000000030, -71.0934854999999999 42.3116685000000032, -71.0934500000000043 42.3115188000000018, -71.0934137999999933 42.3113877999999985, -71.0933553999999930 42.3112098000000003, -71.0933078000000052 42.3110888000000003, -71.0932561999999990 42.3109796999999972, -71.0932004999999947 42.3108780999999965, -71.0931355000000025 42.3107778999999979, -71.0930610000000058 42.3106811999999977, -71.0929584999999946 42.3105644999999981)","LINESTRING (-71.0928711455355966 42.3106304494512031, -71.0930080279129015 42.3108003074231007, -71.0931230927950963 42.3109734640976001, -71.0931941024004033 42.3111014407927968, -71.0932564702198988 42.3113075237289991, -71.0932590500226951 42.3113160496802010, -71.0933024411328063 42.3114664449977980, -71.0933835640251033 42.3117593298330021, -71.0934831395695994 42.3121918251503004)","{""name"": ""Seaver Street"", ""class"": ""primary"", ""names_lr"": [{""between"": [0.0, 1.0], ""value"": ""Seaver Street""}], ""subclass_lr"": [{""between"": [0.0, 1.0], ""value"": null}], ""level_lr"": [{""between"": [0.0, 1.0], ""value"": 0}], ""road_flags_lr"": [{""start"": 0.0, ""end"": 1.0, ""value"": []}]}","{""name"": ""SEAVER STREET"", ""class"": ""primary""}"
cb144984-032c-4078-976b-1c93c3d7ced9,us_boston_streets_205,"LINESTRING (-71.0090328999999940 42.3858752000000010, -71.0086754000000013 42.3859954999999999, -71.0082778999999960 42.3861315999999988, -71.0081519999999955 42.3861746999999980, -71.0079012000000063 42.3862606000000000, -71.0070264000000009 42.3865600000000029, -71.0069926000000038 42.3865692999999979, -71.0067949000000027 42.3866392999999988)","LINESTRING (-71.0103661701841986 42.3854220337303005, -71.0097537720809981 42.3856313879840982, -71.0093685827288965 42.3857630670294014, -71.0091378217096008 42.3858419527239008, -71.0086006680864017 42.3860236120814022, -71.0079158771865053 42.3862551950807998, -71.0074374062766935 42.3864170010525996, -71.0073609370780048 42.3864428144244982, -71.0070212461155990 42.3865574822269977, -71.0069680697256018 42.3865846348334969, -71.0068810558258008 42.3866290647720021, -71.0068364130699052 42.3866518595853989, -71.0067956549244030 42.3866726696928993)","{""name"": ""Bennington Street"", ""class"": ""secondary"", ""names_lr"": [{""between"": [0.0, 1.0], ""value"": ""Bennington Street""}], ""subclass_lr"": [{""between"": [0.0, 1.0], ""value"": null}], ""level_lr"": [{""between"": [0.0, 1.0], ""value"": 0}], ""road_flags_lr"": [{""start"": 0.0, ""end"": 1.0, ""value"": []}]}","{""name"": ""BENNINGTON STREET"", ""class"": ""primary""}"
2d4e18e9-e057-40c0-8db0-973e7bd65c16,us_boston_streets_7279,"LINESTRING (-71.0903799999999961 42.3284790000000015, -71.0900680000000023 42.3287610000000001)","LINESTRING (-71.0903802810488941 42.3284879880207967, -71.0901555958718063 42.3286914010678004, -71.0900688745954028 42.3287699108666970, -71.0897420257833943 42.3290934109886976)","{""name"": ""Blanchard Street"", ""class"": ""residential"", ""names_lr"": [{""between"": [0.0, 1.0], ""value"": ""Blanchard Street""}], ""subclass_lr"": [{""between"": [0.0, 1.0], ""value"": null}], ""level_lr"": [{""between"": [0.0, 1.0], ""value"": 0}], ""road_flags_lr"": [{""start"": 0.0, ""end"": 1.0, ""value"": []}]}","{""name"": ""BLANCHARD STREET"", ""class"": ""residential""}"
d9834588-2110-426e-aefc-433079875bca,us_boston_streets_4768,"LINESTRING (-71.1033302999999961 42.3471315000000033, -71.1034491000000060 42.3470987999999977, -71.1041005999999953 42.3469193000000033)","LINESTRING (-71.1044823087437976 42.3467481478601968, -71.1041073332250022 42.3468659685990971, -71.1040557278783041 42.3468821834046025, -71.1034575578221961 42.3470399101906025)","{""name"": ""Beacon Street"", ""class"": ""primary"", ""names_lr"": [{""between"": [0.0, 1.0], ""value"": ""Beacon Street""}], ""subclass_lr"": [{""between"": [0.0, 1.0], ""value"": null}], ""level_lr"": [{""between"": [0.0, 1.0], ""value"": 0}], ""road_flags_lr"": [{""start"": 0.0, ""end"": 1.0, ""value"": []}]}","{""name"": ""BEACON STREET"", ""class"": ""primary""}"
6a2a4de4-8a7d-4899-9913-a26597b862b5,us_boston_streets_9258,"LINESTRING (-71.1392218999999955 42.3607399999999998, -71.1395820000000043 42.3600910999999982, -71.1396940999999998 42.3598890999999966, -71.1402832999999930 42.3588273000000015, -71.1407178999999985 42.3580226999999994)","LINESTRING (-71.1407823416646039 42.3579857299610012, -71.1404779281750024 42.3585592526181998, -71.1401805578293960 42.3591142748528000, -71.1398731691499933 42.3596692378876014, -71.1397380966721045 42.3599068289995984, -71.1395587098466962 42.3602314927168990, -71.1392432135283030 42.3608100655713002)","{""class"": ""footway"", ""subclass"": ""sidewalk"", ""names_lr"": [{""between"": [0.0, 1.0], ""value"": null}], ""subclass_lr"": [{""between"": [0.0, 1.0], ""value"": ""sidewalk""}], ""level_lr"": [{""between"": [0.0, 1.0], ""value"": 0}], ""road_flags_lr"": [{""start"": 0.0, ""end"": 1.0, ""value"": []}]}","{""name"": ""ANTWERP STREET"", ""class"": ""residential""}"
4e9d409b-e5f2-4389-8988-88008e8c9262,us_boston_streets_2765,"LINESTRING (-71.0730925000000013 42.3320233999999971, -71.0731195999999983 42.3320083999999994, -71.0731920000000059 42.3319710999999970, -71.0732911000000058 42.3319215000000000, -71.0734104000000002 42.3318605999999988, -71.0735155999999932 42.3318093000000033, -71.0736320999999975 42.3317522999999980, -71.0737533000000070 42.3316958999999997, -71.0738654999999966 42.3316461000000004, -71.0739324000000039 42.3316179999999989, -71.0741368000000051 42.3315332000000026, -71.0743051999999977 42.3314724000000027, -71.0744021999999944 42.3314384999999973, -71.0744459999999947 42.3314245999999983, -71.0747039000000029 42.3313427000000004, -71.0747661000000051 42.3313245000000009, -71.0748009999999937 42.3313142000000013, -71.0749040000000036 42.3312825000000004)","LINESTRING (-71.0722905084093952 42.3326232935190987, -71.0728607156751053 42.3321998386667033, -71.0731319255041996 42.3320289851059002, -71.0732567414655989 42.3319503539769002, -71.0736753269634960 42.3317296457975019, -71.0737207754410036 42.3317095594942998, -71.0742315337356985 42.3314830006158971, -71.0745661924991055 42.3313643878092023, -71.0748649980676959 42.3312771517764972)","{""name"": ""Melnea Cass Boulevard"", ""class"": ""primary"", ""names_lr"": [{""between"": [0.0, 1.0], ""value"": ""Melnea Cass Boulevard""}], ""subclass_lr"": [{""between"": [0.0, 1.0], ""value"": null}], ""level_lr"": [{""between"": [0.0, 1.0], ""value"": 0}], ""road_flags_lr"": [{""start"": 0.0, ""end"": 1.0, ""value"": []}]}","{""name"": ""MELNEA CASS BOULEVARD"", ""class"": ""tertiary""}"
8ef981cb-fc24-4506-ad9b-f5d5d4196d79,us_boston_streets_7735,"LINESTRING (-71.0637155000000007 42.3745831000000024, -71.0635182999999984 42.3743087000000003, -71.0632520000000056 42.3740401000000020, -71.0632322000000016 42.3740181000000007, -71.0631781000000018 42.3739711999999997)","LINESTRING (-71.0635290100351966 42.3743135821950005, -71.0631989841827050 42.3739496064510988)","{""name"": ""Main Street"", ""class"": ""secondary"", ""names_lr"": [{""between"": [0.0, 1.0], ""value"": ""Main Street""}], ""subclass_lr"": [{""between"": [0.0, 1.0], ""value"": null}], ""level_lr"": [{""between"": [0.0, 1.0], ""value"": 0}], ""road_flags_lr"": [{""start"": 0.0, ""end"": 1.0, ""value"": []}]}","{""name"": ""MAIN STREET"", ""class"": ""tertiary""}"
ce15d93f-c0e7-4cc6-89c5-c3d651212a24,us_boston_streets_6341,"LINESTRING (-71.0814000000000021 42.2882570000000015, -71.0812719999999985 42.2878566999999990, -71.0812520000000063 42.2877939999999981)","LINESTRING (-71.0812528044156977 42.2878026509446983, -71.0814005515227052 42.2882657165008027, -71.0815543414663011 42.2887034882098973)","{""name"": ""Boyden Street"", ""class"": ""residential"", ""names_lr"": [{""between"": [0.0, 1.0], ""value"": ""Boyden Street""}], ""subclass_lr"": [{""between"": [0.0, 1.0], ""value"": null}], ""level_lr"": [{""between"": [0.0, 1.0], ""value"": 0}], ""road_flags_lr"": [{""start"": 0.0, ""end"": 1.0, ""value"": []}]}","{""name"": ""BOYDEN STREET"", ""class"": ""residential""}"
2e9fe065-c6c2-4cb7-a325-513aae185217,us_boston_streets_8742,"LINESTRING (-71.1269699000000060 42.3589873000000026, -71.1267962000000011 42.3590386999999993, -71.1264537999999931 42.3591668999999982, -71.1259627000000023 42.3593513000000002, -71.1256982000000022 42.3594513000000035, -71.1256451999999939 42.3594489999999979)","LINESTRING (-71.1270514155499001 42.3589205254558010, -71.1267931577741024 42.3590040869109004, -71.1259024989281983 42.3593436021688987, -71.1256567770950028 42.3594261935292025)","{""class"": ""footway"", ""subclass"": ""sidewalk"", ""names_lr"": [{""between"": [0.0, 1.0], ""value"": null}], ""subclass_lr"": [{""between"": [0.0, 1.0], ""value"": ""sidewalk""}], ""level_lr"": [{""between"": [0.0, 1.0], ""value"": 0}], ""road_flags_lr"": [{""start"": 0.0, ""end"": 1.0, ""value"": []}]}","{""name"": ""HOOKER STREET"", ""class"": ""residential""}"
a374826e-6c16-4971-99c7-6655723d85ae,us_boston_streets_432,"LINESTRING (-71.0535419999999931 42.3020264000000026, -71.0534717000000029 42.3019851999999972, -71.0529609000000022 42.3016855999999990, -71.0524687999999998 42.3013969000000003)","LINESTRING (-71.0535284555493973 42.3020389502555005, -71.0531190436660012 42.3017835851609973, -71.0524655265987946 42.3013984123224986, -71.0516812535191065 42.3009350736252969)","{""name"": ""Everett Street"", ""class"": ""residential"", ""names_lr"": [{""between"": [0.0, 1.0], ""value"": ""Everett Street""}], ""subclass_lr"": [{""between"": [0.0, 1.0], ""value"": null}], ""level_lr"": [{""between"": [0.0, 1.0], ""value"": 0}], ""road_flags_lr"": [{""start"": 0.0, ""end"": 1.0, ""value"": []}]}","{""name"": ""EVERETT STREET"", ""class"": ""residential""}"
80b8dbf9-f4cf-41e8-8ba4-eadf5a6ee376,us_boston_streets_3175,"LINESTRING (-71.0394883000000021 42.3446412999999993, -71.0397179999999935 42.3447868000000014, -71.0401422000000053 42.3450587999999968, -71.0401739999999933 42.3450789999999984, -71.0403375000000068 42.3451853999999983)","LINESTRING (-71.0389034122715941 42.3442732871429968, -71.0394721806772935 42.3446320707061972, -71.0403402351113016 42.3451796318003986)","{""name"": ""Summer Street"", ""class"": ""primary"", ""names_lr"": [{""between"": [0.0, 1.0], ""value"": ""Summer Street""}], ""subclass_lr"": [{""between"": [0.0, 1.0], ""value"": null}], ""level_lr"": [{""between"": [0.0, 1.0], ""value"": 0}], ""road_flags_lr"": [{""start"": 0.0, ""end"": 1.0, ""value"": []}]}","{""name"": ""SUMMER STREET"", ""class"": ""tertiary""}"
8081f3a8-4d77-46c1-b30e-40ef1dcd262b,us_boston_streets_2840,"LINESTRING (-71.0641562999999934 42.3803082000000018, -71.0639472999999953 42.3805880000000030, -71.0637514000000010 42.3808488999999966)","LINESTRING (-71.0641656524824015 42.3803237780786972, -71.0640538863572004 42.3804741399219012, -71.0639530246580051 42.3806066434976003)","{""name"": ""Cook Street"", ""class"": ""residential"", ""names_lr"": [{""between"": [0.0, 1.0], ""value"": ""Cook Street""}], ""subclass_lr"": [{""between"": [0.0, 1.0], ""value"": null}], ""level_lr"": [{""between"": [0.0, 1.0], ""value"": 0}], ""road_flags_lr"": [{""start"": 0.0, ""end"": 1.0, ""value"": []}]}","{""name"": ""COOK STREET"", ""class"": ""residential""}"
fd49d8a7-a7fe-427e-9513-c224ff434ae5,us_boston_streets_9380,"LINESTRING (-71.0841783000000049 42.3386489999999966, -71.0840491999999955 42.3387382000000017, -71.0837669000000005 42.3389547000000022, -71.0833745000000050 42.3392736999999997, -71.0833149999999989 42.3393189000000021)","LINESTRING (-71.0833520534327050 42.3393476533544018, -71.0839203604774070 42.3388851700303022, -71.0840214744137029 42.3388089308605018, -71.0840986175604996 42.3387532279094998, -71.0841890265857046 42.3386936413049995, -71.0842053068660960 42.3386833035972003, -71.0843458958692054 42.3385940338056983, -71.0847101537788006 42.3383586621179973)","{""name"": ""Columbus Avenue"", ""class"": ""primary"", ""names_lr"": [{""between"": [0.0, 1.0], ""value"": ""Columbus Avenue""}], ""subclass_lr"": [{""between"": [0.0, 1.0], ""value"": null}], ""level_lr"": [{""between"": [0.0, 1.0], ""value"": 0}], ""road_flags_lr"": [{""start"": 0.0, ""end"": 1.0, ""value"": []}]}","{""name"": ""COLUMBUS AVENUE"", ""class"": ""primary""}"
434de6bc-83ea-4ef3-9405-4f5b57b31356,us_boston_streets_5761,"LINESTRING (-71.0731313999999941 42.3431759999999997, -71.0730693000000002 42.3432081999999994, -71.0728170000000006 42.3433410000000023, -71.0723899000000046 42.3435684000000023, -71.0723227999999949 42.3436035000000004)","LINESTRING (-71.0728176456645002 42.3433501561860979, -71.0723677304467003 42.3435887899386003, -71.0723147053097932 42.3436169141312035)","{""name"": ""Tremont Street"", ""class"": ""primary"", ""names_lr"": [{""between"": [0.0, 1.0], ""value"": ""Tremont Street""}], ""subclass_lr"": [{""between"": [0.0, 1.0], ""value"": null}], ""level_lr"": [{""between"": [0.0, 1.0], ""value"": 0}], ""road_flags_lr"": [{""start"": 0.0, ""end"": 1.0, ""value"": []}]}","{""name"": ""TREMONT STREET"", ""class"": ""tertiary""}"
f7fbac07-8f99-4463-970d-4553dd5b8c8c,us_boston_streets_612,"LINESTRING (-71.0754208999999975 42.3223924999999994, -71.0751730000000066 42.3226399999999998, -71.0749650000000059 42.3228340000000003)","LINESTRING (-71.0754046113571007 42.3223971624211970, -71.0751733657962035 42.3226483928956014, -71.0749654423792947 42.3228423116149983, -71.0746414187605069 42.3232468110403985)","{""name"": ""Dennis Street"", ""class"": ""residential"", ""names_lr"": [{""between"": [0.0, 1.0], ""value"": ""Dennis Street""}], ""subclass_lr"": [{""between"": [0.0, 1.0], ""value"": null}], ""level_lr"": [{""between"": [0.0, 1.0], ""value"": 0}], ""road_flags_lr"": [{""start"": 0.0, ""end"": 1.0, ""value"": []}]}","{""name"": ""DENNIS STREET"", ""class"": ""residential""}"
58268efe-e3d4-4eeb-93c8-4fce64718c2a,us_boston_streets_7754,"LINESTRING (-71.0580022000000042 42.3497539999999972, -71.0579749999999990 42.3497326999999970, -71.0579465999999940 42.3497146999999998, -71.0579134999999980 42.3496988999999999, -71.0578739000000041 42.3496846000000033, -71.0578306999999967 42.3496725999999981, -71.0578038999999961 42.3496665999999991, -71.0575323999999995 42.3496056999999979, -71.0573643000000033 42.3495679999999979, -71.0573303000000038 42.3495611000000025, -71.0572973999999959 42.3495557000000034, -71.0572547999999955 42.3495495000000020, -71.0572133000000008 42.3495459999999966, -71.0571584999999999 42.3495425999999995, -71.0570742999999965 42.3495396000000000)","LINESTRING (-71.0576700835043056 42.3496599060394985, -71.0574051543835026 42.3496019692361969, -71.0570322774101015 42.3495204244908976)","{""name"": ""Kneeland Street"", ""class"": ""primary"", ""names_lr"": [{""between"": [0.0, 1.0], ""value"": ""Kneeland Street""}], ""subclass_lr"": [{""between"": [0.0, 1.0], ""value"": null}], ""level_lr"": [{""between"": [0.0, 1.0], ""value"": 0}], ""road_flags_lr"": [{""start"": 0.0, ""end"": 1.0, ""value"": []}]}","{""name"": ""KNEELAND STREET"", ""class"": ""tertiary""}"
d28bdf1d-d48a-4904-aaa0-1bf33f54623c,us_boston_streets_2683,"LINESTRING (-71.0545601000000033 42.3758465000000015, -71.0531924000000004 42.3766987999999998, -71.0531280000000010 42.3767388999999994)","LINESTRING (-71.0552468588818016 42.3753903829217009, -71.0549889621477035 42.3755885696760970, -71.0545457059107974 42.3758411871542009, -71.0539391588797997 42.3762186474448015, -71.0531354853079051 42.3767298167029978)","{""name"": ""Third Avenue"", ""class"": ""residential"", ""names_lr"": [{""between"": [0.0, 1.0], ""value"": ""Third Avenue""}], ""subclass_lr"": [{""between"": [0.0, 1.0], ""value"": null}], ""level_lr"": [{""between"": [0.0, 1.0], ""value"": 0}], ""road_flags_lr"": [{""start"": 0.0, ""end"": 1.0, ""value"": []}]}","{""name"": ""THIRD AVENUE"", ""class"": ""residential""}"
63e789ca-b535-49c4-ba3d-3f92fce7d91e,us_boston_streets_2711,"LINESTRING (-71.1131275999999986 42.2983667999999966, -71.1131416000000058 42.2983564999999970, -71.1133125000000064 42.2981456999999992, -71.1135369999999938 42.2978790000000018, -71.1135734000000070 42.2978386999999998, -71.1136010000000027 42.2978075999999987, -71.1139234999999985 42.2974022000000005, -71.1139450000000011 42.2973768000000021, -71.1139806000000050 42.2973382999999998, -71.1142985000000039 42.2969549000000029)","LINESTRING (-71.1143747799666954 42.2969312151831005, -71.1139780974125983 42.2974008208750973, -71.1135991776892951 42.2978586981885982, -71.1131374300180994 42.2984423391093003)","{""class"": ""footway"", ""names_lr"": [{""between"": [0.0, 1.0], ""value"": null}], ""subclass_lr"": [{""between"": [0.0, 0.34677184], ""value"": ""sidewalk""}, {""between"": [0.34677184, 0.398442961], ""value"": ""crosswalk""}, {""between"": [0.398442961, 0.682308468], ""value"": ""sidewalk""}, {""between"": [0.682308468, 0.728551951], ""value"": ""crosswalk""}, {""between"": [0.728551951, 1.0], ""value"": ""sidewalk""}], ""level_lr"": [{""between"": [0.0, 1.0], ""value"": 0}], ""road_flags_lr"": [{""start"": 0.0, ""end"": 1.0, ""value"": []}]}","{""name"": ""WENHAM STREET"", ""class"": ""residential""}"
b66f9d26-e41d-4bd1-bb0a-8b9fff5183ce,us_boston_streets_2423,"LINESTRING (-71.0828455000000048 42.3280501999999998, -71.0828144000000037 42.3280421999999987, -71.0826349999999962 42.3280251999999990, -71.0815190999999942 42.3279234000000031)","LINESTRING (-71.0829306012478952 42.3279986725575981, -71.0828797772606009 42.3280005570225981, -71.0827923610602994 42.3280037986500020, -71.0827801898770986 42.3280026047970992, -71.0823156942223022 42.3279570564415977, -71.0816114403907022 42.3278984744060978, -71.0815092960633024 42.3278899774139035)","{""class"": ""footway"", ""subclass"": ""sidewalk"", ""names_lr"": [{""between"": [0.0, 1.0], ""value"": null}], ""subclass_lr"": [{""between"": [0.0, 1.0], ""value"": ""sidewalk""}], ""level_lr"": [{""between"": [0.0, 1.0], ""value"": 0}], ""road_flags_lr"": [{""start"": 0.0, ""end"": 1.0, ""value"": []}]}","{""name"": ""WARREN PLACE"", ""class"": ""tertiary""}"
2f745186-6a0e-4560-8ddc-49a886b4c07f,us_boston_streets_7592,"LINESTRING (-71.0545026000000064 42.3671812999999986, -71.0541213999999997 42.3676796000000024)","LINESTRING (-71.0545391921163940 42.3671658364620001, -71.0542188225395961 42.3675450566098988, -71.0541622269893054 42.3676120483444976, -71.0540336647055000 42.3677642299969008)","{""class"": ""footway"", ""subclass"": ""sidewalk"", ""names_lr"": [{""between"": [0.0, 1.0], ""value"": null}], ""subclass_lr"": [{""between"": [0.0, 1.0], ""value"": ""sidewalk""}], ""level_lr"": [{""between"": [0.0, 1.0], ""value"": 0}], ""road_flags_lr"": [{""start"": 0.0, ""end"": 1.0, ""value"": []}]}","{""name"": ""FOSTER STREET"", ""class"": ""residential""}"
a84ee23d-b594-4f48-96f0-78f6b1aaee94,us_boston_streets_1806,"LINESTRING (-71.0270119999999991 42.3791068000000024, -71.0270960999999943 42.3791612999999998, -71.0272049000000010 42.3792308000000020, -71.0272709000000049 42.3792733000000013)","LINESTRING (-71.0276369712586018 42.3794845652771031, -71.0273834027635047 42.3793251667599975, -71.0272950803606022 42.3792696459225979, -71.0270095300772937 42.3791181205160967)","{""name"": ""Day Square"", ""class"": ""tertiary"", ""names_lr"": [{""between"": [0.0, 1.0], ""value"": ""Day Square""}], ""subclass_lr"": [{""between"": [0.0, 1.0], ""value"": null}], ""level_lr"": [{""between"": [0.0, 1.0], ""value"": 0}], ""road_flags_lr"": [{""start"": 0.0, ""end"": 1.0, ""value"": []}]}","{""name"": ""DAY SQUARE"", ""class"": ""residential""}"
2d4163da-ea71-4b04-9e9d-b712fe41b7e4,us_boston_streets_7857,"LINESTRING (-71.0791621000000049 42.3446603000000010, -71.0791780999999929 42.3446470000000019, -71.0791990999999967 42.3446282999999966, -71.0792047000000053 42.3446143999999975, -71.0792021000000034 42.3446016999999983, -71.0791892999999959 42.3445857000000032, -71.0785410000000013 42.3441528000000034, -71.0785056999999938 42.3441290000000023, -71.0784864999999968 42.3441173000000006, -71.0784665000000047 42.3441066999999975, -71.0784471999999994 42.3440986000000024, -71.0784280999999964 42.3440931000000020, -71.0784146999999962 42.3440912000000012, -71.0784029999999944 42.3440930000000009, -71.0783906000000059 42.3440974999999966)","LINESTRING (-71.0791065228415988 42.3446088020139015, -71.0789177811797970 42.3444750198231006, -71.0786826288906042 42.3443083398304978, -71.0784304597371062 42.3441295960558008, -71.0782939152455953 42.3440381000658022, -71.0782558096260999 42.3440125657475974, -71.0778896344258015 42.3437698661809989)","{""name"": ""Braddock Park"", ""class"": ""residential"", ""names_lr"": [{""between"": [0.0, 1.0], ""value"": ""Braddock Park""}], ""subclass_lr"": [{""between"": [0.0, 1.0], ""value"": null}], ""level_lr"": [{""between"": [0.0, 1.0], ""value"": 0}], ""road_flags_lr"": [{""start"": 0.0, ""end"": 1.0, ""value"": []}]}","{""name"": ""BRADDOCK PARK"", ""class"": ""residential""}"
a5212859-3f29-4470-80c7-d71166e598fd,us_boston_streets_6011,"LINESTRING (-71.1104430999999977 42.3218852999999982, -71.1103863000000018 42.3218922000000006, -71.1103435999999931 42.3218959000000012, -71.1102994000000024 42.3218955999999977, -71.1102599000000026 42.3218943999999979, -71.1102171999999939 42.3218913999999984, -71.1100316999999933 42.3218894999999975)","LINESTRING (-71.1099387694864049 42.3220340119730025, -71.1100118725254049 42.3220118705907993, -71.1101412056475937 42.3219726981525000, -71.1103192742225048 42.3219187648125015)","{""name"": ""Perkins Street"", ""class"": ""secondary"", ""names_lr"": [{""between"": [0.0, 1.0], ""value"": ""Perkins Street""}], ""subclass_lr"": [{""between"": [0.0, 1.0], ""value"": null}], ""level_lr"": [{""between"": [0.0, 1.0], ""value"": 0}], ""road_flags_lr"": [{""start"": 0.0, ""end"": 1.0, ""value"": []}]}","{""name"": ""PERKINS STREET"", ""class"": ""tertiary""}"
7a2f9440-93ac-4ca1-972d-2c6cef37e45b,us_boston_streets_3810,"LINESTRING (-71.0528884999999946 42.3395071999999999, -71.0528415999999936 42.3395261000000005, -71.0527210999999994 42.3395799999999980, -71.0526463000000064 42.3396174000000016, -71.0525899000000010 42.3396441000000010, -71.0525281000000035 42.3396866000000003, -71.0524599999999964 42.3397422999999975, -71.0523790000000020 42.3398080999999991)","LINESTRING (-71.0534257417592983 42.3392378677192980, -71.0532057230765020 42.3393783447939995, -71.0529204241194066 42.3395218176798025, -71.0528966565143065 42.3395308704493019, -71.0527596346728956 42.3395830515776979, -71.0527285642075981 42.3395955177311976, -71.0526388052965956 42.3396315296168027, -71.0525466373091064 42.3396843792740967, -71.0523777836314991 42.3398121193440033)","{""name"": ""Saint Casimir Street"", ""class"": ""residential"", ""names_lr"": [{""between"": [0.0, 1.0], ""value"": ""Saint Casimir Street""}], ""subclass_lr"": [{""between"": [0.0, 1.0], ""value"": null}], ""level_lr"": [{""between"": [0.0, 1.0], ""value"": 0}], ""road_flags_lr"": [{""start"": 0.0, ""end"": 1.0, ""value"": []}]}","{""name"": ""SAINT CASIMIR STREET"", ""class"": ""residential""}"
8aa37390-7208-44b7-9d32-dfa723b91d63,us_boston_streets_5421,"LINESTRING (-71.0547760000000039 42.2860069999999979, -71.0547032000000058 42.2859979999999993, -71.0544529999999952 42.2859669999999994, -71.0541730000000058 42.2859570000000033, -71.0539210000000026 42.2859690000000015, -71.0537419999999997 42.2859890000000007, -71.0533779999999950 42.2860790000000009, -71.0528860000000009 42.2862069999999974, -71.0528651999999994 42.2862123999999966, -71.0523969000000051 42.2863339000000025, -71.0521434000000056 42.2857660000000024)","LINESTRING (-71.0547767981732932 42.2860155808148974, -71.0544531179231029 42.2859754992946009, -71.0541737395810031 42.2859659749963015, -71.0539220657605028 42.2859779371447004, -71.0537430789881057 42.2859980633084973, -71.0536452293872003 42.2860221876398015, -71.0533790816549953 42.2860878027477014, -71.0528863612389046 42.2862153084467991, -71.0524691238335038 42.2863159196262970, -71.0523766235285024 42.2863382243963031)","{""name"": ""Delmont Street"", ""class"": ""residential"", ""names_lr"": [{""between"": [0.0, 0.753606866], ""value"": ""Delmont Street""}, {""between"": [0.753606866, 1.0], ""value"": ""Charlemont Street""}], ""subclass_lr"": [{""between"": [0.0, 1.0], ""value"": null}], ""level_lr"": [{""between"": [0.0, 1.0], ""value"": 0}], ""road_flags_lr"": [{""start"": 0.0, ""end"": 1.0, ""value"": []}]}","{""name"": ""DELMONT STREET"", ""class"": ""residential""}"
d7b6c136-d92a-4b43-822d-8b812aff00d0,us_boston_streets_3601,"LINESTRING (-71.0783651999999933 42.3408214999999970, -71.0783574000000016 42.3408763999999991, -71.0789225999999985 42.3414649999999995, -71.0792619999999999 42.3418147000000005, -71.0792770000000047 42.3418290999999982, -71.0792856999999998 42.3418362000000030, -71.0792952000000042 42.3418415000000010, -71.0793077000000011 42.3418451000000005, -71.0793215000000060 42.3418471999999966, -71.0793357999999955 42.3418471000000025, -71.0793625999999961 42.3418431999999996)","LINESTRING (-71.0780744665071040 42.3405289577600996, -71.0781793703638982 42.3406329367333996, -71.0783095952856030 42.3407620123249018, -71.0783759153294028 42.3408277473802030, -71.0784349996174996 42.3408863093376979, -71.0791862897034008 42.3416796323520970, -71.0792465682096974 42.3417400573518989, -71.0793822473364969 42.3418620645342969, -71.0795524903644065 42.3419943163434027, -71.0795837622035975 42.3420181327071035, -71.0797712165057050 42.3421277795426008)","{""name"": ""Concord Square"", ""class"": ""residential"", ""names_lr"": [{""between"": [0.0, 1.0], ""value"": ""Concord Square""}], ""subclass_lr"": [{""between"": [0.0, 1.0], ""value"": null}], ""level_lr"": [{""between"": [0.0, 1.0], ""value"": 0}], ""road_flags_lr"": [{""start"": 0.0, ""end"": 1.0, ""value"": []}]}","{""name"": ""CONCORD SQUARE"", ""class"": ""residential""}"
de490660-5553-4a1e-8f42-a0a8b610ac61,us_boston_streets_9611,"LINESTRING (-71.0693538999999959 42.3486255999999983, -71.0693421999999941 42.3485488000000032)","LINESTRING (-71.0693870442807025 42.3486116167999000, -71.0694471090352948 42.3487587000745975)","{""name"": ""Arlington Street"", ""class"": ""primary"", ""names_lr"": [{""between"": [0.0, 1.0], ""value"": ""Arlington Street""}], ""subclass_lr"": [{""between"": [0.0, 1.0], ""value"": null}], ""level_lr"": [{""between"": [0.0, 1.0], ""value"": 0}], ""road_flags_lr"": [{""start"": 0.0, ""end"": 1.0, ""value"": []}]}","{""name"": ""ARLINGTON STREET"", ""class"": ""tertiary""}"
b40aef36-ac79-4629-8663-af96e979a51c,us_boston_streets_10096,"LINESTRING (-71.1130143000000032 42.3086316999999994, -71.1130974999999950 42.3086277000000024, -71.1135615000000030 42.3085921999999997, -71.1154068999999964 42.3084532000000024, -71.1154470999999972 42.3084403000000009)","LINESTRING (-71.1155559328706062 42.3084825974829002, -71.1150273709801013 42.3085129010761989, -71.1142001830531001 42.3085652701848005, -71.1134208122364981 42.3086380491087013, -71.1130770990611012 42.3086571508236986, -71.1129539375279052 42.3086494490584002)","{""class"": ""footway"", ""subclass"": ""sidewalk"", ""names_lr"": [{""between"": [0.0, 1.0], ""value"": null}], ""subclass_lr"": [{""between"": [0.0, 1.0], ""value"": ""sidewalk""}], ""level_lr"": [{""between"": [0.0, 1.0], ""value"": 0}], ""road_flags_lr"": [{""start"": 0.0, ""end"": 1.0, ""value"": []}]}","{""name"": ""SEDGWICK STREET"", ""class"": ""residential""}"
2f15282b-e0f9-4302-a9df-1103fd1131c2,us_boston_streets_1378,"LINESTRING (-71.1517319000000015 42.2866544999999974, -71.1517735000000044 42.2867159999999984, -71.1518224000000004 42.2867912000000032, -71.1519461000000035 42.2869904000000005, -71.1520775000000043 42.2872057000000012, -71.1521481000000051 42.2873210999999998, -71.1521898999999962 42.2873949999999965, -71.1522449999999935 42.2875279000000006)","LINESTRING (-71.1515725405397035 42.2864907789105970, -71.1516439794628042 42.2866142403349983, -71.1517135197208006 42.2867344251649016, -71.1519442699528071 42.2871332164438982, -71.1522029420429050 42.2875340706166014)","{""name"": ""Willow Street"", ""class"": ""residential"", ""names_lr"": [{""between"": [0.0, 1.0], ""value"": ""Willow Street""}], ""subclass_lr"": [{""between"": [0.0, 1.0], ""value"": null}], ""level_lr"": [{""between"": [0.0, 1.0], ""value"": 0}], ""road_flags_lr"": [{""start"": 0.0, ""end"": 1.0, ""value"": []}]}","{""name"": ""RAILROAD STREET"", ""class"": ""residential""}"
b8513e15-9c1b-4629-bb1b-6330de10f5c8,us_boston_streets_6522,"LINESTRING (-71.0619343999999984 42.3498432000000022, -71.0619575000000054 42.3497722999999979, -71.0619755000000026 42.3497174999999970, -71.0621617000000043 42.3492456999999973)","LINESTRING (-71.0619245074373964 42.3497641693257023, -71.0621182759879986 42.3492015259883985)","{""class"": ""footway"", ""subclass"": ""sidewalk"", ""names_lr"": [{""between"": [0.0, 1.0], ""value"": null}], ""subclass_lr"": [{""between"": [0.0, 1.0], ""value"": ""sidewalk""}], ""level_lr"": [{""between"": [0.0, 1.0], ""value"": 0}], ""road_flags_lr"": [{""start"": 0.0, ""end"": 1.0, ""value"": []}]}","{""name"": ""HARRISON AVENUE"", ""class"": ""tertiary""}"
f94a0f4c-999f-49c9-9044-cd311611978c,us_boston_streets_4483,"LINESTRING (-71.0747850000000057 42.2981479999999976, -71.0749902999999961 42.2985017000000028, -71.0751853999999952 42.2988511000000003, -71.0752164000000022 42.2989042000000026)","LINESTRING (-71.0744674915528947 42.2976304017932989, -71.0745628803313991 42.2977877424387003, -71.0747158326268931 42.2980358925303008, -71.0747851320029014 42.2981571261405023, -71.0749796160339002 42.2985140302167011, -71.0751416511071028 42.2987925984624979, -71.0751959485055949 42.2989188378197980)","{""name"": ""Chamberlain Street"", ""class"": ""residential"", ""names_lr"": [{""between"": [0.0, 1.0], ""value"": ""Chamberlain Street""}], ""subclass_lr"": [{""between"": [0.0, 1.0], ""value"": null}], ""level_lr"": [{""between"": [0.0, 1.0], ""value"": 0}], ""road_flags_lr"": [{""start"": 0.0, ""end"": 1.0, ""value"": []}]}","{""name"": ""CHAMBERLAIN STREET"", ""class"": ""residential""}"
3597cb75-9245-4949-a62c-8c0b3d72cb9b,us_boston_streets_10790,"LINESTRING (-71.0638605000000041 42.2989348999999990, -71.0639213000000041 42.2989703000000006, -71.0644029999999987 42.2992539999999977, -71.0644190000000009 42.2992640000000009, -71.0647529999999961 42.2994649999999979)","LINESTRING (-71.0644033648768954 42.2992629701550982, -71.0638276319374995 42.2989390577022988)","{""name"": ""Geneva Avenue"", ""class"": ""secondary"", ""names_lr"": [{""between"": [0.0, 1.0], ""value"": ""Geneva Avenue""}], ""subclass_lr"": [{""between"": [0.0, 1.0], ""value"": null}], ""level_lr"": [{""between"": [0.0, 1.0], ""value"": 0}], ""road_flags_lr"": [{""start"": 0.0, ""end"": 1.0, ""value"": []}]}","{""name"": ""GENEVA AVENUE"", ""class"": ""tertiary""}"
7041483e-2aad-47d0-a6fc-3ad70433969f,us_boston_streets_897,"LINESTRING (-71.0570125999999931 42.3406868000000003, -71.0570498000000015 42.3406611999999996, -71.0570799999999991 42.3406380999999996, -71.0571077000000031 42.3406148999999985, -71.0571338000000026 42.3405886999999979, -71.0571515000000034 42.3405655999999979, -71.0571668999999986 42.3405406999999983)","LINESTRING (-71.0571023267496997 42.3405770972835995, -71.0570095270417994 42.3406317702609982, -71.0567434594412930 42.3407915634887004)","{""name"": ""A Street"", ""class"": ""secondary"", ""names_lr"": [{""between"": [0.0, 1.0], ""value"": ""A Street""}], ""subclass_lr"": [{""between"": [0.0, 1.0], ""value"": null}], ""level_lr"": [{""between"": [0.0, 1.0], ""value"": 0}], ""road_flags_lr"": [{""start"": 0.0, ""end"": 1.0, ""value"": []}]}","{""name"": ""A STREET"", ""class"": ""tertiary""}"
c7f20ea3-644d-4fea-b570-a0d9b878e9bf,us_boston_streets_2207,"LINESTRING (-71.0067949000000027 42.3866392999999988, -71.0067013999999972 42.3866342000000031, -71.0066592999999955 42.3866307999999989, -71.0066211999999979 42.3866263999999973, -71.0065802000000019 42.3866180999999997, -71.0065562000000057 42.3866123999999971, -71.0065292999999969 42.3866036000000008, -71.0062611999999973 42.3865048999999985)","LINESTRING (-71.0067956549244030 42.3866726696928993, -71.0066000339132017 42.3866051250409015, -71.0061739421232971 42.3864580004576013, -71.0061100282197941 42.3864359319474033, -71.0059124768938972 42.3863677179191995, -71.0058369385375983 42.3863416353681970)","{""name"": ""Saratoga Street"", ""class"": ""secondary"", ""names_lr"": [{""between"": [0.0, 1.0], ""value"": ""Saratoga Street""}], ""subclass_lr"": [{""between"": [0.0, 1.0], ""value"": null}], ""level_lr"": [{""between"": [0.0, 1.0], ""value"": 0}], ""road_flags_lr"": [{""start"": 0.0, ""end"": 1.0, ""value"": []}]}","{""name"": ""SARATOGA STREET"", ""class"": ""primary""}"
2e579ee6-3cdf-4e25-bdde-f91e6fbd0c3f,us_boston_streets_4972,"LINESTRING (-71.1055190000000010 42.3066109999999966, -71.1055508000000032 42.3066414999999978, -71.1059003999999959 42.3068519999999992, -71.1059220000000067 42.3068650000000019, -71.1062129999999968 42.3070790000000017, -71.1064099999999968 42.3072239999999979, -71.1065427999999997 42.3073203000000007, -71.1066030000000069 42.3073639999999997)","LINESTRING (-71.1066033344718988 42.3073730647448016, -71.1064110921283969 42.3072328575254986, -71.1062133549936988 42.3070875840757026, -71.1059224799654004 42.3068738797393991, -71.1055503453529951 42.3066497790903995, -71.1055196433141958 42.3066198495117973, -71.1053326533244956 42.3064886659671018, -71.1050088516261951 42.3062332181765015, -71.1049185967086999 42.3061496320882995, -71.1048549355509039 42.3061173400572983)","{""name"": ""Kenton Road"", ""class"": ""residential"", ""names_lr"": [{""between"": [0.0, 1.0], ""value"": ""Kenton Road""}], ""subclass_lr"": [{""between"": [0.0, 1.0], ""value"": null}], ""level_lr"": [{""between"": [0.0, 1.0], ""value"": 0}], ""road_flags_lr"": [{""start"": 0.0, ""end"": 1.0, ""value"": []}]}","{""name"": ""KENTON ROAD"", ""class"": ""residential""}"
29a483e0-5326-4219-8a23-88ceed32cbdd,us_boston_streets_5855,"LINESTRING (-71.0999584000000056 42.2736895000000032, -71.0995249999999999 42.2734439999999978, -71.0991520000000037 42.2732310000000027, -71.0984432999999996 42.2728212999999968)","LINESTRING (-71.0999327478839973 42.2736961979573991, -71.0995257254884052 42.2734522571418978, -71.0991529809858065 42.2732393869816008, -71.0984215697793047 42.2728345099539027, -71.0978696083642063 42.2725084661652986, -71.0976626465001971 42.2723788860678980)","{""name"": ""Messinger Street"", ""class"": ""residential"", ""names_lr"": [{""between"": [0.0, 1.0], ""value"": ""Messinger Street""}], ""subclass_lr"": [{""between"": [0.0, 1.0], ""value"": null}], ""level_lr"": [{""between"": [0.0, 1.0], ""value"": 0}], ""road_flags_lr"": [{""start"": 0.0, ""end"": 1.0, ""value"": []}]}","{""name"": ""MESSINGER STREET"", ""class"": ""residential""}"
9fdb790c-30c4-4312-aa31-12e99b51d7b1,us_boston_streets_9179,"LINESTRING (-71.1454877000000039 42.2854298000000028, -71.1454408000000029 42.2854633000000035, -71.1452639999999974 42.2856120000000004, -71.1449357000000049 42.2859045000000009, -71.1449151000000057 42.2859298999999993, -71.1448903999999942 42.2859752000000029, -71.1448642999999947 42.2860457000000025)","LINESTRING (-71.1460860395812063 42.2849495352703997, -71.1457390227778035 42.2852444393886984, -71.1454787571612997 42.2854411371560985, -71.1452648089316000 42.2856205385527986, -71.1449291587478996 42.2859154753082009, -71.1448967261905949 42.2860577359509975)","{""name"": ""Iona Street"", ""class"": ""residential"", ""names_lr"": [{""between"": [0.0, 1.0], ""value"": ""Iona Street""}], ""subclass_lr"": [{""between"": [0.0, 1.0], ""value"": null}], ""level_lr"": [{""between"": [0.0, 1.0], ""value"": 0}], ""road_flags_lr"": [{""start"": 0.0, ""end"": 1.0, ""value"": []}]}","{""name"": ""IONA STREET"", ""class"": ""residential""}"
73edfbe5-594f-494f-a373-e0d75d40c57c,us_boston_streets_10775,"LINESTRING (-71.0707629999999995 42.3229260000000025, -71.0707620000000020 42.3230420000000009, -71.0707859999999982 42.3232690000000034, -71.0708000000000055 42.3233930000000029, -71.0708300000000008 42.3234690000000029, -71.0708479000000040 42.3235134000000031)","LINESTRING (-71.0707635548317000 42.3229347306626025, -71.0707623902838037 42.3230506413636007, -71.0707864432668970 42.3232774926037010, -71.0708007623156988 42.3234019013985971, -71.0708305817368995 42.3234774108148031, -71.0708602291355049 42.3235333885371006, -71.0709058226423025 42.3236194893973021, -71.0711594336843007 42.3239867459859980)","{""name"": ""Clifton Street"", ""class"": ""residential"", ""names_lr"": [{""between"": [0.0, 1.0], ""value"": ""Clifton Street""}], ""subclass_lr"": [{""between"": [0.0, 1.0], ""value"": null}], ""level_lr"": [{""between"": [0.0, 1.0], ""value"": 0}], ""road_flags_lr"": [{""start"": 0.0, ""end"": 1.0, ""value"": []}]}","{""name"": ""CLIFTON STREET"", ""class"": ""residential""}"
33ee2de9-afe7-4dcb-b9b0-7a7a3221f766,us_boston_streets_10044,"LINESTRING (-71.0799070000000057 42.3032529999999980, -71.0802620000000047 42.3035360000000011, -71.0806900000000041 42.3038919999999976)","LINESTRING (-71.0794195521120002 42.3028478709557021, -71.0795266635216052 42.3029270401493989, -71.0799074279330938 42.3032615457956993, -71.0802627602291039 42.3035447499672017, -71.0806907700443986 42.3039008040471032)","{""name"": ""Merrill Street"", ""class"": ""residential"", ""names_lr"": [{""between"": [0.0, 1.0], ""value"": ""Merrill Street""}], ""subclass_lr"": [{""between"": [0.0, 1.0], ""value"": null}], ""level_lr"": [{""between"": [0.0, 1.0], ""value"": 0}], ""road_flags_lr"": [{""start"": 0.0, ""end"": 1.0, ""value"": []}]}","{""name"": ""MERRILL STREET"", ""class"": ""residential""}"
4f26cae3-ec68-49f5-b932-d0227471853c,us_boston_streets_7333,"LINESTRING (-71.1380154000000005 42.3524055000000033, -71.1376142999999956 42.3524701999999991, -71.1372412000000054 42.3525305000000003)","LINESTRING (-71.1387016344941969 42.3522848965114989, -71.1380140262892979 42.3524065218995034, -71.1375048696147019 42.3524966366824032, -71.1372296138916056 42.3525430347015970)","{""name"": ""Armington Street"", ""class"": ""residential"", ""names_lr"": [{""between"": [0.0, 1.0], ""value"": ""Armington Street""}], ""subclass_lr"": [{""between"": [0.0, 1.0], ""value"": null}], ""level_lr"": [{""between"": [0.0, 1.0], ""value"": 0}], ""road_flags_lr"": [{""start"": 0.0, ""end"": 1.0, ""value"": []}]}","{""name"": ""ARMINGTON STREET"", ""class"": ""residential""}"
54c7eae6-ecfe-482e-a8f1-4504a13a4ab9,us_boston_streets_5586,"LINESTRING (-71.0254034999999959 42.3799635000000023, -71.0253181000000069 42.3798718999999977, -71.0252432999999996 42.3798243999999968)","LINESTRING (-71.0251374941507976 42.3798916410845976, -71.0253294054735989 42.3799750426131965)","{""name"": ""Neptune Road"", ""class"": ""secondary"", ""names_lr"": [{""between"": [0.0, 1.0], ""value"": ""Neptune Road""}], ""subclass_lr"": [{""between"": [0.0, 1.0], ""value"": null}], ""level_lr"": [{""between"": [0.0, 1.0], ""value"": 0}], ""road_flags_lr"": [{""start"": 0.0, ""end"": 1.0, ""value"": []}]}","{""name"": ""NEPTUNE ROAD"", ""class"": ""tertiary""}"
95560141-a1c1-4caf-bc78-f731950ede4c,us_boston_streets_4800,"LINESTRING (-71.1308690999999982 42.3501558999999972, -71.1309363000000019 42.3502748000000011)","LINESTRING (-71.1309377306290997 42.3502745432207988, -71.1309841606007041 42.3503450236875025)","{""name"": ""Harvard Avenue"", ""class"": ""primary"", ""names_lr"": [{""between"": [0.0, 1.0], ""value"": ""Harvard Avenue""}], ""subclass_lr"": [{""between"": [0.0, 1.0], ""value"": null}], ""level_lr"": [{""between"": [0.0, 1.0], ""value"": 0}], ""road_flags_lr"": [{""start"": 0.0, ""end"": 1.0, ""value"": []}]}","{""name"": ""HARVARD AVENUE"", ""class"": ""tertiary""}"
1f3cec1c-ba4e-4511-801c-306018aef13e,us_boston_streets_801,"LINESTRING (-71.0561500999999964 42.3366145000000031, -71.0568387000000001 42.3377397000000002, -71.0568621000000036 42.3377716999999976, -71.0568666000000064 42.3377851999999990, -71.0569681000000060 42.3379510999999980)","LINESTRING (-71.0569643682639054 42.3377209470949012, -71.0567333225686042 42.3373841339319981, -71.0564869247855029 42.3369926797535996, -71.0562264683417055 42.3365652489556012)","{""name"": ""Old Colony Avenue"", ""class"": ""primary"", ""names_lr"": [{""between"": [0.0, 1.0], ""value"": ""Old Colony Avenue""}], ""subclass_lr"": [{""between"": [0.0, 1.0], ""value"": null}], ""level_lr"": [{""between"": [0.0, 1.0], ""value"": 0}], ""road_flags_lr"": [{""start"": 0.0, ""end"": 1.0, ""value"": []}]}","{""name"": ""OLD COLONY AVENUE"", ""class"": ""tertiary""}"
a99c8091-8877-47d3-bb5f-5ee2b4439d19,us_boston_streets_6441,"LINESTRING (-71.0884539999999987 42.2800960000000003, -71.0883723999999972 42.2800560000000019, -71.0880789999999934 42.2799121999999983, -71.0879783000000032 42.2798623999999990)","LINESTRING (-71.0884542592887954 42.2801046318137992, -71.0878973941499055 42.2798319849066004, -71.0874794971498005 42.2796290381380970)","{""name"": ""Elizabeth Street"", ""class"": ""residential"", ""names_lr"": [{""between"": [0.0, 1.0], ""value"": ""Elizabeth Street""}], ""subclass_lr"": [{""between"": [0.0, 1.0], ""value"": null}], ""level_lr"": [{""between"": [0.0, 1.0], ""value"": 0}], ""road_flags_lr"": [{""start"": 0.0, ""end"": 1.0, ""value"": []}]}","{""name"": ""ELIZABETH STREET"", ""class"": ""residential""}"
052c2f68-d6e4-432c-82b8-7ed5acb0f39c,us_boston_streets_6418,"LINESTRING (-71.1701350000000019 42.2700389999999970, -71.1698999999999984 42.2702430000000007, -71.1693735000000061 42.2706389000000016)","LINESTRING (-71.1701357934503989 42.2700479859767029, -71.1699004336562950 42.2702521257527977, -71.1693858096940062 42.2706546586788008, -71.1688353206958055 42.2711043472269026)","{""name"": ""Laurie Avenue"", ""class"": ""residential"", ""names_lr"": [{""between"": [0.0, 1.0], ""value"": ""Laurie Avenue""}], ""subclass_lr"": [{""between"": [0.0, 1.0], ""value"": null}], ""level_lr"": [{""between"": [0.0, 1.0], ""value"": 0}], ""road_flags_lr"": [{""start"": 0.0, ""end"": 1.0, ""value"": []}]}","{""name"": ""LAURIE AVENUE"", ""class"": ""residential""}"
7cf3ea1d-1e6f-42a7-96d4-0f91cd9248a0,us_boston_streets_3216,"LINESTRING (-71.0240225000000009 42.3804821000000018, -71.0235961000000060 42.3806326999999996, -71.0235083000000031 42.3806663000000015, -71.0233900000000062 42.3807115999999979, -71.0228831000000014 42.3809060000000031)","LINESTRING (-71.0235845871374067 42.3806223210852977, -71.0228815574737951 42.3809034332964032, -71.0226535472384057 42.3809946031707980)","{""name"": ""Bennington Street"", ""class"": ""secondary"", ""names_lr"": [{""between"": [0.0, 1.0], ""value"": ""Bennington Street""}], ""subclass_lr"": [{""between"": [0.0, 1.0], ""value"": null}], ""level_lr"": [{""between"": [0.0, 1.0], ""value"": 0}], ""road_flags_lr"": [{""start"": 0.0, ""end"": 1.0, ""value"": []}]}","{""name"": ""BENNINGTON STREET"", ""class"": ""primary""}"
9aa12673-2ab9-47f8-b113-a8a78fbbf191,us_boston_streets_9768,"LINESTRING (-71.1286664000000002 42.2869000999999969, -71.1286735000000050 42.2868631999999991, -71.1286850999999984 42.2868290999999985, -71.1287044000000037 42.2867930000000030, -71.1287248999999946 42.2867687000000032, -71.1287626999999958 42.2867261000000028, -71.1287801000000002 42.2866967000000002, -71.1287880000000001 42.2866591000000014, -71.1288174000000026 42.2864209999999972, -71.1288435000000021 42.2861571999999981)","LINESTRING (-71.1286623192100933 42.2869089846169004, -71.1287499615470011 42.2867685202439034, -71.1287878697143015 42.2867183708437011, -71.1288083649177025 42.2864307557954007, -71.1288496194931952 42.2861306377983013, -71.1288564801637051 42.2860567029327967, -71.1288656821401020 42.2859575230849032, -71.1288962615982001 42.2858738290535996, -71.1289344648753996 42.2857734050362026, -71.1289673976693990 42.2856832796314990)","{""name"": ""Poplar Street"", ""class"": ""primary"", ""names_lr"": [{""between"": [0.0, 1.0], ""value"": ""Poplar Street""}], ""subclass_lr"": [{""between"": [0.0, 1.0], ""value"": null}], ""level_lr"": [{""between"": [0.0, 1.0], ""value"": 0}], ""road_flags_lr"": [{""start"": 0.0, ""end"": 1.0, ""value"": []}]}","{""name"": ""POPLAR STREET"", ""class"": ""tertiary""}"
bfdea5e7-d6d5-4950-91d9-5c56520aecf8,us_boston_streets_9062,"LINESTRING (-71.1067582000000016 42.3313734999999980, -71.1069080999999983 42.3310522000000020, -71.1068570999999991 42.3310387000000006)","LINESTRING (-71.1068410988267061 42.3310577383069031, -71.1068139061653994 42.3311200788695032, -71.1067069517426944 42.3313652825044002, -71.1067249242571933 42.3314271383458021)","{""class"": ""footway"", ""subclass"": ""sidewalk"", ""names_lr"": [{""between"": [0.0, 1.0], ""value"": null}], ""subclass_lr"": [{""between"": [0.0, 1.0], ""value"": ""sidewalk""}], ""level_lr"": [{""between"": [0.0, 1.0], ""value"": 0}], ""road_flags_lr"": [{""start"": 0.0, ""end"": 1.0, ""value"": []}]}","{""name"": ""WAIT STREET"", ""class"": ""residential""}"
89767bd5-e887-493d-9978-c486e58f5f7f,us_boston_streets_487,"LINESTRING (-71.0699840000000052 42.2857959999999977, -71.0700149999999979 42.2861249999999984, -71.0700360000000018 42.2863249999999979)","LINESTRING (-71.0700211828789037 42.2852971410711973, -71.0699842031167037 42.2858045472723987, -71.0700155025054983 42.2861338371871014, -71.0700365006176042 42.2863336707244031)","{""name"": ""Montague Street"", ""class"": ""residential"", ""names_lr"": [{""between"": [0.0, 1.0], ""value"": ""Montague Street""}], ""subclass_lr"": [{""between"": [0.0, 1.0], ""value"": null}], ""level_lr"": [{""between"": [0.0, 1.0], ""value"": 0}], ""road_flags_lr"": [{""start"": 0.0, ""end"": 1.0, ""value"": []}]}","{""name"": ""MONTAGUE STREET"", ""class"": ""residential""}"
3a251699-3df3-4a8e-a882-95ac5127650f,us_boston_streets_4561,"LINESTRING (-71.1163489999999996 42.2852329999999981, -71.1163504999999958 42.2853031000000001, -71.1163751999999931 42.2859702000000013)","LINESTRING (-71.1163333892962015 42.2846435671221030, -71.1163493483066986 42.2852299447119009, -71.1163644261044965 42.2859620511207979)","{""name"": ""Sammett Avenue"", ""class"": ""residential"", ""names_lr"": [{""between"": [0.0, 1.0], ""value"": ""Sammett Avenue""}], ""subclass_lr"": [{""between"": [0.0, 1.0], ""value"": null}], ""level_lr"": [{""between"": [0.0, 1.0], ""value"": 0}], ""road_flags_lr"": [{""start"": 0.0, ""end"": 1.0, ""value"": []}]}","{""name"": ""SAMMETT AVENUE"", ""class"": ""residential""}"
b723d83f-ebd2-4c32-adb2-037760983f73,us_boston_streets_6880,"LINESTRING (-71.0870639999999980 42.2773820000000029, -71.0879941000000031 42.2779063999999991, -71.0880314999999996 42.2779445999999979, -71.0880549000000030 42.2779912999999965, -71.0880659999999978 42.2780449999999988, -71.0872246999999930 42.2788449999999969, -71.0871080000000006 42.2789560000000009, -71.0858465000000024 42.2782934999999966)","LINESTRING (-71.0870650253789051 42.2773908576375987, -71.0868759884236994 42.2774147003541998, -71.0867894147944952 42.2774218011376988, -71.0866926183998942 42.2774659396165973, -71.0858750433077944 42.2783156345136035, -71.0871088286616981 42.2789651192318985, -71.0880665670978971 42.2780541323689008, -71.0880439958559975 42.2779428368011025, -71.0870650253789051 42.2773908576375987)","{""name"": ""Banfield Avenue"", ""class"": ""residential"", ""names_lr"": [{""between"": [0.0, 1.0], ""value"": ""Banfield Avenue""}], ""subclass_lr"": [{""between"": [0.0, 1.0], ""value"": null}], ""level_lr"": [{""between"": [0.0, 1.0], ""value"": 0}], ""road_flags_lr"": [{""start"": 0.0, ""end"": 1.0, ""value"": []}]}","{""name"": ""BANFIELD AVENUE"", ""class"": ""residential""}"
b204415b-2f83-4796-80e9-64e7a8b0d700,us_boston_streets_3543,"LINESTRING (-71.0400762999999955 42.3479384999999979, -71.0399249999999967 42.3480644999999996, -71.0396384999999952 42.3483031000000025, -71.0394770999999992 42.3484375000000028, -71.0394071000000054 42.3484958000000020)","LINESTRING (-71.0401142419306950 42.3479297777946968, -71.0393855319501029 42.3485248803546028, -71.0389963609697048 42.3488319865072995)","{""name"": ""D Street"", ""class"": ""primary"", ""names_lr"": [{""between"": [0.0, 1.0], ""value"": ""D Street""}], ""subclass_lr"": [{""between"": [0.0, 1.0], ""value"": null}], ""level_lr"": [{""between"": [0.0, 1.0], ""value"": 0}], ""road_flags_lr"": [{""start"": 0.0, ""end"": 1.0, ""value"": []}]}","{""name"": ""D STREET"", ""class"": ""tertiary""}"
28712174-624c-4951-a2ef-eb46cad500a2,us_boston_streets_5865,"LINESTRING (-71.0559204000000051 42.3655155000000008, -71.0554865000000007 42.3661407999999966)","LINESTRING (-71.0559568120003036 42.3655069863213001, -71.0556685197948070 42.3659438566099027, -71.0555226559023936 42.3662018066390971)","{""class"": ""footway"", ""subclass"": ""sidewalk"", ""names_lr"": [{""between"": [0.0, 1.0], ""value"": null}], ""subclass_lr"": [{""between"": [0.0, 1.0], ""value"": ""sidewalk""}], ""level_lr"": [{""between"": [0.0, 1.0], ""value"": 0}], ""road_flags_lr"": [{""start"": 0.0, ""end"": 1.0, ""value"": []}]}","{""name"": ""MARGARET STREET"", ""class"": ""residential""}"
dfd176ba-ef72-422c-8084-e7dffaad62f2,us_boston_streets_2849,"LINESTRING (-71.1522587000000044 42.3371499000000000, -71.1523858999999987 42.3372626999999966, -71.1525857000000030 42.3374409999999983, -71.1530359000000061 42.3378396000000023, -71.1530419000000052 42.3378452999999979, -71.1530793999999958 42.3378803000000019, -71.1530881999999991 42.3378885999999994, -71.1531370000000010 42.3379364999999979, -71.1532186000000024 42.3380208999999965)","LINESTRING (-71.1509065282852049 42.3359919111399989, -71.1510345118056051 42.3361610582823999, -71.1510713301502022 42.3361918798496006, -71.1512566097501065 42.3363469823275977, -71.1517556976138934 42.3367391636909005, -71.1517802827499963 42.3367584827692980, -71.1523196761592942 42.3372094385236011)","{""name"": ""Chestnut Hill Avenue"", ""class"": ""secondary"", ""names_lr"": [{""between"": [0.0, 1.0], ""value"": ""Chestnut Hill Avenue""}], ""subclass_lr"": [{""between"": [0.0, 1.0], ""value"": null}], ""level_lr"": [{""between"": [0.0, 1.0], ""value"": 0}], ""road_flags_lr"": [{""start"": 0.0, ""end"": 1.0, ""value"": []}]}","{""name"": ""CHESTNUT HILL AVENUE"", ""class"": ""tertiary""}"
78f9a30e-6e1b-4864-9bf6-9360c11810f2,us_boston_streets_1315,"LINESTRING (-71.0599138000000039 42.2780125999999967, -71.0599591000000004 42.2780234000000021, -71.0600266000000005 42.2780430999999979, -71.0600541000000021 42.2780532000000022, -71.0600960000000015 42.2780720000000017)","LINESTRING (-71.0599460681567052 42.2779063047254979, -71.0600301690247989 42.2779853928796001, -71.0600866539417950 42.2780385103126974, -71.0601217844689046 42.2780808503024019, -71.0602057349491929 42.2782392844101977, -71.0604433725952020 42.2786622142598034)","{""name"": ""Hillsdale Street"", ""class"": ""residential"", ""names_lr"": [{""between"": [0.0, 1.0], ""value"": ""Hillsdale Street""}], ""subclass_lr"": [{""between"": [0.0, 1.0], ""value"": null}], ""level_lr"": [{""between"": [0.0, 1.0], ""value"": 0}], ""road_flags_lr"": [{""start"": 0.0, ""end"": 1.0, ""value"": []}]}","{""name"": ""HILLSDALE STREET"", ""class"": ""residential""}"
96cb5830-b188-4c50-a0c5-209c8c4aa57c,us_boston_streets_7567,"LINESTRING (-71.0373641999999990 42.3339159000000009, -71.0373625999999945 42.3338602999999978, -71.0373529000000019 42.3335113999999990)","LINESTRING (-71.0373367709067054 42.3330886940583966, -71.0373494893943018 42.3335500015772013)","{""name"": ""K Street"", ""class"": ""residential"", ""names_lr"": [{""between"": [0.0, 1.0], ""value"": ""K Street""}], ""subclass_lr"": [{""between"": [0.0, 1.0], ""value"": null}], ""level_lr"": [{""between"": [0.0, 1.0], ""value"": 0}], ""road_flags_lr"": [{""start"": 0.0, ""end"": 1.0, ""value"": []}]}","{""name"": ""K STREET"", ""class"": ""residential""}"
