gers_id,target_id,label,labeler,labeled_at,session_id,original_decision,original_confidence,ref_start_pct,ref_end_pct,target_start_pct,target_end_pct,is_subsegment,hausdorff_distance,mean_hausdorff_distance,buffer_iou,overlap_ratio,heading_delta,length_ratio,projection_distance,centroid_distance,name_levenshtein,name_jaro_winkler,name_token_sort,class_similarity,from_degree_ref,to_degree_ref,from_degree_target,to_degree_target,degree_match_score,degree_signature_similarity,is_dead_end_ref,is_dead_end_target,dead_end_match,is_intersection_ref,is_intersection_target,intersection_match
1fe424ca-72bf-43ce-be61-dec8adb749be,boston_sidewalk_72814,no_match,brad,2026-01-14 04:22:42.195838+00:00,4435904e,no_match,0.4999783124730357,0.06,0.39,0.0,0.89,True,38.28236270624042,8.286760053787374,0.3061226310526083,0.5394245239660906,4.208162877490622,0.4220947790895148,8.286760053787374,20.08954960374322,0.0,0.0,0.0,1.0,4,3,6,3,0.875,0.3333333333333333,0.0,0.0,1.0,1.0,1.0,1.0
410eb133-8acf-4c16-ac77-e06c025f017b,boston_sidewalk_102253,no_match,brad,2026-01-14 04:22:49.976464+00:00,4435904e,no_match,0.499970065866771,0.03,1.0,0.55,1.0,True,91.83616588502088,19.739409320293,0.2231100698196739,1.0,0.490381503458309,0.4655092934934376,19.739409320293,47.50423748408391,0.0,0.0,0.0,0.9,3,6,3,4,0.875,0.3333333333333333,0.0,0.0,1.0,1.0,1.0,1.0
2f298f0d-e95a-4c05-89a3-f0ba2c7cc9f7,boston_sidewalk_102723,match,brad,2026-01-14 04:37:22.054986+00:00,00b607d3,review,0.749726897164839,0.07,1.0,0.4,0.98,True,5.719201556983738,0.7900661759599513,0.7670764445943015,1.0,5.409110393986538,0.6128434361347099,0.7900661759599513,2.9333307370697166,0.0,0.0,0.0,1.0,3,3,3,3,1.0,1.0,0.0,0.0,1.0,1.0,1.0,1.0
707ea39b-0db1-48ae-8e9d-af82e3ee1c61,boston_sidewalk_12897,match,brad,2026-01-14 04:37:30.785292+00:00,00b607d3,review,0.7495926370639382,0.2,0.94,0.0,1.0,True,11.40625451237394,2.581558924645304,0.7539052133750649,0.9751289536178984,0.2755326398086595,0.7398855149345303,2.581558924645304,4.087085339621236,0.0,0.0,0.0,0.9,2,3,4,3,0.8333333333333334,0.3333333333333333,0.0,0.0,1.0,1.0,1.0,1.0
0f13a367-aadd-4e71-a5ca-a47769c3f6fb,boston_sidewalk_1295,match,brad,2026-01-14 04:37:50.376010+00:00,00b607d3,review,0.7492109539948693,0.0,0.94,0.0,0.81,True,4.515323219591664,4.194758850155731,0.6087083088248315,1.0,0.8278707831860572,0.8555410236247527,4.194758850155731,4.186513741266101,0.0,0.0,0.0,0.9,5,4,3,3,0.8,0.0,0.0,0.0,1.0,1.0,1.0,1.0
a9bdfa12-1d91-4e6c-9bbb-4e18847329df,boston_sidewalk_12330,no_match,brad,2026-01-14 04:37:58.028684+00:00,00b607d3,review,0.7491776343099891,0.05,0.93,0.0,1.0,True,6.467331368914093,3.095306976303028,0.721312505976225,1.0,0.6400956489036105,0.8771908383193694,3.095306976303028,2.5156742417554963,0.0,0.0,0.0,0.6,4,1,5,5,0.6666666666666667,0.0,1.0,0.0,0.0,1.0,1.0,1.0
6191ec57-07d1-4636-81d5-792adbe02967,boston_sidewalk_103004,match,brad,2026-01-14 04:38:01.427896+00:00,00b607d3,review,0.7490810251917742,0.0,1.0,0.36,0.99,True,8.190189589117159,1.5267807564815186,0.7540492025982658,1.0,4.470408186134847,0.683953874198276,1.5267807564815186,4.30426538292446,0.0,0.0,0.0,1.0,3,8,3,3,0.7058823529411764,0.3333333333333333,0.0,0.0,1.0,1.0,1.0,1.0
9e6722e8-5308-47fa-aa55-0076f328a3f0,boston_sidewalk_102307,match,brad,2026-01-14 04:38:04.306303+00:00,00b607d3,review,0.7490336766010044,0.0,0.77,0.02,0.97,True,7.348921715665768,1.1080355062566678,0.8161097139569753,1.0,13.77948621718997,0.7636828544646055,1.1080355062566678,3.044326776175271,0.0,0.0,0.0,0.9,3,1,5,3,0.6666666666666667,0.3333333333333333,1.0,0.0,0.0,1.0,1.0,1.0
c69d1947-708d-40cb-894c-6618712ca926,boston_sidewalk_1884,match,brad,2026-01-14 04:38:07.543161+00:00,00b607d3,review,0.7489199702990011,0.05,1.0,0.25,1.0,True,7.364038971518593,2.2751166707835,0.7334767618729687,1.0,9.034716047796053,0.828041474171071,2.2751166707835,4.070645428739222,0.0,0.0,0.0,1.0,4,2,5,5,0.75,0.0,0.0,0.0,1.0,1.0,1.0,1.0
fc6d3475-ca3e-4160-a377-f209a43686ce,boston_sidewalk_12701,match,brad,2026-01-14 04:38:16.796317+00:00,00b607d3,review,0.7488968504201028,0.0,1.0,0.42,0.94,True,4.8622491360860005,1.3749872973800006,0.7842388470889914,1.0,2.157753931659215,0.5128047955546661,1.3749872973800006,2.03651607481388,0.0,0.0,0.0,1.0,3,4,5,3,0.9333333333333333,0.3333333333333333,0.0,0.0,1.0,1.0,1.0,1.0
7d978f23-01d2-413b-8025-2663a76ca5e8,boston_sidewalk_5555,no_match,brad,2026-01-14 04:38:27.772553+00:00,00b607d3,no_match,0.4999390324729592,0.03,0.61,0.0,1.0,True,24.072561879195117,8.574093995819274,0.2883226894793259,0.4006762984341088,0.3463872325247621,0.2980043343322189,8.574093995819274,15.740246405311757,0.0,0.0,0.0,0.85,4,4,5,5,0.8888888888888888,0.0,0.0,0.0,1.0,1.0,1.0,1.0
d65fedc4-fc2a-4cf9-8774-df43cb94b519,boston_sidewalk_59225,no_match,brad,2026-01-14 04:38:38.635243+00:00,00b607d3,no_match,0.4998731066436583,0.0,0.58,0.53,1.0,True,11.898222516268357,11.744996565302456,0.201043836219438,0.0,1.828439071176831,0.9455616044043768,11.744996565302456,11.760318278248196,0.0,0.0,0.0,0.9,1,1,1,3,0.6666666666666667,0.3333333333333333,1.0,1.0,1.0,0.0,1.0,0.0
2640d786-cf4d-4e82-84f4-edaea28ca331,boston_sidewalk_2134,no_match,brad,2026-01-14 04:38:41.641137+00:00,00b607d3,no_match,0.4998667749498501,0.0,0.93,0.0,1.0,True,12.028003803766715,11.84920479954233,0.1952665203818885,0.0,2.848459025688328,0.9835953264424364,11.84920479954233,11.845653070342896,0.0,0.0,0.0,1.0,4,4,5,5,0.8888888888888888,0.0,0.0,0.0,1.0,1.0,1.0,1.0
7f74f8b6-5faf-42d7-8f1a-2f603660c77c,boston_sidewalk_103633,no_match,brad,2026-01-14 04:38:45.678333+00:00,00b607d3,no_match,0.4997795995912741,0.03,0.81,0.0,1.0,True,12.643921823217216,8.105735193968547,0.4127703953461251,0.4629370291999965,39.70284222974942,0.6436280861999661,8.105735193968547,9.153879784852888,0.0,0.0,0.0,0.85,1,1,3,8,0.3076923076923077,0.0,1.0,0.0,0.0,0.0,1.0,0.0
2b8fab81-345b-4508-9e07-98f9df710f06,boston_sidewalk_103803,match,brad,2026-01-14 04:38:48.529349+00:00,00b607d3,no_match,0.4997769794239159,0.09,0.68,0.0,1.0,True,50.27202725311823,6.805331564231385,0.5217185944792079,0.701464228530167,27.215756953041648,0.5400034212508342,6.805331564231385,16.117858811559557,0.0,0.0,0.0,0.9,1,3,3,5,0.6666666666666667,0.3333333333333333,1.0,0.0,0.0,1.0,1.0,1.0
667fdd7c-8500-4169-890d-8dde6bcca7a5,boston_sidewalk_103957,no_match,brad,2026-01-14 04:38:52.121506+00:00,00b607d3,no_match,0.4996704340050207,0.07,0.55,0.02,1.0,True,43.98133787512119,11.43636357330042,0.3024424296631935,0.606218852643367,0.996079985324002,0.4929288278097848,11.43636357330042,21.251446246771145,0.0,0.0,0.0,1.0,4,1,5,3,0.7692307692307692,0.0,1.0,0.0,0.0,1.0,1.0,1.0
560d7684-bc1d-4294-9f3f-844d21865f45,boston_sidewalk_73059,no_match,brad,2026-01-14 04:39:00.407330+00:00,00b607d3,no_match,0.4996552886737148,0.0,1.0,0.34,1.0,True,11.04540336366037,10.514411134592232,0.2466324650733505,0.0013044890002261,7.583821468920235,0.9346613342596856,10.514411134592232,10.78765269993748,0.0,0.0,0.0,0.9,3,3,1,5,0.6666666666666667,0.0,0.0,1.0,0.0,1.0,1.0,1.0
4c826e33-fde9-45de-967a-2338799e936a,boston_sidewalk_103622,no_match,brad,2026-01-14 04:39:02.124619+00:00,00b607d3,no_match,0.4995866235739105,1.0,1.0,0.0,0.0,True,41.13024231331283,9.452062637629709,0.217138584116295,0.8022553138818858,5.32036273336837,0.2856930234770213,9.452062637629709,26.67142483209496,0.0,0.0,0.0,0.85,4,4,5,5,0.8888888888888888,0.0,0.0,0.0,1.0,1.0,1.0,1.0
6723ebf7-f30a-45f9-8aac-9dc6ec013f52,boston_sidewalk_22328,no_match,brad,2026-01-14 04:39:08.868116+00:00,00b607d3,no_match,0.4995816458633194,0.44,1.0,0.37,1.0,True,46.04087068329618,16.273009331161038,0.2957847990838987,0.629635584040099,3.6098369860383457,0.8596422705493041,16.273009331161038,39.631746488817086,0.0,0.0,0.0,0.8,4,3,5,3,0.9333333333333333,0.3333333333333333,0.0,0.0,1.0,1.0,1.0,1.0
e6337a88-1019-4b85-b4da-6014b324de15,boston_sidewalk_2258,no_match,brad,2026-01-14 04:39:12.657602+00:00,00b607d3,no_match,0.4995728804434877,0.0,0.16,0.0,0.63,True,24.348783012992858,8.113998200787565,0.3025341188659429,0.4647207115377295,0.0472180318314485,0.2574314367169814,8.113998200787565,14.198276189972244,0.0,0.0,0.0,0.8,4,4,4,5,0.9411764705882353,0.3333333333333333,0.0,0.0,1.0,1.0,1.0,1.0
5d73e738-6f42-4521-b2f3-e65a8eb59685,boston_sidewalk_74134,no_match,brad,2026-01-14 04:39:18.022326+00:00,00b607d3,no_match,0.4995653886803325,1.0,1.0,1.0,1.0,True,20.847905949711183,9.397641754357249,0.3445227365222881,0.4508842854931388,7.92131655894309,0.2714363998140999,9.397641754357249,13.710219114820744,0.0,0.0,0.0,0.9,2,5,4,4,0.8,0.0,0.0,0.0,1.0,1.0,1.0,1.0
10297911-dcd0-4af2-9887-14cf1949d60c,boston_sidewalk_74135,no_match,brad,2026-01-14 04:39:20.475155+00:00,00b607d3,no_match,0.499496914930117,0.27,0.73,0.0,1.0,True,23.09570182549029,11.802026187019193,0.2441076115647642,0.5866819770873569,3.1458624469200345,0.452687904689563,11.802026187019193,10.378355490691764,0.0,0.0,0.0,0.6,7,4,7,7,0.88,0.3333333333333333,0.0,0.0,1.0,1.0,1.0,1.0
3f4afbac-5224-42be-a24f-514a91d6c0d4,boston_sidewalk_22809,no_match,brad,2026-01-14 04:39:22.775526+00:00,00b607d3,no_match,0.4994762070617736,1.0,1.0,1.0,1.0,True,22.828046660358087,11.232397773678064,0.2952484381200577,0.4041952279997785,1.3085188606290217,0.3805316124951329,11.232397773678064,16.180183663558854,0.0,0.0,0.0,0.85,4,5,3,4,0.875,0.3333333333333333,0.0,0.0,1.0,1.0,1.0,1.0
eb5ea701-7859-42a3-9fd3-2847543ea2bf,boston_sidewalk_103206,no_match,brad,2026-01-14 04:39:24.206152+00:00,00b607d3,no_match,0.4994685649717217,0.0,0.0,1.0,1.0,True,23.594534227998448,7.197934478255172,0.25631217943968,0.3303239567695618,3.284722371112593,0.4475333395626996,7.197934478255172,17.95245148123057,0.0,0.0,0.0,0.85,4,2,3,5,0.8571428571428572,0.0,0.0,0.0,1.0,1.0,1.0,1.0
16c27c80-7650-4534-b22b-c924be7b420e,boston_sidewalk_1672,no_match,brad,2026-01-14 04:39:26.727941+00:00,00b607d3,no_match,0.4994541598475424,0.74,1.0,0.0,0.38,True,20.42188823153424,9.239067970201754,0.2773180269410255,0.5504202745257561,17.90111399787986,0.5287371630002249,9.239067970201754,15.336103175177678,0.0,0.0,0.0,0.8,3,4,5,5,0.8235294117647058,0.0,0.0,0.0,1.0,1.0,1.0,1.0
2b708efa-c340-4546-868f-9bf2fcd1d8ea,boston_sidewalk_103393,match,brad,2026-01-14 04:40:00.116344+00:00,00b607d3,no_match,0.4994347634187361,0.54,1.0,0.2,0.99,True,44.73578939972977,3.1434241333494053,0.5855874940261749,0.6479242887908074,39.71564148536618,0.5471025240763744,3.1434241333494053,16.660844066473015,0.0,0.0,0.0,1.0,3,5,7,6,0.7619047619047619,0.0,0.0,0.0,1.0,1.0,1.0,1.0
0db83c7f-eb53-4270-8ee5-784300f51c84,boston_sidewalk_22340,no_match,brad,2026-01-14 04:40:02.424127+00:00,00b607d3,no_match,0.4993817270514039,0.56,0.99,0.06,1.0,True,31.09596075009108,10.471564046711933,0.2401828632247916,0.5346053103061468,2.550417069953113,0.4290927219757776,10.471564046711933,17.10018995719625,0.0,0.0,0.0,1.0,8,4,4,3,0.736842105263158,0.3333333333333333,0.0,0.0,1.0,1.0,1.0,1.0
c1368530-f520-47d9-925f-a8eb6687d0f8,boston_sidewalk_12598,no_match,brad,2026-01-14 04:40:04.852202+00:00,00b607d3,no_match,0.4993814662190713,0.0,0.01,0.0,0.03,True,23.20427714416622,9.86911285949484,0.3557361984509317,0.4337575435626837,2.964388584621787,0.2342994083138924,9.86911285949484,14.264845064924735,0.0,0.0,0.0,0.9,2,4,3,5,0.8571428571428572,0.0,0.0,0.0,1.0,1.0,1.0,1.0
4701008e-1f1f-4c26-9f78-c9e1e7ae52e5,boston_sidewalk_101981,match,brad,2026-01-14 04:40:08.891779+00:00,00b607d3,no_match,0.4993560781866749,0.66,0.98,0.0,1.0,True,53.10582257880484,4.362346723888887,0.4297460152482893,0.4655094008301363,0.1213704390044654,0.3278686475714319,4.362346723888887,26.00678823154468,0.0,0.0,0.0,1.0,4,4,5,3,0.875,0.0,0.0,0.0,1.0,1.0,1.0,1.0
4142b598-52c2-4399-b543-72103ae5ccd2,boston_sidewalk_108490,no_match,brad,2026-01-14 04:40:12.447035+00:00,00b607d3,no_match,0.499290776671781,0.58,0.58,0.0,0.0,True,41.339456887912654,13.87291340932982,0.1728694260141648,0.4462544296749818,0.5763559901440658,0.9587355682076264,13.87291340932982,29.03389442864086,0.0,0.0,0.0,0.85,4,2,5,3,0.8571428571428572,0.0,0.0,0.0,1.0,1.0,1.0,1.0
462778a9-8f6f-4e8c-9d21-aa920a3e8eab,boston_sidewalk_1986,no_match,brad,2026-01-14 04:40:16.787178+00:00,00b607d3,no_match,0.4992903328936245,0.0,1.0,0.16,1.0,True,11.958428657064353,10.995801747224991,0.2456937999349751,0.0,4.275805799516036,0.8983811787199812,10.995801747224991,11.212948237394754,0.0,0.0,0.0,1.0,4,4,5,5,0.8888888888888888,0.0,0.0,0.0,1.0,1.0,1.0,1.0
59cbc6cf-55d1-4199-aee9-01be503c00f5,boston_sidewalk_102668,match,brad,2026-01-14 04:41:14.229096+00:00,00b607d3,no_match,0.4992498022399331,0.65,1.0,0.0,0.77,True,51.4848831261396,8.759813845518261,0.4542911113870668,0.5200357538034248,1.2787333291318532,0.4098165746372537,8.759813845518261,26.085090326554717,0.0,0.0,0.0,1.0,5,5,5,5,1.0,1.0,0.0,0.0,1.0,1.0,1.0,1.0
094873a4-5a25-47eb-ae1c-155b7a9afe07,boston_sidewalk_102220,match,brad,2026-01-14 04:41:19.018617+00:00,00b607d3,no_match,0.4992269769434311,0.57,1.0,0.0,1.0,True,116.73181264762134,7.591485679586725,0.4429894420188666,0.4776199447377716,0.5091699270419667,0.4263300037504214,7.591485679586725,58.10846448180661,0.0,0.0,0.0,1.0,5,7,3,3,0.6666666666666667,0.0,0.0,0.0,1.0,1.0,1.0,1.0
bca16fe2-c568-42b5-aecd-250280181439,boston_sidewalk_1264,no_match,brad,2026-01-14 04:41:21.170753+00:00,00b607d3,no_match,0.4991824167673645,0.83,1.0,0.0,0.44,True,24.74816532320291,9.008652920557468,0.2743689875263913,0.4577539630547608,2.269268180417328,0.3993773468753255,9.008652920557468,16.156240827068082,0.0,0.0,0.0,0.8,3,4,5,5,0.8235294117647058,0.0,0.0,0.0,1.0,1.0,1.0,1.0
83413653-0c09-4b07-a901-0bf14d5ee98f,boston_sidewalk_877,no_match,brad,2026-01-14 04:41:24.614363+00:00,00b607d3,no_match,0.4991780276669759,0.5,0.85,0.0,0.41,True,19.356748394859896,10.361450936887149,0.2509350623164656,0.6521307307739642,30.31424753147911,0.7124245375507784,10.361450936887149,15.081195968656257,0.0,0.0,0.0,0.8,3,3,3,3,1.0,1.0,0.0,0.0,1.0,1.0,1.0,1.0
df28ce59-981b-4780-a983-ace3c1849972,boston_sidewalk_108355,no_match,brad,2026-01-14 04:41:27.737861+00:00,00b607d3,no_match,0.4991749679020207,0.0,0.81,0.0,0.88,True,13.70260284735961,11.084221809245475,0.2629867540715553,0.0622900222799463,0.258234546489632,0.926993989287513,11.084221809245475,12.33729251589461,0.0,0.0,0.0,0.6,1,1,3,3,0.5,0.0,1.0,0.0,0.0,0.0,1.0,0.0
705279fe-a95d-457b-8658-f2d99899eeec,boston_sidewalk_62389,match,brad,2026-01-14 04:41:34.382446+00:00,00b607d3,no_match,0.4990780473663739,0.88,1.0,0.0,0.57,True,28.38022990776859,8.288474821132587,0.3789237613989707,0.4366412960104639,2.5075155765403565,0.2222990469178252,8.288474821132587,15.66475063619032,0.0,0.0,0.0,0.9,4,2,3,4,0.9230769230769231,0.3333333333333333,0.0,0.0,1.0,1.0,1.0,1.0
c1df4096-1b78-4616-9e1d-9b04af02931c,boston_sidewalk_102960,no_match,brad,2026-01-14 04:41:37.158225+00:00,00b607d3,no_match,0.4990500501526197,0.07,1.0,0.47,1.0,True,84.16583639396934,26.874110454051035,0.4055463332351806,1.0,0.5192240823265593,0.5686837327760575,26.874110454051035,45.89611185116969,0.0,0.0,0.0,0.8,3,4,3,5,0.9333333333333333,0.3333333333333333,0.0,0.0,1.0,1.0,1.0,1.0
37946574-0e58-4691-a0f3-7897de8e1e2d,boston_sidewalk_12248,no_match,brad,2026-01-14 04:41:48.454025+00:00,00b607d3,no_match,0.499012668646082,0.0,1.0,0.0,1.0,False,13.457043385797768,7.367174188220586,0.493177822233953,0.5851897236243105,30.092674506337744,0.6051293030590434,7.367174188220586,8.81402349346554,0.0,0.0,0.0,0.0,1,1,3,5,0.4,0.0,1.0,0.0,0.0,0.0,1.0,0.0
02624f14-c0f4-48c4-878a-a7ecf8ef8240,boston_sidewalk_1144,no_match,brad,2026-01-14 04:41:50.015707+00:00,00b607d3,no_match,0.4989461105673001,0.0,0.73,0.0,0.83,True,12.5835346141378,11.990417563965044,0.1996475553390355,0.0,3.204764584264524,0.99249415826724,11.990417563965044,12.21845242526591,0.0,0.0,0.0,1.0,4,4,5,5,0.8888888888888888,0.0,0.0,0.0,1.0,1.0,1.0,1.0
9571b0bd-062f-43e5-bef8-ec1645f81345,boston_sidewalk_21261,match,brad,2026-01-14 04:41:52.402403+00:00,00b607d3,no_match,0.4989311346077301,0.57,1.0,0.0,1.0,True,104.30349193061876,7.5757085020819055,0.4305399173891739,0.4866116094297583,0.6381554527606284,0.4307936282157485,7.5757085020819055,51.91489691446981,0.0,0.0,0.0,1.0,3,3,3,1,0.8,0.3333333333333333,0.0,1.0,0.0,1.0,1.0,1.0
a3e85b54-0209-42f8-9b39-03682b17f432,boston_sidewalk_74839,no_match,brad,2026-01-14 04:41:54.498141+00:00,00b607d3,no_match,0.498784621041025,0.0,0.99,0.02,0.87,True,14.589253387381843,11.74233822397526,0.2658005856401761,0.0,0.8091207770386859,0.8686043903686036,11.74233822397526,11.715495877118109,0.0,0.0,0.0,1.0,2,3,3,3,0.9090909090909091,0.3333333333333333,0.0,0.0,1.0,1.0,1.0,1.0
d339a45d-61a5-468a-b782-cceef546e839,boston_sidewalk_1873,no_match,brad,2026-01-14 04:41:57.658229+00:00,00b607d3,no_match,0.4987826520271359,1.0,1.0,0.0,0.0,True,15.924868886785488,5.895625982586347,0.39354722195933,0.6234842523175272,44.890088297423176,0.5141592436157522,5.895625982586347,11.326487420519875,0.0,0.0,0.0,1.0,4,3,3,4,1.0,1.0,0.0,0.0,1.0,1.0,1.0,1.0
866b3959-47b6-42ac-b1a0-c31f8109f3d1,boston_sidewalk_5669,match,brad,2026-01-14 04:42:02.412663+00:00,00b607d3,no_match,0.4987633513586161,0.0,0.17,0.17,1.0,True,28.03463975332112,9.06218935591467,0.4224043485184864,0.4653262632735255,5.64668740807582,0.2046999076028371,9.06218935591467,14.616751161807056,0.0,0.0,0.0,0.9,6,3,3,3,0.8,0.3333333333333333,0.0,0.0,1.0,1.0,1.0,1.0
1a7b2abb-13e3-4326-aed5-f703d9a92835,boston_sidewalk_103926,match,brad,2026-01-14 04:42:11.994753+00:00,00b607d3,no_match,0.4987591904802048,0.28,0.71,0.0,1.0,True,29.493840080121203,6.726516368933756,0.3238061948716913,0.5343034398118375,6.73299941936267,0.2089871184556997,6.726516368933756,7.141036674556994,0.0,0.0,0.0,1.0,3,4,4,3,1.0,1.0,0.0,0.0,1.0,1.0,1.0,1.0
5865f458-4e5b-423c-ae27-2a389090fead,boston_sidewalk_92102,no_match,brad,2026-01-14 04:42:14.632905+00:00,00b607d3,no_match,0.4987160184758631,1.0,1.0,0.0,0.0,True,24.21797451165376,11.938215906617163,0.177576103894305,0.2554595855116106,1.8317621720938744,0.8402006031940494,11.938215906617163,22.598944597813617,0.0,0.0,0.0,0.85,3,3,3,4,0.9230769230769231,0.3333333333333333,0.0,0.0,1.0,1.0,1.0,1.0
f5d80991-b6e0-4bab-b7d7-63c69d75be26,boston_sidewalk_72540,no_match,brad,2026-01-14 04:42:18.100940+00:00,00b607d3,no_match,0.4986882726005885,0.2,0.28,0.76,0.93,True,21.041150781671234,5.806399293668947,0.2534810391092532,0.3930151850339008,4.500905156345766,0.2702374917567978,5.806399293668947,15.27394576129801,0.0,0.0,0.0,0.85,4,2,3,5,0.8571428571428572,0.0,0.0,0.0,1.0,1.0,1.0,1.0
41ff8be1-350d-4fc7-bf0b-577ded8abb69,boston_sidewalk_103770,no_match,brad,2026-01-14 04:42:19.609844+00:00,00b607d3,no_match,0.4986607066824222,1.0,1.0,1.0,1.0,True,35.20134246623533,12.396230719608822,0.2098620781989499,0.7313422601492603,1.049578017721359,0.2980005933603299,12.396230719608822,23.88390548627483,0.0,0.0,0.0,0.85,3,3,3,7,0.75,0.3333333333333333,0.0,0.0,1.0,1.0,1.0,1.0
cde9962c-9250-40c8-9966-a0da8cf62a71,boston_sidewalk_22780,no_match,brad,2026-01-14 04:42:21.020416+00:00,00b607d3,no_match,0.4986042955792294,0.78,1.0,0.78,1.0,True,17.16039802597944,13.634682468030237,0.1632398379628112,0.1717847443869661,3.022722064697689,0.939272942946152,13.634682468030237,16.56581347751525,0.0,0.0,0.0,0.85,4,4,3,5,0.875,0.0,0.0,0.0,1.0,1.0,1.0,1.0
a09c706b-15b3-4481-9343-93838c20ab45,boston_sidewalk_103326,no_match,brad,2026-01-14 04:42:26.565166+00:00,00b607d3,no_match,0.4985490959791119,0.01,0.58,0.0,1.0,True,78.09331722928583,12.191877740912238,0.3193171963664881,0.6161361227752585,0.0222807398759528,0.5704812182677874,12.191877740912238,38.23819696032173,0.0,0.0,0.0,1.0,4,4,3,5,0.875,0.0,0.0,0.0,1.0,1.0,1.0,1.0
295df18b-3efc-4575-83ec-4035dbb29fd5,boston_sidewalk_102401,no_match,brad,2026-01-14 04:42:28.496823+00:00,00b607d3,no_match,0.4984468790438102,0.0,0.01,0.98,1.0,True,31.639062260291308,6.991664717373638,0.2346206154829424,0.4696637427675614,11.946005089322853,0.6059568667258477,6.991664717373638,24.813660499153173,0.0,0.0,0.0,0.85,1,3,3,5,0.6666666666666667,0.3333333333333333,1.0,0.0,0.0,1.0,1.0,1.0
97fcb960-9c60-4c6d-a903-e66da83f5f07,boston_sidewalk_74821,no_match,brad,2026-01-14 04:42:32.335432+00:00,00b607d3,no_match,0.498371489226142,0.0,0.04,0.0,0.08,True,20.71065961657977,5.324362042961477,0.3555792550710014,0.5022752073736928,29.524583436241528,0.4802227267831346,5.324362042961477,13.657367896566743,0.0,0.0,0.0,0.85,3,3,3,3,1.0,1.0,0.0,0.0,1.0,1.0,1.0,1.0
f97b9f8d-41da-4999-a47d-d13894f7c9bb,boston_sidewalk_103906,match,brad,2026-01-14 04:42:43.454322+00:00,00b607d3,no_match,0.4983566436301982,0.38,0.83,0.0,1.0,True,70.12579664260753,10.240841337672812,0.4343385382133242,0.5389446485349021,0.0846253142601085,0.4351558722256691,10.240841337672812,16.919470604640996,0.0,0.0,0.0,1.0,4,2,5,3,0.8571428571428572,0.0,0.0,0.0,1.0,1.0,1.0,1.0
eecbc2ea-2ca2-4808-a276-da55e09f028f,boston_sidewalk_5748,no_match,brad,2026-01-14 04:42:45.209247+00:00,00b607d3,no_match,0.4983108550146155,0.0,0.6,0.0,0.77,True,11.214216818765804,10.764222392240873,0.2443038392992152,0.0,4.407574156470304,0.8694521156282903,10.764222392240873,10.761165355850991,0.0,0.0,0.0,1.0,4,4,5,5,0.8888888888888888,0.0,0.0,0.0,1.0,1.0,1.0,1.0
4cac7b56-897d-4ab4-bfa4-43885af2ac33,boston_sidewalk_108494,no_match,brad,2026-01-14 04:42:49.114233+00:00,00b607d3,no_match,0.4982585433383534,0.1,0.99,0.0,0.99,True,13.650756081601957,12.683351236578767,0.2127398897535549,0.0,2.0996298704750416,0.9904832114145043,12.683351236578767,12.502060419284344,0.0,0.0,0.0,1.0,1,2,5,5,0.46153846153846156,0.0,1.0,0.0,0.0,0.0,1.0,0.0
9f1d520b-52c3-4d50-94c2-e9ca3d934b79,boston_sidewalk_22912,no_match,brad,2026-01-14 04:42:54.403466+00:00,00b607d3,no_match,0.4982001746576403,0.22,1.0,0.7,1.0,True,69.08241436395255,18.690582646242017,0.2966187327775685,1.0,0.1535592298779988,0.3881093805903522,18.690582646242017,38.9718140136767,0.0,0.0,0.0,0.8,3,3,3,3,1.0,1.0,0.0,0.0,1.0,1.0,1.0,1.0
1d0822ee-e00f-4374-be27-3189af1dd018,boston_sidewalk_13125,match,brad,2026-01-14 04:43:00.766411+00:00,00b607d3,no_match,0.4981702722867039,0.41,1.0,0.0,1.0,True,68.39606098618097,6.13160420568184,0.5238619144436442,0.5916107644424761,22.0344194163294,0.5434116375724523,6.13160420568184,38.93192267265711,0.0,0.0,0.0,1.0,4,4,5,4,0.9411764705882353,0.3333333333333333,0.0,0.0,1.0,1.0,1.0,1.0
26a1cd40-4881-438c-81b2-6fa6d2bf6469,boston_sidewalk_2050,no_match,brad,2026-01-14 04:43:03.169144+00:00,00b607d3,no_match,0.4981345595815677,0.0,0.77,0.23,1.0,True,12.707448891418192,12.43022541957846,0.1852097058828275,0.0,0.7674809446593258,0.9719441637064786,12.43022541957846,12.66611909985709,0.0,0.0,0.0,1.0,4,4,5,5,0.8888888888888888,0.0,0.0,0.0,1.0,1.0,1.0,1.0
2c76bbcc-e631-4e23-9da0-308b13bab668,boston_sidewalk_103969,no_match,brad,2026-01-14 04:43:04.899185+00:00,00b607d3,no_match,0.4981144154212436,0.1,1.0,0.0,0.75,True,11.843244050594588,11.604484785988731,0.2103988956482976,0.0,2.3031403029191893,0.9177709788118572,11.604484785988731,11.61423753152332,0.0,0.0,0.0,1.0,2,4,5,4,0.8,0.3333333333333333,0.0,0.0,1.0,1.0,1.0,1.0
cf21e744-3727-4822-a4ca-294884880e51,boston_sidewalk_103500,no_match,brad,2026-01-14 04:43:07.453051+00:00,00b607d3,no_match,0.4981030288152396,0.36,0.97,0.0,1.0,True,54.10419544346711,12.5041842254127,0.4312251871277645,0.727174560886397,13.924479617772874,0.6530309155426137,12.5041842254127,23.37561936450056,0.0,0.0,0.0,0.8,6,4,5,5,0.9,0.0,0.0,0.0,1.0,1.0,1.0,1.0
5b81cb33-e30f-482e-a14d-491eabd64aca,boston_sidewalk_102467,match,brad,2026-01-14 04:43:12.438156+00:00,00b607d3,no_match,0.4980539938458326,0.53,0.76,0.0,1.0,True,40.55842711683877,4.045229848429741,0.3588701781378237,0.4879098865354679,2.2059023892936693,0.2323676308177679,4.045229848429741,10.725622658851172,0.0,0.0,0.0,0.9,4,4,7,3,0.7777777777777778,0.0,0.0,0.0,1.0,1.0,1.0,1.0
d9e2b05c-035c-4582-80b3-f87802aacd0c,boston_sidewalk_5480,no_match,brad,2026-01-14 04:43:17.124478+00:00,00b607d3,no_match,0.4979874189143332,0.0,0.04,0.89,1.0,True,26.651027589996456,9.45590835523679,0.3089127955981031,0.3939255307162173,0.9956081611170476,0.3589982114838531,9.45590835523679,17.826054882620948,0.0,0.0,0.0,0.85,3,5,3,3,0.8571428571428572,0.3333333333333333,0.0,0.0,1.0,1.0,1.0,1.0
b810e679-9ec8-4431-9cc1-9bb1c33063f6,boston_sidewalk_1258,no_match,brad,2026-01-14 04:43:18.712488+00:00,00b607d3,no_match,0.4979191593341537,0.85,1.0,0.0,0.45,True,24.34182946732609,10.025960093686765,0.2940796842990871,0.4556677460540802,0.0170666608709666,0.342824700036245,10.025960093686765,15.491223579327464,0.0,0.0,0.0,0.8,3,4,5,5,0.8235294117647058,0.0,0.0,0.0,1.0,1.0,1.0,1.0
c71b9627-6687-4b3a-8900-157ee1c03412,boston_sidewalk_12464,no_match,brad,2026-01-14 04:43:20.879108+00:00,00b607d3,no_match,0.497804103575818,0.0,0.0,1.0,1.0,True,19.57643845737736,9.56339622406204,0.2946757663970192,0.5233621930713184,42.90090753832641,0.9784022155174008,9.56339622406204,16.52006838846982,0.0,0.0,0.0,0.9,3,3,4,3,0.9230769230769231,0.3333333333333333,0.0,0.0,1.0,1.0,1.0,1.0
6767101a-68e0-4d65-bf04-465e202e14ce,boston_sidewalk_103712,no_match,brad,2026-01-14 04:43:22.136930+00:00,00b607d3,no_match,0.497772769474952,1.0,1.0,1.0,1.0,True,34.39624049058179,11.66056001313039,0.2271755894370167,0.6852316634095388,5.3411380539624815,0.3821559825712596,11.66056001313039,24.15168880907268,0.0,0.0,0.0,0.85,4,4,1,5,0.7142857142857143,0.0,0.0,1.0,0.0,1.0,1.0,1.0
f07a1bc4-8a7c-4f6b-9fae-429d6788b98e,boston_sidewalk_103088,no_match,brad,2026-01-14 04:43:24.970175+00:00,00b607d3,no_match,0.4976960166830502,0.07,0.61,0.01,1.0,True,43.227450114787096,13.475233768642068,0.3491363855281029,0.6589463332025203,3.3560230240777287,0.5429727311999405,13.475233768642068,18.02832636612368,0.0,0.0,0.0,0.8,4,4,5,3,0.875,0.0,0.0,0.0,1.0,1.0,1.0,1.0
8b27794b-633d-41ab-a862-1024b1599336,boston_sidewalk_62198,no_match,brad,2026-01-14 04:43:26.670444+00:00,00b607d3,no_match,0.4976594268542268,1.0,1.0,0.0,0.0,True,23.342098342091568,9.712407969347096,0.2996109794886162,0.3780221853643887,0.111871573974156,0.3179688418556794,9.712407969347096,16.018712892766036,0.0,0.0,0.0,1.0,5,2,2,1,0.6,0.3333333333333333,0.0,1.0,0.0,1.0,0.0,0.0
734fc881-9762-414d-b1aa-307b2234a166,boston_sidewalk_22875,no_match,brad,2026-01-14 04:43:28.277906+00:00,00b607d3,no_match,0.497652609781779,1.0,1.0,1.0,1.0,True,34.907232868879504,19.17987887484362,0.2490200738422497,0.8827420550976821,3.179732900175395,0.3148834478942366,19.17987887484362,23.216170886706006,0.0,0.0,0.0,0.85,3,3,3,4,0.9230769230769231,0.3333333333333333,0.0,0.0,1.0,1.0,1.0,1.0
b1456da9-6ff0-4255-82cf-f5dc12fa1da4,boston_sidewalk_102645,no_match,brad,2026-01-14 04:43:31.365222+00:00,00b607d3,no_match,0.4975700895579885,0.02,0.97,0.28,0.99,True,16.27903753544339,11.869734539805176,0.2483946194734994,0.2039539059762951,5.013530911128896,0.7089600377313549,11.869734539805176,14.049293095995171,0.0,0.0,0.0,1.0,3,4,3,3,0.9230769230769231,0.3333333333333333,0.0,0.0,1.0,1.0,1.0,1.0
bc3bb3a8-1465-4ff7-b136-f56aa71a0b61,boston_sidewalk_103682,match,brad,2026-01-14 04:43:33.783331+00:00,00b607d3,no_match,0.4975516293886472,0.6,0.99,0.0,1.0,True,61.28255035129536,8.811694416723583,0.4660348503952066,0.4940429638454622,0.1121563150725819,0.3903597117515811,8.811694416723583,30.52950391703029,0.0,0.0,0.0,1.0,3,4,2,5,0.8571428571428572,0.0,0.0,0.0,1.0,1.0,1.0,1.0
d6d288ba-c45d-4496-8425-ec847f308c5b,boston_sidewalk_2082,match,brad,2026-01-14 04:43:53.849698+00:00,00b607d3,no_match,0.4974831656433474,0.74,1.0,0.04,1.0,True,18.320891121878628,5.704364253330331,0.4873026146089849,0.5365985658524777,31.840586392474904,0.2411408648115086,5.704364253330331,10.473971158576049,0.0,0.0,0.0,1.0,3,1,3,3,0.8,0.3333333333333333,1.0,0.0,0.0,1.0,1.0,1.0
8633f139-0b60-4f83-b058-bda4ca528c0e,boston_sidewalk_102208,no_match,brad,2026-01-14 04:43:59.423158+00:00,00b607d3,no_match,0.4974535362590011,0.01,0.91,0.0,1.0,True,13.040694668536574,8.749649877729514,0.3960745688929747,0.450491090451067,37.904815755546,0.6578160010659935,8.749649877729514,9.53034266164194,0.0,0.0,0.0,0.9,1,5,5,3,0.8571428571428572,0.3333333333333333,1.0,0.0,0.0,1.0,1.0,1.0
0add5ac5-3a29-4b0e-8379-1ff3287eb372,boston_sidewalk_74168,no_match,brad,2026-01-14 04:44:02.724838+00:00,00b607d3,no_match,0.4974445870062879,0.0,0.0,1.0,1.0,True,22.804516304846583,12.188572671583673,0.1956223929553967,0.4029135191698392,11.662575898024386,0.7794435881247354,12.188572671583673,19.64487258668462,0.0,0.0,0.0,0.9,5,2,5,4,0.875,0.3333333333333333,0.0,0.0,1.0,1.0,1.0,1.0
c610213f-5f73-4877-9e70-67b8e51fbb1e,boston_sidewalk_103822,no_match,brad,2026-01-14 04:44:04.900861+00:00,00b607d3,no_match,0.4974374970992857,0.0,0.81,0.12,0.98,True,13.109742142923972,12.46588372828848,0.2083755647114887,0.0,0.4836164734016961,0.9333888486579024,12.46588372828848,12.46486859316673,0.0,0.0,0.0,1.0,4,4,5,4,0.9411764705882353,0.3333333333333333,0.0,0.0,1.0,1.0,1.0,1.0
227fa1fc-6095-4354-b33b-670662c87b34,boston_sidewalk_61813,no_match,brad,2026-01-14 04:44:06.610927+00:00,00b607d3,no_match,0.4974297581090042,0.03,0.07,0.0,0.0,True,24.48916505582222,10.667173463067517,0.3407778692453924,0.4716445617578618,1.8425258168618937,0.213079192376792,10.667173463067517,13.80753626413772,0.0,0.0,0.0,0.9,2,2,7,3,0.5714285714285714,0.0,0.0,0.0,1.0,0.0,1.0,0.0
5d9cbf9a-3ed6-47ca-98a5-3cdb22dd54a3,boston_sidewalk_1317,no_match,brad,2026-01-14 04:44:08.014329+00:00,00b607d3,no_match,0.4974022349828224,0.09,1.0,0.05,1.0,True,12.26882708068411,12.22874018573557,0.1878396542620603,0.0,0.4413457157540961,0.9365967000505516,12.22874018573557,12.228772190685074,0.0,0.0,0.0,1.0,4,4,5,5,0.8888888888888888,0.0,0.0,0.0,1.0,1.0,1.0,1.0
412b2736-9dc0-4dea-9dd7-a50178a0d4f2,boston_sidewalk_103508,no_match,brad,2026-01-14 04:44:09.363010+00:00,00b607d3,no_match,0.4973743220155599,0.98,1.0,0.97,1.0,True,28.50665755451942,9.524381702472054,0.2480259334237524,0.3576251324337337,11.815752680946218,0.7789473223574453,9.524381702472054,23.68448502800964,0.0,0.0,0.0,0.9,3,3,3,3,1.0,1.0,0.0,0.0,1.0,1.0,1.0,1.0
11fe7216-9791-45e5-826f-1785732ded0c,boston_sidewalk_102445,no_match,brad,2026-01-14 04:47:18.406017+00:00,00b607d3,no_match,0.4973107065581924,0.95,1.0,1.0,1.0,True,42.431375482741146,11.1684721410203,0.2175857037056654,0.7708992766616607,1.0800383470949555,0.3097468424842358,11.1684721410203,27.84206107103161,0.0,0.0,0.0,0.85,4,4,1,4,0.7692307692307692,0.3333333333333333,0.0,1.0,0.0,1.0,1.0,1.0
31f3f959-8f17-4c0a-a77f-cea2a8a80842,boston_sidewalk_103025,no_match,brad,2026-01-14 04:47:21.015819+00:00,00b607d3,no_match,0.4972943666585165,0.54,1.0,0.69,1.0,True,29.21132482932681,16.112981670797463,0.2087533792771963,0.6544342481789388,2.721155882905549,0.6673781195506313,16.112981670797463,23.11311401263784,0.0,0.0,0.0,0.6,3,3,5,3,0.8571428571428572,0.3333333333333333,0.0,0.0,1.0,1.0,1.0,1.0
6f47fb57-de29-422e-af8f-d40a84b05776,boston_sidewalk_108353,match,brad,2026-01-15 04:30:44.487719+00:00,84126b50,review,0.7493835361037038,0.05,0.8,0.0,1.0,True,6.429217727724715,2.2217390939998096,0.7180184116425693,1.0,2.762358267096829,0.7456474011564879,2.2217390939998096,2.603897019334923,0.0,0.0,0.0,0.9,1,1,3,5,0.4,0.0,1.0,0.0,0.0,0.0,1.0,0.0
43abd185-a0a2-4805-bff2-bed18a43edef,boston_sidewalk_12346,match,brad,2026-01-15 04:30:51.171577+00:00,84126b50,review,0.7493044929633921,0.0,0.66,0.0,0.89,True,5.8726347159580445,1.739301002656423,0.7559140388948242,1.0,6.274467463710209,0.7356312160217722,1.739301002656423,3.615812570524782,0.0,0.0,0.0,0.9,3,3,2,6,0.7142857142857143,0.0,0.0,0.0,1.0,1.0,1.0,1.0
f77b545b-ec77-4b55-a8c2-e04a1c1123ed,boston_sidewalk_12473,match,brad,2026-01-15 04:30:56.127488+00:00,84126b50,review,0.749258772638113,0.23,0.8,0.0,1.0,True,3.304388051058265,0.5596333878117451,0.8933638737947484,1.0,9.110214235732885,0.493464217461151,0.5596333878117451,1.2256365200330197,0.0,0.0,0.0,0.9,4,4,4,4,1.0,1.0,0.0,0.0,1.0,1.0,1.0,1.0
f87f8ce6-0d10-4863-bb2e-560b41b81c5b,boston_sidewalk_102216,no_match,brad,2026-01-15 04:31:01.373338+00:00,84126b50,review,0.7487937779515224,0.07,0.92,0.0,1.0,True,6.206095842108595,3.420032906774353,0.669038736681879,1.0,0.3150342343827219,0.852303668369611,3.420032906774353,3.1010196907111363,0.0,0.0,0.0,0.8,4,3,3,5,0.9333333333333333,0.3333333333333333,0.0,0.0,1.0,1.0,1.0,1.0
f65f84f2-adf0-4150-9891-ebf43f722625,boston_sidewalk_1638,match,brad,2026-01-15 04:31:07.008274+00:00,84126b50,review,0.7487779773039409,0.09,1.0,0.0,0.96,True,5.4137462392504405,4.2041449558768695,0.6133289678940177,1.0,6.641223141341612,0.9918097806927232,4.2041449558768695,4.294212451650814,0.0,0.0,0.0,1.0,4,3,3,3,0.9230769230769231,0.3333333333333333,0.0,0.0,1.0,1.0,1.0,1.0
ae26d565-9fd8-4fe1-baf5-e3041e2a535d,boston_sidewalk_2230,match,brad,2026-01-15 04:31:10.693717+00:00,84126b50,review,0.7486363349044868,0.07,1.0,0.0,0.91,True,5.053547315447409,4.358185167833407,0.5934078249327652,1.0,5.301573852627143,0.9894627169486055,4.358185167833407,4.3022724120014,0.0,0.0,0.0,1.0,3,4,3,3,0.9230769230769231,0.3333333333333333,0.0,0.0,1.0,1.0,1.0,1.0
e057e983-d51a-4a1b-8243-5e5b256caa01,boston_sidewalk_22996,no_match,brad,2026-01-15 04:31:14.376534+00:00,84126b50,review,0.7483340603861739,0.06,0.91,0.0,1.0,True,12.03323114539504,2.298008695251825,0.7404118157522722,0.9834100239255644,0.7988579592146721,0.8479452141566166,2.298008695251825,2.86932657539207,0.0,0.0,0.0,0.8,3,3,5,3,0.8571428571428572,0.3333333333333333,0.0,0.0,1.0,1.0,1.0,1.0
055d3041-e14c-4049-adba-e40af40e7ba5,boston_sidewalk_13245,match,brad,2026-01-15 04:31:18.034405+00:00,84126b50,review,0.7481873244014365,0.22,0.99,0.0,1.0,True,13.416388109187473,1.292468082813264,0.7821871904774863,0.9442844736287346,0.5652886583419559,0.7747542035366907,1.292468082813264,6.47273485071866,0.0,0.0,0.0,0.9,4,4,4,5,0.9411764705882353,0.3333333333333333,0.0,0.0,1.0,1.0,1.0,1.0
4fd95a7c-1eea-40bb-a47b-75c7b290cc23,boston_sidewalk_103257,no_match,brad,2026-01-15 04:31:23.093011+00:00,84126b50,review,0.7481160636725213,0.05,0.95,0.0,1.0,True,6.437529006923641,4.023202102286001,0.6479852264278185,1.0,0.081278490020793,0.9006676499805268,4.023202102286001,3.8746871760848096,0.0,0.0,0.0,0.8,3,5,3,3,0.8571428571428572,0.3333333333333333,0.0,0.0,1.0,1.0,1.0,1.0
898c28cf-ee9f-4001-bb85-a7cf5ac7039b,boston_sidewalk_102249,no_match,brad,2026-01-15 04:31:25.754274+00:00,84126b50,review,0.7480190016281907,0.05,0.98,0.0,1.0,True,10.592828494343816,3.6948679691937865,0.6790763087760037,0.996804655362666,0.1005452852699591,0.9282541984011952,3.6948679691937865,4.357207259501714,0.0,0.0,0.0,0.8,3,4,3,3,0.9230769230769231,0.3333333333333333,0.0,0.0,1.0,1.0,1.0,1.0
e236bd35-8c58-4de0-a22a-7db57d026284,boston_sidewalk_5695,match,brad,2026-01-15 04:31:30.013877+00:00,84126b50,review,0.7478029017759446,0.0,0.49,0.0,0.94,True,5.047682604012926,1.5254136163976486,0.7681151693496454,1.0,1.890608954975562,0.529839992803931,1.5254136163976486,2.755613045177169,0.0,0.0,0.0,1.0,4,4,2,5,0.8,0.0,0.0,0.0,1.0,1.0,1.0,1.0
59683d02-ea82-4f04-a9b4-a83b8174ff73,boston_sidewalk_100236,match,brad,2026-01-15 04:31:32.156014+00:00,84126b50,review,0.7476828213822767,0.0,1.0,0.09,0.81,True,4.125042289184836,2.01591613369662,0.7698322994945198,1.0,7.094710309477705,0.7178774848120542,2.01591613369662,1.7035093462447437,0.0,0.0,0.0,0.85,3,4,3,3,0.9230769230769231,0.3333333333333333,0.0,0.0,1.0,1.0,1.0,1.0
ff28f90b-d438-478a-9002-361999a61ff6,boston_sidewalk_103766,match,brad,2026-01-15 04:31:36.060556+00:00,84126b50,review,0.7476227957958546,0.26,0.95,0.0,1.0,True,10.010663341622497,3.2768220192159205,0.7491486154496337,0.9994780748471044,0.2586641106571221,0.6903221614624614,3.2768220192159205,4.1683177055091605,0.0,0.0,0.0,1.0,3,4,3,5,0.9333333333333333,0.3333333333333333,0.0,0.0,1.0,1.0,1.0,1.0
741d903b-371c-403b-bde9-d9818643a6a3,boston_sidewalk_12568,match,brad,2026-01-15 04:31:38.246320+00:00,84126b50,review,0.7474730883566149,0.05,0.93,0.02,0.99,True,2.196784385627939,1.1958125619748072,0.8203200103714727,1.0,20.91897266536489,0.8508851174308206,1.1958125619748072,0.2471995273440409,0.0,0.0,0.0,0.9,1,3,3,3,0.8,0.3333333333333333,1.0,0.0,0.0,1.0,1.0,1.0
e8296526-02b6-4dd4-8520-ed22ba459b58,boston_sidewalk_22379,match,brad,2026-01-15 04:31:40.524455+00:00,84126b50,review,0.7473664561890677,0.07,1.0,0.23,1.0,True,16.22007765441634,1.146950674441181,0.7584569862800963,1.0,4.548815649469816,0.8073434547469455,1.146950674441181,9.745459282934975,0.0,0.0,0.0,1.0,4,2,3,2,0.9090909090909091,0.3333333333333333,0.0,0.0,1.0,1.0,1.0,1.0
129f2628-3344-46e1-b616-6444698b7adc,boston_sidewalk_5692,match,brad,2026-01-15 04:31:42.887312+00:00,84126b50,review,0.7473266940851788,0.0,0.99,0.12,0.98,True,4.128703292444845,3.7196023403878273,0.6449591109503848,1.0,5.767137930693707,0.8653450545727027,3.7196023403878273,3.676093952095477,0.0,0.0,0.0,1.0,4,2,5,5,0.75,0.0,0.0,0.0,1.0,1.0,1.0,1.0
c35a753d-1bf5-41f7-b09c-d3a71e5dccd6,boston_sidewalk_103329,no_match,brad,2026-01-15 04:31:54.527069+00:00,84126b50,review,0.7470572112178464,0.02,1.0,0.06,1.0,True,5.980065439531373,5.181085870684903,0.5718112419509812,1.0,0.877984849972222,0.9592107673138426,5.181085870684903,5.281516904166242,0.0,0.0,0.0,1.0,7,3,5,5,0.8,0.0,0.0,0.0,1.0,1.0,1.0,1.0
f5a4f3c1-fd45-42a3-8381-f2c10310a74e,boston_sidewalk_12628,match,brad,2026-01-15 04:31:56.979809+00:00,84126b50,review,0.7470498820052033,0.0,0.76,0.01,1.0,True,12.47414579656404,1.650355014532697,0.7872140587295178,0.9501800790211512,1.327052116617267,0.7593947769745572,1.650355014532697,6.477753709674083,0.0,0.0,0.0,0.9,3,3,3,4,0.9230769230769231,0.3333333333333333,0.0,0.0,1.0,1.0,1.0,1.0
1598b045-35ae-40d8-9c58-1d5caef4c7f8,boston_sidewalk_72924,match,brad,2026-01-15 04:32:02.270270+00:00,84126b50,review,0.746989516248629,0.25,0.8,0.0,1.0,True,4.19721956042034,1.690543363188309,0.7564870192917856,1.0,0.6047357390685306,0.550169331263851,1.690543363188309,0.399490293497076,0.0,0.0,0.0,0.9,1,2,2,1,1.0,1.0,1.0,1.0,1.0,0.0,0.0,1.0
1e2ecca7-fb15-457d-a211-6012087d5c07,boston_sidewalk_102387,no_match,brad,2026-01-15 04:32:04.963009+00:00,84126b50,review,0.7469838812378526,0.08,0.92,0.0,1.0,True,6.756507467286141,3.220421518679546,0.6749122174950274,1.0,1.0393414046507132,0.8445139718877948,3.220421518679546,2.9447220036436783,0.0,0.0,0.0,0.8,4,4,5,5,0.8888888888888888,0.0,0.0,0.0,1.0,1.0,1.0,1.0
68eca339-2396-4352-bdd2-59baccd51e8c,boston_sidewalk_103845,match,brad,2026-01-15 04:32:07.607648+00:00,84126b50,review,0.7467595700470082,0.16,1.0,0.0,1.0,True,20.993233269733736,1.5372834301246654,0.835057789579798,0.9143836923666072,0.5175657096525583,0.8362909403646367,1.5372834301246654,10.460436668317044,0.0,0.0,0.0,1.0,4,3,3,3,0.9230769230769231,0.3333333333333333,0.0,0.0,1.0,1.0,1.0,1.0
59759ce3-2149-4af6-a365-2ee73de6c128,boston_sidewalk_102860,no_match,brad,2026-01-15 04:32:10.640053+00:00,84126b50,review,0.7463831125935614,0.08,0.92,0.0,1.0,True,6.926637728443356,3.5227940488031906,0.6696939299561011,1.0,0.0589750285836316,0.8400453037132035,3.5227940488031906,2.9464321338210997,0.0,0.0,0.0,0.8,4,4,5,5,0.8888888888888888,0.0,0.0,0.0,1.0,1.0,1.0,1.0
5eaa2f80-fea7-42bd-9512-dd5fd29f1a41,boston_sidewalk_12229,no_match,brad,2026-01-15 04:32:14.249067+00:00,84126b50,review,0.746380773135028,0.06,0.86,0.0,1.0,True,7.692168465363957,2.0842560384566884,0.7328065947476698,1.0,0.2743699693150461,0.8079085605035455,2.0842560384566884,3.0229720728901897,0.0,0.0,0.0,0.6,4,1,1,5,0.9090909090909091,0.3333333333333333,1.0,1.0,1.0,1.0,1.0,1.0
d2c93da2-d6fc-4bfb-9e91-9b00485f4df4,boston_sidewalk_74136,no_match,brad,2026-01-15 04:32:28.076516+00:00,84126b50,no_match,0.499928972474467,0.0,1.0,0.18,0.81,True,14.27157916283352,11.43911759253009,0.2225456995888388,0.3623506915975789,21.209577396068767,0.8862653670577796,11.43911759253009,11.47981653439059,0.0,0.0,0.0,0.9,3,3,3,4,0.9230769230769231,0.3333333333333333,0.0,0.0,1.0,1.0,1.0,1.0
8e78a763-9e24-4f57-bcb4-e9112f6868a3,boston_sidewalk_12140,no_match,brad,2026-01-15 04:32:30.092220+00:00,84126b50,no_match,0.4998937921178288,0.0,0.0,0.0,0.0,True,16.602809001578354,9.139505814896768,0.2634650140432006,0.4315991414321197,33.10400438148298,0.9396226424034788,9.139505814896768,14.298976608724471,0.0,0.0,0.0,0.9,4,2,3,3,0.8333333333333334,0.0,0.0,0.0,1.0,1.0,1.0,1.0
73770bf0-3876-4766-b717-f13011e86180,boston_sidewalk_2041,no_match,brad,2026-01-15 04:32:31.498504+00:00,84126b50,no_match,0.4998643869904932,0.0,0.0,1.0,1.0,True,20.802818897661695,12.322302760318331,0.2358383258229619,0.5952350456235255,13.552605058139648,0.5121513023931594,12.322302760318331,16.962341889895136,0.0,0.0,0.0,0.9,3,2,5,4,0.7142857142857143,0.0,0.0,0.0,1.0,1.0,1.0,1.0
674dad7a-d7ab-466c-8da3-1b2babdfd423,boston_sidewalk_1768,match,brad,2026-01-15 04:32:38.290590+00:00,84126b50,no_match,0.4997692108816298,0.03,0.3,0.0,1.0,True,38.253377926754816,5.049880382180854,0.4230738391313894,0.5057086044992686,6.26165739152782,0.2607291592265934,5.049880382180854,17.76129221715458,0.0,0.0,0.0,0.9,2,5,3,5,0.9333333333333333,0.3333333333333333,0.0,0.0,1.0,1.0,1.0,1.0
6981a33c-2c60-4e67-9f46-6d1e2f7d5322,boston_sidewalk_12247,no_match,brad,2026-01-15 04:32:42.429438+00:00,84126b50,no_match,0.4996953062665611,0.56,0.84,0.0,1.0,True,25.48652676182855,7.453014727133477,0.3455879007208711,0.6042106656276418,13.331695125797012,0.2263662291491302,7.453014727133477,9.418371682446674,0.0,0.0,0.0,0.9,2,1,3,5,0.5454545454545454,0.0,1.0,0.0,0.0,0.0,1.0,0.0
eb5ea701-7859-42a3-9fd3-2847543ea2bf,boston_sidewalk_73167,no_match,brad,2026-01-15 04:32:45.369781+00:00,84126b50,no_match,0.4994675292656756,1.0,1.0,1.0,1.0,True,22.83720891781662,15.187363400548994,0.1549977098284903,0.2779198909009424,0.4973498733648966,0.995589825349008,15.187363400548994,22.69665541067031,0.0,0.0,0.0,0.85,4,2,3,3,0.8333333333333334,0.0,0.0,0.0,1.0,1.0,1.0,1.0
881e7606-9c86-4be6-a66e-56417ec1f28f,boston_sidewalk_103261,no_match,brad,2026-01-15 04:32:47.279132+00:00,84126b50,no_match,0.4993837835944269,0.0,0.0,0.0,0.0,True,41.37921690246213,15.029667691790536,0.2314796770364046,0.9991978296101452,3.6937241769092566,0.2336753811821807,15.029667691790536,25.498040692682903,0.0,0.0,0.0,0.85,2,5,5,3,0.9333333333333333,0.3333333333333333,0.0,0.0,1.0,1.0,1.0,1.0
7d978f23-01d2-413b-8025-2663a76ca5e8,boston_sidewalk_2188,no_match,brad,2026-01-15 04:32:48.478125+00:00,84126b50,no_match,0.4991638766029228,1.0,1.0,0.0,0.0,True,25.47674113725236,12.585453432050798,0.2503562167353556,0.360304455397841,0.6587478890882608,0.6782395598362517,12.585453432050798,21.60124125233547,0.0,0.0,0.0,0.85,4,4,5,5,0.8888888888888888,0.0,0.0,0.0,1.0,1.0,1.0,1.0
c765792c-ffd7-49bf-97ad-5405a3b4b88d,boston_sidewalk_102890,no_match,brad,2026-01-15 04:32:53.476180+00:00,84126b50,no_match,0.4991471021318258,0.0,0.42,0.09,1.0,True,22.81672488916223,12.810566672233762,0.2720548579382767,0.5773677251862845,10.63199181329162,0.4723607960438248,12.810566672233762,16.063434173348078,0.0,0.0,0.0,0.9,3,6,5,3,0.9411764705882353,0.3333333333333333,0.0,0.0,1.0,1.0,1.0,1.0
9e5349fe-172a-4183-99b8-3c098c8a972f,boston_sidewalk_61737,no_match,brad,2026-01-15 04:32:58.397488+00:00,84126b50,no_match,0.4991447038822044,0.43,0.72,0.0,1.0,True,21.93144609563902,11.559061169764847,0.2471834148706634,0.5138471176755226,4.017521431094394,0.3901708627304592,11.559061169764847,11.330797699187212,0.0,0.0,0.0,0.9,2,3,2,3,1.0,1.0,0.0,0.0,1.0,1.0,1.0,1.0
abcd272f-6c1f-404d-ab04-23a250431b8c,boston_sidewalk_61803,no_match,brad,2026-01-15 04:32:59.638446+00:00,84126b50,no_match,0.4989992864663251,0.0,0.13,0.0,1.0,True,12.217350587333804,9.928350487970317,0.2480028043082288,0.4764703154805383,5.274275539752296,0.2369703393511954,9.928350487970317,10.42263002675034,0.0,0.0,0.0,0.85,10,10,5,5,0.6666666666666667,0.0,0.0,0.0,1.0,1.0,1.0,1.0
20153376-71a7-4298-a8b4-b7c00cd5ac12,boston_sidewalk_103007,no_match,brad,2026-01-15 04:33:00.861819+00:00,84126b50,no_match,0.4989197830139518,0.0,0.0,0.24,0.8,True,12.628437262971456,7.891143963606713,0.296965766103088,0.6152382875847925,20.22624621450313,0.2135783915114643,7.891143963606713,9.491252946513956,0.0,0.0,0.0,0.85,4,4,5,5,0.8888888888888888,0.0,0.0,0.0,1.0,1.0,1.0,1.0
891f4bb9-8f0b-4008-9b1f-98b687bc3678,boston_sidewalk_72599,no_match,brad,2026-01-15 04:33:02.625095+00:00,84126b50,no_match,0.4989021236735694,0.0,0.0,0.0,0.0,True,14.75239227776992,11.509026601809568,0.1937803126674447,0.2291089146959902,5.917776567705374,0.8166024512673312,11.509026601809568,13.724545274940516,0.0,0.0,0.0,0.85,4,3,5,3,0.9333333333333333,0.3333333333333333,0.0,0.0,1.0,1.0,1.0,1.0
c60677af-d62c-467c-88a5-2be88fa448ef,boston_sidewalk_103459,no_match,brad,2026-01-15 04:33:04.253661+00:00,84126b50,no_match,0.4988272507054035,0.98,1.0,0.98,1.0,True,22.995687385147686,4.563942608638709,0.3397318705536857,0.4432242385387698,16.273334290098802,0.3679394463549383,4.563942608638709,15.058749397927844,0.0,0.0,0.0,0.9,1,1,3,3,0.5,0.0,1.0,0.0,0.0,0.0,1.0,0.0
e98c556d-a1e6-46af-99d4-3fa9dc95d74e,boston_sidewalk_108446,no_match,brad,2026-01-15 04:33:05.940568+00:00,84126b50,no_match,0.4984159559122881,0.67,0.68,0.0,0.0,True,24.02571568960467,11.935327455461664,0.2051547253322014,0.4526764563515826,1.4253313321792689,0.5620142282117483,11.935327455461664,21.60784839187481,0.0,0.0,0.0,0.85,3,1,3,3,0.8,0.3333333333333333,1.0,0.0,0.0,1.0,1.0,1.0
ae932fee-6e88-4f27-9d31-c49ba0cbe828,boston_sidewalk_2148,no_match,brad,2026-01-15 04:33:07.264838+00:00,84126b50,no_match,0.4984057860201843,1.0,1.0,1.0,1.0,True,25.78252260148293,8.89559228535412,0.2800499167219425,0.3724996512980324,1.6155670367665491,0.4876091413216277,8.89559228535412,19.335945911081964,0.0,0.0,0.0,0.85,4,3,3,3,0.9230769230769231,0.3333333333333333,0.0,0.0,1.0,1.0,1.0,1.0
1997d6e1-00e5-4782-9b42-317c835795cb,boston_sidewalk_103935,no_match,brad,2026-01-15 04:33:08.905035+00:00,84126b50,no_match,0.49826854639187,0.0,0.0,0.0,0.0,True,34.245367098806334,18.07752293406048,0.2428175200318253,0.877702743527004,1.0222126753664895,0.307629165149368,18.07752293406048,22.746659056535957,0.0,0.0,0.0,0.85,4,4,5,4,0.9411764705882353,0.3333333333333333,0.0,0.0,1.0,1.0,1.0,1.0
72323d06-4c09-4744-b278-6d639949b8c1,boston_sidewalk_12456,no_match,brad,2026-01-15 04:33:10.620952+00:00,84126b50,no_match,0.498175347247123,0.0,0.0,0.0,0.0,True,28.225279303278374,11.82404602383457,0.1692212356550133,0.2581837889909642,0.5091882064064066,0.9394286559969112,11.82404602383457,24.84262522963797,0.0,0.0,0.0,0.9,4,3,5,3,0.9333333333333333,0.3333333333333333,0.0,0.0,1.0,1.0,1.0,1.0
3c147e0f-5247-4d93-848c-46e110d5401f,boston_sidewalk_13177,match,brad,2026-01-15 04:33:17.193509+00:00,84126b50,no_match,0.498154628222555,0.26,0.51,0.0,1.0,True,39.85868100054803,4.540016645742741,0.3681139736264284,0.4924969473675197,1.4060127264684752,0.2506489138301531,4.540016645742741,9.054242997277766,0.0,0.0,0.0,0.9,4,4,5,7,0.8,0.0,0.0,0.0,1.0,1.0,1.0,1.0
d4fda55d-4a52-44ff-b9c2-12567dd19f04,boston_sidewalk_102855,no_match,brad,2026-01-15 04:33:18.798660+00:00,84126b50,no_match,0.4981437969931034,0.0,0.0,0.0,0.0,True,25.910342766755573,15.197252482534171,0.1982641612751664,0.3165589278912574,2.523686935176329,0.9663822227106842,15.197252482534171,25.50795163493865,0.0,0.0,0.0,0.85,4,3,7,3,0.8235294117647058,0.3333333333333333,0.0,0.0,1.0,1.0,1.0,1.0
efbcdfd7-af04-4ba6-a495-a753e546ee95,boston_sidewalk_103038,no_match,brad,2026-01-15 04:33:20.268633+00:00,84126b50,no_match,0.4980850604005085,0.0,0.0,1.0,1.0,True,35.119774503205484,12.74238237818854,0.2141509114426758,1.0,12.751381743800948,0.2300790607838548,12.74238237818854,22.012337264986385,0.0,0.0,0.0,0.85,3,1,3,5,0.6666666666666667,0.3333333333333333,1.0,0.0,0.0,1.0,1.0,1.0
068744f6-418a-4b66-8e1a-fa48b67e6121,boston_sidewalk_73134,match,brad,2026-01-15 04:33:22.840652+00:00,84126b50,no_match,0.4980400253475727,0.65,1.0,0.0,0.98,True,44.617482127915366,9.1115648577039,0.4627625635542383,0.4935784041139632,0.0376901073834119,0.3535385967817415,9.1115648577039,22.517192181810827,0.0,0.0,0.0,0.9,3,1,3,3,0.8,0.3333333333333333,1.0,0.0,0.0,1.0,1.0,1.0
61436503-3353-4503-b86d-b38fd0835ddc,boston_sidewalk_74760,no_match,brad,2026-01-15 04:33:24.754779+00:00,84126b50,no_match,0.4979760657775852,0.0,0.0,0.0,0.08,True,24.464230285548386,7.504723532793355,0.2494364999605765,0.589147637523691,19.517306426203334,0.5200759191544488,7.504723532793355,18.654555054680024,0.0,0.0,0.0,0.85,1,5,5,3,0.8571428571428572,0.3333333333333333,1.0,0.0,0.0,1.0,1.0,1.0
74b7fb7e-31b9-4163-8fbb-114b300fbfe9,boston_sidewalk_12671,no_match,brad,2026-01-15 04:33:26.874617+00:00,84126b50,no_match,0.4979175162686653,1.0,1.0,1.0,1.0,True,27.352821373340248,4.120074844216391,0.3128417449180485,0.3547773196622369,1.3054550002044607,0.268616098167341,4.120074844216391,16.35196924690897,0.0,0.0,0.0,0.9,1,4,4,4,0.7692307692307692,0.3333333333333333,1.0,0.0,0.0,1.0,1.0,1.0
81b77088-bc0c-4c2a-ae00-265cb6262d08,boston_sidewalk_108438,no_match,brad,2026-01-15 04:33:30.084428+00:00,84126b50,no_match,0.4978638129912353,0.33,0.42,0.0,0.0,True,16.24577985912581,9.882790467326329,0.246653145199882,0.5128865728457441,10.087567636178534,0.3337239384123393,9.882790467326329,11.658523534297776,0.0,0.0,0.0,0.9,1,6,3,3,0.6153846153846154,0.0,1.0,0.0,0.0,1.0,1.0,1.0
6deafe55-0322-4be1-b8e8-e3ed399adae9,boston_sidewalk_100751,match,brad,2026-01-15 04:33:33.366774+00:00,84126b50,no_match,0.497646757799715,0.2,0.45,0.0,1.0,True,40.59869929653663,5.451589537946178,0.3738645634188656,0.5199773566606308,1.782058267821526,0.2553435601669636,5.451589537946178,12.710680171632784,0.0,0.0,0.0,0.9,4,4,3,3,0.8571428571428572,0.0,0.0,0.0,1.0,1.0,1.0,1.0
d06b9b5d-0a02-4811-9c4b-722f91aea14a,boston_sidewalk_102747,no_match,brad,2026-01-15 04:33:35.047462+00:00,84126b50,no_match,0.4976370745852269,0.0,0.0,1.0,1.0,True,20.368878671004545,9.276275927762242,0.3057678752977851,0.4488559384381706,3.591277414904709,0.2526698005545761,9.276275927762242,13.300206201487114,0.0,0.0,0.0,0.9,3,5,3,3,0.8571428571428572,0.3333333333333333,0.0,0.0,1.0,1.0,1.0,1.0
412025ad-cdd8-40ea-8c5a-77f4c8db4d57,boston_sidewalk_27851,match,brad,2026-01-15 04:33:37.479567+00:00,84126b50,no_match,0.4975686778779511,0.31,0.66,0.0,1.0,True,40.576502797699824,7.247083150790879,0.4077722882779202,0.5059162199457142,4.007718450726827,0.345627808445843,7.247083150790879,12.093076091013184,0.0,0.0,0.0,0.9,4,2,3,3,0.8333333333333334,0.0,0.0,0.0,1.0,1.0,1.0,1.0
108c64a2-a99e-416c-ab0a-ffac25b3e2c0,boston_sidewalk_103694,no_match,brad,2026-01-15 04:33:38.844153+00:00,84126b50,no_match,0.497418694006744,0.0,0.0,0.0,0.0,True,33.23013427022143,8.816694002221418,0.2503154966407031,0.8308608014922533,18.101373678772177,0.3469456867784505,8.816694002221418,22.239988654338195,0.0,0.0,0.0,0.85,3,5,3,3,0.8571428571428572,0.3333333333333333,0.0,0.0,1.0,1.0,1.0,1.0
a3a1999b-6341-41c7-bf07-4d4d8dae41f0,boston_sidewalk_72877,unsure,brad,2026-01-15 04:33:44.364971+00:00,84126b50,no_match,0.4973895506693927,0.81,1.0,0.0,1.0,True,17.51298684210784,5.885273455842427,0.4808732701906621,0.634233170164279,34.48656587965439,0.2032746518963562,5.885273455842427,8.924817801258468,0.0,0.0,0.0,0.9,1,4,5,5,0.6666666666666667,0.0,1.0,0.0,0.0,1.0,1.0,1.0
5e9903be-2aea-4e83-9514-64554f9df9ad,boston_sidewalk_1228,no_match,brad,2026-01-15 04:33:46.143083+00:00,84126b50,no_match,0.4973283314836928,0.0,0.0,0.0,0.0,True,18.16420898774199,8.334381373538168,0.3394188723746905,0.5138540456797039,23.47886360689938,0.4617858970494672,8.334381373538168,13.498437334803652,0.0,0.0,0.0,0.9,3,5,6,5,0.8421052631578947,0.3333333333333333,0.0,0.0,1.0,1.0,1.0,1.0
e6470639-103b-4b44-bd72-a17a241142cb,boston_sidewalk_62085,no_match,brad,2026-01-15 04:33:48.255483+00:00,84126b50,no_match,0.4973009229210375,1.0,1.0,0.0,0.0,True,19.66720475260594,8.058227859071414,0.3277588635170163,0.4695751374849106,11.1241055143567,0.3148837818859429,8.058227859071414,13.212049494244363,0.0,0.0,0.0,0.85,4,3,3,1,0.7272727272727273,0.3333333333333333,0.0,1.0,0.0,1.0,1.0,1.0
6523e078-9662-451e-8a39-d9e976b07c47,boston_sidewalk_103076,no_match,brad,2026-01-15 04:33:50.160702+00:00,84126b50,no_match,0.4972799156169313,0.5,0.98,0.03,1.0,True,29.78004806268539,12.523060773653254,0.2281625570666157,0.5375388113597817,0.2331003843007693,0.475950504269572,12.523060773653254,16.633705968885298,0.0,0.0,0.0,0.9,4,4,4,3,0.9333333333333333,0.3333333333333333,0.0,0.0,1.0,1.0,1.0,1.0
faa68d1d-da12-4388-ae97-78601cf7cd1f,boston_sidewalk_1647,no_match,brad,2026-01-15 04:33:51.870558+00:00,84126b50,no_match,0.497146538713592,0.0,0.62,0.0,0.6,True,12.858565417853873,12.626678927529673,0.179426023908679,0.0,0.962110015927891,0.9859450393073408,12.626678927529673,12.731314003528986,0.0,0.0,0.0,1.0,4,4,5,5,0.8888888888888888,0.0,0.0,0.0,1.0,1.0,1.0,1.0
29dced94-0730-40b9-884d-498a77d70c02,boston_sidewalk_102743,no_match,brad,2026-01-15 04:33:54.680371+00:00,84126b50,no_match,0.4971310348562621,1.0,1.0,1.0,1.0,True,18.49337037022252,13.558969347839051,0.1597784833121405,0.2436913610405071,0.4831998738182506,0.9890695383254005,13.558969347839051,18.449992147270187,0.0,0.0,0.0,0.6,3,3,3,5,0.8571428571428572,0.3333333333333333,0.0,0.0,1.0,1.0,1.0,1.0
ad1d9245-cb49-41e4-b00a-fbe1938ecf25,boston_sidewalk_103874,no_match,brad,2026-01-15 04:33:56.016280+00:00,84126b50,no_match,0.4970992634330192,0.78,1.0,0.26,1.0,True,22.39672107137449,10.654659356249423,0.2528604481222867,0.4555072273520214,1.529590023672711,0.3165528062111463,10.654659356249423,14.038078241886469,0.0,0.0,0.0,1.0,3,3,3,3,1.0,1.0,0.0,0.0,1.0,1.0,1.0,1.0
551c5d46-6bda-4fab-9c1f-f0b248f71fb9,boston_sidewalk_103573,match,brad,2026-01-15 04:34:00.582079+00:00,84126b50,no_match,0.4970799553300613,0.0,0.25,0.0,0.95,True,32.419098591762506,6.11018389024515,0.4032400127081663,0.4802474204016464,8.095322911797155,0.2682537957875537,6.11018389024515,17.817347521758865,0.0,0.0,0.0,0.9,3,1,3,3,0.8,0.3333333333333333,1.0,0.0,0.0,1.0,1.0,1.0
d3ee3dab-d72f-4b8b-a2eb-66f00be42ad6,boston_sidewalk_22967,no_match,brad,2026-01-15 04:35:31.879794+00:00,84126b50,no_match,0.4970638151963477,0.0,0.0,1.0,1.0,True,26.00919270552214,14.555758336155822,0.2450897618371013,0.5869701684086922,8.215056572492017,0.5825192568735075,14.555758336155822,20.932469512119763,0.0,0.0,0.0,0.85,4,5,3,5,0.9411764705882353,0.3333333333333333,0.0,0.0,1.0,1.0,1.0,1.0
1edd2261-aaaa-497e-b2f9-d3901c3dd382,boston_sidewalk_13270,no_match,brad,2026-01-15 04:35:33.941017+00:00,84126b50,no_match,0.4970243338112701,0.0,1.0,0.7,0.94,True,38.40337693037712,19.67414169524392,0.2576853336116695,1.0,0.1523440620405836,0.2421339677133979,19.67414169524392,19.459341234657884,0.0,0.0,0.0,0.8,3,3,5,3,0.8571428571428572,0.3333333333333333,0.0,0.0,1.0,1.0,1.0,1.0
f25aa551-c700-431b-b389-20c5383e404d,boston_sidewalk_27847,no_match,brad,2026-01-15 04:35:35.762932+00:00,84126b50,no_match,0.4969987344191288,0.0,0.49,0.0,0.0,True,18.24163088801246,10.773863153118809,0.3719132114737864,1.0,40.421329653596445,0.2061564409455305,10.773863153118809,11.25283274766258,0.0,0.0,0.0,0.8,3,3,3,6,0.8,0.3333333333333333,0.0,0.0,1.0,1.0,1.0,1.0
3a6808b6-e22e-4dd8-a32a-2e3c0bfa1835,boston_sidewalk_103591,no_match,brad,2026-01-15 04:35:38.378303+00:00,84126b50,no_match,0.4969887870539671,0.0,0.04,0.99,1.0,True,28.12420942131026,4.697626281572309,0.3019262162631814,0.9468966650636842,42.94960979294672,0.3764785614150651,4.697626281572309,17.851279038338287,0.0,0.0,0.0,0.85,1,4,5,4,0.7142857142857143,0.3333333333333333,1.0,0.0,0.0,1.0,1.0,1.0
695220d2-d7be-4093-9b6d-a25d30e69fd3,boston_sidewalk_72941,match,brad,2026-01-15 04:35:45.846321+00:00,84126b50,no_match,0.4969393518188538,0.13,0.6,0.0,1.0,True,66.53156853478603,12.866331552237542,0.5213214650933818,0.5908006102683966,5.619140548187033,0.4907334571950831,12.866331552237542,25.040237334806733,0.0,0.0,0.0,0.9,3,4,3,3,0.9230769230769231,0.3333333333333333,0.0,0.0,1.0,1.0,1.0,1.0
bea2f8a9-58f3-4816-ab07-27b9e7704585,boston_sidewalk_103783,no_match,brad,2026-01-15 04:35:48.113311+00:00,84126b50,no_match,0.4969136403090201,0.11,0.57,0.0,1.0,True,32.52514481479349,12.628799192634606,0.3062821518280936,0.6325239755147494,6.27654827618403,0.4560609266590577,12.628799192634606,12.828460737247394,0.0,0.0,0.0,0.8,4,3,3,3,0.9230769230769231,0.3333333333333333,0.0,0.0,1.0,1.0,1.0,1.0
88ccb51b-9d4e-4644-ad1a-602209073afc,boston_sidewalk_1199,match,brad,2026-01-15 04:35:56.920045+00:00,84126b50,no_match,0.496871112307481,0.0,0.26,0.0,0.85,True,33.968098231411005,4.029646914367886,0.4088550923801792,0.4486794092849848,13.06154452412096,0.3632137567604652,4.029646914367886,17.181298489126185,0.0,0.0,0.0,0.9,3,2,3,3,0.9090909090909091,0.3333333333333333,0.0,0.0,1.0,1.0,1.0,1.0
6ba85dad-0efa-4d50-b32d-d00d989702b2,boston_sidewalk_102783,no_match,brad,2026-01-15 04:35:58.470725+00:00,84126b50,no_match,0.4968632182747969,0.0,0.0,1.0,1.0,True,18.691008794614877,12.619570444127456,0.1732159109000286,0.1733350173474576,3.904196131759363,0.989168698073233,12.619570444127456,18.64856811065615,0.0,0.0,0.0,0.85,4,4,3,3,0.8571428571428572,0.0,0.0,0.0,1.0,1.0,1.0,1.0
ebad4c09-d5f1-41e8-ba55-f9f8a99277f2,boston_sidewalk_12394,match,brad,2026-01-15 04:36:00.393623+00:00,84126b50,no_match,0.4968468771532675,0.0,0.29,0.79,1.0,True,28.22303123732402,19.798746135109123,0.3016442987485364,0.6267201768827974,13.809124842749384,0.7392019691865065,19.798746135109123,24.372276584521543,0.0,0.0,0.0,1.0,3,4,6,3,0.875,0.3333333333333333,0.0,0.0,1.0,1.0,1.0,1.0
536ab46b-9baa-4794-8f1e-b2017c2d340a,boston_sidewalk_13038,no_match,brad,2026-01-15 04:36:02.111613+00:00,84126b50,no_match,0.496740486557774,0.09,0.28,0.0,0.83,True,24.40793384280975,6.802550771682199,0.3285494905585446,0.5209972487129313,6.942142744258689,0.2076153031553127,6.802550771682199,11.633084150307017,0.0,0.0,0.0,0.8,3,3,1,3,0.8,0.3333333333333333,0.0,1.0,0.0,1.0,1.0,1.0
81ec1dc9-ce3e-4c28-a9b4-4b404986257f,boston_sidewalk_1307,no_match,brad,2026-01-15 04:36:03.238685+00:00,84126b50,no_match,0.4966847759024976,0.02,1.0,0.1,1.0,True,11.629089537778404,11.15030753276794,0.221521603346099,0.0,7.589607267247516,0.9818173853442804,11.15030753276794,11.18255557995759,0.0,0.0,0.0,1.0,4,4,5,5,0.8888888888888888,0.0,0.0,0.0,1.0,1.0,1.0,1.0
31fea4c7-cdbc-4981-8ddf-02daba256dd8,boston_sidewalk_36894,no_match,brad,2026-01-15 04:36:05.232420+00:00,84126b50,no_match,0.4966733514555338,0.22,0.55,0.0,1.0,True,22.30565800854185,11.579128244880431,0.2557053311512874,0.6011298402293777,1.6029962356836336,0.3263811860211422,11.579128244880431,10.710139332539772,0.0,0.0,0.0,0.6,4,4,3,3,0.8571428571428572,0.0,0.0,0.0,1.0,1.0,1.0,1.0
863d2f1d-9f7e-4a6c-a95e-6acf8c43c8d7,boston_sidewalk_43221,no_match,brad,2026-01-15 04:36:06.455319+00:00,84126b50,no_match,0.4966685542578205,1.0,1.0,1.0,1.0,True,20.751045246055916,9.51647637856878,0.2825625080860443,0.3793995352511274,2.87803074825797,0.4083786764864943,9.51647637856878,15.619220201949677,0.0,0.0,0.0,0.85,3,3,4,4,0.8571428571428572,0.0,0.0,0.0,1.0,1.0,1.0,1.0
f13cb656-c499-4d8f-b2ae-cede63369e31,boston_sidewalk_1335,no_match,brad,2026-01-15 04:36:07.556815+00:00,84126b50,no_match,0.4966048327505378,0.22,1.0,0.0,0.73,True,11.51485706381066,11.36527043148895,0.2163391600067036,0.0,2.3405490177722186,0.8784597464260326,11.36527043148895,11.44416334605022,0.0,0.0,0.0,1.0,4,4,5,5,0.8888888888888888,0.0,0.0,0.0,1.0,1.0,1.0,1.0
6264de55-2efc-447e-80a7-daee8402d8ab,boston_sidewalk_12691,no_match,brad,2026-01-15 04:36:08.954739+00:00,84126b50,no_match,0.4965644217074894,0.88,1.0,1.0,1.0,True,24.62151604855461,11.78439799588052,0.2039917977512595,0.6704168262668226,18.80580757845684,0.5357443569309022,11.78439799588052,18.93504635439769,0.0,0.0,0.0,1.0,2,2,4,5,0.6153846153846154,0.0,0.0,0.0,1.0,0.0,1.0,0.0
4baf9698-3cfb-4cc2-bda9-d0ca11211fc5,boston_sidewalk_12948,match,brad,2026-01-15 04:36:11.591918+00:00,84126b50,no_match,0.4965535583612597,0.0,0.18,0.0,0.0,True,20.74162450107908,7.487975452893583,0.3462776853583886,0.3702197968947823,9.140144717453154,0.3582551954246805,7.487975452893583,13.93673028077685,0.0,0.0,0.0,0.9,3,2,3,3,0.9090909090909091,0.3333333333333333,0.0,0.0,1.0,1.0,1.0,1.0
c8b87c7b-0aec-4308-8666-54fb9a6304bc,boston_sidewalk_27251,no_match,brad,2026-01-15 04:36:16.138608+00:00,84126b50,no_match,0.4965238636688074,0.17,0.62,0.05,1.0,True,26.87118142258525,9.312933658838622,0.3319255381501882,0.6817183618530052,33.293038383024395,0.7945590588890759,9.312933658838622,11.945893015048693,0.0,0.0,0.0,0.6,1,1,4,1,0.5714285714285714,0.3333333333333333,1.0,1.0,1.0,0.0,1.0,0.0
716892e5-bd7b-4fd9-9007-81df587bd4b9,boston_sidewalk_861,no_match,brad,2026-01-15 04:36:17.363689+00:00,84126b50,no_match,0.4964245635762868,0.0,0.13,0.0,0.13,True,19.08898443466965,12.033926561797974,0.212189849294588,0.5109224510294792,12.79904537504575,0.9271371669986508,12.033926561797974,17.245172448499844,0.0,0.0,0.0,0.1999999999999999,4,3,5,2,0.8571428571428572,0.0,0.0,0.0,1.0,1.0,1.0,1.0
4f41640a-8678-4a0d-8817-fad89ebe0fa2,boston_sidewalk_22917,no_match,brad,2026-01-15 04:36:18.715358+00:00,84126b50,no_match,0.4963931445068472,0.31,0.84,0.0,1.0,True,17.751218295703115,11.100026477923358,0.2409503426827645,0.3812146824070312,8.34983658264099,0.5152612565234639,11.100026477923358,11.0813880787576,0.0,0.0,0.0,1.0,1,5,3,3,0.6666666666666667,0.0,1.0,0.0,0.0,1.0,1.0,1.0
2682837f-7ddf-4454-9d82-5e5f4759dd3a,boston_sidewalk_108447,no_match,brad,2026-01-15 04:36:20.410560+00:00,84126b50,no_match,0.4962586871015998,0.58,0.96,0.0,1.0,True,30.72367531684246,11.52788718220425,0.284844050933607,0.579112336777263,1.6570689022109946,0.379065036457179,11.52788718220425,14.615573052177288,0.0,0.0,0.0,0.8,3,3,3,3,1.0,1.0,0.0,0.0,1.0,1.0,1.0,1.0
79f85331-54eb-463f-85af-a4c3563f18a8,boston_sidewalk_1879,no_match,brad,2026-01-15 04:36:34.475564+00:00,84126b50,no_match,0.4962120158492014,1.0,1.0,0.0,0.0,True,24.57547123920519,8.986994944888957,0.2844754418624295,0.3983477009993559,8.11684897731243,0.5442490884970526,8.986994944888957,19.03359303363488,0.0,0.0,0.0,0.85,3,5,5,5,0.8888888888888888,0.3333333333333333,0.0,0.0,1.0,1.0,1.0,1.0
7a9b1a0d-18c0-4992-870b-7d2078bd9bfd,boston_sidewalk_103266,no_match,brad,2026-01-15 04:36:36.259435+00:00,84126b50,no_match,0.4961912482396611,0.0,0.84,0.0,0.82,True,17.748772413583236,11.384348668084298,0.2604133145285263,0.0,0.2955419665396448,0.9882095048552942,11.384348668084298,17.40060688343615,0.0,0.0,0.0,0.8,3,5,3,5,1.0,1.0,0.0,0.0,1.0,1.0,1.0,1.0
cbfab228-fbb6-4976-9ef9-58a350f95dde,boston_sidewalk_22270,no_match,brad,2026-01-15 04:36:40.201110+00:00,84126b50,no_match,0.4961813325209082,0.0,0.93,0.0,0.39,True,82.13255056417844,22.60026881466464,0.3671898608984432,1.0,0.006885643550845,0.4151923007491332,22.60026881466464,43.30470725016252,0.0,0.0,0.0,0.8,8,3,3,3,0.7058823529411764,0.3333333333333333,0.0,0.0,1.0,1.0,1.0,1.0
06470d1b-53f9-403c-8fd9-11b9c979847d,boston_sidewalk_5669,no_match,brad,2026-01-15 04:36:41.762843+00:00,84126b50,no_match,0.496137939525569,0.0,0.12,0.56,1.0,True,24.83316637359332,7.778549162436558,0.3417105321998046,0.473486836649414,4.248955769888994,0.2408098752820581,7.778549162436558,14.104451277631595,0.0,0.0,0.0,0.8,6,7,3,3,0.631578947368421,0.0,0.0,0.0,1.0,1.0,1.0,1.0
b46da4f4-c112-42e8-be50-2a1030fc1a5d,boston_sidewalk_103104,no_match,brad,2026-01-15 04:36:42.998697+00:00,84126b50,no_match,0.496127714617916,0.0,0.0,0.0,0.0,True,27.62686379473181,15.470284289608012,0.2131911741778813,0.3545873210339169,6.002896612226891,0.9893557533343512,15.470284289608012,27.50265659801692,0.0,0.0,0.0,0.85,2,4,5,3,0.8571428571428572,0.0,0.0,0.0,1.0,1.0,1.0,1.0
b3888cbc-fbec-4386-9995-efc7a9ffe5bb,boston_sidewalk_27956,match,brad,2026-01-15 04:36:47.413916+00:00,84126b50,no_match,0.4961140641672041,0.31,0.59,0.0,1.0,True,37.6005748198779,8.14147451276428,0.3818107517634587,0.5020354958463057,0.9231272268973498,0.2835556855410203,8.14147451276428,4.8685328307769264,0.0,0.0,0.0,0.9,2,3,3,3,0.9090909090909091,0.3333333333333333,0.0,0.0,1.0,1.0,1.0,1.0
667fdd7c-8500-4169-890d-8dde6bcca7a5,boston_sidewalk_103038,no_match,brad,2026-01-15 04:36:55.295068+00:00,84126b50,no_match,0.4961060336602561,0.03,0.4,0.0,0.99,True,53.96803532562322,5.678577705675529,0.3965404849586352,0.5158089959172903,2.993414576921168,0.3861995474472743,5.678577705675529,25.640118201649244,0.0,0.0,0.0,1.0,4,1,3,5,0.7692307692307692,0.0,1.0,0.0,0.0,1.0,1.0,1.0
1841a5b6-c484-4e02-a4d7-c5bacddb2a54,boston_sidewalk_62007,no_match,brad,2026-01-15 04:36:58.245610+00:00,84126b50,no_match,0.4960876846351087,0.57,0.84,0.0,1.0,True,29.64149126546553,10.333839866351422,0.383409491270436,0.6167706480236914,4.691569855556111,0.2710471652745114,10.333839866351422,10.821037518805388,0.0,0.0,0.0,0.6,4,1,1,6,0.8333333333333334,0.3333333333333333,1.0,1.0,1.0,1.0,1.0,1.0
7cc14f11-1705-45d8-94d7-c6ab561bae9d,boston_sidewalk_103910,no_match,brad,2026-01-15 04:37:00.768449+00:00,84126b50,no_match,0.496082114302807,0.24,0.85,0.07,1.0,True,39.415728980152856,13.431710796638098,0.330317453389547,0.6672262858041902,7.486540950219648,0.6564561223775924,13.431710796638098,14.13270627098728,0.0,0.0,0.0,0.6,4,6,3,3,0.75,0.0,0.0,0.0,1.0,1.0,1.0,1.0
421073a3-2d17-4f10-b951-e341a0c8176c,boston_sidewalk_12065,match,brad,2026-01-15 04:37:06.379735+00:00,84126b50,no_match,0.49600730106748,0.74,0.99,0.0,1.0,True,20.785151589484386,6.187982695187543,0.4824045423699321,0.5671892235980021,31.251061268394608,0.293372729506635,6.187982695187543,11.793075034046437,0.0,0.0,0.0,0.9,1,1,3,3,0.5,0.0,1.0,0.0,0.0,0.0,1.0,0.0
af7b1fd4-379f-4460-b0cf-c2e338bed136,boston_sidewalk_2159,no_match,brad,2026-01-15 04:37:08.099509+00:00,84126b50,no_match,0.4959671393703581,0.0,0.38,0.0,0.32,True,13.35259317827112,11.906514779036216,0.1734580258759855,0.0,2.4361872496811543,0.9969343040538328,11.906514779036216,13.225667242190765,0.0,0.0,0.0,1.0,1,4,5,5,0.6666666666666667,0.0,1.0,0.0,0.0,1.0,1.0,1.0
910ce10b-7483-4ce3-ae0f-49a95d006668,boston_sidewalk_75188,no_match,brad,2026-01-15 04:37:09.880193+00:00,84126b50,no_match,0.4959162085788419,0.03,1.0,0.0,0.93,True,13.118578682365513,12.32322615334462,0.2221419133011095,0.0,1.0468660275631123,0.904513525119252,12.32322615334462,12.113344686402511,0.0,0.0,0.0,1.0,3,2,3,5,0.7692307692307692,0.3333333333333333,0.0,0.0,1.0,1.0,1.0,1.0
54db0b24-8f19-41f6-bb3b-ea86bfbd9312,boston_sidewalk_1259,no_match,brad,2026-01-15 04:37:11.108823+00:00,84126b50,no_match,0.495870661646353,0.05,1.0,0.04,0.86,True,11.164758810733492,11.036968157394824,0.229078200170995,0.0,1.816025082044632,0.8202193316518253,11.036968157394824,11.023519465549564,0.0,0.0,0.0,1.0,5,4,5,5,0.9473684210526316,0.3333333333333333,0.0,0.0,1.0,1.0,1.0,1.0
d60a5d0d-5f78-4a4e-8f66-801bf854c5d3,boston_sidewalk_2244,no_match,brad,2026-01-15 04:37:12.726484+00:00,84126b50,no_match,0.4958691815748751,0.0,1.0,0.04,1.0,True,12.612406128939744,6.832261708044678,0.4188296880211742,0.3661205501008843,23.618162861568123,0.3316531130566478,6.832261708044678,10.080504094156328,0.0,0.0,0.0,1.0,2,2,4,5,0.6153846153846154,0.0,0.0,0.0,1.0,0.0,1.0,0.0
9382d81c-cb71-49c4-a566-76f9419e2879,boston_sidewalk_103469,no_match,brad,2026-01-15 04:37:15.452266+00:00,84126b50,no_match,0.4957802728393199,0.34,0.59,0.0,1.0,True,26.35564384758764,13.23936058554106,0.3549593399934184,0.5594173856064096,0.2374204351748972,0.2482009500374047,13.23936058554106,3.4428620482942014,0.0,0.0,0.0,0.8,3,6,3,4,0.875,0.3333333333333333,0.0,0.0,1.0,1.0,1.0,1.0
34a7ca14-0391-4d0b-adb5-7c62b4f77af6,boston_sidewalk_1645,no_match,brad,2026-01-15 04:37:16.986621+00:00,84126b50,no_match,0.4957785846164035,0.0,0.64,0.32,1.0,True,12.807746560428289,12.593893858699971,0.180759055583187,0.0,1.249373885820546,0.9743218124751652,12.593893858699971,12.634395011097745,0.0,0.0,0.0,1.0,4,4,5,5,0.8888888888888888,0.0,0.0,0.0,1.0,1.0,1.0,1.0
199eb8a5-8436-45f9-8a63-686560c91af2,boston_sidewalk_108412,no_match,brad,2026-01-15 04:37:24.803349+00:00,84126b50,no_match,0.4957763825223042,0.0,1.0,0.0,1.0,False,14.402870896915829,12.020971895494688,0.1878639932981192,0.0003009094930086,1.2900944850169935,0.9730815311281644,12.020971895494688,13.896409370764545,0.0,0.0,0.0,1.0,4,4,5,3,0.875,0.0,0.0,0.0,1.0,1.0,1.0,1.0
99e3e5fd-87c8-43c0-9bac-e22fa664d82a,boston_sidewalk_72951,no_match,brad,2026-01-15 04:37:26.536171+00:00,84126b50,no_match,0.4957640408751906,0.06,0.68,0.0,0.99,True,19.68352816655248,12.334983506960674,0.2302209992508775,0.3792817414350532,7.074176910071543,0.6876601326674094,12.334983506960674,14.381562350317756,0.0,0.0,0.0,0.8,4,4,3,5,0.875,0.0,0.0,0.0,1.0,1.0,1.0,1.0
8a5c5b72-6c96-4c79-8952-5a581e954972,boston_sidewalk_103371,no_match,brad,2026-01-15 04:37:27.756241+00:00,84126b50,no_match,0.4957025837401309,1.0,1.0,0.99,1.0,True,27.082165160568948,7.653591409336887,0.2700158691125686,0.7156756087106282,25.32958362579666,0.4641552163801827,7.653591409336887,19.313138251739517,0.0,0.0,0.0,0.85,1,1,3,3,0.5,0.0,1.0,0.0,0.0,0.0,1.0,0.0
81f5dc3d-9704-4527-bed6-386138834ec3,boston_sidewalk_2197,no_match,brad,2026-01-15 04:37:29.640505+00:00,84126b50,no_match,0.4957013580427384,0.97,1.0,0.0,0.04,True,29.4773548924378,13.345970864766317,0.2351869282224483,0.3553372735345034,0.2220977928608363,0.7745487167393845,13.345970864766317,26.79903083431885,0.0,0.0,0.0,0.85,4,4,5,3,0.875,0.0,0.0,0.0,1.0,1.0,1.0,1.0
0279e36a-bedc-4788-90d6-d2c344e0278d,boston_sidewalk_108445,no_match,brad,2026-01-15 04:37:31.751838+00:00,84126b50,no_match,0.4956812118826576,0.0,0.0,0.07,0.15,True,16.067164295245952,3.3860495155687564,0.4373697405850505,0.6110214135944083,41.70827289051866,0.3178611627632492,3.3860495155687564,9.43558188917827,0.0,0.0,0.0,0.9,4,3,5,5,0.8235294117647058,0.0,0.0,0.0,1.0,1.0,1.0,1.0
451e846c-1f10-4bfe-a1b0-067c5cab6a97,boston_sidewalk_92097,no_match,brad,2026-01-15 04:37:36.494670+00:00,84126b50,no_match,0.4956306829961201,0.0,0.99,0.02,0.99,True,14.6664959581203,12.991659910587972,0.2043725564602728,0.0,0.7468673767626228,0.9793413636736638,12.991659910587972,13.821442737747285,0.0,0.0,0.0,1.0,4,4,5,3,0.875,0.0,0.0,0.0,1.0,1.0,1.0,1.0
806bf0e4-c97d-475b-9c12-2e0479150e7d,boston_sidewalk_99697,no_match,brad,2026-01-15 04:37:39.618854+00:00,84126b50,no_match,0.4955726574269874,0.44,0.91,0.0,0.99,True,44.01929662672049,10.88032903115985,0.3133863196490163,0.6231382060942393,0.5947357540715643,0.4797552295262734,10.88032903115985,19.72335471870291,0.0,0.0,0.0,0.8,4,4,6,4,0.8888888888888888,0.3333333333333333,0.0,0.0,1.0,1.0,1.0,1.0
74136400-e4f8-4029-b738-8c20daba58ed,boston_sidewalk_74871,no_match,brad,2026-01-15 04:37:42.416890+00:00,84126b50,no_match,0.4954873938665357,1.0,1.0,1.0,1.0,True,29.98185654166899,13.895334097633016,0.2090224103533514,0.4045751231279552,1.751594340642697,0.7788524518630456,13.895334097633016,26.682185171224425,0.0,0.0,0.0,0.9,4,4,3,3,0.8571428571428572,0.0,0.0,0.0,1.0,1.0,1.0,1.0
fd843989-822a-4454-aa88-8403c0a759cd,boston_sidewalk_103025,no_match,brad,2026-01-15 04:37:43.762756+00:00,84126b50,no_match,0.4954489964306647,1.0,1.0,0.0,0.0,True,39.890992532095154,13.901569153991955,0.2059590308922959,0.9139412367425052,0.7356240450044993,0.2198693806561269,13.901569153991955,25.27914713624993,0.0,0.0,0.0,0.85,1,4,5,3,0.7692307692307692,0.0,1.0,0.0,0.0,1.0,1.0,1.0
bf9723c9-1159-4e7e-af16-9954842ec21a,boston_sidewalk_22817,no_match,brad,2026-01-15 04:37:48.798407+00:00,84126b50,no_match,0.4954473412963311,0.05,1.0,0.43,1.0,True,59.67220036368504,29.5121136430698,0.417758224202425,1.0,4.0331087077397,0.5979452603322363,29.5121136430698,33.71431067080572,0.0,0.0,0.0,1.0,4,1,5,3,0.7692307692307692,0.0,1.0,0.0,0.0,1.0,1.0,1.0
17980e62-4488-4263-9fb8-843416d9acd8,boston_sidewalk_103336,no_match,brad,2026-01-15 04:37:51.623070+00:00,84126b50,no_match,0.4954243929986436,0.11,0.57,0.35,0.99,True,31.32081410187132,6.354171027151679,0.4700715937600779,0.6973014638942233,34.02559184876952,0.5398917299344662,6.354171027151679,9.33515935355836,0.0,0.0,0.0,0.6,1,1,1,3,0.6666666666666667,0.3333333333333333,1.0,1.0,1.0,0.0,1.0,0.0
36f32335-663a-4b45-9dc3-e9005733df77,boston_sidewalk_102708,match,brad,2026-01-15 04:37:54.063115+00:00,84126b50,no_match,0.49531286838529,0.41,0.94,0.0,1.0,True,60.93723435503709,21.78270230669292,0.5717068720665315,0.6594438103799541,0.1764863075078437,0.5316326703955072,21.78270230669292,25.90662234476052,0.0,0.0,0.0,0.9,3,10,3,5,0.7619047619047619,0.3333333333333333,0.0,0.0,1.0,1.0,1.0,1.0
0d9656f0-24c3-41ee-a964-0d0e8cc29cae,boston_sidewalk_108496,no_match,brad,2026-01-15 04:37:56.452743+00:00,84126b50,no_match,0.4952690930175719,0.0,0.42,0.0,0.38,True,20.57645355182793,7.118445178935244,0.2648898004503437,0.666025623913304,36.3859960901666,0.8111623627168064,7.118445178935244,18.24490958316683,0.0,0.0,0.0,0.5,4,1,3,3,0.7272727272727273,0.0,1.0,0.0,0.0,1.0,1.0,1.0
a40b572a-2bff-43cf-a473-19998ee1526a,boston_sidewalk_22823,no_match,brad,2026-01-15 04:37:58.643640+00:00,84126b50,no_match,0.4952606100787176,0.5,0.95,0.0,0.99,True,54.74503554467538,9.609003025891289,0.4137638478993058,0.5934844710440969,1.1083521783139076,0.4507237918146985,9.609003025891289,24.388957941431983,0.0,0.0,0.0,0.8,4,4,3,3,0.8571428571428572,0.0,0.0,0.0,1.0,1.0,1.0,1.0
1d37f635-0bf7-4225-b960-c469700b2be4,boston_sidewalk_103178,no_match,brad,2026-01-15 04:38:00.186900+00:00,84126b50,no_match,0.4952428036544028,0.0,0.01,0.99,1.0,True,38.56076701637004,17.405937848731828,0.2488917425797182,1.0,4.197420708545224,0.2148192926965743,17.405937848731828,23.4500472029284,0.0,0.0,0.0,0.85,3,3,5,3,0.8571428571428572,0.3333333333333333,0.0,0.0,1.0,1.0,1.0,1.0
18da2fd5-f0b7-4699-83ed-33a639d795b4,boston_sidewalk_103211,no_match,brad,2026-01-15 04:38:04.879104+00:00,84126b50,no_match,0.4951596252533988,0.23,1.0,0.0,0.61,True,49.60701188761863,21.33055318600012,0.2896707258685562,0.7421861104139164,2.535592794851766,0.8055198698549183,21.33055318600012,31.296980385464977,0.0,0.0,0.0,1.0,7,3,3,5,0.8888888888888888,0.3333333333333333,0.0,0.0,1.0,1.0,1.0,1.0
dcab59c3-1aa3-48c0-a7d1-bd57b70b9b75,boston_sidewalk_74180,no_match,brad,2026-01-15 04:38:07.582116+00:00,84126b50,no_match,0.4951423518537103,0.06,0.46,0.0,1.0,True,46.021719350833926,10.298785165154356,0.4424481099389438,0.5684971402283644,1.5433360056982792,0.4016877925911779,10.298785165154356,21.005291492430125,0.0,0.0,0.0,0.8,3,2,3,1,0.8888888888888888,0.3333333333333333,0.0,1.0,0.0,1.0,1.0,1.0
baf32705-78dc-43cd-87cf-4fed3eed43cf,boston_sidewalk_103229,no_match,brad,2026-01-15 04:38:09.702763+00:00,84126b50,no_match,0.4951269041170419,0.3,0.52,0.0,1.0,True,19.452113103973765,8.189379316949063,0.2791945334066542,0.5941945762842328,13.295318027874544,0.2532543231220723,8.189379316949063,8.298600305001134,0.0,0.0,0.0,0.8,4,4,3,3,0.8571428571428572,0.0,0.0,0.0,1.0,1.0,1.0,1.0
8337829c-0029-4926-9946-52d64f26ede2,boston_sidewalk_12349,no_match,brad,2026-01-15 04:38:10.946423+00:00,84126b50,no_match,0.4950835958228741,0.0,0.0,1.0,1.0,True,26.75218512786651,13.51215907766239,0.1886659263544445,0.4675120566987342,1.9435749373590736,0.6352896034763331,13.51215907766239,22.17650353361745,0.0,0.0,0.0,0.9,5,1,3,3,0.6666666666666667,0.0,1.0,0.0,0.0,1.0,1.0,1.0
a99ef22e-515f-4fa9-a5b2-db811c2b2392,boston_sidewalk_99787,no_match,brad,2026-01-15 04:38:12.864110+00:00,84126b50,no_match,0.495079085132673,0.0,1.0,0.03,0.52,True,88.04135927828375,21.376794032872567,0.2479230270023525,1.0,0.1403800826123529,0.4870976295294907,21.376794032872567,42.19227046825972,0.0,0.0,0.0,0.9,3,3,5,3,0.8571428571428572,0.3333333333333333,0.0,0.0,1.0,1.0,1.0,1.0
ec9e16dc-0f0e-41dc-8f05-cea7f4585d3c,boston_sidewalk_103675,no_match,brad,2026-01-15 04:38:15.532190+00:00,84126b50,no_match,0.4949869535248901,1.0,1.0,1.0,1.0,True,24.969520405306604,5.993280044867489,0.3241357189787927,0.3912136387377924,3.548790219005582,0.2698291134416451,5.993280044867489,15.918777914210333,0.0,0.0,0.0,0.85,1,1,3,3,0.5,0.0,1.0,0.0,0.0,0.0,1.0,0.0
e55fcc35-4f07-4b74-9726-884fa92645fb,boston_sidewalk_6354,no_match,brad,2026-01-15 04:38:17.501019+00:00,84126b50,no_match,0.4949692950804513,0.82,1.0,0.37,1.0,True,18.26889337261817,10.4575351025667,0.2569167692034022,0.4784719315986702,1.818893557241836,0.2707090279840312,10.4575351025667,12.23369364565603,0.0,0.0,0.0,0.8,3,3,3,3,1.0,1.0,0.0,0.0,1.0,1.0,1.0,1.0
36598e9b-0275-45fc-8df4-f514d5beb517,boston_sidewalk_61830,no_match,brad,2026-01-15 04:38:18.816724+00:00,84126b50,no_match,0.4949146620574403,1.0,1.0,0.0,0.0,True,20.49132295400865,9.292776431673218,0.2846755073602659,1.0,44.81649688299916,0.2995930288366424,9.292776431673218,14.17160558625344,0.0,0.0,0.0,1.0,4,4,5,4,0.9411764705882353,0.3333333333333333,0.0,0.0,1.0,1.0,1.0,1.0
3ad3a9aa-3dfc-4b4d-b0d0-94cf54714c80,boston_sidewalk_62569,no_match,brad,2026-01-15 04:38:20.244465+00:00,84126b50,no_match,0.4948963094816569,0.62,1.0,0.0,0.25,True,11.63150166850552,11.51013823162254,0.2010375788690698,0.0,0.8716730666133685,0.8598128017393848,11.51013823162254,11.557880261557653,0.0,0.0,0.0,1.0,3,3,3,1,0.8,0.3333333333333333,0.0,1.0,0.0,1.0,1.0,1.0
44460971-d2b2-474d-b5a3-8b2d821a7f48,boston_sidewalk_2126,no_match,brad,2026-01-15 04:38:32.581114+00:00,84126b50,no_match,0.4948456299598661,0.93,1.0,0.87,1.0,True,29.79874364722966,9.575450998066003,0.2743029822713036,0.3919074492054784,2.751781064091176,0.5642842555638587,9.575450998066003,22.77668673675645,0.0,0.0,0.0,0.85,3,3,3,3,1.0,1.0,0.0,0.0,1.0,1.0,1.0,1.0
9cc4620f-5bbf-405b-a65d-b0f26e5734fe,boston_sidewalk_92087,no_match,brad,2026-01-15 04:38:35.343477+00:00,84126b50,no_match,0.4948257061398529,0.0,0.82,0.0,0.37,True,45.80039334626672,24.46163951974988,0.296573718357152,1.0,1.943156774524084,0.4410511932342207,24.46163951974988,26.115427460912272,0.0,0.0,0.0,1.0,3,4,5,3,0.9333333333333333,0.3333333333333333,0.0,0.0,1.0,1.0,1.0,1.0
302540ea-53c6-4be0-a4c6-9f8de781540c,boston_sidewalk_2020,no_match,brad,2026-01-15 04:38:36.527439+00:00,84126b50,no_match,0.4948161244854006,0.0,0.52,0.45,1.0,True,12.84044589147684,11.067044712273589,0.2151235226629886,0.0,2.388079191191707,0.9780350936509296,11.067044712273589,12.068218991397394,0.0,0.0,0.0,0.8,4,4,3,3,0.8571428571428572,0.0,0.0,0.0,1.0,1.0,1.0,1.0
fed83efc-9437-4146-a5ef-3600e24f5955,boston_sidewalk_102626,no_match,brad,2026-01-15 04:38:37.732318+00:00,84126b50,no_match,0.4947307047188952,1.0,1.0,1.0,1.0,True,34.305899532126666,12.770254924026617,0.1934137694083043,0.8462319547559978,2.170213220080825,0.2079936089923383,12.770254924026617,22.595640217604338,0.0,0.0,0.0,0.85,3,4,2,5,0.8571428571428572,0.0,0.0,0.0,1.0,1.0,1.0,1.0
9b03216c-161f-4cdd-905b-d9085c23e39a,boston_sidewalk_103876,no_match,brad,2026-01-15 04:38:39.006665+00:00,84126b50,no_match,0.4947096311610376,1.0,1.0,1.0,1.0,True,14.98276063625987,11.419117261554993,0.1855160388187272,0.2418080428243618,0.9693273484744508,0.6590707000770165,11.419117261554993,13.864518116188256,0.0,0.0,0.0,0.85,3,3,5,3,0.8571428571428572,0.3333333333333333,0.0,0.0,1.0,1.0,1.0,1.0
d9b579a4-de20-4939-b9fe-c5a2c7183416,boston_sidewalk_102448,no_match,brad,2026-01-15 04:38:40.602585+00:00,84126b50,no_match,0.4946397609426379,0.1,0.6,0.0,1.0,True,43.87382210060027,12.273329579483075,0.3204866662541286,0.6312111497757745,0.5509436967259091,0.4995037038334285,12.273329579483075,17.14576342006928,0.0,0.0,0.0,0.8,4,4,3,5,0.875,0.0,0.0,0.0,1.0,1.0,1.0,1.0
5bfc3d3d-2e43-45e3-90d4-1d96d1c20e12,boston_sidewalk_2058,no_match,brad,2026-01-15 04:38:42.047113+00:00,84126b50,no_match,0.4945970217101805,0.0,0.95,0.0,0.9,True,13.272314626936396,12.275817397633464,0.1936936008219215,0.0,2.7319743221526096,0.97261934480527,12.275817397633464,12.825620333257834,0.0,0.0,0.0,1.0,4,4,5,5,0.8888888888888888,0.0,0.0,0.0,1.0,1.0,1.0,1.0
d4c73b38-d898-43d0-9a79-c8e9ff07ac86,boston_sidewalk_103334,match,brad,2026-01-15 04:38:44.698734+00:00,84126b50,no_match,0.4944614513690995,0.01,0.45,0.0,1.0,True,103.65453205081316,9.639648632613254,0.438793391671629,0.4985240278738291,0.4483748340485931,0.4341882148784181,9.639648632613254,50.80265844496697,0.0,0.0,0.0,1.0,1,3,3,3,0.8,0.3333333333333333,1.0,0.0,0.0,1.0,1.0,1.0
51011124-ccb6-43f5-9589-52421c14c7af,boston_sidewalk_22963,match,brad,2026-01-15 04:38:48.465488+00:00,84126b50,no_match,0.4944527997299301,0.57,1.0,0.0,1.0,True,50.8608617662208,11.029457176500305,0.4949404628462503,0.5265136882485448,2.9086923201396075,0.4181626648313348,11.029457176500305,26.88166514069697,0.0,0.0,0.0,1.0,3,4,5,2,0.8571428571428572,0.0,0.0,0.0,1.0,1.0,1.0,1.0
ab3dddd5-048a-4d6d-bfb9-f5af651200ef,boston_sidewalk_103870,no_match,brad,2026-01-15 04:38:51.337324+00:00,84126b50,no_match,0.4943834007290615,0.06,0.69,0.0,0.98,True,55.95678520337902,10.469730756284116,0.376049010757909,0.6819741486864659,10.129804869985236,0.6006952732639779,10.469730756284116,21.539519669484463,0.0,0.0,0.0,0.8,3,3,3,3,1.0,1.0,0.0,0.0,1.0,1.0,1.0,1.0
5e5f1f50-69f7-46e4-8502-341ac5697675,boston_sidewalk_103258,match,brad,2026-01-15 04:38:53.886616+00:00,84126b50,no_match,0.4943438814598936,0.59,1.0,0.0,1.0,True,104.67451944060204,6.40364309204734,0.4506997204303475,0.4726775778026741,4.413428753782,0.4125947854597864,6.40364309204734,51.40289812362647,0.0,0.0,0.0,1.0,3,10,3,3,0.631578947368421,0.3333333333333333,0.0,0.0,1.0,1.0,1.0,1.0
ab432b2f-98c7-4c58-94bd-bcfe2ba0ae74,boston_sidewalk_58820,no_match,brad,2026-01-15 04:38:59.802837+00:00,84126b50,review,0.7463176358404041,0.0,0.29,0.0,0.24,True,3.18232398205512,2.8303726916360628,0.7007350077357128,1.0,1.5154910717967596,0.6226128134802775,2.8303726916360628,2.779199487947794,0.0,0.0,0.0,1.0,6,6,3,3,0.6666666666666667,0.0,0.0,0.0,1.0,1.0,1.0,1.0
5aecbc9d-8ca7-4975-b5b8-452f094b072d,boston_sidewalk_103077,no_match,brad,2026-01-15 04:39:02.171737+00:00,84126b50,review,0.7463141178198034,0.06,0.95,0.01,1.0,True,7.130901442559993,4.023402523856871,0.6511246152386782,1.0,0.0333817510124845,0.8907502018346566,4.023402523856871,3.444013519243888,0.0,0.0,0.0,0.8,4,3,3,4,1.0,1.0,0.0,0.0,1.0,1.0,1.0,1.0
1ee6aef9-d358-4f63-aa9f-48992106faad,boston_sidewalk_103168,no_match,brad,2026-01-15 04:39:04.669020+00:00,84126b50,review,0.7462970184056822,0.07,1.0,0.0,0.82,True,11.32352123231381,3.9938817277355674,0.7208361478880648,1.0,0.2194037956231795,0.8728172958831604,3.9938817277355674,7.609290291785648,0.0,0.0,0.0,0.8,8,8,5,3,0.6666666666666667,0.0,0.0,0.0,1.0,1.0,1.0,1.0
fcd22110-6916-4d59-b782-41d75e60bb25,boston_sidewalk_103113,no_match,brad,2026-01-15 04:39:06.152972+00:00,84126b50,review,0.7462630368106926,0.06,0.89,0.0,1.0,True,4.649944992640243,3.528699311944163,0.6529187656127863,1.0,0.6589829726130461,0.8320431580763854,3.528699311944163,3.438946529759117,0.0,0.0,0.0,0.8,8,6,3,3,0.6,0.0,0.0,0.0,1.0,1.0,1.0,1.0
375d3735-9be5-4bd6-b5e9-cc9345565a5e,boston_sidewalk_60764,match,brad,2026-01-15 04:39:09.673071+00:00,84126b50,review,0.7462549836995815,0.43,0.96,0.0,1.0,True,5.930325813235005,1.4782811297194174,0.7701563264347032,1.0,2.0971178695398294,0.531655728120344,1.4782811297194174,2.674091347033713,0.0,0.0,0.0,1.0,1,2,1,3,0.8571428571428572,0.3333333333333333,1.0,1.0,1.0,0.0,1.0,0.0
a8ade0e8-bc28-46f8-a7ce-8cff3e5b7505,boston_sidewalk_12834,match,brad,2026-01-15 04:39:14.586150+00:00,84126b50,review,0.7460314300380153,0.03,0.84,0.0,1.0,True,16.51445991547349,2.9801301965926936,0.8016434126584482,0.9360790795678092,0.1126026334787866,0.8057272489579177,2.9801301965926936,6.611567128845126,0.0,0.0,0.0,1.0,3,3,4,4,0.8571428571428572,0.0,0.0,0.0,1.0,1.0,1.0,1.0
1baebfc9-8f5a-4808-9bd8-597e0d8cfc95,boston_sidewalk_12325,no_match,brad,2026-01-15 04:41:30.053782+00:00,84126b50,review,0.7458529126700455,0.04,0.8,0.0,0.88,True,7.5058764995607055,2.0097159197336314,0.7107557357776892,1.0,9.857062144761583,0.8419475152536272,2.0097159197336314,4.3698301520165765,0.0,0.0,0.0,1.0,1,1,5,1,0.5,0.3333333333333333,1.0,1.0,1.0,0.0,1.0,0.0
68ffaa19-390a-4890-9174-efa7ec49e639,boston_sidewalk_13067,match,brad,2026-01-15 04:41:32.904155+00:00,84126b50,review,0.7455672644297918,0.14,0.91,0.0,1.0,True,10.70255006652545,2.260064679794056,0.750526115582044,0.9908823460226228,1.5361040720083563,0.7321491864578187,2.260064679794056,2.10538001783096,0.0,0.0,0.0,0.9,1,1,4,3,0.4444444444444444,0.0,1.0,0.0,0.0,0.0,1.0,0.0
7c3f02f6-f96c-44b5-bf71-926ed10eedc4,boston_sidewalk_103996,match,brad,2026-01-15 04:41:35.286439+00:00,84126b50,review,0.7453752477471651,0.0,0.66,0.0,0.9,True,8.474033812702693,1.8793795254436805,0.7382771103330512,1.0,4.876921503443157,0.7493687026537219,1.8793795254436805,5.188891848896111,0.0,0.0,0.0,0.9,2,2,3,4,0.7272727272727273,0.0,0.0,0.0,1.0,0.0,1.0,0.0
80635b68-7fae-4707-b8b9-4448d7e4ed47,boston_sidewalk_103448,match,brad,2026-01-15 04:41:37.833266+00:00,84126b50,review,0.7452832524848214,0.0,0.5,0.0,0.95,True,5.9758363936548085,1.2726155837213826,0.7583950241650779,1.0,1.7785900431434245,0.5251855630035125,1.2726155837213826,3.13909776574848,0.0,0.0,0.0,1.0,6,3,3,5,0.9411764705882353,0.3333333333333333,0.0,0.0,1.0,1.0,1.0,1.0
4a8d6571-7acd-4931-9813-26f1e5e068c8,boston_sidewalk_103332,no_match,brad,2026-01-15 04:41:56.498277+00:00,84126b50,review,0.745160405930369,0.05,0.95,0.0,1.0,True,5.928615749405998,4.215339053308254,0.6357817788310106,1.0,0.7108416012222278,0.9009137482047844,4.215339053308254,3.869668214977593,0.0,0.0,0.0,0.8,4,8,5,3,0.8,0.0,0.0,0.0,1.0,1.0,1.0,1.0
065da80b-8cfc-4826-b2b3-178efe2898bb,boston_sidewalk_98925,no_match,brad,2026-01-16 04:13:14.407950+00:00,99b790ab,review,0.74999798742012,0.0,0.82,0.05,1.0,True,9.290026819446172,3.24843186883685,0.7251683911075414,1.0,1.7359349632498038,0.866541431198947,3.24843186883685,5.773698878744723,0.0,0.0,0.0,0.8,1,3,1,3,1.0,1.0,1.0,1.0,1.0,1.0,1.0,1.0
a494cc7e-fcdf-469e-9d10-9b9bdbd07936,boston_sidewalk_97082,no_match,brad,2026-01-16 04:13:24.988720+00:00,99b790ab,no_match,0.4999982380487644,0.0,1.0,0.28,0.87,True,11.97876513379498,10.451161929625336,0.2834336622360486,0.0,0.7674695587467113,0.9495085460777436,10.451161929625336,11.14678848462435,0.0,0.0,0.0,0.6,3,3,5,3,0.8571428571428572,0.3333333333333333,0.0,0.0,1.0,1.0,1.0,1.0
a0c2d483-dc28-4426-a218-08dd626e25ea,boston_sidewalk_21048,no_match,brad,2026-01-16 04:13:28.588523+00:00,99b790ab,no_match,0.4999906943129785,0.16,0.5,0.0,1.0,True,34.025120273851385,7.007686789801533,0.3882318653118379,0.6239033667062568,13.51664520612684,0.3428838656412163,7.007686789801533,11.723283178637445,0.0,0.0,0.0,0.8,5,3,5,4,0.9411764705882353,0.3333333333333333,0.0,0.0,1.0,1.0,1.0,1.0
23748250-8f17-4083-bcee-5723cf3904f5,boston_sidewalk_87525,no_match,brad,2026-01-16 04:13:34.649856+00:00,99b790ab,no_match,0.499987329471746,0.03,0.72,0.0,1.0,True,10.906613453565347,10.355741317964084,0.2632758552622984,0.0702148145793389,2.7958504238530963,0.6941292211638325,10.355741317964084,10.35074499585994,0.0,0.0,0.0,1.0,3,1,1,3,1.0,1.0,1.0,1.0,1.0,1.0,1.0,1.0
4f7c88df-3e34-486c-914a-cdb46f6b449c,boston_sidewalk_4401,no_match,brad,2026-01-16 04:13:38.299181+00:00,99b790ab,no_match,0.499985832171908,0.1,1.0,0.22,1.0,True,11.960291997350676,11.4634471586652,0.2161465487916962,0.0,4.619914179440627,0.9760469843682816,11.4634471586652,11.544292555827502,0.0,0.0,0.0,1.0,2,2,5,5,0.5714285714285714,0.0,0.0,0.0,1.0,0.0,1.0,0.0
8eac5205-f103-4735-9947-3cb686eccfad,boston_sidewalk_99469,match,brad,2026-01-16 04:13:42.694020+00:00,99b790ab,no_match,0.4999845887286442,0.59,0.96,0.0,1.0,True,42.43860750133546,10.880625978475544,0.4709493902601003,0.544331419481602,4.639391560420563,0.3640194520711883,10.880625978475544,19.838626277273544,0.0,0.0,0.0,1.0,3,4,5,3,0.9333333333333333,0.3333333333333333,0.0,0.0,1.0,1.0,1.0,1.0
9dfd0359-876c-4728-8543-fd40c1fb6c0d,boston_sidewalk_1633,no_match,brad,2026-01-16 04:13:46.261950+00:00,99b790ab,no_match,0.4999815088544266,0.0,0.0,1.0,1.0,True,25.44208943866208,15.032318992152746,0.1832435180198116,0.2752563852121163,0.7063084865048381,0.937895526300278,15.032318992152746,24.795144426155872,0.0,0.0,0.0,1.0,3,2,5,5,0.6666666666666667,0.0,0.0,0.0,1.0,1.0,1.0,1.0
641772ce-c392-4c42-9371-c8a6a4c7cc22,boston_sidewalk_101765,no_match,brad,2026-01-16 04:13:49.192877+00:00,99b790ab,no_match,0.4999697486610935,0.0,0.48,0.3,0.53,True,17.099355101372197,11.2251969200674,0.1762705602291968,0.2456066600100773,1.969840832783348,0.9016508758106824,11.2251969200674,14.248711435931297,0.0,0.0,0.0,0.6,3,4,3,3,0.9230769230769231,0.3333333333333333,0.0,0.0,1.0,1.0,1.0,1.0
5bba8588-5823-4512-a0a4-5450f33d847c,boston_sidewalk_42849,no_match,brad,2026-01-16 04:13:52.777863+00:00,99b790ab,no_match,0.4999625794902326,0.0,0.93,0.0,0.94,True,12.640871468268497,12.574697504707292,0.182751746707812,0.0,0.5427000703416525,0.9933635059574174,12.574697504707292,12.57818412406147,0.0,0.0,0.0,1.0,3,4,6,5,0.7777777777777778,0.0,0.0,0.0,1.0,1.0,1.0,1.0
72aa655a-0d8a-4d1f-9947-64f9482d1c66,boston_sidewalk_6965,no_match,brad,2026-01-16 04:13:56.962088+00:00,99b790ab,no_match,0.4999582929871823,0.0,0.55,0.22,0.48,True,14.639288602435885,8.580422989561816,0.3271532612970678,0.847217596303996,40.99008862816851,0.4849201935051619,8.580422989561816,9.839587646597568,0.0,0.0,0.0,0.6,3,3,5,3,0.8571428571428572,0.3333333333333333,0.0,0.0,1.0,1.0,1.0,1.0
8d87c9a8-2431-44ca-a4af-cd1e59b9664c,boston_sidewalk_22652,no_match,brad,2026-01-16 04:14:01.015463+00:00,99b790ab,no_match,0.4999547426517894,0.0,0.96,0.01,0.64,True,54.780005453132176,23.1954245821554,0.3121432911721492,1.0,0.0242136038442595,0.6596875531313142,23.1954245821554,30.363177896478177,0.0,0.0,0.0,0.6,3,4,3,3,0.9230769230769231,0.3333333333333333,0.0,0.0,1.0,1.0,1.0,1.0
5fea0d73-d4d3-46df-9abb-a267ef9b287d,boston_sidewalk_77474,match,brad,2026-01-16 04:15:22.990313+00:00,99b790ab,no_match,0.4999527160337206,0.3,0.7,0.0,1.0,True,68.32723770500006,6.226127861253283,0.419331988963001,0.4865990383626948,0.0038050400220868,0.3897602902437293,6.226127861253283,20.914244548267806,0.0,0.0,0.0,1.0,2,2,5,3,0.6666666666666667,0.0,0.0,0.0,1.0,0.0,1.0,0.0
191ceaaf-3c61-4dec-abb4-29bb112147d3,boston_sidewalk_63172,no_match,brad,2026-01-16 04:15:25.765143+00:00,99b790ab,no_match,0.4999469660284383,1.0,1.0,0.0,0.0,True,17.209027190956498,10.478207493492729,0.2345116832161994,0.4410309362640118,6.627788346442401,0.4717487600994028,10.478207493492729,13.795615451549626,0.0,0.0,0.0,0.85,4,1,3,4,0.8333333333333334,0.3333333333333333,1.0,0.0,0.0,1.0,1.0,1.0
24141b2e-a596-443c-8822-3f08f537abe5,boston_sidewalk_1423,match,brad,2026-01-16 04:15:29.935089+00:00,99b790ab,no_match,0.4999450652524961,0.03,0.28,0.0,1.0,True,31.56386550255659,8.3821967144878,0.4399739715092536,0.5101869741622498,9.403496733055135,0.2497410067162416,8.3821967144878,14.99638770929103,0.0,0.0,0.0,1.0,3,1,3,2,0.8888888888888888,0.3333333333333333,1.0,0.0,0.0,1.0,1.0,1.0
6f505df9-f0c3-484d-816c-1e54ada6997d,boston_sidewalk_104988,no_match,brad,2026-01-16 04:15:34.022423+00:00,99b790ab,no_match,0.49993257683802,0.33,0.89,0.0,1.0,True,64.20282194710788,9.85005811142248,0.445791821868192,0.6874216381909949,13.684101513343478,0.5975990474892854,9.85005811142248,17.71693112675716,0.0,0.0,0.0,0.8,4,4,3,3,0.8571428571428572,0.0,0.0,0.0,1.0,1.0,1.0,1.0
ce9a02d4-ab89-4ca3-befb-9c1f70601c91,boston_sidewalk_80345,no_match,brad,2026-01-16 04:15:43.884824+00:00,99b790ab,no_match,0.4999310810271161,0.31,0.36,0.86,0.93,True,41.5642748688494,12.172147132953494,0.2014666998197314,0.5635715223592537,4.565614681383693,0.8463829637285598,12.172147132953494,27.80010746619029,0.0,0.0,0.0,0.85,1,1,5,3,0.4,0.0,1.0,0.0,0.0,0.0,1.0,0.0
ef8775ac-9095-4200-b2c2-a1f64d71ff80,boston_sidewalk_15311,no_match,brad,2026-01-16 04:15:47.717718+00:00,99b790ab,no_match,0.4999278295407805,0.32,0.81,0.0,1.0,True,40.35716366552194,12.259859496327987,0.3306174482585245,0.6155229159220245,0.5373771428939449,0.4895471165870714,12.259859496327987,9.9742776025411,0.0,0.0,0.0,0.8,1,4,3,3,0.7272727272727273,0.0,1.0,0.0,0.0,1.0,1.0,1.0
7859236e-9781-4b23-8a25-aeabd1a125ba,boston_sidewalk_16023,no_match,brad,2026-01-16 04:15:50.778937+00:00,99b790ab,no_match,0.499927186023548,0.09,0.5,0.0,1.0,True,44.73481769353099,7.708906553530157,0.3519336828324809,0.5919784601302225,1.0569387079269177,0.4099437886460715,7.708906553530157,19.274536965581024,0.0,0.0,0.0,0.8,3,3,3,5,0.8571428571428572,0.3333333333333333,0.0,0.0,1.0,1.0,1.0,1.0
19ff9d36-e5b4-43a5-b048-915c0dfcd2ff,boston_sidewalk_105554,no_match,brad,2026-01-16 04:15:57.895626+00:00,99b790ab,no_match,0.4999237093987608,0.0,0.92,0.0,0.86,True,12.132796892648376,11.964789993745596,0.2002375059697903,0.0,1.4801171805679587,0.9530198655372248,11.964789993745596,11.975602007203744,0.0,0.0,0.0,1.0,3,2,4,4,0.7692307692307692,0.0,0.0,0.0,1.0,1.0,1.0,1.0
45e79a8f-79ff-4097-aeec-5a4128bae609,boston_sidewalk_13078,no_match,brad,2026-01-16 04:16:00.630788+00:00,99b790ab,no_match,0.4999200358021035,0.0,0.7,0.0,0.78,True,11.094210409645616,10.836573090923045,0.2480670398408835,0.0,2.0367171943867106,0.8777073121870258,10.836573090923045,10.953022475223026,0.0,0.0,0.0,0.9,1,1,6,4,0.33333333333333337,0.0,1.0,0.0,0.0,0.0,1.0,0.0
cded86be-01ca-4932-a82e-05967e373ffe,boston_sidewalk_72171,match,brad,2026-01-16 04:16:04.645428+00:00,99b790ab,no_match,0.4999140297908207,0.0,0.46,0.0,1.0,True,82.16765488839991,11.27378552910611,0.4974544240939011,0.5292610772092211,0.1258496108271742,0.4628151251361502,11.27378552910611,40.97772777300865,0.0,0.0,0.0,0.9,4,1,3,3,0.7272727272727273,0.0,1.0,0.0,0.0,1.0,1.0,1.0
f98ed749-b4a6-4ec4-90e6-30943834b0ef,boston_sidewalk_90187,match,brad,2026-01-16 04:16:09.511944+00:00,99b790ab,no_match,0.499913731939666,0.24,0.79,0.04,0.92,True,124.17255083780798,12.591887988736534,0.5231018526822998,0.5578913289444449,6.031146259857735,0.5153485389472866,12.591887988736534,27.641667321805222,0.0,0.0,0.0,1.0,1,3,3,5,0.6666666666666667,0.3333333333333333,1.0,0.0,0.0,1.0,1.0,1.0
85b29f60-4f78-4dce-a5df-5e1746ba868d,boston_sidewalk_13485,match,brad,2026-01-16 04:16:22.854982+00:00,99b790ab,no_match,0.4998946260417774,0.23,0.64,0.0,0.9,True,16.846357013558237,7.893468659595641,0.4148782515503048,0.7143625925812948,44.05655280911401,0.4867853877445664,7.893468659595641,5.063371581018633,0.0,0.0,0.0,0.9,1,3,4,3,0.7272727272727273,0.3333333333333333,1.0,0.0,0.0,1.0,1.0,1.0
b9e0b42c-5968-40fc-9f34-e2cc5ce1ef65,boston_sidewalk_96945,no_match,brad,2026-01-16 04:16:26.177154+00:00,99b790ab,no_match,0.4998945057431606,0.0,0.0,0.0,0.01,True,23.936702935263664,7.535112107212171,0.2783632353339122,0.3617135408948318,1.3962142096375487,0.4249954185186399,7.535112107212171,17.367892630557133,0.0,0.0,0.0,0.85,4,5,5,3,0.9411764705882353,0.3333333333333333,0.0,0.0,1.0,1.0,1.0,1.0
2dc9bd4b-4e72-4fd2-9baa-8ba81696239e,boston_sidewalk_40511,no_match,brad,2026-01-16 04:16:29.169840+00:00,99b790ab,no_match,0.4998791254199031,0.0,0.13,0.0,0.4,True,20.28106905998273,11.860109502295192,0.273743947037099,0.5022955464686081,2.036425154598362,0.3600116675563405,11.860109502295192,13.234934904572846,0.0,0.0,0.0,0.8,4,3,5,5,0.8235294117647058,0.0,0.0,0.0,1.0,1.0,1.0,1.0
7d27ef9f-0f8d-4c9a-abb5-2f1df683e649,boston_sidewalk_54094,no_match,brad,2026-01-16 04:16:32.295779+00:00,99b790ab,no_match,0.4998790291463481,0.79,1.0,0.0,0.0,True,15.46308365117194,9.642942183882914,0.2673714278260583,0.5910490062898275,19.306287459744,0.4101676108849408,9.642942183882914,11.950002813260465,0.0,0.0,0.0,0.85,3,2,9,2,0.625,0.3333333333333333,0.0,0.0,1.0,1.0,1.0,1.0
d033f90c-a176-4083-a53d-45b26d8785ad,boston_sidewalk_105384,no_match,brad,2026-01-16 04:16:35.632818+00:00,99b790ab,no_match,0.4998770032286737,0.06,1.0,0.39,1.0,True,62.10881146547314,28.620675303193757,0.4049876706274929,1.0,0.707024007868938,0.6518271830925567,28.620675303193757,34.20966971882154,0.0,0.0,0.0,0.8,3,3,4,3,0.9230769230769231,0.3333333333333333,0.0,0.0,1.0,1.0,1.0,1.0
349c9f6f-fd27-4010-b8a0-3a8395d41732,boston_sidewalk_54223,no_match,brad,2026-01-16 04:16:38.327430+00:00,99b790ab,no_match,0.4998739114702623,0.0,0.45,0.0,1.0,True,23.558857474391694,10.74557549741063,0.25472256545972,0.5891132917902855,5.668669577307355,0.2599559332631488,10.74557549741063,10.810479050750024,0.0,0.0,0.0,1.0,3,1,3,1,1.0,1.0,1.0,1.0,1.0,1.0,1.0,1.0
0b6c131f-2434-408e-857e-6b31120a15b9,boston_sidewalk_104468,no_match,brad,2026-01-16 04:16:42.511868+00:00,99b790ab,no_match,0.4998666143142675,0.0,0.0,1.0,1.0,True,22.799641320672745,14.140219855376165,0.2037183475108359,0.3573811499817765,0.6097540413541651,0.7671686073401283,14.140219855376165,20.74477567648377,0.0,0.0,0.0,0.85,4,3,5,5,0.8235294117647058,0.0,0.0,0.0,1.0,1.0,1.0,1.0
1a25ec57-4c8d-493e-8918-41c5f8a39107,boston_sidewalk_23247,no_match,brad,2026-01-16 04:16:45.187013+00:00,99b790ab,no_match,0.4998487416500832,0.86,0.86,0.0,0.0,True,34.355431158651115,9.09863842135742,0.2014480727248851,0.3823666719124132,0.518324380582726,0.760337779140709,9.09863842135742,24.05309715182345,0.0,0.0,0.0,0.85,2,2,5,3,0.6666666666666667,0.0,0.0,0.0,1.0,0.0,1.0,0.0
d506d3a1-717b-4f8f-a356-a5849928b9c9,boston_sidewalk_14022,no_match,brad,2026-01-16 04:16:47.721175+00:00,99b790ab,no_match,0.4998466138287512,1.0,1.0,0.0,0.0,True,20.28355613683849,12.639243236938398,0.2249649472089781,0.484002558571711,13.609413855235289,0.7236871508360121,12.639243236938398,19.819187981507657,0.0,0.0,0.0,0.85,1,1,6,3,0.36363636363636365,0.0,1.0,0.0,0.0,0.0,1.0,0.0
2ab59c60-b870-47cc-ba59-2feedad33fd6,boston_sidewalk_75585,no_match,brad,2026-01-16 04:16:50.583401+00:00,99b790ab,no_match,0.4998374294580472,0.5,0.95,0.0,0.99,True,27.933049481948675,11.878652735592423,0.2248811496725694,0.50248865849976,0.2952216657378699,0.4476871628454902,11.878652735592423,16.053847499887052,0.0,0.0,0.0,1.0,2,2,3,5,0.6666666666666667,0.0,0.0,0.0,1.0,0.0,1.0,0.0
4c0e948d-3fd1-4dea-b295-a5ca6fe4bef9,boston_sidewalk_105974,no_match,brad,2026-01-16 04:16:53.393307+00:00,99b790ab,no_match,0.4998319234954332,0.0,0.0,1.0,1.0,True,39.03624942661912,17.36295261828862,0.2426254396224508,1.0,1.7015215998633266,0.2224357598926565,17.36295261828862,23.930251658829903,0.0,0.0,0.0,0.85,3,3,3,3,1.0,1.0,0.0,0.0,1.0,1.0,1.0,1.0
fad9c7c6-c911-40fa-a096-538468a6d426,boston_sidewalk_101154,no_match,brad,2026-01-16 04:16:55.979632+00:00,99b790ab,no_match,0.4998259317735086,0.0,0.0,1.0,1.0,True,33.55195808332924,14.46918511912028,0.2372834689129785,0.7077319621238324,0.6118625156869939,0.3941396824043102,14.46918511912028,23.73378864335336,0.0,0.0,0.0,0.9,4,5,3,5,0.9411764705882353,0.3333333333333333,0.0,0.0,1.0,1.0,1.0,1.0
f9842623-c723-4489-b5dd-27dd3a977cdc,boston_sidewalk_99062,no_match,brad,2026-01-16 04:16:58.430462+00:00,99b790ab,no_match,0.4998117546714674,0.23,0.56,0.0,1.0,True,22.117092040039203,14.000826100908606,0.2399984574886358,0.5450090471542111,0.0718529302577053,0.3245779063710358,14.000826100908606,9.321860096968487,0.0,0.0,0.0,1.0,3,3,3,5,0.8571428571428572,0.3333333333333333,0.0,0.0,1.0,1.0,1.0,1.0
401ecdd1-312f-40bc-8a86-261570ea89fa,boston_sidewalk_14493,no_match,brad,2026-01-16 04:17:05.455431+00:00,99b790ab,review,0.7499946531045972,0.0,0.0,0.0,0.01,True,4.133721224975611,1.4249569962408049,0.7681438868847048,1.0,4.766501396410661,0.6433256583216285,1.4249569962408049,1.5814828686663924,0.0,0.0,0.0,0.9,3,3,3,3,1.0,1.0,0.0,0.0,1.0,1.0,1.0,1.0
35151117-aea3-490e-916a-57b2f7b8e34a,boston_sidewalk_96628,match,brad,2026-01-16 04:17:09.576399+00:00,99b790ab,review,0.7499619672067914,0.04,0.78,0.0,1.0,True,10.747187565679884,2.632072635699906,0.7659413733976771,0.984824990000813,1.98893485503271,0.7378953360458314,2.632072635699906,4.392053601620647,0.0,0.0,0.0,1.0,3,1,3,11,0.4444444444444444,0.3333333333333333,1.0,0.0,0.0,1.0,1.0,1.0
14547496-42c5-406e-a5c8-185d01d0504a,boston_sidewalk_92894,no_match,brad,2026-01-16 04:17:13.191579+00:00,99b790ab,review,0.7499466708685735,0.07,0.97,0.0,1.0,True,6.14809150470403,3.753517634150129,0.6577744611697147,1.0,0.3242644706414239,0.8931134295166121,3.753517634150129,4.04806085797943,0.0,0.0,0.0,0.8,4,3,3,4,1.0,1.0,0.0,0.0,1.0,1.0,1.0,1.0
f70f6ecd-9cbe-423b-8b16-71b7f50f77a8,boston_sidewalk_14313,no_match,brad,2026-01-16 04:17:49.346402+00:00,99b790ab,review,0.7499252945470792,0.04,0.93,0.0,1.0,True,7.506329570263317,3.349709093442576,0.6776140516309153,1.0,0.6063207173363878,0.880420616885974,3.349709093442576,2.634495848626609,0.0,0.0,0.0,0.8,3,4,3,3,0.9230769230769231,0.3333333333333333,0.0,0.0,1.0,1.0,1.0,1.0
17d2f00e-3d03-4ede-aa01-88b4782884cf,boston_sidewalk_24284,match,brad,2026-01-16 04:17:54.113574+00:00,99b790ab,review,0.7499225933547798,0.27,1.0,0.0,1.0,True,10.549910068628082,1.0961984318852824,0.7905073827600573,0.9850812172188,3.5503238940332835,0.7195852587615584,1.0961984318852824,5.336816075084819,0.0,0.0,0.0,0.9,1,1,5,3,0.4,0.0,1.0,0.0,0.0,0.0,1.0,0.0
6bc8a33c-e552-4f2c-9176-18cc245b481d,boston_sidewalk_22704,no_match,brad,2026-01-16 04:17:57.159301+00:00,99b790ab,review,0.7499087106037678,0.05,0.81,0.0,1.0,True,7.127703913361948,2.2649616598519424,0.7161466736512165,1.0,0.4824672438432458,0.7687411345297968,2.2649616598519424,2.592876863768124,0.0,0.0,0.0,0.8,3,4,5,3,0.9333333333333333,0.3333333333333333,0.0,0.0,1.0,1.0,1.0,1.0
35217f9b-973f-4976-8f34-4141653e8c3b,boston_sidewalk_107155,no_match,brad,2026-01-16 04:17:59.920009+00:00,99b790ab,review,0.7498792283694903,0.16,0.97,0.01,1.0,True,6.893884267315132,2.9045218381063056,0.6978168202787398,1.0,0.3509519843613304,0.8139245451331556,2.9045218381063056,3.253412566245021,0.0,0.0,0.0,0.8,4,3,3,5,0.9333333333333333,0.3333333333333333,0.0,0.0,1.0,1.0,1.0,1.0
6919550d-780e-48e5-ac22-90537dcaefb9,boston_sidewalk_66234,match,brad,2026-01-16 04:18:10.528594+00:00,99b790ab,review,0.7498663762912657,0.42,1.0,0.0,1.0,True,5.348160454216725,1.575495435611408,0.7745866520202616,1.0,0.9172501805664696,0.5771501487369783,1.575495435611408,2.630120752431399,0.0,0.0,0.0,0.9,1,1,3,3,0.5,0.0,1.0,0.0,0.0,0.0,1.0,0.0
6a435460-f827-47eb-bdc2-85f71b2540e9,boston_sidewalk_41015,no_match,brad,2026-01-16 04:18:15.718211+00:00,99b790ab,review,0.7498593016530136,0.0,0.92,0.13,0.82,True,1.1757297951914754,0.7269142814749554,0.9072629741961792,1.0,28.726362781223088,0.9036533397592084,0.7269142814749554,0.7147803933772747,0.0,0.0,0.0,0.85,3,3,5,5,0.75,0.0,0.0,0.0,1.0,1.0,1.0,1.0
4f64f272-b430-4a97-81cf-124e3f449f8d,boston_sidewalk_2319,match,brad,2026-01-16 04:18:21.453027+00:00,99b790ab,review,0.7498587211580092,0.43,1.0,0.36,1.0,True,8.875421396391706,3.566346796375731,0.6200244955852114,1.0,0.2028751690635317,0.8932211050754381,3.566346796375731,7.78249308559557,0.0,0.0,0.0,1.0,3,3,5,3,0.8571428571428572,0.3333333333333333,0.0,0.0,1.0,1.0,1.0,1.0
d8bb97d7-304e-4208-8a48-73ecf78e8521,boston_sidewalk_85496,no_match,brad,2026-01-16 04:18:24.817003+00:00,99b790ab,review,0.7498534708401564,0.02,0.95,0.0,0.99,True,7.326660062231535,4.0186214539144,0.6336374511929125,1.0,0.8096981277509485,0.9733498827412014,4.0186214539144,4.9800274136550815,0.0,0.0,0.0,0.8,3,3,3,3,1.0,1.0,0.0,0.0,1.0,1.0,1.0,1.0
0e47494a-d347-4a43-87d8-983cf511b971,boston_sidewalk_3488,match,brad,2026-01-16 04:18:38.368607+00:00,99b790ab,review,0.7498522777612573,0.0,0.95,0.16,1.0,True,3.698558532892796,2.948248948508199,0.697374369032676,1.0,6.961998755431296,0.8490734361157711,2.948248948508199,2.988062663921137,0.0,0.0,0.0,0.9,2,1,5,9,0.3529411764705882,0.0,1.0,0.0,0.0,0.0,1.0,0.0
bb5485b9-622b-4bcb-b101-b675cdb3c591,boston_sidewalk_41283,match,brad,2026-01-16 04:18:41.999519+00:00,99b790ab,review,0.7498434941128773,0.02,0.87,0.0,1.0,True,4.723348285968563,3.945828641885014,0.6290538229736392,1.0,2.223498051740592,0.8565653858795435,3.945828641885014,4.186439093682065,0.0,0.0,0.0,1.0,1,3,3,5,0.6666666666666667,0.3333333333333333,1.0,0.0,0.0,1.0,1.0,1.0
0e192950-ccfe-489a-a60c-ddb70ff8a36f,boston_sidewalk_33438,match,brad,2026-01-16 04:18:46.899228+00:00,99b790ab,review,0.7498404291746213,0.12,0.92,0.0,1.0,True,6.514943859596231,3.536747497520261,0.6795469997627701,1.0,0.1257119492045149,0.803646168066004,3.536747497520261,2.942990967896111,0.0,0.0,0.0,0.9,1,1,1,1,1.0,1.0,1.0,1.0,1.0,0.0,0.0,1.0
39db938a-e375-45c5-85e2-caab7e42e6ac,boston_sidewalk_93584,no_match,brad,2026-01-16 04:18:50.659115+00:00,99b790ab,review,0.7498219260411665,0.08,1.0,0.02,0.94,True,6.490146371979512,4.271505473061084,0.6097407463318614,1.0,0.2432705560430008,0.989677299632416,4.271505473061084,5.41958926644386,0.0,0.0,0.0,0.8,4,3,4,5,0.875,0.3333333333333333,0.0,0.0,1.0,1.0,1.0,1.0
df4a997e-b41e-4bc9-8cbf-8f11d2d91b07,boston_sidewalk_80917,match,brad,2026-01-16 04:18:59.190382+00:00,99b790ab,review,0.7497754511471921,0.0,0.99,0.0,0.74,True,8.940128344087523,3.4007215745706163,0.8032161753543892,1.0,4.40280517299766,0.7556017932604158,3.4007215745706163,4.585426686473238,0.0,0.0,0.0,0.9,2,3,3,4,0.8333333333333334,0.3333333333333333,0.0,0.0,1.0,1.0,1.0,1.0
8176fa35-e328-4aa5-9a9e-859370724dc2,boston_sidewalk_78894,no_match,brad,2026-01-16 04:19:02.879210+00:00,99b790ab,review,0.7497380315803918,0.03,0.98,0.0,1.0,True,8.290833281572207,4.282547723606807,0.6632488510582427,1.0,0.7849396580733696,0.9570687173050108,4.282547723606807,3.904930155762509,0.0,0.0,0.0,0.8,3,4,5,3,0.9333333333333333,0.3333333333333333,0.0,0.0,1.0,1.0,1.0,1.0
af8c22e8-501b-4cc1-bb2f-e1a3a4dd9cc1,boston_sidewalk_2773,match,brad,2026-01-16 04:19:11.046106+00:00,99b790ab,review,0.7497369934842594,0.16,0.74,0.0,1.0,True,5.508905174595437,1.3354884420107511,0.7535896836205933,1.0,0.2002002170462447,0.5850319442961812,1.3354884420107511,1.2088032045816912,0.0,0.0,0.0,0.9,1,1,4,5,0.36363636363636365,0.0,1.0,0.0,0.0,0.0,1.0,0.0
9fda925d-8633-49b3-ab7c-06addaadf30a,boston_sidewalk_40452,no_match,brad,2026-01-16 04:19:14.665603+00:00,99b790ab,review,0.7497282167702397,0.11,0.98,0.0,0.99,True,4.279605698372626,2.261490216786555,0.7630506806094701,1.0,14.90994754543766,0.8600900371034989,2.261490216786555,2.292775076941346,0.0,0.0,0.0,1.0,5,5,5,6,0.9523809523809523,0.3333333333333333,0.0,0.0,1.0,1.0,1.0,1.0
7e516f4a-80cb-432d-b895-2083dbdb63bd,boston_sidewalk_78395,no_match,brad,2026-01-16 04:19:18.355709+00:00,99b790ab,review,0.7497148351243349,0.0,0.92,0.05,0.99,True,6.33585694327959,4.123724976418996,0.626451226186946,1.0,0.8700015970027266,0.9684710187075644,4.123724976418996,5.285043548701223,0.0,0.0,0.0,0.8,2,3,1,3,0.8888888888888888,0.3333333333333333,0.0,1.0,0.0,1.0,1.0,1.0
aa49d33b-f286-4056-abc4-b9f6d40885c1,boston_sidewalk_79918,match,brad,2026-01-16 04:19:21.756896+00:00,99b790ab,review,0.749706096910963,0.0,1.0,0.0,0.88,True,22.10389884866469,2.1848500385774843,0.8618001214851865,1.0,5.784375723149026,0.8623744481348881,2.1848500385774843,10.498175937609307,0.0,0.0,0.0,1.0,2,7,3,3,0.6666666666666667,0.0,0.0,0.0,1.0,1.0,1.0,1.0
59922d2b-c8f3-431f-b46e-f51193d5a744,boston_sidewalk_85666,no_match,brad,2026-01-16 04:19:24.939387+00:00,99b790ab,review,0.7496997652046511,0.05,0.93,0.01,1.0,True,7.427584086406675,3.913087136994756,0.6775087561078388,1.0,0.4530949981482877,0.895878462829304,3.913087136994756,3.055305093195637,0.0,0.0,0.0,0.8,4,3,3,5,0.9333333333333333,0.3333333333333333,0.0,0.0,1.0,1.0,1.0,1.0
ef9965ba-6919-489e-96af-623b0db8f08a,boston_sidewalk_108912,match,brad,2026-01-16 04:19:32.653612+00:00,99b790ab,review,0.7496882498838503,0.0,1.0,0.15,0.75,True,4.578934301465179,1.7825917218074188,0.7665101426209645,1.0,0.9882025454695622,0.6069596963746466,1.7825917218074188,1.0272819833631797,0.0,0.0,0.0,0.85,1,5,5,5,0.75,0.3333333333333333,1.0,0.0,0.0,1.0,1.0,1.0
cdb8b26c-2ecb-4b39-bd89-c998d944ac1b,boston_sidewalk_77572,no_match,brad,2026-01-16 04:19:36.416207+00:00,99b790ab,review,0.7496670389227806,0.05,0.98,0.0,1.0,True,7.365726414237725,3.838793855324509,0.6493574937024136,1.0,0.3775525566724695,0.931890487986864,3.838793855324509,4.080745030189575,0.0,0.0,0.0,0.8,4,1,1,3,0.8888888888888888,0.3333333333333333,1.0,1.0,1.0,1.0,1.0,1.0
d853325d-a334-4020-8d2a-754e4e400b38,boston_sidewalk_76277,no_match,brad,2026-01-16 04:19:42.276078+00:00,99b790ab,review,0.7496363838241349,0.07,0.92,0.0,1.0,True,6.799989905740308,3.100759755978623,0.6841847031732408,1.0,1.182987419461767,0.8564055811568103,3.100759755978623,2.859702005165125,0.0,0.0,0.0,0.8,3,3,3,3,1.0,1.0,0.0,0.0,1.0,1.0,1.0,1.0
2c987ff3-8f0d-4941-a31b-631cbf9904c0,boston_sidewalk_3923,match,brad,2026-01-16 04:19:50.772666+00:00,99b790ab,review,0.7496167935101496,0.15,1.0,0.0,1.0,True,4.385378309895416,3.7502290929398425,0.6446484329258898,1.0,7.332707466396528,0.9298610704369752,3.7502290929398425,3.719095044761872,0.0,0.0,0.0,1.0,3,3,3,5,0.8571428571428572,0.3333333333333333,0.0,0.0,1.0,1.0,1.0,1.0
475420d0-5e23-4824-b245-c5910573bd45,boston_sidewalk_15518,match,brad,2026-01-16 04:19:54.160395+00:00,99b790ab,review,0.7495941195887627,0.02,1.0,0.0,0.76,True,5.336475246630049,2.046093289932648,0.759196151980577,1.0,7.054951105117596,0.7524968956715016,2.046093289932648,3.0354647513663635,0.0,0.0,0.0,0.9,1,1,3,3,0.5,0.0,1.0,0.0,0.0,0.0,1.0,0.0
ffbd603c-31c7-4e53-9474-1619ca6dcd76,boston_sidewalk_80012,match,brad,2026-01-16 04:19:56.781296+00:00,99b790ab,review,0.7495907328146918,0.0,0.97,0.29,1.0,True,12.210097883573903,2.724003664202641,0.7593526476193521,1.0,0.9101600081112906,0.7302662389155012,2.724003664202641,6.521439738133793,0.0,0.0,0.0,1.0,2,4,3,5,0.8571428571428572,0.0,0.0,0.0,1.0,1.0,1.0,1.0
2b080195-2f60-45ed-9dbd-1d65c5361ac2,boston_sidewalk_105494,no_match,brad,2026-01-16 04:20:05.029455+00:00,99b790ab,review,0.7495704966461583,0.24,1.0,0.21,1.0,True,5.89719718096309,3.5441315334161234,0.6167965199222146,1.0,1.8007327981330263,0.9702356759371238,3.5441315334161234,5.418939045875824,0.0,0.0,0.0,0.8,3,1,1,3,1.0,1.0,1.0,1.0,1.0,1.0,1.0,1.0
